{
  "type": "FeatureCollection",
  "features": [
    {
      "type": "Feature",
      "geometry": {
        "geodesic": false,
        "type": "MultiPolygon",
        "coordinates": [
          [
            [
              [
                86.9146609138696,
                27.90111407608662
              ],
              [
                86.91466084304642,
                27.90120435025989
              ],
              [
                86.91455922959203,
                27.90120428729697
              ],
              [
                86.91455930049607,
                27.901114013123703
              ],
              [
                86.9146609138696,
                27.90111407608662
              ]
            ]
          ],
          [
            [
              [
                86.9191318355245,
                27.901207046211855
              ],
              [
                86.91913176841136,
                27.901297320385122
              ],
              [
                86.91903015485816,
                27.901297260728004
              ],
              [
                86.91903022205214,
                27.901206986545755
              ],
              [
                86.9191318355245,
                27.901207046211855
              ]
            ]
          ],
          [
            [
              [
                86.92400972399786,
                27.900577902451847
              ],
              [
                86.92411133689528,
                27.900577958434855
              ],
              [
                86.92411127392337,
                27.900668232635073
              ],
              [
                86.92400966093612,
                27.900668176652065
              ],
              [
                86.92400972399786,
                27.900577902451847
              ]
            ]
          ],
          [
            [
              [
                86.92787125370785,
                27.90021888049877
              ],
              [
                86.92817609142098,
                27.900219039698204
              ],
              [
                86.92817603181776,
                27.900309313907407
              ],
              [
                86.9278711938531,
                27.900309154707973
              ],
              [
                86.92787125370785,
                27.90021888049877
              ]
            ]
          ],
          [
            [
              [
                86.93386601163608,
                27.900853807163422
              ],
              [
                86.93386595674902,
                27.900944081381606
              ],
              [
                86.93366273023551,
                27.900943983707784
              ],
              [
                86.93366278528427,
                27.900853709498584
              ],
              [
                86.93356117210836,
                27.900853660549384
              ],
              [
                86.93356122724695,
                27.9007633863312
              ],
              [
                86.93376445342808,
                27.90076348414875
              ],
              [
                86.93376439846017,
                27.900853758366935
              ],
              [
                86.93386601163608,
                27.900853807163422
              ]
            ]
          ],
          [
            [
              [
                86.93468227755099,
                27.89525719106717
              ],
              [
                86.93468222335564,
                27.89534746535722
              ],
              [
                86.93458061531808,
                27.89534741717159
              ],
              [
                86.9345806695943,
                27.89525714288154
              ],
              [
                86.93468227755099,
                27.89525719106717
              ]
            ]
          ],
          [
            [
              [
                86.93478318205496,
                27.896430804861744
              ],
              [
                86.93478296560589,
                27.89679190195906
              ],
              [
                86.93468135622088,
                27.896791853845293
              ],
              [
                86.93468124782116,
                27.896972402380477
              ],
              [
                86.93478285737686,
                27.896972450494243
              ],
              [
                86.93478280326235,
                27.897062724766325
              ],
              [
                86.9348844128989,
                27.897062772808226
              ],
              [
                86.93488430483157,
                27.89724332134341
              ],
              [
                86.9349859146388,
                27.897243369304462
              ],
              [
                86.93498575279831,
                27.897514192093762
              ],
              [
                86.93508736285708,
                27.89751423999193
              ],
              [
                86.93508730899408,
                27.897604514246048
              ],
              [
                86.93488408871488,
                27.897604418395808
              ],
              [
                86.93488419677323,
                27.89742386986961
              ],
              [
                86.9346809768264,
                27.897423773713943
              ],
              [
                86.9346808684267,
                27.897604322231157
              ],
              [
                86.93478247856629,
                27.897604370353907
              ],
              [
                86.93478242445178,
                27.897694644608023
              ],
              [
                86.93457920400189,
                27.897694548299643
              ],
              [
                86.93457942113368,
                27.897333451256227
              ],
              [
                86.93468103102175,
                27.89733349945084
              ],
              [
                86.93468113942146,
                27.897152950915657
              ],
              [
                86.93457952970407,
                27.897152902730028
              ],
              [
                86.93457980111206,
                27.896701531378596
              ],
              [
                86.93447819181688,
                27.8967014831211
              ],
              [
                86.93447830054896,
                27.89652093456795
              ],
              [
                86.93468151880695,
                27.896521031029046
              ],
              [
                86.9346815730113,
                27.89643075674798
              ],
              [
                86.93478318205496,
                27.896430804861744
              ]
            ]
          ],
          [
            [
              [
                86.93478366905862,
                27.895618336332152
              ],
              [
                86.9344788441914,
                27.89561819176627
              ],
              [
                86.93447889855744,
                27.895527917485207
              ],
              [
                86.93468211496491,
                27.895528013928335
              ],
              [
                86.93468216916027,
                27.89543773964727
              ],
              [
                86.93478377727867,
                27.89543778775205
              ],
              [
                86.93478366905862,
                27.895618336332152
              ]
            ]
          ],
          [
            [
              [
                86.93488268380368,
                27.899951548769277
              ],
              [
                86.93478107147219,
                27.899951500727376
              ],
              [
                86.9347811255867,
                27.89986122650021
              ],
              [
                86.93488273784632,
                27.89986127454211
              ],
              [
                86.93488268380368,
                27.899951548769277
              ]
            ]
          ],
          [
            [
              [
                86.93701685650161,
                27.899410895011602
              ],
              [
                86.93671202099834,
                27.89941075536849
              ],
              [
                86.93671207351386,
                27.899320481123357
              ],
              [
                86.93691529701802,
                27.899320574296617
              ],
              [
                86.93691534936285,
                27.899230300051485
              ],
              [
                86.93701696102958,
                27.899230346521335
              ],
              [
                86.93701685650161,
                27.899410895011602
              ]
            ]
          ],
          [
            [
              [
                86.93701816307424,
                27.89715403861377
              ],
              [
                86.93701821532925,
                27.897063764341688
              ],
              [
                86.93722143462031,
                27.897063857056807
              ],
              [
                86.937221382527,
                27.897154131328893
              ],
              [
                86.93701816307424,
                27.89715403861377
              ]
            ]
          ],
          [
            [
              [
                86.9370184766312,
                27.89661239297229
              ],
              [
                86.93722169506886,
                27.89661248567843
              ],
              [
                86.93722164297556,
                27.896702759959496
              ],
              [
                86.93701842436721,
                27.896702667253358
              ],
              [
                86.9370184766312,
                27.89661239297229
              ]
            ]
          ],
          [
            [
              [
                86.9171025930047,
                27.897233773815007
              ],
              [
                86.9171026617887,
                27.897143499578856
              ],
              [
                86.9176107101511,
                27.897143804206554
              ],
              [
                86.91761077851288,
                27.897053529970403
              ],
              [
                86.91781399768716,
                27.897053651296865
              ],
              [
                86.91781406588726,
                27.896963377060715
              ],
              [
                86.91832211341422,
                27.89696367905635
              ],
              [
                86.91832204564531,
                27.8970539532925
              ],
              [
                86.91822043605369,
                27.897053893042493
              ],
              [
                86.91822036819495,
                27.897144167278643
              ],
              [
                86.91832197786742,
                27.89714422752865
              ],
              [
                86.91832191009853,
                27.897234501755815
              ],
              [
                86.91852512961415,
                27.89723462203125
              ],
              [
                86.91852519722137,
                27.897144347804083
              ],
              [
                86.9184235875399,
                27.897144287697806
              ],
              [
                86.918423722925,
                27.89696373923449
              ],
              [
                86.91862694193759,
                27.896963859357207
              ],
              [
                86.91862700945497,
                27.896873585121057
              ],
              [
                86.91872861887592,
                27.896873645065636
              ],
              [
                86.91872868631243,
                27.896783370829485
              ],
              [
                86.91893190499265,
                27.89678349050305
              ],
              [
                86.91893197225849,
                27.8966932162669
              ],
              [
                86.91903358151775,
                27.896693275986898
              ],
              [
                86.91903351433274,
                27.896783550232033
              ],
              [
                86.91943995170213,
                27.896783788375416
              ],
              [
                86.91944001854577,
                27.896693514139265
              ],
              [
                86.9198464555738,
                27.896693751087888
              ],
              [
                86.91984652208507,
                27.896603476842753
              ],
              [
                86.9200497404329,
                27.8966035948724
              ],
              [
                86.92004967409231,
                27.89669386911753
              ],
              [
                86.92015128335157,
                27.896693928011082
              ],
              [
                86.92015121710082,
                27.896784202256214
              ],
              [
                86.92025282644092,
                27.896784261086882
              ],
              [
                86.92025302495063,
                27.896513438351484
              ],
              [
                86.92055785222533,
                27.896513614376364
              ],
              [
                86.92055791814371,
                27.89642334013123
              ],
              [
                86.92076113615916,
                27.896423457100862
              ],
              [
                86.92076120190686,
                27.896333182855727
              ],
              [
                86.92096441975163,
                27.89633329952892
              ],
              [
                86.92096448532864,
                27.896243025283784
              ],
              [
                86.9213709206948,
                27.896243257731847
              ],
              [
                86.92137098593943,
                27.89615298347773
              ],
              [
                86.92147259469563,
                27.896153041410084
              ],
              [
                86.92147252954082,
                27.896243315655216
              ],
              [
                86.92157413837786,
                27.89624337350672
              ],
              [
                86.92157426852579,
                27.896062825007473
              ],
              [
                86.9219807032182,
                27.896063055658903
              ],
              [
                86.92198063848559,
                27.89615332991302
              ],
              [
                86.9218790297294,
                27.89615327235796
              ],
              [
                86.92187890008454,
                27.896333820866193
              ],
              [
                86.92218372687415,
                27.896333993297812
              ],
              [
                86.9221839205689,
                27.896063170535463
              ],
              [
                86.92208231189355,
                27.896063113133117
              ],
              [
                86.92208237654529,
                27.895972838879
              ],
              [
                86.92238720231981,
                27.895973010852476
              ],
              [
                86.92238726672004,
                27.89588273659836
              ],
              [
                86.92259048372938,
                27.895882850873047
              ],
              [
                86.92259054795892,
                27.89579257660995
              ],
              [
                86.9229969816542,
                27.895792804261006
              ],
              [
                86.92299704555137,
                27.89570253000689
              ],
              [
                86.92380991227718,
                27.895702981715747
              ],
              [
                86.9238099755006,
                27.89561270745265
              ],
              [
                86.92421640853114,
                27.895612931501464
              ],
              [
                86.9242164714132,
                27.895522657238363
              ],
              [
                86.92452129593906,
                27.895522824495686
              ],
              [
                86.92452135856063,
                27.895432550223603
              ],
              [
                86.92502939902683,
                27.895432827488616
              ],
              [
                86.92502921241979,
                27.895703650286897
              ],
              [
                86.92513082076276,
                27.895703705515324
              ],
              [
                86.92513075864426,
                27.895793979787406
              ],
              [
                86.92543558394267,
                27.895794145014534
              ],
              [
                86.9254357695346,
                27.895523322216253
              ],
              [
                86.92533416136231,
                27.895523267212408
              ],
              [
                86.92533422331014,
                27.895432992940325
              ],
              [
                86.92523261521869,
                27.895432937864616
              ],
              [
                86.92523267724737,
                27.895342663592533
              ],
              [
                86.92553750127915,
                27.895342828604065
              ],
              [
                86.92553756306528,
                27.895252554323
              ],
              [
                86.92584238684553,
                27.8952527186608
              ],
              [
                86.92584244837114,
                27.895162444388717
              ],
              [
                86.92604566405996,
                27.895162553560972
              ],
              [
                86.92604560269605,
                27.89525282784204
              ],
              [
                86.92655364234479,
                27.895253099483597
              ],
              [
                86.92655358140307,
                27.89534337375568
              ],
              [
                86.92685840544384,
                27.895343535838705
              ],
              [
                86.92685846612504,
                27.895253261566623
              ],
              [
                86.92767132958097,
                27.895253690494204
              ],
              [
                86.92767138958844,
                27.895163416222122
              ],
              [
                86.92777299743734,
                27.895163469501203
              ],
              [
                86.92777293751072,
                27.895253743773285
              ],
              [
                86.92828097717744,
                27.89525400905477
              ],
              [
                86.92828103668184,
                27.895163734773707
              ],
              [
                86.9288906837842,
                27.895164050630342
              ],
              [
                86.92889062478287,
                27.89525432491141
              ],
              [
                86.9289922327216,
                27.895254377292172
              ],
              [
                86.92899229163311,
                27.89516410301111
              ],
              [
                86.92939872304667,
                27.895164311779578
              ],
              [
                86.9293987816258,
                27.895074037498514
              ],
              [
                86.92950038939387,
                27.895074089501986
              ],
              [
                86.92950033089556,
                27.89516436378305
              ],
              [
                86.92970354660235,
                27.8951644675744
              ],
              [
                86.92970348828372,
                27.895254741855464
              ],
              [
                86.92980509621347,
                27.895254793634358
              ],
              [
                86.92980515446023,
                27.89516451935329
              ],
              [
                86.93021158587379,
                27.895164725732243
              ],
              [
                86.93021164377919,
                27.895074451442195
              ],
              [
                86.93041485931529,
                27.895074554182514
              ],
              [
                86.93041491705002,
                27.89498427990145
              ],
              [
                86.93061813242443,
                27.89498438233634
              ],
              [
                86.93061818998846,
                27.89489410804629
              ],
              [
                86.93071979759482,
                27.89489415915145
              ],
              [
                86.93071974011163,
                27.894984433441497
              ],
              [
                86.93143099393102,
                27.894984789093503
              ],
              [
                86.93143105082133,
                27.89489451480345
              ],
              [
                86.93224391167216,
                27.894894916763608
              ],
              [
                86.93224396788872,
                27.89480464247356
              ],
              [
                86.93234557541423,
                27.894804692383957
              ],
              [
                86.93234551927851,
                27.894894966674006
              ],
              [
                86.9325487345002,
                27.89489506626124
              ],
              [
                86.93254867853516,
                27.89498534056027
              ],
              [
                86.93265028622235,
                27.894985390237107
              ],
              [
                86.93265034210656,
                27.894895115947058
              ],
              [
                86.93275194971291,
                27.89489516556101
              ],
              [
                86.93275200550727,
                27.894804891261977
              ],
              [
                86.9332600431348,
                27.8948051381819
              ],
              [
                86.93325998776264,
                27.89489541248093
              ],
              [
                86.93336159536899,
                27.894895461636743
              ],
              [
                86.93336148478639,
                27.895076010216844
              ],
              [
                86.93315826923232,
                27.89507591182437
              ],
              [
                86.93315821377931,
                27.89516618611442
              ],
              [
                86.9332598216372,
                27.89516623535108
              ],
              [
                86.93325976626504,
                27.89525650964113
              ],
              [
                86.93305655036961,
                27.895256411095943
              ],
              [
                86.93305649482679,
                27.89534668538599
              ],
              [
                86.93295488679821,
                27.895346635996617
              ],
              [
                86.93295483117454,
                27.895436910286666
              ],
              [
                86.93315804740234,
                27.895437008984565
              ],
              [
                86.93315799194035,
                27.895527283265633
              ],
              [
                86.93336120833884,
                27.895527381658106
              ],
              [
                86.93336126363015,
                27.895437107377038
              ],
              [
                86.93346287174853,
                27.895437156460986
              ],
              [
                86.93346292695001,
                27.895346882170937
              ],
              [
                86.93366614301611,
                27.895346980123236
              ],
              [
                86.93366603294554,
                27.895527528694352
              ],
              [
                86.93356442474631,
                27.895527479754136
              ],
              [
                86.93356431449607,
                27.89570802832525
              ],
              [
                86.93346270612615,
                27.89570797931317
              ],
              [
                86.93346259571422,
                27.8958885278753
              ],
              [
                86.93366581279543,
                27.8958886258276
              ],
              [
                86.9336658678262,
                27.89579835154653
              ],
              [
                86.93376747628596,
                27.8957984004059
              ],
              [
                86.93376758619485,
                27.89561785184377
              ],
              [
                86.93386919447494,
                27.895617900622288
              ],
              [
                86.93386908473674,
                27.895798449193403
              ],
              [
                86.93407230164726,
                27.89579854654383
              ],
              [
                86.93407202813721,
                27.896249917940178
              ],
              [
                86.93397041926423,
                27.89624986930539
              ],
              [
                86.93397036447598,
                27.896340143577472
              ],
              [
                86.93386875551317,
                27.896340094870816
              ],
              [
                86.93386864577498,
                27.896520643414984
              ],
              [
                86.93397025489948,
                27.896520692130622
              ],
              [
                86.93397020011123,
                27.896610966402704
              ],
              [
                86.93386859089689,
                27.896610917687067
              ],
              [
                86.9338684811587,
                27.89679146623123
              ],
              [
                86.93397009053473,
                27.89679151494687
              ],
              [
                86.93396970701698,
                27.897423434806534
              ],
              [
                86.93386809703908,
                27.897423386090896
              ],
              [
                86.9338679872919,
                27.897603934608114
              ],
              [
                86.93407120757111,
                27.89760403196752
              ],
              [
                86.93407115287269,
                27.897694306221638
              ],
              [
                86.93417276309314,
                27.897694354793547
              ],
              [
                86.93417254460489,
                27.898055451810013
              ],
              [
                86.9342741551667,
                27.898055500301073
              ],
              [
                86.93427410062999,
                27.89814577455519
              ],
              [
                86.93417248997835,
                27.89814572606413
              ],
              [
                86.93417210761045,
                27.898777645807012
              ],
              [
                86.93427371884599,
                27.898777694298072
              ],
              [
                86.93427366430927,
                27.898867968543204
              ],
              [
                86.93437527562567,
                27.8988680169624
              ],
              [
                86.93437522116979,
                27.89895829119855
              ],
              [
                86.93457844398225,
                27.898958387812357
              ],
              [
                86.93457838969705,
                27.899048662057492
              ],
              [
                86.93437516671392,
                27.89904856544368
              ],
              [
                86.93437511225805,
                27.899138839679832
              ],
              [
                86.93447672383496,
                27.899138888027164
              ],
              [
                86.9344766150849,
                27.899319436508446
              ],
              [
                86.9343750033463,
                27.899319388161118
              ],
              [
                86.93437478550484,
                27.899680485096734
              ],
              [
                86.9344763975938,
                27.899680533444062
              ],
              [
                86.93447634321878,
                27.899770807680213
              ],
              [
                86.93457795537958,
                27.899770855946695
              ],
              [
                86.93457790109439,
                27.899861130182845
              ],
              [
                86.93447628884374,
                27.899861081907382
              ],
              [
                86.93447618008472,
                27.900041630370698
              ],
              [
                86.93437456767238,
                27.90004158202337
              ],
              [
                86.93437445875165,
                27.900222130477704
              ],
              [
                86.93447607133467,
                27.900222178825032
              ],
              [
                86.93447601695964,
                27.900312453043217
              ],
              [
                86.93467924230535,
                27.900312549513295
              ],
              [
                86.93467929650969,
                27.90022227528613
              ],
              [
                86.93498413427672,
                27.9002224194298
              ],
              [
                86.93498418822954,
                27.90013214520263
              ],
              [
                86.93488257572736,
                27.900132097232596
              ],
              [
                86.93488268380368,
                27.899951548769277
              ],
              [
                86.93498429613517,
                27.899951596739314
              ],
              [
                86.93498435009697,
                27.899861322512148
              ],
              [
                86.93549241135018,
                27.899861561239433
              ],
              [
                86.9354924648808,
                27.899771287012268
              ],
              [
                86.93569568922038,
                27.899771381973174
              ],
              [
                86.93569574258031,
                27.89968110774601
              ],
              [
                86.93559413050035,
                27.899681060296995
              ],
              [
                86.9355941839501,
                27.899590786060845
              ],
              [
                86.93549257195099,
                27.899590738539967
              ],
              [
                86.9354926254816,
                27.899500464303816
              ],
              [
                86.93569584930914,
                27.899500559273708
              ],
              [
                86.93569590266908,
                27.899410285028573
              ],
              [
                86.93589912633493,
                27.899410379702022
              ],
              [
                86.93589907314568,
                27.899500653938173
              ],
              [
                86.93610229697323,
                27.899500748306192
              ],
              [
                86.93610224394568,
                27.899591022542342
              ],
              [
                86.93671191595834,
                27.899591303849775
              ],
              [
                86.93671175840282,
                27.899862126558226
              ],
              [
                86.93701659517272,
                27.899862266201335
              ],
              [
                86.9370166474367,
                27.899771991965185
              ],
              [
                86.93711825960649,
                27.89977203836317
              ],
              [
                86.93711831178963,
                27.899681764118036
              ],
              [
                86.93701669970068,
                27.899681717729035
              ],
              [
                86.93701685650161,
                27.899410895011602
              ],
              [
                86.93722008016748,
                27.89941098772672
              ],
              [
                86.93721997597189,
                27.899591536208007
              ],
              [
                86.93732158797998,
                27.899591582453276
              ],
              [
                86.93732148395507,
                27.899772130925577
              ],
              [
                86.93721987177629,
                27.899772084680308
              ],
              [
                86.937219819683,
                27.899862358916458
              ],
              [
                86.93711820742337,
                27.899862312590336
              ],
              [
                86.93711810305709,
                27.900042861062637
              ],
              [
                86.9372197154874,
                27.900042907388755
              ],
              [
                86.9372197675807,
                27.899952633152605
              ],
              [
                86.93732137992117,
                27.899952679397877
              ],
              [
                86.93732132790872,
                27.900042953634028
              ],
              [
                86.93742294033903,
                27.900042999807432
              ],
              [
                86.93742283647582,
                27.900223548270752
              ],
              [
                86.93752444906782,
                27.900223594372292
              ],
              [
                86.93752439722604,
                27.900313868599458
              ],
              [
                86.93762600989889,
                27.90031391462015
              ],
              [
                86.93762590637704,
                27.90049446308347
              ],
              [
                86.93752429352453,
                27.900494417053793
              ],
              [
                86.93752424168275,
                27.900584691280958
              ],
              [
                86.93742262874939,
                27.900584645188403
              ],
              [
                86.93742257681778,
                27.900674919415568
              ],
              [
                86.93732096380357,
                27.900674873233182
              ],
              [
                86.93732106783746,
                27.90049432478783
              ],
              [
                86.93721945498496,
                27.900494278533575
              ],
              [
                86.93721935078936,
                27.90067482698791
              ],
              [
                86.93711773776616,
                27.90067478066179
              ],
              [
                86.93711784214142,
                27.900494232207457
              ],
              [
                86.9367113907583,
                27.90049404616636
              ],
              [
                86.93671128570932,
                27.900674594620696
              ],
              [
                86.93660967269511,
                27.900674547917284
              ],
              [
                86.93660962008977,
                27.90076482214445
              ],
              [
                86.93640639389066,
                27.90076472852203
              ],
              [
                86.93640634111463,
                27.900855002740215
              ],
              [
                86.93630472793873,
                27.900854955812225
              ],
              [
                86.93630467507288,
                27.900945230039394
              ],
              [
                86.93620306180713,
                27.900945183039536
              ],
              [
                86.93620300886043,
                27.90103545725772
              ],
              [
                86.93610139551384,
                27.901035410177016
              ],
              [
                86.93610118339465,
                27.90139650704077
              ],
              [
                86.9362027970826,
                27.901396554121472
              ],
              [
                86.9362027441359,
                27.901486828330675
              ],
              [
                86.9361011303671,
                27.901486781258953
              ],
              [
                86.93610097127547,
                27.901757603886555
              ],
              [
                86.93599935724616,
                27.901757556733987
              ],
              [
                86.93599941036354,
                27.901667282524787
              ],
              [
                86.93589779642407,
                27.90166723530035
              ],
              [
                86.9358978496223,
                27.901576961091152
              ],
              [
                86.93569462191402,
                27.901576866417702
              ],
              [
                86.93569467528293,
                27.901486592208503
              ],
              [
                86.93559306150516,
                27.90148654475949
              ],
              [
                86.9355931149639,
                27.901396270541305
              ],
              [
                86.935389887588,
                27.9013961754187
              ],
              [
                86.93538994120844,
                27.901305901209497
              ],
              [
                86.93549155480656,
                27.901305948811224
              ],
              [
                86.93549166187675,
                27.90112540037486
              ],
              [
                86.93539004844932,
                27.901125352782113
              ],
              [
                86.93538999482888,
                27.901215626991313
              ],
              [
                86.93488192724254,
                27.901215387877752
              ],
              [
                86.93488198128519,
                27.901125113659567
              ],
              [
                86.93478036785775,
                27.901125065617666
              ],
              [
                86.93478042198124,
                27.901034791399482
              ],
              [
                86.93467880863466,
                27.901034743276732
              ],
              [
                86.93467886284799,
                27.900944469058548
              ],
              [
                86.93478047610475,
                27.900944517181298
              ],
              [
                86.93478053022824,
                27.900854242963113
              ],
              [
                86.93498375658903,
                27.900854338984036
              ],
              [
                86.93498381054185,
                27.900764064765852
              ],
              [
                86.9348821974468,
                27.900764016795815
              ],
              [
                86.93488230553208,
                27.900583468350465
              ],
              [
                86.93498391845647,
                27.900583516329483
              ],
              [
                86.93498386450365,
                27.900673790547668
              ],
              [
                86.93508547750888,
                27.90067383844584
              ],
              [
                86.93508563912478,
                27.90040301577332
              ],
              [
                86.9348824136084,
                27.900402919905112
              ],
              [
                86.93488235957474,
                27.90049319413228
              ],
              [
                86.9347807467312,
                27.900493146081395
              ],
              [
                86.93478063848421,
                27.90067369452675
              ],
              [
                86.93467902547,
                27.900673646403998
              ],
              [
                86.93467891705234,
                27.900854194840367
              ],
              [
                86.93437407751563,
                27.900854050022957
              ],
              [
                86.93437402305975,
                27.90094432424114
              ],
              [
                86.93406918327152,
                27.90094417875
              ],
              [
                86.9340692379879,
                27.900853904531814
              ],
              [
                86.93386601163608,
                27.900853807163422
              ],
              [
                86.93386612140122,
                27.900673258727053
              ],
              [
                86.93406934742066,
                27.900673356095446
              ],
              [
                86.93406940213706,
                27.90058308187726
              ],
              [
                86.93366295043953,
                27.90058288684403
              ],
              [
                86.93366289539077,
                27.900673161062215
              ],
              [
                86.93345966938031,
                27.90067306309195
              ],
              [
                86.93345961415189,
                27.900763337310135
              ],
              [
                86.93213864399696,
                27.900762693218077
              ],
              [
                86.93213870031234,
                27.900672418999893
              ],
              [
                86.93163063530417,
                27.900672167902805
              ],
              [
                86.93163069204176,
                27.90058189368462
              ],
              [
                86.93152907912636,
                27.900581843244215
              ],
              [
                86.93152902229895,
                27.900672117453418
              ],
              [
                86.9314274093027,
                27.900672066932167
              ],
              [
                86.93142735239442,
                27.90076234115035
              ],
              [
                86.93132573930835,
                27.900762290557232
              ],
              [
                86.93132579629747,
                27.900672016339048
              ],
              [
                86.931122570296,
                27.900671914928235
              ],
              [
                86.9311226846156,
                27.90049136650085
              ],
              [
                86.93102107178105,
                27.900491315674174
              ],
              [
                86.93102101454039,
                27.900581589892358
              ],
              [
                86.93061456287882,
                27.90058138586699
              ],
              [
                86.93061462046082,
                27.900491111648805
              ],
              [
                86.93051300763526,
                27.9004910604628
              ],
              [
                86.93051306529811,
                27.900400786244617
              ],
              [
                86.9304114525534,
                27.900400734977765
              ],
              [
                86.9304115102971,
                27.90031046075958
              ],
              [
                86.93051312296097,
                27.900310512026433
              ],
              [
                86.93051318062383,
                27.90022023780825
              ],
              [
                86.93061479320684,
                27.900220289003236
              ],
              [
                86.93061485078886,
                27.900130014785052
              ],
              [
                86.9303100133093,
                27.900129860984492
              ],
              [
                86.93030995547575,
                27.900220135202677
              ],
              [
                86.93020834289274,
                27.90022008378311
              ],
              [
                86.93020828497835,
                27.900310358001295
              ],
              [
                86.92990344699572,
                27.900310203293436
              ],
              [
                86.92990338882981,
                27.90040047751162
              ],
              [
                86.9298017760851,
                27.90040042579561
              ],
              [
                86.92980183434084,
                27.900310151577425
              ],
              [
                86.92959860902208,
                27.900310047920826
              ],
              [
                86.92959866743952,
                27.90021977370264
              ],
              [
                86.92929382971742,
                27.90021961764731
              ],
              [
                86.92929388839536,
                27.90012934343811
              ],
              [
                86.92959872586596,
                27.900129499484457
              ],
              [
                86.92959878429238,
                27.900039225266273
              ],
              [
                86.92970039669574,
                27.900039277134997
              ],
              [
                86.92970045503233,
                27.899949002916813
              ],
              [
                86.92959884270982,
                27.89994895104809
              ],
              [
                86.92959890113625,
                27.899858676829904
              ],
              [
                86.92939567666191,
                27.899858572867878
              ],
              [
                86.92939561807378,
                27.899948847086062
              ],
              [
                86.92929400575127,
                27.89994879500174
              ],
              [
                86.9292941230982,
                27.89976824655639
              ],
              [
                86.92909089879454,
                27.899768142154187
              ],
              [
                86.92909107532249,
                27.899497319481668
              ],
              [
                86.92898946343117,
                27.899497267163788
              ],
              [
                86.92898940450168,
                27.899587541390954
              ],
              [
                86.92878618053939,
                27.89958743653061
              ],
              [
                86.92878606233906,
                27.899767984975963
              ],
              [
                86.92898928664272,
                27.899768089836304
              ],
              [
                86.92898916878376,
                27.899948638272672
              ],
              [
                86.92888755647023,
                27.899948585882925
              ],
              [
                86.92888749745092,
                27.90003886010111
              ],
              [
                86.92878588504756,
                27.900038807639497
              ],
              [
                86.92878570775605,
                27.900309630285065
              ],
              [
                86.92868409510116,
                27.900309577742604
              ],
              [
                86.92868415428218,
                27.90021930352442
              ],
              [
                86.92827770399501,
                27.900219092608975
              ],
              [
                86.92827776351739,
                27.900128818399775
              ],
              [
                86.92817615102419,
                27.90012876548002
              ],
              [
                86.92817621062741,
                27.90003849126184
              ],
              [
                86.92787137342633,
                27.900038332071386
              ],
              [
                86.92787125370785,
                27.90021888049877
              ],
              [
                86.92776964114279,
                27.900218827282572
              ],
              [
                86.92776958119822,
                27.900309101491775
              ],
              [
                86.92756635588844,
                27.9003089948348
              ],
              [
                86.92756629578217,
                27.900399269052983
              ],
              [
                86.92746468304644,
                27.900399215612207
              ],
              [
                86.92746480342967,
                27.900218667184824
              ],
              [
                86.92736319086461,
                27.90021861367218
              ],
              [
                86.92736313058765,
                27.900308887881383
              ],
              [
                86.92726151793278,
                27.90030883428789
              ],
              [
                86.92726145756599,
                27.900399108506075
              ],
              [
                86.92715984483024,
                27.900399054840722
              ],
              [
                86.92715996572552,
                27.900218506413335
              ],
              [
                86.92695674059541,
                27.900218398858048
              ],
              [
                86.9269566799771,
                27.900308673067247
              ],
              [
                86.927058292623,
                27.900308726885317
              ],
              [
                86.92705823209451,
                27.900399001094517
              ],
              [
                86.92695661935878,
                27.90039894728543
              ],
              [
                86.92695655874047,
                27.90048922148565
              ],
              [
                86.92644849463959,
                27.900488951290377
              ],
              [
                86.92644843359906,
                27.900579225490596
              ],
              [
                86.92634682070164,
                27.900579171232355
              ],
              [
                86.92634688182301,
                27.900488897023152
              ],
              [
                86.9259404305477,
                27.900488679217627
              ],
              [
                86.92594049201043,
                27.900398405008428
              ],
              [
                86.92583887927469,
                27.900398350363908
              ],
              [
                86.92583881773112,
                27.90048862457311
              ],
              [
                86.92573720491453,
                27.900488569856726
              ],
              [
                86.92573714328113,
                27.900578844065926
              ],
              [
                86.92482262718627,
                27.900578348258772
              ],
              [
                86.92482256479828,
                27.90066862245899
              ],
              [
                86.92472095181103,
                27.900668566997005
              ],
              [
                86.92472101428885,
                27.900578292796787
              ],
              [
                86.924517788485,
                27.900578181639254
              ],
              [
                86.92451791377303,
                27.900397633238818
              ],
              [
                86.9240098501303,
                27.90039735404243
              ],
              [
                86.92400972399786,
                27.900577902451847
              ],
              [
                86.92390811110042,
                27.90057784638799
              ],
              [
                86.92390823739457,
                27.900397297987553
              ],
              [
                86.92380662466782,
                27.90039724184285
              ],
              [
                86.92380668790022,
                27.90030696764263
              ],
              [
                86.92370507525432,
                27.90030691142606
              ],
              [
                86.92370501194107,
                27.90039718563526
              ],
              [
                86.92360339921431,
                27.900397129346825
              ],
              [
                86.9236033358202,
                27.900487403547043
              ],
              [
                86.92329849738843,
                27.90048723423258
              ],
              [
                86.92329856103406,
                27.90039696003236
              ],
              [
                86.92319694831629,
                27.900396903447483
              ],
              [
                86.92319682083637,
                27.900577451847916
              ],
              [
                86.92340004663123,
                27.90057756494581
              ],
              [
                86.92339991949267,
                27.900758113346246
              ],
              [
                86.92279024111096,
                27.90075777313628
              ],
              [
                86.92279017703413,
                27.9008480473365
              ],
              [
                86.92248533759623,
                27.900847876225402
              ],
              [
                86.92248540193357,
                27.900757602025188
              ],
              [
                86.92218056274722,
                27.900757430240354
              ],
              [
                86.92218049816732,
                27.900847704431587
              ],
              [
                86.92167243244948,
                27.900847416620355
              ],
              [
                86.92167236744739,
                27.90093769081159
              ],
              [
                86.92157075421758,
                27.900937633022966
              ],
              [
                86.92157081930951,
                27.900847358831733
              ],
              [
                86.92146920616055,
                27.900847300971247
              ],
              [
                86.92146927133332,
                27.90075702678001
              ],
              [
                86.92136765827419,
                27.90075696884766
              ],
              [
                86.9213677235368,
                27.90066669464744
              ],
              [
                86.92116449758922,
                27.900666578558155
              ],
              [
                86.92116443216491,
                27.900756852749392
              ],
              [
                86.92096120604667,
                27.900756736345695
              ],
              [
                86.92096114046066,
                27.900847010536932
              ],
              [
                86.92075791418071,
                27.900846893845774
              ],
              [
                86.92075784841505,
                27.900937168028026
              ],
              [
                86.92055462196443,
                27.900937051031445
              ],
              [
                86.92055455603706,
                27.901027325222678
              ],
              [
                86.92014810280342,
                27.901027090322216
              ],
              [
                86.92014803653471,
                27.90111736451345
              ],
              [
                86.91923351602914,
                27.901116831614857
              ],
              [
                86.91923344899685,
                27.90120710579711
              ],
              [
                86.9191318355245,
                27.901207046211855
              ],
              [
                86.91913190263763,
                27.901116772029603
              ],
              [
                86.91892867586361,
                27.901116652625536
              ],
              [
                86.91892860857979,
                27.901206926807788
              ],
              [
                86.91862376817171,
                27.901206747153715
              ],
              [
                86.91862370063637,
                27.901297021335967
              ],
              [
                86.91852208708318,
                27.901296961301554
              ],
              [
                86.91852215469936,
                27.901206687119302
              ],
              [
                86.9182173142913,
                27.901206506566915
              ],
              [
                86.91821724641459,
                27.901296780740182
              ],
              [
                86.91781079220179,
                27.90129653894964
              ],
              [
                86.9178107239927,
                27.901386813131893
              ],
              [
                86.91760749672461,
                27.901386691787465
              ],
              [
                86.91760742834485,
                27.901476965960732
              ],
              [
                86.91730258718219,
                27.90147678337815
              ],
              [
                86.9173025185509,
                27.901567057551418
              ],
              [
                86.91720090474617,
                27.901566996537845
              ],
              [
                86.91720083602506,
                27.901657270711112
              ],
              [
                86.91669276659717,
                27.901656964538315
              ],
              [
                86.91669269745384,
                27.9017472387026
              ],
              [
                86.916489469512,
                27.901747115714254
              ],
              [
                86.91648960813103,
                27.901566567367716
              ],
              [
                86.91628638052158,
                27.901566444073946
              ],
              [
                86.91628610261877,
                27.90192754074905
              ],
              [
                86.91598126020745,
                27.901927355246944
              ],
              [
                86.91598119048021,
                27.90201762941123
              ],
              [
                86.91577796203532,
                27.902017505362874
              ],
              [
                86.91577789213741,
                27.902107779527157
              ],
              [
                86.91557466353082,
                27.902107655182355
              ],
              [
                86.91557459346222,
                27.902197929337657
              ],
              [
                86.91537136468496,
                27.902197804696414
              ],
              [
                86.91537164562408,
                27.901836708048254
              ],
              [
                86.91516841752953,
                27.901836583101584
              ],
              [
                86.91516827671862,
                27.902017131430153
              ],
              [
                86.91496504828271,
                27.902017006178053
              ],
              [
                86.91496497770207,
                27.90210728034234
              ],
              [
                86.91466013479669,
                27.902107091911724
              ],
              [
                86.91466027645203,
                27.901926543592136
              ],
              [
                86.91476189058913,
                27.901926606474206
              ],
              [
                86.91476196132247,
                27.901836332309923
              ],
              [
                86.914965189426,
                27.901836457858465
              ],
              [
                86.91496525999766,
                27.90174618369418
              ],
              [
                86.91506687396408,
                27.90174624635167
              ],
              [
                86.91506694445488,
                27.90165597218739
              ],
              [
                86.91547339997922,
                27.90165622207175
              ],
              [
                86.9154735402781,
                27.901475673734197
              ],
              [
                86.9152703128483,
                27.901475548940237
              ],
              [
                86.91527038316843,
                27.90138527476697
              ],
              [
                86.91506715590931,
                27.901385149676564
              ],
              [
                86.91506729688193,
                27.90120460133901
              ],
              [
                86.91496568342754,
                27.901204538681522
              ],
              [
                86.91496575399022,
                27.90111426450825
              ],
              [
                86.91486414061667,
                27.901114201769914
              ],
              [
                86.9148638579977,
                27.901475298454002
              ],
              [
                86.91455901686199,
                27.901475109807794
              ],
              [
                86.914559087775,
                27.90138483564351
              ],
              [
                86.91466070140007,
                27.901384898597442
              ],
              [
                86.91466077222324,
                27.901294624424175
              ],
              [
                86.91476238576746,
                27.901294687306244
              ],
              [
                86.91476252724314,
                27.90111413896869
              ],
              [
                86.9146609138696,
                27.90111407608662
              ],
              [
                86.91466105551595,
                27.900933527740087
              ],
              [
                86.9143562158984,
                27.90093333864472
              ],
              [
                86.91435635804781,
                27.9007527902892
              ],
              [
                86.91425474501563,
                27.900752727110685
              ],
              [
                86.91425481617118,
                27.900662452937418
              ],
              [
                86.91374675142352,
                27.900662135903985
              ],
              [
                86.91374689457903,
                27.900481587548466
              ],
              [
                86.91323883068478,
                27.900481268655525
              ],
              [
                86.91323890268475,
                27.900390994473273
              ],
              [
                86.91303567729413,
                27.90039086639148
              ],
              [
                86.91303582163543,
                27.90021031803596
              ],
              [
                86.91313743415556,
                27.90021038211279
              ],
              [
                86.91313750624536,
                27.900120107930537
              ],
              [
                86.91303589380608,
                27.900120043853708
              ],
              [
                86.91303596596774,
                27.900029769671455
              ],
              [
                86.9129343536093,
                27.90002970551378
              ],
              [
                86.91293442586978,
                27.89993943133153
              ],
              [
                86.91283281359219,
                27.899939367101986
              ],
              [
                86.91283288593353,
                27.899849092919734
              ],
              [
                86.91273127374576,
                27.899849028618327
              ],
              [
                86.91273141858113,
                27.89966848024484
              ],
              [
                86.91283303059821,
                27.89966854454625
              ],
              [
                86.91283295826587,
                27.89975881873748
              ],
              [
                86.91293457037278,
                27.899758882967024
              ],
              [
                86.91293478711829,
                27.899488060402305
              ],
              [
                86.91283317527189,
                27.899487996172763
              ],
              [
                86.91283324760424,
                27.89939772198153
              ],
              [
                86.91273163583868,
                27.89939765768012
              ],
              [
                86.91273178067405,
                27.899217109297652
              ],
              [
                86.91283339227792,
                27.89921717359906
              ],
              [
                86.91283346461026,
                27.899126899407825
              ],
              [
                86.91293507612428,
                27.899126963628383
              ],
              [
                86.9129351483668,
                27.89903668943715
              ],
              [
                86.91303675979998,
                27.899036753585843
              ],
              [
                86.91303683196165,
                27.898946479385625
              ],
              [
                86.91313844330499,
                27.898946543462454
              ],
              [
                86.91313837122416,
                27.899036817662672
              ],
              [
                86.91323998265734,
                27.899036881658652
              ],
              [
                86.91324005465732,
                27.898946607458438
              ],
              [
                86.91334166600066,
                27.898946671391535
              ],
              [
                86.9133417379108,
                27.898856397191317
              ],
              [
                86.91344334917329,
                27.898856461034583
              ],
              [
                86.9134434209936,
                27.89876618683437
              ],
              [
                86.91354503217525,
                27.898766250614752
              ],
              [
                86.91354510391471,
                27.898675976414534
              ],
              [
                86.91344349282289,
                27.89867591263415
              ],
              [
                86.91344356465218,
                27.898585638433932
              ],
              [
                86.91324034263025,
                27.898585510657565
              ],
              [
                86.91324055861219,
                27.89831468804793
              ],
              [
                86.91334216937163,
                27.898314751972045
              ],
              [
                86.9133420974615,
                27.898405026181244
              ],
              [
                86.91344370830178,
                27.898405090024514
              ],
              [
                86.9134436364725,
                27.898495364233714
              ],
              [
                86.91374846925387,
                27.898495555332325
              ],
              [
                86.9137483976761,
                27.898585829532543
              ],
              [
                86.91405323070902,
                27.898586019957417
              ],
              [
                86.9140533733435,
                27.898405471548
              ],
              [
                86.91415498419279,
                27.898405534870243
              ],
              [
                86.91415512665661,
                27.89822498645184
              ],
              [
                86.91405351598699,
                27.898224923129597
              ],
              [
                86.91405358730425,
                27.898134648920394
              ],
              [
                86.91395197671548,
                27.8981345855173
              ],
              [
                86.91395204811359,
                27.8980443113081
              ],
              [
                86.91435849013625,
                27.898044564453347
              ],
              [
                86.91435841907052,
                27.89813483866255
              ],
              [
                86.9144600296593,
                27.898134901769197
              ],
              [
                86.9144599586834,
                27.8982251759784
              ],
              [
                86.91435834800481,
                27.898225112880734
              ],
              [
                86.91435827693908,
                27.898315387089934
              ],
              [
                86.91425666617964,
                27.89831532391142
              ],
              [
                86.91425659503308,
                27.898405598120622
              ],
              [
                86.91456142756292,
                27.8984057874226
              ],
              [
                86.914561569362,
                27.898225239004198
              ],
              [
                86.9147647907102,
                27.89822536482224
              ],
              [
                86.91476486143455,
                27.89813509061304
              ],
              [
                86.91456164025703,
                27.898134964786014
              ],
              [
                86.91456171115207,
                27.898044690576814
              ],
              [
                86.91466332165999,
                27.89804475353075
              ],
              [
                86.91466353409359,
                27.89777393088518
              ],
              [
                86.91496836485375,
                27.897774119279863
              ],
              [
                86.91496843541641,
                27.897683845061678
              ],
              [
                86.91527326592505,
                27.897684032782625
              ],
              [
                86.91527312531177,
                27.89786458121899
              ],
              [
                86.91557795634142,
                27.8978647682662
              ],
              [
                86.91557802639205,
                27.897774494048015
              ],
              [
                86.91547641613568,
                27.897774431767818
              ],
              [
                86.9154765564076,
                27.89759388333145
              ],
              [
                86.9155781664933,
                27.897593945602665
              ],
              [
                86.91557809644269,
                27.89768421982983
              ],
              [
                86.91567970661822,
                27.897684282029182
              ],
              [
                86.91567963664843,
                27.897774556247366
              ],
              [
                86.91578124690483,
                27.89777461836587
              ],
              [
                86.91578131678477,
                27.897684344147684
              ],
              [
                86.91588292696031,
                27.89768440619432
              ],
              [
                86.91588299675941,
                27.897594131976135
              ],
              [
                86.91598460685408,
                27.89759419395091
              ],
              [
                86.91598474628161,
                27.897413645505555
              ],
              [
                86.91608635619663,
                27.89741370739948
              ],
              [
                86.91608642582504,
                27.897323433181295
              ],
              [
                86.91639125533655,
                27.89732361842289
              ],
              [
                86.91639132471344,
                27.897233344195723
              ],
              [
                86.9165945442201,
                27.897233467318816
              ],
              [
                86.91659447501388,
                27.897323741545982
              ],
              [
                86.91679769469123,
                27.897323864372634
              ],
              [
                86.91679776373573,
                27.897233590136484
              ],
              [
                86.9171025930047,
                27.897233773815007
              ]
            ],
            [
              [
                86.9171025930047,
                27.897233773815007
              ],
              [
                86.91740742227367,
                27.897233956810815
              ],
              [
                86.9174073537412,
                27.89732423103798
              ],
              [
                86.91761057341853,
                27.89732435266089
              ],
              [
                86.91761043669494,
                27.897504901124204
              ],
              [
                86.9175088266811,
                27.897504840344194
              ],
              [
                86.91750889513273,
                27.897414566117025
              ],
              [
                86.91710245542771,
                27.89741432226934
              ],
              [
                86.9171025930047,
                27.897233773815007
              ]
            ],
            [
              [
                86.92187890008454,
                27.896333820866193
              ],
              [
                86.92187883527109,
                27.89642409512031
              ],
              [
                86.92177722625438,
                27.896424037493386
              ],
              [
                86.92177729115767,
                27.896333763239266
              ],
              [
                86.92187890008454,
                27.896333820866193
              ]
            ],
            [
              [
                86.92238720231981,
                27.895973010852476
              ],
              [
                86.92259041949983,
                27.895973125127163
              ],
              [
                86.92259035527927,
                27.896063399390265
              ],
              [
                86.92248874659494,
                27.89606334228436
              ],
              [
                86.92248868228455,
                27.896153616538477
              ],
              [
                86.92238707352836,
                27.89615355936071
              ],
              [
                86.92238720231981,
                27.895973010852476
              ]
            ],
            [
              [
                86.92746480342967,
                27.900218667184824
              ],
              [
                86.92746486362577,
                27.90012839297562
              ],
              [
                86.92736325114157,
                27.900128339453996
              ],
              [
                86.92736337169548,
                27.899947791026612
              ],
              [
                86.92746498401799,
                27.899947844548237
              ],
              [
                86.9274650442051,
                27.899857570330052
              ],
              [
                86.92766826867046,
                27.899857677130758
              ],
              [
                86.92766808859419,
                27.900128499776326
              ],
              [
                86.92756647610997,
                27.9001284464164
              ],
              [
                86.9275664160037,
                27.9002187206256
              ],
              [
                86.92746480342967,
                27.900218667184824
              ]
            ],
            [
              [
                86.93061462046082,
                27.900491111648805
              ],
              [
                86.93061473562484,
                27.90031056322142
              ],
              [
                86.93081796094359,
                27.90031066538682
              ],
              [
                86.93081790353226,
                27.900400939596018
              ],
              [
                86.93071629078754,
                27.900400888553744
              ],
              [
                86.93071623329537,
                27.900491162771928
              ],
              [
                86.93061462046082,
                27.900491111648805
              ]
            ],
            [
              [
                86.93467902547,
                27.900673646403998
              ],
              [
                86.93447579945057,
                27.90067354993392
              ],
              [
                86.93447590820959,
                27.90049300149755
              ],
              [
                86.93467913388767,
                27.900493097958645
              ],
              [
                86.93467902547,
                27.900673646403998
              ]
            ],
            [
              [
                86.9355931149639,
                27.901396270541305
              ],
              [
                86.93559316841366,
                27.901305996332106
              ],
              [
                86.93579639561888,
                27.901306091158265
              ],
              [
                86.93579634233082,
                27.901396365367464
              ],
              [
                86.9355931149639,
                27.901396270541305
              ]
            ],
            [
              [
                86.93610224394568,
                27.899591022542342
              ],
              [
                86.93610219092712,
                27.899681296778493
              ],
              [
                86.93620380300707,
                27.899681343850215
              ],
              [
                86.93620375006935,
                27.899771618086366
              ],
              [
                86.93630536223915,
                27.89977166508622
              ],
              [
                86.93630530938228,
                27.899861939313386
              ],
              [
                86.93640692163292,
                27.899861986241376
              ],
              [
                86.93640681608986,
                27.900042534704696
              ],
              [
                86.93620359123823,
                27.900042440785832
              ],
              [
                86.93620364418493,
                27.89995216654968
              ],
              [
                86.93610203184446,
                27.899952119477962
              ],
              [
                86.93610213789957,
                27.899771571014643
              ],
              [
                86.93600052572977,
                27.899771523871056
              ],
              [
                86.93600063194657,
                27.899590975398755
              ],
              [
                86.93610224394568,
                27.899591022542342
              ]
            ],
            [
              [
                86.91303639897367,
                27.899488124551
              ],
              [
                86.91303647113534,
                27.899397850359765
              ],
              [
                86.91323969467544,
                27.899397978432575
              ],
              [
                86.91323962267546,
                27.899488252623808
              ],
              [
                86.91303639897367,
                27.899488124551
              ]
            ],
            [
              [
                86.91323911868466,
                27.9001201719355
              ],
              [
                86.91323919068462,
                27.90002989775325
              ],
              [
                86.91334080304307,
                27.900029961677365
              ],
              [
                86.91334073112395,
                27.900120235859617
              ],
              [
                86.91323911868466,
                27.9001201719355
              ]
            ],
            [
              [
                86.91323947867552,
                27.89966880100628
              ],
              [
                86.9132395506755,
                27.899578526815045
              ],
              [
                86.91334116261173,
                27.899578590748142
              ],
              [
                86.91334109070159,
                27.899668864930394
              ],
              [
                86.91323947867552,
                27.89966880100628
              ]
            ],
            [
              [
                86.9136466433569,
                27.89876631431429
              ],
              [
                86.91364671501552,
                27.898676040114072
              ],
              [
                86.91384993719915,
                27.898676167288567
              ],
              [
                86.91384986571121,
                27.898766441488785
              ],
              [
                86.9136466433569,
                27.89876631431429
              ]
            ],
            [
              [
                86.91374725247684,
                27.900030216646194
              ],
              [
                86.91374753878789,
                27.899669119890238
              ],
              [
                86.91395076283102,
                27.899669246921004
              ],
              [
                86.91395047719372,
                27.900030343676956
              ],
              [
                86.91374725247684,
                27.900030216646194
              ]
            ],
            [
              [
                86.9138485788566,
                27.900391376922023
              ],
              [
                86.91384865035351,
                27.900301102748752
              ],
              [
                86.91405187558244,
                27.900301229626805
              ],
              [
                86.91405194689969,
                27.900210955444553
              ],
              [
                86.91415355942881,
                27.90021101877578
              ],
              [
                86.91415341694703,
                27.900391567140282
              ],
              [
                86.9138485788566,
                27.900391376922023
              ]
            ],
            [
              [
                86.9143570687769,
                27.899850048466686
              ],
              [
                86.91435721091732,
                27.899669500084215
              ],
              [
                86.91456043496945,
                27.899669626216664
              ],
              [
                86.9145602931614,
                27.899850174599134
              ],
              [
                86.9143570687769,
                27.899850048466686
              ]
            ],
            [
              [
                86.91456086037563,
                27.89912798104231
              ],
              [
                86.91456114397377,
                27.89876688424144
              ],
              [
                86.91466275515542,
                27.898766947195373
              ],
              [
                86.91466282596961,
                27.898676672986173
              ],
              [
                86.91476443706144,
                27.898676735868243
              ],
              [
                86.91476436633707,
                27.89876701006846
              ],
              [
                86.91496758870036,
                27.898767135599037
              ],
              [
                86.91496744757504,
                27.898947683999474
              ],
              [
                86.91476422487038,
                27.89894755847788
              ],
              [
                86.91476408341266,
                27.89912810687831
              ],
              [
                86.91456086037563,
                27.89912798104231
              ]
            ],
            [
              [
                86.91506764930898,
                27.90075323046369
              ],
              [
                86.9150677197908,
                27.900662956281437
              ],
              [
                86.91527094570245,
                27.90066308137184
              ],
              [
                86.91527101601358,
                27.900572807189587
              ],
              [
                86.91537262888406,
                27.9005728696225
              ],
              [
                86.91537248842349,
                27.90075341797802
              ],
              [
                86.91506764930898,
                27.90075323046369
              ]
            ],
            [
              [
                86.91516898074627,
                27.901114389742386
              ],
              [
                86.9151691215482,
                27.90093384139585
              ],
              [
                86.91527073475106,
                27.900933903900626
              ],
              [
                86.9152705941198,
                27.901114452256145
              ],
              [
                86.91516898074627,
                27.901114389742386
              ]
            ],
            [
              [
                86.91537206703276,
                27.901295063035594
              ],
              [
                86.9153723479629,
                27.90093396633354
              ],
              [
                86.91547396116576,
                27.900934028694586
              ],
              [
                86.9154740313152,
                27.900843754512334
              ],
              [
                86.91588048381223,
                27.900844003192955
              ],
              [
                86.91588041400415,
                27.900934277375207
              ],
              [
                86.91598202721599,
                27.90093433935896
              ],
              [
                86.91598195748875,
                27.90102461353223
              ],
              [
                86.915575504318,
                27.901024365148054
              ],
              [
                86.91557536418979,
                27.901204913503573
              ],
              [
                86.91547375072642,
                27.90120485121439
              ],
              [
                86.91547368057698,
                27.90129512538766
              ],
              [
                86.91537206703276,
                27.901295063035594
              ]
            ],
            [
              [
                86.91537319071739,
                27.89985067612856
              ],
              [
                86.91537326094767,
                27.89976040193732
              ],
              [
                86.91557648517049,
                27.899760526569587
              ],
              [
                86.91557641511088,
                27.89985080076082
              ],
              [
                86.91537319071739,
                27.89985067612856
              ]
            ],
            [
              [
                86.91537452499406,
                27.89813546628849
              ],
              [
                86.91537459521537,
                27.898045192070306
              ],
              [
                86.91547620572328,
                27.898045254422367
              ],
              [
                86.91547627586374,
                27.897954980204183
              ],
              [
                86.91567949670889,
                27.897955104683735
              ],
              [
                86.91567928680854,
                27.89822592732032
              ],
              [
                86.91547606545134,
                27.898225802849755
              ],
              [
                86.91547613558282,
                27.89813552863157
              ],
              [
                86.91537452499406,
                27.89813546628849
              ]
            ],
            [
              [
                86.91567851712301,
                27.89921894359458
              ],
              [
                86.91567858710178,
                27.89912866939436
              ],
              [
                86.9159834216708,
                27.899128855552238
              ],
              [
                86.91598335194357,
                27.899219129752456
              ],
              [
                86.91588174033971,
                27.899219067777683
              ],
              [
                86.91588167053163,
                27.8993093419779
              ],
              [
                86.916084893919,
                27.89930946585558
              ],
              [
                86.91608468500681,
                27.89958028845623
              ],
              [
                86.91577984918014,
                27.89958010251395
              ],
              [
                86.91578012873586,
                27.899219005722063
              ],
              [
                86.91567851712301,
                27.89921894359458
              ]
            ],
            [
              [
                86.9156790768992,
                27.898496749956905
              ],
              [
                86.91567921683875,
                27.898316201538503
              ],
              [
                86.9157808275982,
                27.89831626366599
              ],
              [
                86.91578089748712,
                27.898225989447806
              ],
              [
                86.91588250816572,
                27.898226051503425
              ],
              [
                86.91588257796481,
                27.89813577728524
              ],
              [
                86.91618740974906,
                27.898135962984977
              ],
              [
                86.91618734020149,
                27.89822623720316
              ],
              [
                86.91649217224625,
                27.898226422229158
              ],
              [
                86.91649210295022,
                27.898316696447342
              ],
              [
                86.91669532448705,
                27.898316819417722
              ],
              [
                86.91669518623634,
                27.898497367845106
              ],
              [
                86.91659357529723,
                27.89849730640034
              ],
              [
                86.91659343687583,
                27.898677854818743
              ],
              [
                86.91669504797663,
                27.89867791627249
              ],
              [
                86.9166949097259,
                27.89885846468191
              ],
              [
                86.91639007590248,
                27.898858280105067
              ],
              [
                86.91639021466524,
                27.898677731686668
              ],
              [
                86.91628860356445,
                27.89867767000834
              ],
              [
                86.91628867303116,
                27.89858739579914
              ],
              [
                86.91639028405112,
                27.898587457477465
              ],
              [
                86.91639035342801,
                27.898497183268265
              ],
              [
                86.91628874249788,
                27.898497121589937
              ],
              [
                86.91628881195562,
                27.898406847380738
              ],
              [
                86.91618720110635,
                27.898406785630545
              ],
              [
                86.91618727065392,
                27.89831651141236
              ],
              [
                86.91608565989448,
                27.898316449590304
              ],
              [
                86.91608545099126,
                27.898587272226887
              ],
              [
                86.9157806179404,
                27.898587086293592
              ],
              [
                86.91578068782933,
                27.89849681208439
              ],
              [
                86.9156790768992,
                27.898496749956905
              ]
            ],
            [
              [
                86.91608600804555,
                27.897865078508367
              ],
              [
                86.91608614731138,
                27.897684530072
              ],
              [
                86.91628936766244,
                27.897684653644248
              ],
              [
                86.91628929819572,
                27.897774927862432
              ],
              [
                86.91649251871748,
                27.89777505113824
              ],
              [
                86.91649238013437,
                27.89795559958359
              ],
              [
                86.91628915927126,
                27.897955476307782
              ],
              [
                86.91628922873798,
                27.8978652020896
              ],
              [
                86.91608600804555,
                27.897865078508367
              ]
            ],
            [
              [
                86.91649002396119,
                27.901024922319124
              ],
              [
                86.9164900932662,
                27.900934648145856
              ],
              [
                86.91659170647804,
                27.900934709680453
              ],
              [
                86.91659163725387,
                27.901024983853723
              ],
              [
                86.91649002396119,
                27.901024922319124
              ]
            ],
            [
              [
                86.91659399056144,
                27.897955661109204
              ],
              [
                86.91659405976765,
                27.897865386882035
              ],
              [
                86.91679728046007,
                27.897865509708687
              ],
              [
                86.91679714238003,
                27.898046058154037
              ],
              [
                86.91669553186314,
                27.898045996772154
              ],
              [
                86.9166956009885,
                27.89795572255397
              ],
              [
                86.91659399056144,
                27.897955661109204
              ]
            ],
            [
              [
                86.91659419818905,
                27.89768483844567
              ],
              [
                86.91659433660146,
                27.897504290000317
              ],
              [
                86.91679755662017,
                27.897504412817984
              ],
              [
                86.91679748757565,
                27.89759468704515
              ],
              [
                86.91669587748994,
                27.89759462567225
              ],
              [
                86.91669580836458,
                27.897684899890436
              ],
              [
                86.91659419818905,
                27.89768483844567
              ]
            ],
            [
              [
                86.91689764954118,
                27.899490506793303
              ],
              [
                86.91689771850484,
                27.899400232593084
              ],
              [
                86.91699933027938,
                27.899400293822254
              ],
              [
                86.91699926140555,
                27.899490568022472
              ],
              [
                86.91689764954118,
                27.899490506793303
              ]
            ],
            [
              [
                86.9168985460239,
                27.89831694210064
              ],
              [
                86.91689868393327,
                27.898136393664274
              ],
              [
                86.91700029453101,
                27.898136454893443
              ],
              [
                86.91700015678335,
                27.89831700332981
              ],
              [
                86.9168985460239,
                27.89831694210064
              ]
            ],
            [
              [
                86.91699960579268,
                27.8990391970124
              ],
              [
                86.91699967466651,
                27.8989489228032
              ],
              [
                86.91710128602783,
                27.89894898395152
              ],
              [
                86.91710135481183,
                27.898858709751302
              ],
              [
                86.91730457736377,
                27.89885883183235
              ],
              [
                86.91730450874147,
                27.89894910604155
              ],
              [
                86.9175077314551,
                27.89894922781717
              ],
              [
                86.91750752609124,
                27.89922005043579
              ],
              [
                86.91730430287456,
                27.89921992865119
              ],
              [
                86.91730437149685,
                27.89912965445097
              ],
              [
                86.91710114844186,
                27.899129532369923
              ],
              [
                86.91710121723484,
                27.89903925816072
              ],
              [
                86.91699960579268,
                27.8990391970124
              ]
            ],
            [
              [
                86.91709956614034,
                27.90120583875933
              ],
              [
                86.9170996349423,
                27.901115564577083
              ],
              [
                86.91720124832482,
                27.90111562566252
              ],
              [
                86.91720117960371,
                27.901205899844772
              ],
              [
                86.91709956614034,
                27.90120583875933
              ]
            ],
            [
              [
                86.91720385925125,
                27.897685206018316
              ],
              [
                86.9172039279544,
                27.89759493179115
              ],
              [
                86.91740714813479,
                27.897595053719485
              ],
              [
                86.91740707960231,
                27.89768532794665
              ],
              [
                86.91720385925125,
                27.897685206018316
              ]
            ],
            [
              [
                86.9174064627831,
                27.898497795910306
              ],
              [
                86.91740659985703,
                27.89831724748292
              ],
              [
                86.91750821062546,
                27.8983173083348
              ],
              [
                86.91750814217383,
                27.898407582552984
              ],
              [
                86.9176097530321,
                27.898407643332995
              ],
              [
                86.91760968466131,
                27.898497917542194
              ],
              [
                86.9174064627831,
                27.898497795910306
              ]
            ],
            [
              [
                86.91760893259176,
                27.899490933825437
              ],
              [
                86.91760913770409,
                27.8992201112158
              ],
              [
                86.91781236092977,
                27.899220232551247
              ],
              [
                86.91781242913885,
                27.89912995835103
              ],
              [
                86.91801565219384,
                27.89913007938105
              ],
              [
                86.91801558415544,
                27.89922035359025
              ],
              [
                86.91811719577727,
                27.899220413992968
              ],
              [
                86.91811712782871,
                27.899310688193186
              ],
              [
                86.91821873952239,
                27.89931074852404
              ],
              [
                86.91821867165467,
                27.89940102273324
              ],
              [
                86.91832028343819,
                27.899401082983246
              ],
              [
                86.91832014788241,
                27.899581631392667
              ],
              [
                86.91801531201982,
                27.899581450400103
              ],
              [
                86.91801544809661,
                27.899400901999666
              ],
              [
                86.91791383631309,
                27.899400841516098
              ],
              [
                86.91791390443234,
                27.899310567315883
              ],
              [
                86.91781229272966,
                27.899310506760447
              ],
              [
                86.91781215632948,
                27.899491055160883
              ],
              [
                86.91760893259176,
                27.899490933825437
              ]
            ],
            [
              [
                86.9177110907486,
                27.898768800886927
              ],
              [
                86.91771115902955,
                27.898678526668743
              ],
              [
                86.91781277013934,
                27.898678587305024
              ],
              [
                86.91781283833943,
                27.89858831308684
              ],
              [
                86.91791444935937,
                27.898588373642276
              ],
              [
                86.91791431312987,
                27.89876892206966
              ],
              [
                86.9177110907486,
                27.898768800886927
              ]
            ],
            [
              [
                86.91811855469473,
                27.897414929647255
              ],
              [
                86.91811862263432,
                27.897324655411104
              ],
              [
                86.91822023247748,
                27.89732471574196
              ],
              [
                86.91822016461875,
                27.89741498996913
              ],
              [
                86.91811855469473,
                27.897414929647255
              ]
            ],
            [
              [
                86.91821887524884,
                27.899130200114623
              ],
              [
                86.91821894311657,
                27.89903992590542
              ],
              [
                86.91832055455872,
                27.89903998616441
              ],
              [
                86.91832048678084,
                27.89913026037361
              ],
              [
                86.91821887524884,
                27.899130200114623
              ]
            ],
            [
              [
                86.91832096123504,
                27.89849834089124
              ],
              [
                86.91832109679082,
                27.898317792454872
              ],
              [
                86.91842270755923,
                27.898317852633014
              ],
              [
                86.91842277525627,
                27.89822757841483
              ],
              [
                86.91852438594385,
                27.898227638521103
              ],
              [
                86.91852425072943,
                27.89840818695747
              ],
              [
                86.91842263987118,
                27.898408126851198
              ],
              [
                86.91842257217414,
                27.89849840106938
              ],
              [
                86.91832096123504,
                27.89849834089124
              ]
            ],
            [
              [
                86.91852458876548,
                27.89795681585757
              ],
              [
                86.91852465637268,
                27.897866541630403
              ],
              [
                86.91862626672788,
                27.897866601655828
              ],
              [
                86.91862619920153,
                27.897956875882997
              ],
              [
                86.91852458876548,
                27.89795681585757
              ]
            ],
            [
              [
                86.9193361335395,
                27.89976277824176
              ],
              [
                86.91933620047297,
                27.89967250403256
              ],
              [
                86.91974264864011,
                27.89967274131356
              ],
              [
                86.91974258203902,
                27.899763015513777
              ],
              [
                86.9193361335395,
                27.89976277824176
              ]
            ],
            [
              [
                86.91953882361506,
                27.90048509060078
              ],
              [
                86.91953895715861,
                27.900304542218315
              ],
              [
                86.91964056978654,
                27.90030460149814
              ],
              [
                86.91964070315942,
                27.900124053106687
              ],
              [
                86.91974231562565,
                27.900124112314646
              ],
              [
                86.91974224902455,
                27.900214386514865
              ],
              [
                86.91984386157165,
                27.90021444565096
              ],
              [
                86.9198436620109,
                27.900485268233645
              ],
              [
                86.91974204921229,
                27.90048520909755
              ],
              [
                86.9197419826022,
                27.900575483288787
              ],
              [
                86.91964036972274,
                27.900575424080827
              ],
              [
                86.91964043641367,
                27.90048514988959
              ],
              [
                86.91953882361506,
                27.90048509060078
              ]
            ],
            [
              [
                86.91953915747393,
                27.900033719626645
              ],
              [
                86.91953922424571,
                27.899943445426427
              ],
              [
                86.91964083654126,
                27.899943504715235
              ],
              [
                86.91964076985035,
                27.90003377890647
              ],
              [
                86.91953915747393,
                27.900033719626645
              ]
            ],
            [
              [
                86.91954049283757,
                27.89822823542466
              ],
              [
                86.91954055960036,
                27.898137961206476
              ],
              [
                86.91964217020708,
                27.898138020486304
              ],
              [
                86.91964210352515,
                27.898228294704488
              ],
              [
                86.91954049283757,
                27.89822823542466
              ]
            ],
            [
              [
                86.9198440611234,
                27.89994362305031
              ],
              [
                86.91984412764364,
                27.89985334885009
              ],
              [
                86.92004735206409,
                27.8998534668977
              ],
              [
                86.92004728571452,
                27.899943741097918
              ],
              [
                86.9198440611234,
                27.89994362305031
              ]
            ],
            [
              [
                86.91994527480952,
                27.900485327288894
              ],
              [
                86.91994534124892,
                27.900395053097657
              ],
              [
                86.92014856667546,
                27.900395170992557
              ],
              [
                86.92014850041573,
                27.90048544518379
              ],
              [
                86.91994527480952,
                27.900485327288894
              ]
            ],
            [
              [
                86.92025064266342,
                27.899763310430686
              ],
              [
                86.9202507088423,
                27.899673036230467
              ],
              [
                86.92035232088634,
                27.899673094989268
              ],
              [
                86.9203522547883,
                27.899763369189486
              ],
              [
                86.92025064266342,
                27.899763310430686
              ]
            ],
            [
              [
                86.920351792111,
                27.90039528858203
              ],
              [
                86.92035192430708,
                27.900214740190574
              ],
              [
                86.92055514940125,
                27.9002148574836
              ],
              [
                86.9205550834739,
                27.90030513168382
              ],
              [
                86.92065669611083,
                27.900305190218045
              ],
              [
                86.9206565644178,
                27.900485738609497
              ],
              [
                86.92055495161918,
                27.90048568007527
              ],
              [
                86.92055501754653,
                27.900395405884037
              ],
              [
                86.920351792111,
                27.90039528858203
              ]
            ],
            [
              [
                86.92055534719232,
                27.89994403489193
              ],
              [
                86.92055541311967,
                27.89985376068273
              ],
              [
                86.92065702533439,
                27.899853819216954
              ],
              [
                86.92065695948787,
                27.899944093426157
              ],
              [
                86.92055534719232,
                27.89994403489193
              ]
            ],
            [
              [
                86.92055561090176,
                27.899582938073095
              ],
              [
                86.92055574274748,
                27.899402389654693
              ],
              [
                86.92065735453998,
                27.89940244818892
              ],
              [
                86.9206574203865,
                27.899312173979716
              ],
              [
                86.92086064380082,
                27.899312290823584
              ],
              [
                86.920860578125,
                27.899402565032787
              ],
              [
                86.92075896633249,
                27.899402506651278
              ],
              [
                86.92075883481914,
                27.899583055060695
              ],
              [
                86.92055561090176,
                27.899582938073095
              ]
            ],
            [
              [
                86.92055679753133,
                27.897958002172732
              ],
              [
                86.92055692936808,
                27.897777453709416
              ],
              [
                86.92096337046547,
                27.897777687379186
              ],
              [
                86.92096330487948,
                27.897867961606355
              ],
              [
                86.92086169452428,
                27.89786790330569
              ],
              [
                86.92086162884846,
                27.89795817753286
              ],
              [
                86.92076001841241,
                27.89795811915135
              ],
              [
                86.9207600841601,
                27.897867844924182
              ],
              [
                86.9206584738049,
                27.89786778647081
              ],
              [
                86.92065840796737,
                27.897958060697974
              ],
              [
                86.92055679753133,
                27.897958002172732
              ]
            ],
            [
              [
                86.92075824298207,
                27.90039552288062
              ],
              [
                86.92075837450442,
                27.900214974480186
              ],
              [
                86.92096159960758,
                27.900215091180325
              ],
              [
                86.92096153401259,
                27.90030536537156
              ],
              [
                86.92106314664952,
                27.90030542360934
              ],
              [
                86.92106321215466,
                27.90021514940912
              ],
              [
                86.92126643725783,
                27.9002152656601
              ],
              [
                86.92126650259229,
                27.900124991459883
              ],
              [
                86.92146972753375,
                27.900125107405437
              ],
              [
                86.9214695971882,
                27.900305655805873
              ],
              [
                86.92136798455128,
                27.900305597864538
              ],
              [
                86.92136791929767,
                27.900395872064752
              ],
              [
                86.92096146841762,
                27.900395639571776
              ],
              [
                86.92096140283161,
                27.90048591377199
              ],
              [
                86.92085979002401,
                27.900485855453365
              ],
              [
                86.92085985569985,
                27.90039558126213
              ],
              [
                86.92075824298207,
                27.90039552288062
              ]
            ],
            [
              [
                86.9207584402611,
                27.900124700279967
              ],
              [
                86.92075850602676,
                27.90003442607975
              ],
              [
                86.92086011840317,
                27.900034484470243
              ],
              [
                86.92086005272733,
                27.90012475867046
              ],
              [
                86.9207584402611,
                27.900124700279967
              ]
            ],
            [
              [
                86.9208603811065,
                27.899673387651404
              ],
              [
                86.92086044677333,
                27.89958311345119
              ],
              [
                86.92096205873652,
                27.89958317175185
              ],
              [
                86.92096212432251,
                27.89949289755163
              ],
              [
                86.9211653480782,
                27.89949301393736
              ],
              [
                86.9211652826539,
                27.899583288146562
              ],
              [
                86.9210636706997,
                27.89958322998963
              ],
              [
                86.92106360519455,
                27.89967350419883
              ],
              [
                86.92116521723858,
                27.899673562355762
              ],
              [
                86.92116515181428,
                27.89976383656496
              ],
              [
                86.92096192755554,
                27.899763720170252
              ],
              [
                86.92096199315051,
                27.89967344596105
              ],
              [
                86.9208603811065,
                27.899673387651404
              ]
            ],
            [
              [
                86.92096232108949,
                27.89922207491505
              ],
              [
                86.9209623866755,
                27.899131800705845
              ],
              [
                86.92116560975744,
                27.899131917091573
              ],
              [
                86.92116554434213,
                27.899222191309757
              ],
              [
                86.92096232108949,
                27.89922207491505
              ]
            ],
            [
              [
                86.92096271461448,
                27.89868042962391
              ],
              [
                86.92096297695846,
                27.89831933274219
              ],
              [
                86.92116619851328,
                27.898319449127918
              ],
              [
                86.921165936852,
                27.898680546009636
              ],
              [
                86.92096271461448,
                27.89868042962391
              ]
            ],
            [
              [
                86.92126702529501,
                27.899402797813227
              ],
              [
                86.92126709062947,
                27.899312523604024
              ],
              [
                86.92136870233215,
                27.899312581608243
              ],
              [
                86.92136863708751,
                27.899402855817446
              ],
              [
                86.92126702529501,
                27.899402797813227
              ]
            ],
            [
              [
                86.92126898522133,
                27.896694570980245
              ],
              [
                86.92126911588129,
                27.896514022480996
              ],
              [
                86.92147233406742,
                27.896514138408584
              ],
              [
                86.92147226891261,
                27.896604412653716
              ],
              [
                86.92137065973421,
                27.896604354730346
              ],
              [
                86.92137059448956,
                27.89669462897548
              ],
              [
                86.92126898522133,
                27.896694570980245
              ]
            ],
            [
              [
                86.92136883283939,
                27.89913203318086
              ],
              [
                86.92136889808403,
                27.899041758971656
              ],
              [
                86.9215721209953,
                27.899041874764496
              ],
              [
                86.92157199082942,
                27.899222423191883
              ],
              [
                86.92147037920759,
                27.899222365331394
              ],
              [
                86.92147044437138,
                27.899132091122194
              ],
              [
                86.92136883283939,
                27.89913203318086
              ]
            ],
            [
              [
                86.92136909383592,
                27.898770936317106
              ],
              [
                86.92136922433417,
                27.898590387880738
              ],
              [
                86.92147083536311,
                27.89859044581309
              ],
              [
                86.92147077019932,
                27.898680720031273
              ],
              [
                86.92157238131809,
                27.898680777891762
              ],
              [
                86.92157225116118,
                27.89886132632813
              ],
              [
                86.92147063987174,
                27.89886126846764
              ],
              [
                86.92147070503553,
                27.898770994249457
              ],
              [
                86.92136909383592,
                27.898770936317106
              ]
            ],
            [
              [
                86.92136961581997,
                27.8980487425357
              ],
              [
                86.92136974630925,
                27.897868194072384
              ],
              [
                86.92157296702864,
                27.89786830985624
              ],
              [
                86.92157290195468,
                27.89795858409239
              ],
              [
                86.92147129150965,
                27.897958526231903
              ],
              [
                86.92147122634586,
                27.89804880045907
              ],
              [
                86.92136961581997,
                27.8980487425357
              ]
            ],
            [
              [
                86.92146992303411,
                27.8998542847958
              ],
              [
                86.92146998820688,
                27.8997640105866
              ],
              [
                86.92157160033176,
                27.899764068447087
              ],
              [
                86.92157166542368,
                27.899673794237888
              ],
              [
                86.92167327746772,
                27.89967385202651
              ],
              [
                86.92167314746354,
                27.899854400435927
              ],
              [
                86.92146992303411,
                27.8998542847958
              ]
            ],
            [
              [
                86.92147155215582,
                27.897597429305268
              ],
              [
                86.92147161731961,
                27.897507155069118
              ],
              [
                86.92157322734244,
                27.897507212929607
              ],
              [
                86.92157316225949,
                27.897597487156773
              ],
              [
                86.92147155215582,
                27.897597429305268
              ]
            ],
            [
              [
                86.92167249745157,
                27.90075714242912
              ],
              [
                86.92167262745576,
                27.90057659403767
              ],
              [
                86.9217742403442,
                27.900576651754424
              ],
              [
                86.92177417543195,
                27.90066692594566
              ],
              [
                86.92197740137952,
                27.900667041145613
              ],
              [
                86.92197733662896,
                27.900757315336847
              ],
              [
                86.92167249745157,
                27.90075714242912
              ]
            ],
            [
              [
                86.92177508425752,
                27.89940308710668
              ],
              [
                86.92177514916978,
                27.89931281289748
              ],
              [
                86.92187676088143,
                27.899312870524405
              ],
              [
                86.92187669605002,
                27.89940314474259
              ],
              [
                86.92177508425752,
                27.89940308710668
              ]
            ],
            [
              [
                86.92187760363592,
                27.898139305661065
              ],
              [
                86.92187766846733,
                27.898049031433896
              ],
              [
                86.9220808895191,
                27.89804914647215
              ],
              [
                86.92208095417982,
                27.897958872236
              ],
              [
                86.92218256462485,
                27.89795892964733
              ],
              [
                86.92218250005395,
                27.8980492038745
              ],
              [
                86.9223857211147,
                27.898049318463595
              ],
              [
                86.92238565670549,
                27.898139592690764
              ],
              [
                86.9225888779369,
                27.898139706983418
              ],
              [
                86.92258881370736,
                27.898229981210584
              ],
              [
                86.92197914951005,
                27.89822963744329
              ],
              [
                86.92197921425164,
                27.898139363216124
              ],
              [
                86.92187760363592,
                27.898139305661065
              ]
            ],
            [
              [
                86.92187805741091,
                27.89750738603496
              ],
              [
                86.92187812223334,
                27.897417111798813
              ],
              [
                86.9219797321753,
                27.897417169353872
              ],
              [
                86.92197966743372,
                27.897507443590023
              ],
              [
                86.92187805741091,
                27.89750738603496
              ]
            ],
            [
              [
                86.92187838152306,
                27.897056014845226
              ],
              [
                86.92187844634549,
                27.896965740600095
              ],
              [
                86.9221832748958,
                27.89696591303171
              ],
              [
                86.9221833394667,
                27.89687563878658
              ],
              [
                86.92248816777447,
                27.89687581054446
              ],
              [
                86.9224881034551,
                27.896966084789593
              ],
              [
                86.92238649393533,
                27.89696602761183
              ],
              [
                86.92238642953511,
                27.89705630185696
              ],
              [
                86.92248803913571,
                27.89705635903473
              ],
              [
                86.92248797482533,
                27.89714663327986
              ],
              [
                86.92228475544444,
                27.897146518843478
              ],
              [
                86.92228481993449,
                27.897056244607327
              ],
              [
                86.92208160072428,
                27.8970561298745
              ],
              [
                86.92208153607254,
                27.89714640411065
              ],
              [
                86.92197992639107,
                27.897146346636436
              ],
              [
                86.92197999112366,
                27.897056072391305
              ],
              [
                86.92187838152306,
                27.897056014845226
              ]
            ],
            [
              [
                86.9220802429387,
                27.89895188870789
              ],
              [
                86.92208030759943,
                27.898861614489707
              ],
              [
                86.92218191888888,
                27.898861671901038
              ],
              [
                86.92218185431797,
                27.89895194611922
              ],
              [
                86.9220802429387,
                27.89895188870789
              ]
            ],
            [
              [
                86.92228236929446,
                27.90048666498815
              ],
              [
                86.9222824337935,
                27.900396390787932
              ],
              [
                86.92238404652025,
                27.900396448046546
              ],
              [
                86.92238398210206,
                27.900486722246765
              ],
              [
                86.92228236929446,
                27.90048666498815
              ]
            ],
            [
              [
                86.92238494824913,
                27.899132609144687
              ],
              [
                86.92238501265834,
                27.899042334926502
              ],
              [
                86.92248662410948,
                27.89904239210427
              ],
              [
                86.92248655979012,
                27.899132666322455
              ],
              [
                86.92238494824913,
                27.899132609144687
              ]
            ],
            [
              [
                86.92289454153416,
                27.896966312755065
              ],
              [
                86.92289460551217,
                27.89687603850993
              ],
              [
                86.92309782439,
                27.896876152039017
              ],
              [
                86.92309776057368,
                27.896966426293133
              ],
              [
                86.92289454153416,
                27.896966312755065
              ]
            ],
            [
              [
                86.92309654813552,
                27.89868163675304
              ],
              [
                86.92309661195183,
                27.89859136252587
              ],
              [
                86.92319822298975,
                27.898591419182615
              ],
              [
                86.92319815926326,
                27.898681693409785
              ],
              [
                86.92309654813552,
                27.89868163675304
              ]
            ],
            [
              [
                86.92309693102443,
                27.898139991390035
              ],
              [
                86.92309699484075,
                27.898049717153885
              ],
              [
                86.92319860536664,
                27.89804977381063
              ],
              [
                86.92319854164015,
                27.89814004804678
              ],
              [
                86.92309693102443,
                27.898139991390035
              ]
            ],
            [
              [
                86.9231971395227,
                27.900126080837843
              ],
              [
                86.92319726699364,
                27.899945532428426
              ],
              [
                86.92329887929819,
                27.899945589013306
              ],
              [
                86.92329881564356,
                27.900035863213525
              ],
              [
                86.92340042803794,
                27.900035919726538
              ],
              [
                86.92340036446416,
                27.90012619393574
              ],
              [
                86.9231971395227,
                27.900126080837843
              ]
            ],
            [
              [
                86.9234006822971,
                27.899674822889736
              ],
              [
                86.92340074586188,
                27.899584548680533
              ],
              [
                86.92350235783405,
                27.899584605121685
              ],
              [
                86.92350229435011,
                27.899674879330885
              ],
              [
                86.9234006822971,
                27.899674822889736
              ]
            ],
            [
              [
                86.92370564508266,
                27.899494443552236
              ],
              [
                86.92370570839591,
                27.89940416933405
              ],
              [
                86.92380732019741,
                27.899404225550622
              ],
              [
                86.92380725696499,
                27.899494499759825
              ],
              [
                86.92370564508266,
                27.899494443552236
              ]
            ],
            [
              [
                86.92380902723,
                27.896966821291347
              ],
              [
                86.92380915366789,
                27.89678627280108
              ],
              [
                86.92391076302596,
                27.896786328927817
              ],
              [
                86.92391063675876,
                27.89696687742707
              ],
              [
                86.92380902723,
                27.896966821291347
              ]
            ],
            [
              [
                86.92391095242675,
                27.896515506174453
              ],
              [
                86.92391101556035,
                27.896425231920336
              ],
              [
                86.92401262458604,
                27.896425287966228
              ],
              [
                86.9240126876298,
                27.89633501371211
              ],
              [
                86.92411429656566,
                27.89633506969512
              ],
              [
                86.92411417063084,
                27.896515618203352
              ],
              [
                86.92391095242675,
                27.896515506174453
              ]
            ],
            [
              [
                86.92411272235796,
                27.898591925733623
              ],
              [
                86.92411278532987,
                27.898501651506454
              ],
              [
                86.92421439628693,
                27.898501707417598
              ],
              [
                86.92421445916901,
                27.898411433190432
              ],
              [
                86.92441768092144,
                27.898411544779155
              ],
              [
                86.92441761820108,
                27.898501819006324
              ],
              [
                86.92451922915814,
                27.898501874692887
              ],
              [
                86.9245191665276,
                27.898592148920056
              ],
              [
                86.92431594444278,
                27.89859203747506
              ],
              [
                86.92431588163258,
                27.898682311702228
              ],
              [
                86.92421427050482,
                27.898682255871933
              ],
              [
                86.92421433339588,
                27.898591981644767
              ],
              [
                86.92411272235796,
                27.898591925733623
              ]
            ],
            [
              [
                86.92411310018039,
                27.898050280352653
              ],
              [
                86.92411316315228,
                27.897960006116502
              ],
              [
                86.9242147736063,
                27.897960062027646
              ],
              [
                86.92421471071525,
                27.898050336254812
              ],
              [
                86.92411310018039,
                27.898050280352653
              ]
            ],
            [
              [
                86.9241139817421,
                27.896786440956717
              ],
              [
                86.92411404470501,
                27.896696166711585
              ],
              [
                86.92421565397325,
                27.896696222613745
              ],
              [
                86.92421559109117,
                27.89678649686786
              ],
              [
                86.9241139817421,
                27.896786440956717
              ]
            ],
            [
              [
                86.92431569321992,
                27.898953134374747
              ],
              [
                86.92431575603013,
                27.898862860156562
              ],
              [
                86.92482381250431,
                27.898863138203108
              ],
              [
                86.9248236877373,
                27.899043686648458
              ],
              [
                86.92472207627718,
                27.899043631186473
              ],
              [
                86.92472201380833,
                27.899133905413642
              ],
              [
                86.92451879070842,
                27.89913379426509
              ],
              [
                86.92451885334793,
                27.899043520046906
              ],
              [
                86.92441724187883,
                27.899043464360343
              ],
              [
                86.9244173045992,
                27.898953190133174
              ],
              [
                86.92431569321992,
                27.898953134374747
              ]
            ],
            [
              [
                86.92431676085866,
                27.897418472423073
              ],
              [
                86.92431682365988,
                27.897328198177938
              ],
              [
                86.924418433521,
                27.89732825393637
              ],
              [
                86.92441849623239,
                27.897237979691237
              ],
              [
                86.92452010601266,
                27.89723803536882
              ],
              [
                86.92452004338213,
                27.89732830961395
              ],
              [
                86.92472326310438,
                27.897328420753517
              ],
              [
                86.92472320064452,
                27.897418694998652
              ],
              [
                86.92431676085866,
                27.897418472423073
              ]
            ],
            [
              [
                86.92441912336426,
                27.89633523717702
              ],
              [
                86.92441918608463,
                27.896244962922903
              ],
              [
                86.92452079493066,
                27.896245018600485
              ],
              [
                86.9245208575612,
                27.896154744337384
              ],
              [
                86.92462246632638,
                27.8961547999431
              ],
              [
                86.92462227869527,
                27.896425622714432
              ],
              [
                86.92452066967856,
                27.8964255671177
              ],
              [
                86.92452073230012,
                27.8963352928546
              ],
              [
                86.92441912336426,
                27.89633523717702
              ]
            ],
            [
              [
                86.92452117068696,
                27.89570337303087
              ],
              [
                86.9245212333175,
                27.895613098758787
              ],
              [
                86.92472444983277,
                27.89561320988937
              ],
              [
                86.92472451229263,
                27.89552293562627
              ],
              [
                86.9249277286462,
                27.895523046451427
              ],
              [
                86.92492760406783,
                27.89570359498661
              ],
              [
                86.92482599572486,
                27.89570353960547
              ],
              [
                86.92482593335484,
                27.895793813877557
              ],
              [
                86.92462271648922,
                27.895793702890703
              ],
              [
                86.92462277902993,
                27.895703428627602
              ],
              [
                86.92452117068696,
                27.89570337303087
              ]
            ],
            [
              [
                86.92472363787253,
                27.89678677526475
              ],
              [
                86.9247237003324,
                27.896696501010634
              ],
              [
                86.92482530960962,
                27.896696556463638
              ],
              [
                86.9248252472306,
                27.896786830717755
              ],
              [
                86.92472363787253,
                27.89678677526475
              ]
            ],
            [
              [
                86.92482543435865,
                27.8965160079554
              ],
              [
                86.92482549673767,
                27.896425733701285
              ],
              [
                86.92492710575438,
                27.896425789082425
              ],
              [
                86.9249270434652,
                27.89651606333654
              ],
              [
                86.92482543435865,
                27.8965160079554
              ]
            ],
            [
              [
                86.9249249877066,
                27.8994951131295
              ],
              [
                86.92492511231191,
                27.89931456469313
              ],
              [
                86.92502672402357,
                27.89931462001139
              ],
              [
                86.92502666181524,
                27.89940489422957
              ],
              [
                86.92512827361672,
                27.899404949466977
              ],
              [
                86.92512821148026,
                27.89949522368516
              ],
              [
                86.92522982337157,
                27.89949527884172
              ],
              [
                86.92522976132494,
                27.899585553059904
              ],
              [
                86.9250265373806,
                27.899585442656957
              ],
              [
                86.92502659959793,
                27.899495168447753
              ],
              [
                86.9249249877066,
                27.8994951131295
              ]
            ],
            [
              [
                86.92502846594674,
                27.896786941408163
              ],
              [
                86.92502852815507,
                27.896696667154046
              ],
              [
                86.92513013743229,
                27.89669672238247
              ],
              [
                86.9251300753048,
                27.896786996636585
              ],
              [
                86.92502846594674,
                27.896786941408163
              ]
            ],
            [
              [
                86.92502896359544,
                27.89606474734828
              ],
              [
                86.92502908801211,
                27.89588419882208
              ],
              [
                86.92523230503942,
                27.89588430919808
              ],
              [
                86.92523224300176,
                27.895974583470164
              ],
              [
                86.92533385160525,
                27.895974638545873
              ],
              [
                86.92533372770062,
                27.896155187072072
              ],
              [
                86.92513051016127,
                27.896155076839804
              ],
              [
                86.92513057227977,
                27.896064802576703
              ],
              [
                86.92502896359544,
                27.89606474734828
              ]
            ],
            [
              [
                86.92512839788067,
                27.899224401021627
              ],
              [
                86.92512858427212,
                27.898953578358093
              ],
              [
                86.92533180703067,
                27.89895368859934
              ],
              [
                86.92533162115127,
                27.89922451127186
              ],
              [
                86.92543323278208,
                27.89922456628469
              ],
              [
                86.92543317090612,
                27.899314840502875
              ],
              [
                86.92522994746484,
                27.89931473040535
              ],
              [
                86.92523000951148,
                27.899224456187167
              ],
              [
                86.92512839788067,
                27.899224401021627
              ]
            ],
            [
              [
                86.92522938903613,
                27.900127198333074
              ],
              [
                86.92522945108277,
                27.900036924123874
              ],
              [
                86.92533106347715,
                27.90003697921755
              ],
              [
                86.92533100151135,
                27.900127253426753
              ],
              [
                86.92522938903613,
                27.900127198333074
              ]
            ],
            [
              [
                86.92523187078481,
                27.896516229021813
              ],
              [
                86.92523205689778,
                27.89624540625048
              ],
              [
                86.92543527459883,
                27.896245516339018
              ],
              [
                86.92543521273184,
                27.896335790593135
              ],
              [
                86.92584164848427,
                27.89633600986291
              ],
              [
                86.92584152542406,
                27.896516558380128
              ],
              [
                86.92573991631753,
                27.896516503672725
              ],
              [
                86.92573985469309,
                27.896606777935826
              ],
              [
                86.92553663631831,
                27.896606668296446
              ],
              [
                86.92553669809546,
                27.89651639404233
              ],
              [
                86.92523187078481,
                27.896516229021813
              ]
            ],
            [
              [
                86.92563633263313,
                27.899405224522134
              ],
              [
                86.92563639434739,
                27.89931495030395
              ],
              [
                86.92573800606803,
                27.8993150050922
              ],
              [
                86.92573794444361,
                27.899405279310383
              ],
              [
                86.92563633263313,
                27.899405224522134
              ]
            ],
            [
              [
                86.925941782611,
                27.898502646399614
              ],
              [
                86.92594184406477,
                27.898412372163463
              ],
              [
                86.92604345494098,
                27.898412426727134
              ],
              [
                86.9260435776778,
                27.898231878254833
              ],
              [
                86.92614518839233,
                27.89823193274664
              ],
              [
                86.92614524967539,
                27.89814165851049
              ],
              [
                86.92634847092478,
                27.898141767251555
              ],
              [
                86.92634840981239,
                27.898232041487706
              ],
              [
                86.92624679909787,
                27.898231987148613
              ],
              [
                86.92624673789564,
                27.898322261384763
              ],
              [
                86.92614512710027,
                27.898322206973805
              ],
              [
                86.92614506581721,
                27.898412481209956
              ],
              [
                86.9262466767024,
                27.898412535620913
              ],
              [
                86.92624655429796,
                27.898593084084233
              ],
              [
                86.92604333220416,
                27.898592975190454
              ],
              [
                86.92604339356808,
                27.898502700963284
              ],
              [
                86.925941782611,
                27.898502646399614
              ]
            ],
            [
              [
                86.92594301163209,
                27.896697161523896
              ],
              [
                86.92594307307685,
                27.89660688726978
              ],
              [
                86.92604468227323,
                27.896606941824466
              ],
              [
                86.92604462090931,
                27.896697216078582
              ],
              [
                86.92594301163209,
                27.896697161523896
              ]
            ],
            [
              [
                86.92594331887388,
                27.896245790235348
              ],
              [
                86.92594338031864,
                27.896155515972247
              ],
              [
                86.9260449890928,
                27.896155570526936
              ],
              [
                86.9260449277289,
                27.896245844790034
              ],
              [
                86.92594331887388,
                27.896245790235348
              ]
            ],
            [
              [
                86.92604529589443,
                27.895704199202452
              ],
              [
                86.92604541862227,
                27.895523650658287
              ],
              [
                86.92624863497583,
                27.89552375954308
              ],
              [
                86.92624857379157,
                27.895614033815164
              ],
              [
                86.92614696552047,
                27.89561397940421
              ],
              [
                86.92614690424638,
                27.895704253676293
              ],
              [
                86.92604529589443,
                27.895704199202452
              ]
            ],
            [
              [
                86.92614396264112,
                27.900037417218115
              ],
              [
                86.92614402393318,
                27.899947143008916
              ],
              [
                86.92624563624669,
                27.899947197419873
              ],
              [
                86.92624569744892,
                27.899856923210674
              ],
              [
                86.92634730967261,
                27.899856977549764
              ],
              [
                86.92634724855124,
                27.899947251758963
              ],
              [
                86.9265504731783,
                27.89994736021257
              ],
              [
                86.92655029032622,
                27.900218182849155
              ],
              [
                86.92644867775218,
                27.900218128662775
              ],
              [
                86.9264487387927,
                27.900127854453576
              ],
              [
                86.9263471263085,
                27.90012780018635
              ],
              [
                86.92634718742987,
                27.900037525977147
              ],
              [
                86.92614396264112,
                27.900037417218115
              ]
            ],
            [
              [
                86.92624759468181,
                27.897058421988827
              ],
              [
                86.92624765587504,
                27.89696814773471
              ],
              [
                86.9263492654038,
                27.89696820206482
              ],
              [
                86.92634920429141,
                27.897058476318936
              ],
              [
                86.92624759468181,
                27.897058421988827
              ]
            ],
            [
              [
                86.92634773751323,
                27.899225058013492
              ],
              [
                86.92634779863461,
                27.899134783786327
              ],
              [
                86.92644941019354,
                27.899134838053552
              ],
              [
                86.92644947122508,
                27.899044563826386
              ],
              [
                86.92655108269419,
                27.899044618012763
              ],
              [
                86.9265510217435,
                27.89913489223993
              ],
              [
                86.92665263330244,
                27.899134946354444
              ],
              [
                86.92665251157173,
                27.899315494799794
              ],
              [
                86.92655089984211,
                27.89931544068528
              ],
              [
                86.92655096079281,
                27.899225166467097
              ],
              [
                86.92634773751323,
                27.899225058013492
              ]
            ],
            [
              [
                86.92634895984186,
                27.897419573317435
              ],
              [
                86.92634902095425,
                27.89732929906332
              ],
              [
                86.92645063082435,
                27.897329353321563
              ],
              [
                86.9264505697928,
                27.89741962757568
              ],
              [
                86.92634895984186,
                27.897419573317435
              ]
            ],
            [
              [
                86.92675357624532,
                27.900128016797115
              ],
              [
                86.92675369780534,
                27.899947468369728
              ],
              [
                86.92685531012785,
                27.899947522331527
              ],
              [
                86.92685518872054,
                27.900128070758914
              ],
              [
                86.92675357624532,
                27.900128016797115
              ]
            ],
            [
              [
                86.9270585347549,
                27.89994763003953
              ],
              [
                86.92705859528338,
                27.899857355821347
              ],
              [
                86.92716020751607,
                27.899857409558567
              ],
              [
                86.92716014706842,
                27.89994768377675
              ],
              [
                86.9270585347549,
                27.89994763003953
              ]
            ],
            [
              [
                86.92705956373912,
                27.89841296820464
              ],
              [
                86.92705962426761,
                27.89832269396849
              ],
              [
                86.92716123506298,
                27.89832274770571
              ],
              [
                86.92716129550163,
                27.89823247346956
              ],
              [
                86.92726290621616,
                27.89823252712593
              ],
              [
                86.92726296657396,
                27.89814225288978
              ],
              [
                86.92736457720764,
                27.898142306474288
              ],
              [
                86.92736445666272,
                27.89832285495557
              ],
              [
                86.92726284585835,
                27.898322801371066
              ],
              [
                86.92726278550055,
                27.898413075607216
              ],
              [
                86.92705956373912,
                27.89841296820464
              ]
            ],
            [
              [
                86.9270614399245,
                27.89561446634499
              ],
              [
                86.92706150043502,
                27.89552419207291
              ],
              [
                86.92716310862527,
                27.895524245801145
              ],
              [
                86.92716304818661,
                27.895614520073227
              ],
              [
                86.9270614399245,
                27.89561446634499
              ]
            ],
            [
              [
                86.92716256471333,
                27.89633671421396
              ],
              [
                86.92716268558165,
                27.89615616568776
              ],
              [
                86.92726429435582,
                27.89615621934413
              ],
              [
                86.92726435471363,
                27.89606594507205
              ],
              [
                86.92736596339796,
                27.896065998656557
              ],
              [
                86.9273660839339,
                27.895885450121373
              ],
              [
                86.92756930097917,
                27.895885557056825
              ],
              [
                86.92756924088188,
                27.895975831328908
              ],
              [
                86.92767084948537,
                27.895975884679853
              ],
              [
                86.92767072946145,
                27.896156433215033
              ],
              [
                86.9275691206873,
                27.896156379864088
              ],
              [
                86.92756900048373,
                27.89633692839029
              ],
              [
                86.92736578260302,
                27.896336821454838
              ],
              [
                86.927365842871,
                27.896246547191737
              ],
              [
                86.927264234007,
                27.896246493607233
              ],
              [
                86.92726417365817,
                27.89633676787033
              ],
              [
                86.92716256471333,
                27.89633671421396
              ]
            ],
            [
              [
                86.92736397446504,
                27.89904504880884
              ],
              [
                86.92736409501894,
                27.898864500354506
              ],
              [
                86.92756731762479,
                27.898864607307925
              ],
              [
                86.92756719741223,
                27.89904515576226
              ],
              [
                86.92736397446504,
                27.89904504880884
              ]
            ],
            [
              [
                86.9273646374756,
                27.898052032238137
              ],
              [
                86.92736469775257,
                27.897961757993002
              ],
              [
                86.92746630820658,
                27.897961811505645
              ],
              [
                86.92746624801946,
                27.898052085750777
              ],
              [
                86.9273646374756,
                27.898052032238137
              ]
            ],
            [
              [
                86.92736517991432,
                27.897239564022954
              ],
              [
                86.92736524018228,
                27.897149289768837
              ],
              [
                86.92746684989069,
                27.897149343281477
              ],
              [
                86.92746678970357,
                27.897239617535593
              ],
              [
                86.92736517991432,
                27.897239564022954
              ]
            ],
            [
              [
                86.92746654895508,
                27.89760071452511
              ],
              [
                86.9274666091422,
                27.897510440279977
              ],
              [
                86.92756821918299,
                27.89751049371177
              ],
              [
                86.9275681590857,
                27.897600767965887
              ],
              [
                86.92746654895508,
                27.89760071452511
              ]
            ],
            [
              [
                86.92787173256379,
                27.8994966867533
              ],
              [
                86.92787179241854,
                27.899406412535114
              ],
              [
                86.92797340422901,
                27.899406465670463
              ],
              [
                86.92797346399392,
                27.899316191443297
              ],
              [
                86.92807507572354,
                27.89931624450678
              ],
              [
                86.92807513540761,
                27.899225970279613
              ],
              [
                86.92787191212804,
                27.89922586408078
              ],
              [
                86.92787203182854,
                27.899045315626445
              ],
              [
                86.92807525478473,
                27.899045421825278
              ],
              [
                86.92807519509168,
                27.899135696052447
              ],
              [
                86.92838002977749,
                27.89913585479374
              ],
              [
                86.92837997034495,
                27.899226129020906
              ],
              [
                86.92827835869618,
                27.899226076182003
              ],
              [
                86.9282782991828,
                27.89931635040917
              ],
              [
                86.92817668745316,
                27.899316297498398
              ],
              [
                86.92817656824673,
                27.89949684594375
              ],
              [
                86.92807495635542,
                27.899496792961113
              ],
              [
                86.92807489666237,
                27.899587067179297
              ],
              [
                86.92797328468122,
                27.899587014115816
              ],
              [
                86.92797334445511,
                27.899496739897632
              ],
              [
                86.92787173256379,
                27.8994966867533
              ]
            ],
            [
              [
                86.92787221139278,
                27.89877449293596
              ],
              [
                86.92787227124754,
                27.89868421869981
              ],
              [
                86.92797388238426,
                27.898684271844143
              ],
              [
                86.92797382261037,
                27.898774546071312
              ],
              [
                86.92787221139278,
                27.89877449293596
              ]
            ],
            [
              [
                86.92807615002778,
                27.897691308256075
              ],
              [
                86.92807620970287,
                27.897601034010943
              ],
              [
                86.92817781983348,
                27.89760108699358
              ],
              [
                86.92817776023925,
                27.897691361247695
              ],
              [
                86.92807615002778,
                27.897691308256075
              ]
            ],
            [
              [
                86.9280771645581,
                27.89615664589118
              ],
              [
                86.92807728391726,
                27.895976097355994
              ],
              [
                86.92817889252075,
                27.89597615033863
              ],
              [
                86.92817877334126,
                27.896156698873813
              ],
              [
                86.9280771645581,
                27.89615664589118
              ]
            ],
            [
              [
                86.92827919191055,
                27.897962236893864
              ],
              [
                86.92827931093733,
                27.897781688403597
              ],
              [
                86.92838092122965,
                27.89778174123352
              ],
              [
                86.92838080237354,
                27.897962289723786
              ],
              [
                86.92827919191055,
                27.897962236893864
              ]
            ],
            [
              [
                86.92848122589255,
                27.899767827132983
              ],
              [
                86.92848140393865,
                27.89949700446945
              ],
              [
                86.92858301583895,
                27.89949705715564
              ],
              [
                86.9285830751008,
                27.899406782928473
              ],
              [
                86.92868468691128,
                27.8994068355428
              ],
              [
                86.92868439100621,
                27.899858206660667
              ],
              [
                86.92858277877355,
                27.899858154046342
              ],
              [
                86.92858283804439,
                27.899767879819176
              ],
              [
                86.92848122589255,
                27.899767827132983
              ]
            ],
            [
              [
                86.92848193806793,
                27.89868453640698
              ],
              [
                86.92848199741962,
                27.89859426217083
              ],
              [
                86.92858360846652,
                27.898594314857018
              ],
              [
                86.92858366772839,
                27.898504040620868
              ],
              [
                86.92868527870341,
                27.898504093235196
              ],
              [
                86.92868516035038,
                27.898684641707497
              ],
              [
                86.92848193806793,
                27.89868453640698
              ]
            ],
            [
              [
                86.92858331215723,
                27.899045686019804
              ],
              [
                86.92858337141908,
                27.898955411792638
              ],
              [
                86.92868498281634,
                27.898955464406964
              ],
              [
                86.92868504198836,
                27.898865190170813
              ],
              [
                86.92878665329577,
                27.898865242713274
              ],
              [
                86.9287865942046,
                27.89895551694044
              ],
              [
                86.92888820559286,
                27.898955569402055
              ],
              [
                86.92888808757219,
                27.89913611786537
              ],
              [
                86.92868486445431,
                27.899136012861298
              ],
              [
                86.92868492363532,
                27.89904573863413
              ],
              [
                86.92858331215723,
                27.899045686019804
              ]
            ],
            [
              [
                86.92888844163417,
                27.898594472466435
              ],
              [
                86.9288885006445,
                27.898504198230285
              ],
              [
                86.9290917225856,
                27.89850430292893
              ],
              [
                86.92909166374595,
                27.898594577174066
              ],
              [
                86.92888844163417,
                27.898594472466435
              ]
            ],
            [
              [
                86.92950015541867,
                27.895435186626248
              ],
              [
                86.92950021390797,
                27.895344912345184
              ],
              [
                86.92960182193653,
                27.895344964276788
              ],
              [
                86.92960176352807,
                27.895435238557855
              ],
              [
                86.92950015541867,
                27.895435186626248
              ]
            ],
            [
              [
                86.92959966060792,
                27.898685111849783
              ],
              [
                86.92959971902536,
                27.898594837613633
              ],
              [
                86.92970133008124,
                27.898594889473372
              ],
              [
                86.92970138841784,
                27.898504615237222
              ],
              [
                86.92980299939288,
                27.8985046670251
              ],
              [
                86.92980305763965,
                27.89841439278895
              ],
              [
                86.93010789031322,
                27.89841454770342
              ],
              [
                86.93010777431377,
                27.898595096184703
              ],
              [
                86.929904552202,
                27.898594992977262
              ],
              [
                86.92990449403608,
                27.898685267213413
              ],
              [
                86.92959966060792,
                27.898685111849783
              ]
            ],
            [
              [
                86.92970203008446,
                27.89751159853177
              ],
              [
                86.92970208841206,
                27.897421324277655
              ],
              [
                86.929803698372,
                27.897421376065534
              ],
              [
                86.92980364012524,
                27.89751165031965
              ],
              [
                86.92970203008446,
                27.89751159853177
              ]
            ],
            [
              [
                86.92990356333654,
                27.900129654857068
              ],
              [
                86.92990362151143,
                27.900039380638884
              ],
              [
                86.93010684632713,
                27.90003948385531
              ],
              [
                86.9301067303187,
                27.900220032291678
              ],
              [
                86.93000511774466,
                27.9002199807194
              ],
              [
                86.93000517582972,
                27.900129706501215
              ],
              [
                86.92990356333654,
                27.900129654857068
              ]
            ],
            [
              [
                86.92990397052489,
                27.89949773530283
              ],
              [
                86.9299040286908,
                27.899407461075665
              ],
              [
                86.93020886414917,
                27.89940761577454
              ],
              [
                86.93020892206354,
                27.899317341547373
              ],
              [
                86.93010731032494,
                27.89931729005594
              ],
              [
                86.93010736832916,
                27.89922701581979
              ],
              [
                86.93000575668039,
                27.899226964256492
              ],
              [
                86.93000581476545,
                27.899136690029327
              ],
              [
                86.93020903789233,
                27.899136793084054
              ],
              [
                86.9302090958067,
                27.899046518847904
              ],
              [
                86.9303107072848,
                27.899046570267473
              ],
              [
                86.93031076511834,
                27.898956296031322
              ],
              [
                86.9302091537211,
                27.898956244620738
              ],
              [
                86.9302096749326,
                27.898143776459452
              ],
              [
                86.93041289620894,
                27.898143879208753
              ],
              [
                86.93041278072153,
                27.89832442769902
              ],
              [
                86.93061600233922,
                27.89832453015188
              ],
              [
                86.93061588718419,
                27.898505078633164
              ],
              [
                86.93051427620915,
                27.898505027447158
              ],
              [
                86.93051421855527,
                27.898595301683308
              ],
              [
                86.93041260749041,
                27.898595250425437
              ],
              [
                86.9304125497467,
                27.898685524661587
              ],
              [
                86.93051416089241,
                27.898685575928443
              ],
              [
                86.93051410322956,
                27.898775850164593
              ],
              [
                86.93061571445612,
                27.898775901350596
              ],
              [
                86.93061554172806,
                27.899046724059048
              ],
              [
                86.93051393024997,
                27.89904667287304
              ],
              [
                86.93051381492425,
                27.89922722133636
              ],
              [
                86.93041220327548,
                27.89922717006951
              ],
              [
                86.93041214553178,
                27.899317444296674
              ],
              [
                86.93031053379316,
                27.899317392957954
              ],
              [
                86.93031041813508,
                27.899497941421274
              ],
              [
                86.93041203003537,
                27.89949799275999
              ],
              [
                86.93041185679527,
                27.89976881543251
              ],
              [
                86.9305134689471,
                27.89976886669936
              ],
              [
                86.93051341128424,
                27.89985914092653
              ],
              [
                86.9306150235259,
                27.899859192121518
              ],
              [
                86.93061496594389,
                27.899949466339702
              ],
              [
                86.93051335362138,
                27.899949415153696
              ],
              [
                86.93051329595853,
                27.90003968937188
              ],
              [
                86.93041168354618,
                27.900039638105028
              ],
              [
                86.93041174129888,
                27.89994936387786
              ],
              [
                86.93020851664488,
                27.899949261119573
              ],
              [
                86.93020863248263,
                27.899768712674224
              ],
              [
                86.93000540816999,
                27.899768609619496
              ],
              [
                86.9300055824252,
                27.899497786946977
              ],
              [
                86.92990397052489,
                27.89949773530283
              ]
            ],
            [
              [
                86.92990513384318,
                27.89769225053491
              ],
              [
                86.9299051920091,
                27.897601976280793
              ],
              [
                86.93000680213972,
                27.897602027915955
              ],
              [
                86.93000674406363,
                27.89769230217007
              ],
              [
                86.92990513384318,
                27.89769225053491
              ]
            ],
            [
              [
                86.93051508342629,
                27.89724118796139
              ],
              [
                86.93051514108015,
                27.89715091369829
              ],
              [
                86.93061675078856,
                27.897150964884297
              ],
              [
                86.93061669321554,
                27.897241239147395
              ],
              [
                86.93051508342629,
                27.89724118796139
              ]
            ],
            [
              [
                86.93051554466626,
                27.896518993865577
              ],
              [
                86.93051560231116,
                27.896428719593494
              ],
              [
                86.93082042942416,
                27.89642887292693
              ],
              [
                86.93082037202181,
                27.89651914719003
              ],
              [
                86.9307187629063,
                27.896519096156737
              ],
              [
                86.93071870541411,
                27.89660937041984
              ],
              [
                86.93061709620876,
                27.89660931931468
              ],
              [
                86.93061715378178,
                27.8965190450426
              ],
              [
                86.93051554466626,
                27.896518993865577
              ]
            ],
            [
              [
                86.9307165782664,
                27.899949517462826
              ],
              [
                86.93071663576757,
                27.899859243235657
              ],
              [
                86.93081824800923,
                27.89985929427793
              ],
              [
                86.93081819059789,
                27.8999495685051
              ],
              [
                86.9307165782664,
                27.899949517462826
              ]
            ],
            [
              [
                86.9309198602419,
                27.89985934524834
              ],
              [
                86.93091997489388,
                27.899678796794007
              ],
              [
                86.93102158697384,
                27.899678847692552
              ],
              [
                86.93102175869579,
                27.899408025002067
              ],
              [
                86.93132659415416,
                27.899408177230576
              ],
              [
                86.93132653716503,
                27.89949845145774
              ],
              [
                86.9314281490743,
                27.899498502050857
              ],
              [
                86.93142809216604,
                27.899588776278026
              ],
              [
                86.93122486818578,
                27.899588675019928
              ],
              [
                86.93122481111581,
                27.899678949247093
              ],
              [
                86.93112319904482,
                27.899678898501264
              ],
              [
                86.93112314188502,
                27.89976917272843
              ],
              [
                86.9310215297332,
                27.899769121910737
              ],
              [
                86.93102147248356,
                27.899859396137902
              ],
              [
                86.9309198602419,
                27.89985934524834
              ]
            ],
            [
              [
                86.9310226172786,
                27.89805391142388
              ],
              [
                86.93102267451026,
                27.897963637169763
              ],
              [
                86.93112428498225,
                27.89796368798746
              ],
              [
                86.93112439929286,
                27.897783139488208
              ],
              [
                86.93132761989546,
                27.89778324089004
              ],
              [
                86.9313275059262,
                27.897963789389287
              ],
              [
                86.93122589545422,
                27.897963738724307
              ],
              [
                86.93122583838425,
                27.89805401296944
              ],
              [
                86.9310226172786,
                27.89805391142388
              ]
            ],
            [
              [
                86.93122458281796,
                27.900040046146778
              ],
              [
                86.93122469696688,
                27.899859497701428
              ],
              [
                86.93142792145021,
                27.899859598959527
              ],
              [
                86.93142786455091,
                27.899949873186696
              ],
              [
                86.93152947687342,
                27.899949923698962
              ],
              [
                86.93152942005499,
                27.90004019792613
              ],
              [
                86.93122458281796,
                27.900040046146778
              ]
            ],
            [
              [
                86.9314296284828,
                27.89715137167739
              ],
              [
                86.9314297991717,
                27.896880548897073
              ],
              [
                86.93173462755132,
                27.8968807002093
              ],
              [
                86.93173457091255,
                27.8969709744724
              ],
              [
                86.93183618045028,
                27.896971024760088
              ],
              [
                86.93183612389235,
                27.89706129902319
              ],
              [
                86.93173451426479,
                27.8970612487355
              ],
              [
                86.931734457626,
                27.897151522989617
              ],
              [
                86.9314296284828,
                27.89715137167739
              ]
            ],
            [
              [
                86.93193705580391,
                27.898144640297396
              ],
              [
                86.93193711228099,
                27.89805436604328
              ],
              [
                86.9320387228428,
                27.89805441618724
              ],
              [
                86.93203866644657,
                27.89814469043237
              ],
              [
                86.93193705580391,
                27.898144640297396
              ]
            ],
            [
              [
                86.93203877923006,
                27.897964141933123
              ],
              [
                86.93203883562629,
                27.897873867687988
              ],
              [
                86.93214044601741,
                27.8978739177511
              ],
              [
                86.93214038970203,
                27.897964192005215
              ],
              [
                86.93203877923006,
                27.897964141933123
              ]
            ],
            [
              [
                86.93213954504311,
                27.8993183056373
              ],
              [
                86.9321396576649,
                27.899137757165
              ],
              [
                86.93224126923283,
                27.899137807156247
              ],
              [
                86.93224115678173,
                27.899318355628548
              ],
              [
                86.93213954504311,
                27.8993183056373
              ]
            ],
            [
              [
                86.93234338608514,
                27.89832538890536
              ],
              [
                86.93234344222984,
                27.898235114651243
              ],
              [
                86.93244505296234,
                27.898235164498757
              ],
              [
                86.93244510901721,
                27.89814489024464
              ],
              [
                86.93264833030253,
                27.898144989697126
              ],
              [
                86.93264821852516,
                27.898325538196374
              ],
              [
                86.93234338608514,
                27.89832538890536
              ]
            ],
            [
              [
                86.93234411590342,
                27.89715182359286
              ],
              [
                86.93234417204813,
                27.89706154932976
              ],
              [
                86.9324457816757,
                27.897061599168293
              ],
              [
                86.93244572562082,
                27.89715187343139
              ],
              [
                86.93234411590342,
                27.89715182359286
              ]
            ],
            [
              [
                86.93244353932803,
                27.900672568758033
              ],
              [
                86.93244359539189,
                27.90058229453985
              ],
              [
                86.93264682123166,
                27.9005823940103
              ],
              [
                86.93264687712484,
                27.900492119792116
              ],
              [
                86.93285010279394,
                27.90049221895714
              ],
              [
                86.93285015851643,
                27.900401944738956
              ],
              [
                86.93295177127014,
                27.90040199420918
              ],
              [
                86.93295165998684,
                27.900582542645548
              ],
              [
                86.93274843414706,
                27.900582443633237
              ],
              [
                86.93274837833474,
                27.90067271785142
              ],
              [
                86.93244353932803,
                27.900672568758033
              ]
            ],
            [
              [
                86.93254599199754,
                27.899318505153126
              ],
              [
                86.93254604797156,
                27.899228230916975
              ],
              [
                86.93285088293584,
                27.899228379767816
              ],
              [
                86.93285077149085,
                27.899408928240117
              ],
              [
                86.93274915966242,
                27.89940887869803
              ],
              [
                86.93274921547474,
                27.89931860446188
              ],
              [
                86.93254599199754,
                27.899318505153126
              ]
            ],
            [
              [
                86.93254722339914,
                27.897332471715274
              ],
              [
                86.93254727937317,
                27.897242197461157
              ],
              [
                86.93264888917142,
                27.897242247146977
              ],
              [
                86.93264883328722,
                27.897332521410075
              ],
              [
                86.93254722339914,
                27.897332471715274
              ]
            ],
            [
              [
                86.93274966191947,
                27.898596410554713
              ],
              [
                86.93274971772281,
                27.898506136309578
              ],
              [
                86.93285132870683,
                27.898506185851666
              ],
              [
                86.93285144015184,
                27.898325637352418
              ],
              [
                86.93295305096517,
                27.898325686822638
              ],
              [
                86.93295310659784,
                27.89823541256852
              ],
              [
                86.93305471732134,
                27.89823546196688
              ],
              [
                86.93305477287316,
                27.898145187712764
              ],
              [
                86.93335960481012,
                27.898145335431728
              ],
              [
                86.93335966011041,
                27.898055061186597
              ],
              [
                86.93366449179584,
                27.898055208231824
              ],
              [
                86.93366443674708,
                27.89814548248594
              ],
              [
                86.93356282610442,
                27.898145433545725
              ],
              [
                86.93356277097482,
                27.898235707790857
              ],
              [
                86.93335954950983,
                27.898235609685845
              ],
              [
                86.93335949421852,
                27.89832588393098
              ],
              [
                86.93315627259184,
                27.898325785529522
              ],
              [
                86.93315616164992,
                27.89850633401979
              ],
              [
                86.93305455067488,
                27.89850628470228
              ],
              [
                86.93305449512306,
                27.898596558947414
              ],
              [
                86.93295288404921,
                27.89859650955804
              ],
              [
                86.93295282841655,
                27.89868678380317
              ],
              [
                86.93285121727082,
                27.89868673433295
              ],
              [
                86.93285127298434,
                27.898596460087816
              ],
              [
                86.93274966191947,
                27.898596410554713
              ]
            ],
            [
              [
                86.93275010835522,
                27.89787421655771
              ],
              [
                86.93275021996192,
                27.897693668049477
              ],
              [
                86.93285183018236,
                27.897693717591565
              ],
              [
                86.93285171874635,
                27.897874266099798
              ],
              [
                86.93275010835522,
                27.89787421655771
              ]
            ],
            [
              [
                86.93315588431304,
                27.898957705236473
              ],
              [
                86.933155939784,
                27.89886743099134
              ],
              [
                86.93346077374217,
                27.89886757849471
              ],
              [
                86.9334606633033,
                27.899048126975995
              ],
              [
                86.93325744032914,
                27.899048028718266
              ],
              [
                86.93325749571926,
                27.898957754482115
              ],
              [
                86.93315588431304,
                27.898957705236473
              ]
            ],
            [
              [
                86.93315710456655,
                27.89697167167286
              ],
              [
                86.93315716002853,
                27.896881397409757
              ],
              [
                86.93366520734888,
                27.89688164284746
              ],
              [
                86.9336651523091,
                27.89697191711056
              ],
              [
                86.93356354276239,
                27.896971868179325
              ],
              [
                86.93356348763278,
                27.897062142442426
              ],
              [
                86.93325865873213,
                27.897061995172617
              ],
              [
                86.93325871411326,
                27.89697172090952
              ],
              [
                86.93315710456655,
                27.89697167167286
              ]
            ],
            [
              [
                86.93325688647285,
                27.899950771043837
              ],
              [
                86.93325694185398,
                27.89986049681667
              ],
              [
                86.93366339084758,
                27.899860693044662
              ],
              [
                86.93366328075005,
                27.900041241507978
              ],
              [
                86.93356166832874,
                27.900041192558778
              ],
              [
                86.93356172346734,
                27.899950918331612
              ],
              [
                86.93325688647285,
                27.899950771043837
              ]
            ],
            [
              [
                86.93325721878662,
                27.899409125662867
              ],
              [
                86.93325727417674,
                27.899318851426717
              ],
              [
                86.93356210940154,
                27.89931899870551
              ],
              [
                86.93356205426295,
                27.89940927294166
              ],
              [
                86.93346044244349,
                27.899409223929577
              ],
              [
                86.93346038722406,
                27.899499498156743
              ],
              [
                86.93335877531477,
                27.899499449063814
              ],
              [
                86.93335883061506,
                27.89940917483665
              ],
              [
                86.93325721878662,
                27.899409125662867
              ]
            ],
            [
              [
                86.93325827107314,
                27.897693915005334
              ],
              [
                86.9332583264543,
                27.897603640742233
              ],
              [
                86.9334615467335,
                27.89760373899996
              ],
              [
                86.93346149152303,
                27.897694013254075
              ],
              [
                86.93325827107314,
                27.897693915005334
              ]
            ],
            [
              [
                86.93346226446944,
                27.89643017354373
              ],
              [
                86.93346231967989,
                27.89633989927165
              ],
              [
                86.93356392863372,
                27.896339948283728
              ],
              [
                86.9335638735131,
                27.89643022255581
              ],
              [
                86.93346226446944,
                27.89643017354373
              ]
            ],
            [
              [
                86.93356238505856,
                27.898867627515774
              ],
              [
                86.93356249531779,
                27.898687079025507
              ],
              [
                86.93376571762718,
                27.898687176843058
              ],
              [
                86.93376555274142,
                27.898957999569475
              ],
              [
                86.93366394133518,
                27.898957950701124
              ],
              [
                86.93366399638394,
                27.898867676455993
              ],
              [
                86.93356238505856,
                27.898867627515774
              ]
            ],
            [
              [
                86.93366487710124,
                27.897423288435043
              ],
              [
                86.93366493214101,
                27.89733301417194
              ],
              [
                86.93376654202909,
                27.897333063040293
              ],
              [
                86.93376648707016,
                27.897423337303394
              ],
              [
                86.93366487710124,
                27.897423288435043
              ]
            ],
            [
              [
                86.93386743852906,
                27.898506677140293
              ],
              [
                86.93386749340715,
                27.898416402895162
              ],
              [
                86.93396910431031,
                27.8984164516108
              ],
              [
                86.93396915909857,
                27.898326177356683
              ],
              [
                86.93407076992088,
                27.898326226000457
              ],
              [
                86.9340706604971,
                27.898506774499705
              ],
              [
                86.93386743852906,
                27.898506677140293
              ]
            ],
            [
              [
                86.93417112431453,
                27.90040258200382
              ],
              [
                86.93417117895007,
                27.900312307785637
              ],
              [
                86.93427279161394,
                27.900312356276693
              ],
              [
                86.93427273706824,
                27.900402630503862
              ],
              [
                86.93417112431453,
                27.90040258200382
              ]
            ],
            [
              [
                86.93427251888542,
                27.90076372738558
              ],
              [
                86.93427257343112,
                27.900673453167396
              ],
              [
                86.93437418644534,
                27.90067350158659
              ],
              [
                86.93437413198048,
                27.900763775804773
              ],
              [
                86.93427251888542,
                27.90076372738558
              ]
            ],
            [
              [
                86.93498359472161,
                27.90112516163859
              ],
              [
                86.93498370263622,
                27.90094461320222
              ],
              [
                86.93508531589298,
                27.90094466110039
              ],
              [
                86.93508536976495,
                27.900854386882205
              ],
              [
                86.93528859612574,
                27.90085448245397
              ],
              [
                86.93528848872317,
                27.901035030890338
              ],
              [
                86.9351868753676,
                27.90103498314488
              ],
              [
                86.93518682158546,
                27.90112525735408
              ],
              [
                86.93498359472161,
                27.90112516163859
              ]
            ],
            [
              [
                86.93539020930166,
                27.90085453012756
              ],
              [
                86.9353902629221,
                27.90076425590938
              ],
              [
                86.93549187601715,
                27.900764303511103
              ],
              [
                86.93549192955675,
                27.900674029283937
              ],
              [
                86.93559354257096,
                27.900674076804815
              ],
              [
                86.93559343566245,
                27.90085462525017
              ],
              [
                86.93569504884735,
                27.90085467269918
              ],
              [
                86.9356949421185,
                27.901035221135547
              ],
              [
                86.93549171541635,
                27.901035126165656
              ],
              [
                86.93549182248654,
                27.900854577729287
              ],
              [
                86.93539020930166,
                27.90085453012756
              ]
            ],
            [
              [
                86.9357969817157,
                27.900313074731294
              ],
              [
                86.93579703499478,
                27.900222800504125
              ],
              [
                86.93600026017879,
                27.90022289502486
              ],
              [
                86.936000153953,
                27.900403443479192
              ],
              [
                86.93589854119031,
                27.90040339625476
              ],
              [
                86.93589859438855,
                27.90031312202759
              ],
              [
                86.9357969817157,
                27.900313074731294
              ]
            ],
            [
              [
                86.93579719483202,
                27.89995197781364
              ],
              [
                86.9357972481111,
                27.899861703586474
              ],
              [
                86.93600047262137,
                27.899861798098225
              ],
              [
                86.93600041950398,
                27.899952072334376
              ],
              [
                86.93579719483202,
                27.89995197781364
              ]
            ],
            [
              [
                86.93630493937519,
                27.900493858921525
              ],
              [
                86.93630499223207,
                27.900403584694356
              ],
              [
                86.93640660499476,
                27.900403631622346
              ],
              [
                86.93640665777077,
                27.90031335739518
              ],
              [
                86.93660988311647,
                27.9003134510176
              ],
              [
                86.93660983051113,
                27.900403725244765
              ],
              [
                86.93650821775744,
                27.900403678469488
              ],
              [
                86.93650816506226,
                27.900493952696657
              ],
              [
                86.93630493937519,
                27.900493858921525
              ]
            ],
            [
              [
                86.93173389116636,
                27.898054265539766
              ],
              [
                86.93173400446187,
                27.897873717040515
              ],
              [
                86.93183561485301,
                27.897873767328203
              ],
              [
                86.93183550172816,
                27.898054315836436
              ],
              [
                86.93173389116636,
                27.898054265539766
              ]
            ],
            [
              [
                86.91364635672247,
                27.899127411106175
              ],
              [
                86.91364628506385,
                27.899217685306393
              ],
              [
                86.91374789665872,
                27.899217748934067
              ],
              [
                86.91374782508994,
                27.8993080231253
              ],
              [
                86.91364621340524,
                27.89930795949763
              ],
              [
                86.91364614174663,
                27.899398233688864
              ],
              [
                86.9135445299721,
                27.899398169989325
              ],
              [
                86.91354474520844,
                27.89912734740664
              ],
              [
                86.91364635672247,
                27.899127411106175
              ]
            ],
            [
              [
                86.91892988687346,
                27.899491717156366
              ],
              [
                86.91892975232379,
                27.899672265556802
              ],
              [
                86.91872652824472,
                27.899672145865274
              ],
              [
                86.91872666313574,
                27.899491597464838
              ],
              [
                86.91892988687346,
                27.899491717156366
              ]
            ],
            [
              [
                86.91893049233796,
                27.89867924927356
              ],
              [
                86.91893082869416,
                27.898227878182638
              ],
              [
                86.9190324393907,
                27.89822793791162
              ],
              [
                86.91903237219672,
                27.898318212129805
              ],
              [
                86.91913398297413,
                27.898318271786923
              ],
              [
                86.91913384876582,
                27.898498820223292
              ],
              [
                86.91923545971392,
                27.89849887979956
              ],
              [
                86.91923539269061,
                27.898589154017746
              ],
              [
                86.91913378166167,
                27.898589094441476
              ],
              [
                86.91913371455753,
                27.898679368650676
              ],
              [
                86.91923532566732,
                27.89867942823593
              ],
              [
                86.91923519162968,
                27.898859976663314
              ],
              [
                86.91933680291015,
                27.89886003616772
              ],
              [
                86.91933673597667,
                27.898950310376918
              ],
              [
                86.91913351324507,
                27.898950191296244
              ],
              [
                86.91913337903677,
                27.899130739714646
              ],
              [
                86.91893015597279,
                27.899130620328545
              ],
              [
                86.9189303577883,
                27.89885979769196
              ],
              [
                86.91903196906875,
                27.898859857429926
              ],
              [
                86.91903210344775,
                27.898679309002542
              ],
              [
                86.91893049233796,
                27.89867924927356
              ]
            ],
            [
              [
                86.93021071730172,
                27.896518839858405
              ],
              [
                86.93021077520713,
                27.896428565595304
              ],
              [
                86.9303123842418,
                27.896428616996904
              ],
              [
                86.93031232642623,
                27.896518891268986
              ],
              [
                86.93021071730172,
                27.896518839858405
              ]
            ],
            [
              [
                86.93539058463574,
                27.90022261056434
              ],
              [
                86.93528897204375,
                27.90022256289075
              ],
              [
                86.93528891834245,
                27.900312837117916
              ],
              [
                86.9351873056696,
                27.90031278937246
              ],
              [
                86.93518735945175,
                27.90022251514529
              ],
              [
                86.93508574686872,
                27.900222467327968
              ],
              [
                86.93508590847564,
                27.899951644637486
              ],
              [
                86.93539074548808,
                27.899951787873857
              ],
              [
                86.93539058463574,
                27.90022261056434
              ]
            ],
            [
              [
                86.92736385391112,
                27.899225597263175
              ],
              [
                86.92756707719968,
                27.899225704216594
              ],
              [
                86.92756695698714,
                27.899406252661944
              ],
              [
                86.92746534517666,
                27.89940619923015
              ],
              [
                86.92746540536379,
                27.899315925002984
              ],
              [
                86.92736379364315,
                27.89931587149034
              ],
              [
                86.92736385391112,
                27.899225597263175
              ]
            ],
            [
              [
                86.93396850157669,
                27.899409468271333
              ],
              [
                86.93407011340513,
                27.899409516915107
              ],
              [
                86.93407005868875,
                27.899499791151257
              ],
              [
                86.93396844677946,
                27.899499742507484
              ],
              [
                86.93396850157669,
                27.899409468271333
              ]
            ],
            [
              [
                86.91892988687346,
                27.899491717156366
              ],
              [
                86.91893002142312,
                27.899311168737963
              ],
              [
                86.9190316331258,
                27.89931122847593
              ],
              [
                86.9190315659318,
                27.89940150267615
              ],
              [
                86.91913317771532,
                27.899401562333267
              ],
              [
                86.91913311061118,
                27.899491836542467
              ],
              [
                86.91892988687346,
                27.899491717156366
              ]
            ],
            [
              [
                86.93071692323744,
                27.89940787209982
              ],
              [
                86.93071686574525,
                27.899498146335972
              ],
              [
                86.93061525383598,
                27.89949809521285
              ],
              [
                86.93061531141798,
                27.899407820985683
              ],
              [
                86.93071692323744,
                27.89940787209982
              ]
            ],
            [
              [
                86.92990495935442,
                27.897963073279293
              ],
              [
                86.9300065698264,
                27.897963124914455
              ],
              [
                86.93000651174134,
                27.89805339915959
              ],
              [
                86.92990490118851,
                27.898053347524428
              ],
              [
                86.92990495935442,
                27.897963073279293
              ]
            ],
            [
              [
                86.91364635672247,
                27.899127411106175
              ],
              [
                86.91364642838107,
                27.89903713691494
              ],
              [
                86.91374803981425,
                27.89903720053363
              ],
              [
                86.91374796823649,
                27.89912747473385
              ],
              [
                86.91364635672247,
                27.899127411106175
              ]
            ],
            [
              [
                86.92705907952023,
                27.899135162048925
              ],
              [
                86.92716069107918,
                27.899135215786146
              ],
              [
                86.92716044929762,
                27.89949631268583
              ],
              [
                86.9270588374063,
                27.89949625894861
              ],
              [
                86.92705907952023,
                27.899135162048925
              ]
            ],
            [
              [
                86.93183504921981,
                27.898776509788522
              ],
              [
                86.93193666044637,
                27.898776560004347
              ],
              [
                86.93193654749221,
                27.89895710848563
              ],
              [
                86.93183493608598,
                27.898957058269804
              ],
              [
                86.93183504921981,
                27.898776509788522
              ]
            ],
            [
              [
                86.93021071730172,
                27.896518839858405
              ],
              [
                86.93021065939632,
                27.896609114121503
              ],
              [
                86.93010905019096,
                27.896609062639055
              ],
              [
                86.9301091081862,
                27.896518788375953
              ],
              [
                86.93021071730172,
                27.896518839858405
              ]
            ],
            [
              [
                86.9333609318823,
                27.89597875307242
              ],
              [
                86.9331577146394,
                27.895978654670962
              ],
              [
                86.93315777010139,
                27.89588838039888
              ],
              [
                86.93325937864199,
                27.89588842963554
              ],
              [
                86.93325943401415,
                27.895798155354473
              ],
              [
                86.93336104246492,
                27.89579820451029
              ],
              [
                86.9333609318823,
                27.89597875307242
              ]
            ],
            [
              [
                86.92990495935442,
                27.897963073279293
              ],
              [
                86.92980334889143,
                27.89796302156328
              ],
              [
                86.92980340713818,
                27.89787274731815
              ],
              [
                86.92990501752034,
                27.89787279903416
              ],
              [
                86.92990495935442,
                27.897963073279293
              ]
            ],
            [
              [
                86.91893049233796,
                27.89867924927356
              ],
              [
                86.91893042506312,
                27.89876952348276
              ],
              [
                86.91872720267288,
                27.898769403800213
              ],
              [
                86.9187272701184,
                27.898679129582032
              ],
              [
                86.91893049233796,
                27.89867924927356
              ]
            ],
            [
              [
                86.93071692323744,
                27.89940787209982
              ],
              [
                86.93071698072961,
                27.899317597872656
              ],
              [
                86.93081859246821,
                27.89931764891493
              ],
              [
                86.93081853505689,
                27.899407923142096
              ],
              [
                86.93071692323744,
                27.89940787209982
              ]
            ],
            [
              [
                86.92695771041659,
                27.89877401133117
              ],
              [
                86.92675448798143,
                27.898773903479437
              ],
              [
                86.92675454876144,
                27.89868362925227
              ],
              [
                86.92665293762471,
                27.898683575209624
              ],
              [
                86.92665312021627,
                27.898412752510158
              ],
              [
                86.9269579528629,
                27.898412914395553
              ],
              [
                86.92695771041659,
                27.89877401133117
              ]
            ],
            [
              [
                86.92024984848084,
                27.90084660078838
              ],
              [
                86.92024978229297,
                27.900936874970633
              ],
              [
                86.92014816907215,
                27.900936816139964
              ],
              [
                86.92014823534086,
                27.90084654194873
              ],
              [
                86.92024984848084,
                27.90084660078838
              ]
            ],
            [
              [
                86.93234321766,
                27.898596211631776
              ],
              [
                86.93234316152429,
                27.898686485876908
              ],
              [
                86.93224155036958,
                27.89868643596651
              ],
              [
                86.93224160659514,
                27.89859616172138
              ],
              [
                86.93234321766,
                27.898596211631776
              ]
            ],
            [
              [
                86.93183437042583,
                27.89985980057741
              ],
              [
                86.9316311459425,
                27.899859699921183
              ],
              [
                86.93163120267111,
                27.899769425694014
              ],
              [
                86.93152959051929,
                27.899769375253612
              ],
              [
                86.93152970415618,
                27.899588826799278
              ],
              [
                86.93163131614631,
                27.89958887723968
              ],
              [
                86.9316313728839,
                27.899498603012514
              ],
              [
                86.9317329847842,
                27.899498653381052
              ],
              [
                86.93173304144095,
                27.8994083791449
              ],
              [
                86.93193626507984,
                27.8994084796574
              ],
              [
                86.93193609563063,
                27.89967930234788
              ],
              [
                86.93183448355965,
                27.899679252132056
              ],
              [
                86.93183437042583,
                27.89985980057741
              ]
            ],
            [
              [
                86.92827871579446,
                27.898684430801033
              ],
              [
                86.9283803269312,
                27.898684483639936
              ],
              [
                86.92838026749865,
                27.898774757876087
              ],
              [
                86.92827865628108,
                27.898774705037184
              ],
              [
                86.92827871579446,
                27.898684430801033
              ]
            ],
            [
              [
                86.92736385391112,
                27.899225597263175
              ],
              [
                86.92726224227134,
                27.899225543678668
              ],
              [
                86.92726230263813,
                27.899135269451502
              ],
              [
                86.92736391418808,
                27.899135323036006
              ],
              [
                86.92736385391112,
                27.899225597263175
              ]
            ],
            [
              [
                86.92797430075665,
                27.898052352173124
              ],
              [
                86.92787269020381,
                27.898052299037776
              ],
              [
                86.92787280990433,
                27.897871750556494
              ],
              [
                86.92797442028647,
                27.897871803691842
              ],
              [
                86.92797430075665,
                27.898052352173124
              ]
            ],
            [
              [
                86.92584011011036,
                27.898592865991247
              ],
              [
                86.92594172115726,
                27.898592920626783
              ],
              [
                86.92594165970351,
                27.898683194862933
              ],
              [
                86.92604327083126,
                27.89868324941762
              ],
              [
                86.92604314808547,
                27.89886379788094
              ],
              [
                86.92614475939288,
                27.89886385236376
              ],
              [
                86.92614463681775,
                27.899044400818095
              ],
              [
                86.92594141387954,
                27.899044291771602
              ],
              [
                86.92594147533329,
                27.898954017544433
              ],
              [
                86.92583986395401,
                27.898953962908898
              ],
              [
                86.9258399254886,
                27.898863688681732
              ],
              [
                86.92573831419017,
                27.89886363397433
              ],
              [
                86.92573843743904,
                27.898683085511014
              ],
              [
                86.92584004856678,
                27.898683140227398
              ],
              [
                86.92584011011036,
                27.898592865991247
              ]
            ],
            [
              [
                86.92584011011036,
                27.898592865991247
              ],
              [
                86.92573849906346,
                27.898592811283844
              ],
              [
                86.92573856067891,
                27.89850253705668
              ],
              [
                86.92553533875578,
                27.898502427408314
              ],
              [
                86.92553558591825,
                27.898141330472697
              ],
              [
                86.92573880716763,
                27.898141440121062
              ],
              [
                86.92573862230334,
                27.89841226282053
              ],
              [
                86.92584023317956,
                27.898412317527928
              ],
              [
                86.92584011011036,
                27.898592865991247
              ]
            ],
            [
              [
                86.93183437042583,
                27.89985980057741
              ],
              [
                86.93213920715979,
                27.899859951009287
              ],
              [
                86.93213909452902,
                27.90004049946362
              ],
              [
                86.931834257292,
                27.900040349031745
              ],
              [
                86.93183437042583,
                27.89985980057741
              ]
            ],
            [
              [
                86.93396850157669,
                27.899409468271333
              ],
              [
                86.93376527791982,
                27.899409370759212
              ],
              [
                86.93376533288773,
                27.89931909652306
              ],
              [
                86.93396855636495,
                27.899319194035183
              ],
              [
                86.93396850157669,
                27.899409468271333
              ]
            ],
            [
              [
                86.9317323616139,
                27.900491669834974
              ],
              [
                86.931935587283,
                27.90049177034747
              ],
              [
                86.93193553079693,
                27.900582044565656
              ],
              [
                86.93173230495715,
                27.900581944053158
              ],
              [
                86.9317323616139,
                27.900491669834974
              ]
            ],
            [
              [
                86.91923633092703,
                27.89732531487334
              ],
              [
                86.91893150138857,
                27.89732513591995
              ],
              [
                86.91893163592925,
                27.897144587456634
              ],
              [
                86.91913485528319,
                27.89714470682477
              ],
              [
                86.91913478818802,
                27.89723498106092
              ],
              [
                86.91923639795033,
                27.897235040637188
              ],
              [
                86.91923633092703,
                27.89732531487334
              ]
            ],
            [
              [
                86.93234321766,
                27.898596211631776
              ],
              [
                86.9323432738047,
                27.898505937395626
              ],
              [
                86.93244488478872,
                27.898505987234156
              ],
              [
                86.93244482872487,
                27.89859626147929
              ],
              [
                86.93234321766,
                27.898596211631776
              ]
            ],
            [
              [
                86.92004781650208,
                27.899221547451262
              ],
              [
                86.92014942811491,
                27.89922160636278
              ],
              [
                86.92014922932673,
                27.899492428981397
              ],
              [
                86.92004761745338,
                27.899492370078864
              ],
              [
                86.92004748476322,
                27.89967291848828
              ],
              [
                86.9199458727192,
                27.8996728595049
              ],
              [
                86.91994580628878,
                27.899763133705118
              ],
              [
                86.9198441941639,
                27.899763074649872
              ],
              [
                86.91984439370667,
                27.899492252040236
              ],
              [
                86.91994600558002,
                27.899492311095482
              ],
              [
                86.91994613844983,
                27.89931176267708
              ],
              [
                86.9200477501525,
                27.89931182166046
              ],
              [
                86.92004781650208,
                27.899221547451262
              ]
            ],
            [
              [
                86.91567662774139,
                27.90165634656028
              ],
              [
                86.91567669772914,
                27.901566072395998
              ],
              [
                86.91587992532062,
                27.901566196588085
              ],
              [
                86.91587999513769,
                27.901475922414814
              ],
              [
                86.9156767677079,
                27.901475798222727
              ],
              [
                86.91567690766541,
                27.901295249885173
              ],
              [
                86.91577852120963,
                27.90129531201266
              ],
              [
                86.91577859110755,
                27.901205037839393
              ],
              [
                86.91598181803428,
                27.90120516188775
              ],
              [
                86.91598188776152,
                27.901114887705496
              ],
              [
                86.91608350113506,
                27.901114949617387
              ],
              [
                86.91608343149765,
                27.901205223790654
              ],
              [
                86.91618504496103,
                27.901205285621696
              ],
              [
                86.91618497540448,
                27.90129555980395
              ],
              [
                86.91608336185128,
                27.901295497963922
              ],
              [
                86.91608308328371,
                27.901656594648014
              ],
              [
                86.91587985551254,
                27.901656470761353
              ],
              [
                86.91587978569548,
                27.90174674492564
              ],
              [
                86.91577817172906,
                27.901746682870016
              ],
              [
                86.91577824162697,
                27.90165640869675
              ],
              [
                86.91567662774139,
                27.90165634656028
              ]
            ],
            [
              [
                86.931122856095,
                27.9002205438463
              ],
              [
                86.93081801836391,
                27.90022039115965
              ],
              [
                86.93081813318656,
                27.900039842723285
              ],
              [
                86.93091974558992,
                27.90003989369369
              ],
              [
                86.9309198029204,
                27.899949619466526
              ],
              [
                86.9311230275744,
                27.899949721182765
              ],
              [
                86.931122856095,
                27.9002205438463
              ]
            ],
            [
              [
                86.92024984848084,
                27.90084660078838
              ],
              [
                86.92024991465972,
                27.900756326597147
              ],
              [
                86.920453140769,
                27.900756444042887
              ],
              [
                86.92045307476079,
                27.90084671823412
              ],
              [
                86.92024984848084,
                27.90084660078838
              ]
            ],
            [
              [
                86.93183504921981,
                27.898776509788522
              ],
              [
                86.9316318267577,
                27.898776409132296
              ],
              [
                86.9316318834863,
                27.898686134896145
              ],
              [
                86.93173349463203,
                27.8986861852557
              ],
              [
                86.93173355127978,
                27.898595911019548
              ],
              [
                86.93183516234465,
                27.898595961307237
              ],
              [
                86.93183504921981,
                27.898776509788522
              ]
            ],
            [
              [
                86.91933794077917,
                27.897325374377743
              ],
              [
                86.91933827542856,
                27.89687400319699
              ],
              [
                86.91954149427944,
                27.89687412197224
              ],
              [
                86.91954142751665,
                27.89696439620839
              ],
              [
                86.91943981800587,
                27.896964336856698
              ],
              [
                86.91943968431859,
                27.897144885329
              ],
              [
                86.91964290367254,
                27.897145003960514
              ],
              [
                86.91964297035447,
                27.897054729724363
              ],
              [
                86.91974457994611,
                27.89705478892334
              ],
              [
                86.91974464653822,
                27.89696451468719
              ],
              [
                86.919846256049,
                27.896964573814305
              ],
              [
                86.91984632256026,
                27.89687429956917
              ],
              [
                86.9199479319902,
                27.896874358624416
              ],
              [
                86.91994799841163,
                27.896784084379284
              ],
              [
                86.92004960775174,
                27.89678414335368
              ],
              [
                86.92004947507955,
                27.896964691834967
              ],
              [
                86.92035430361189,
                27.896964868317987
              ],
              [
                86.92035423753182,
                27.897055142554137
              ],
              [
                86.92045584712345,
                27.897055201232092
              ],
              [
                86.92045571511602,
                27.897235749704393
              ],
              [
                86.9201508858201,
                27.89723557345493
              ],
              [
                86.92015081956936,
                27.897325847691082
              ],
              [
                86.9200492097172,
                27.89732578878855
              ],
              [
                86.92004907703604,
                27.897506337251865
              ],
              [
                86.91984585699939,
                27.897506219222223
              ],
              [
                86.91984592351065,
                27.897415944986072
              ],
              [
                86.91974431357765,
                27.897415885867943
              ],
              [
                86.91974438016977,
                27.897325611631793
              ],
              [
                86.91964277031762,
                27.897325552423833
              ],
              [
                86.91964283699957,
                27.897235278196664
              ],
              [
                86.91954122723726,
                27.89723521891684
              ],
              [
                86.91954116047447,
                27.89732549315299
              ],
              [
                86.91933794077917,
                27.897325374377743
              ]
            ],
            [
              [
                86.92797430075665,
                27.898052352173124
              ],
              [
                86.92817752184433,
                27.898052458219244
              ],
              [
                86.92817740264688,
                27.89823300670951
              ],
              [
                86.92807579193236,
                27.898232953717894
              ],
              [
                86.92807585161643,
                27.898142679481744
              ],
              [
                86.92797424098275,
                27.89814262641826
              ],
              [
                86.92797430075665,
                27.898052352173124
              ]
            ],
            [
              [
                86.9333609318823,
                27.89597875307242
              ],
              [
                86.93346254050375,
                27.895978802156367
              ],
              [
                86.93346243009182,
                27.8961593507185
              ],
              [
                86.9333608212997,
                27.89615930162557
              ],
              [
                86.9333609318823,
                27.89597875307242
              ]
            ],
            [
              [
                86.92827871579446,
                27.898684430801033
              ],
              [
                86.92817710465773,
                27.898684377890262
              ],
              [
                86.92817716425196,
                27.898594103654112
              ],
              [
                86.92827877530786,
                27.898594156564883
              ],
              [
                86.92827871579446,
                27.898684430801033
              ]
            ],
            [
              [
                86.93153049960537,
                27.89832498748419
              ],
              [
                86.93142888880102,
                27.89832493696294
              ],
              [
                86.93142877499345,
                27.898505485453207
              ],
              [
                86.93132716401841,
                27.898505434860088
              ],
              [
                86.93132744894606,
                27.898054063634422
              ],
              [
                86.93142905949888,
                27.898054114227538
              ],
              [
                86.9314289457003,
                27.898234662717805
              ],
              [
                86.93153055642381,
                27.898234713239056
              ],
              [
                86.93153049960537,
                27.89832498748419
              ]
            ],
            [
              [
                86.93539058463574,
                27.90022261056434
              ],
              [
                86.93549219721876,
                27.90022265816607
              ],
              [
                86.93549214368817,
                27.900312932393234
              ],
              [
                86.93539053101532,
                27.900312884791507
              ],
              [
                86.93539058463574,
                27.90022261056434
              ]
            ],
            [
              [
                86.91567662774139,
                27.90165634656028
              ],
              [
                86.91567655776264,
                27.90174662073355
              ],
              [
                86.9155749437962,
                27.901746558525215
              ],
              [
                86.91557487372762,
                27.9018368326895
              ],
              [
                86.91547325968034,
                27.90183677040032
              ],
              [
                86.91547339997922,
                27.90165622207175
              ],
              [
                86.91567662774139,
                27.90165634656028
              ]
            ],
            [
              [
                86.92004781650208,
                27.899221547451262
              ],
              [
                86.91994620488025,
                27.89922148846788
              ],
              [
                86.91994627131066,
                27.89913121425868
              ],
              [
                86.91984465977868,
                27.89913115520343
              ],
              [
                86.91984459325843,
                27.899221429412634
              ],
              [
                86.9197429816366,
                27.89922137028552
              ],
              [
                86.91974291503551,
                27.899311644494723
              ],
              [
                86.91953969163016,
                27.899311526006937
              ],
              [
                86.91953975840194,
                27.899221251797734
              ],
              [
                86.91923492354546,
                27.89922107350012
              ],
              [
                86.91923499056875,
                27.899130799290916
              ],
              [
                86.91943821363274,
                27.89913091822786
              ],
              [
                86.91943828048537,
                27.89904064401866
              ],
              [
                86.91953989193651,
                27.899040703379335
              ],
              [
                86.91954002547108,
                27.898860154951947
              ],
              [
                86.91943841419061,
                27.89886009560026
              ],
              [
                86.91943854789587,
                27.89867954716389
              ],
              [
                86.91954015900565,
                27.898679606524563
              ],
              [
                86.91954042607478,
                27.898318509651826
              ],
              [
                86.91964203685218,
                27.898318568931654
              ],
              [
                86.91964197017023,
                27.898408843149838
              ],
              [
                86.91984519188675,
                27.89840896148491
              ],
              [
                86.9198454579318,
                27.898047864594208
              ],
              [
                86.91954062636316,
                27.89804768697931
              ],
              [
                86.91954102694889,
                27.897506041616307
              ],
              [
                86.91964263696272,
                27.897506100896134
              ],
              [
                86.91964257028977,
                27.8975963751233
              ],
              [
                86.92035384100647,
                27.89759678797104
              ],
              [
                86.92035370882836,
                27.89777733642537
              ],
              [
                86.92015048827966,
                27.897777218844883
              ],
              [
                86.92015055453939,
                27.897686944617718
              ],
              [
                86.92004894435487,
                27.897686885715185
              ],
              [
                86.9200488780143,
                27.89777715994235
              ],
              [
                86.91994726773994,
                27.897777100967954
              ],
              [
                86.91994720130953,
                27.89786737519512
              ],
              [
                86.92025203237512,
                27.89786755190272
              ],
              [
                86.92025196620521,
                27.897957826129886
              ],
              [
                86.92035357665026,
                27.89795788488869
              ],
              [
                86.92035351055222,
                27.898048159115856
              ],
              [
                86.92045512107809,
                27.89804821779381
              ],
              [
                86.92045505507886,
                27.89813849202098
              ],
              [
                86.92075988690803,
                27.898138667605682
              ],
              [
                86.92075968964697,
                27.8984094902782
              ],
              [
                86.92065807877974,
                27.898409431824827
              ],
              [
                86.92065781542964,
                27.89877052869756
              ],
              [
                86.92075942662925,
                27.89877058715992
              ],
              [
                86.92075916360253,
                27.89913168401469
              ],
              [
                86.92045432898858,
                27.899131508421004
              ],
              [
                86.92045426298039,
                27.899221782630203
              ],
              [
                86.92035265135856,
                27.899221723952248
              ],
              [
                86.9203527174566,
                27.899131449734064
              ],
              [
                86.92025110591563,
                27.899131390984245
              ],
              [
                86.9202512382734,
                27.89895084255686
              ],
              [
                86.92035284964369,
                27.89895090131566
              ],
              [
                86.92035291573275,
                27.898860627097477
              ],
              [
                86.92004808188237,
                27.898860450605476
              ],
              [
                86.92004794919222,
                27.89904099903286
              ],
              [
                86.92014956064337,
                27.899041057935392
              ],
              [
                86.92014949438364,
                27.899131332153576
              ],
              [
                86.92004788284265,
                27.89913127324206
              ],
              [
                86.92004781650208,
                27.899221547451262
              ]
            ],
            [
              [
                86.91933794077917,
                27.897325374377743
              ],
              [
                86.91933787384569,
                27.89741564860491
              ],
              [
                86.91923626391271,
                27.897415589100504
              ],
              [
                86.91923633092703,
                27.89732531487334
              ],
              [
                86.91933794077917,
                27.897325374377743
              ]
            ],
            [
              [
                86.92705907952023,
                27.899135162048925
              ],
              [
                86.92685585641134,
                27.899135054349905
              ],
              [
                86.92685597780068,
                27.89895450589557
              ],
              [
                86.92695758918894,
                27.898954559785505
              ],
              [
                86.92695771041659,
                27.89877401133117
              ],
              [
                86.92705932163418,
                27.898774065140255
              ],
              [
                86.9270592611057,
                27.898864339367424
              ],
              [
                86.9271608724131,
                27.898864393104645
              ],
              [
                86.92716075151783,
                27.89904494155898
              ],
              [
                86.92705914004873,
                27.89904488782176
              ],
              [
                86.92705907952023,
                27.899135162048925
              ]
            ],
            [
              [
                86.93142769383508,
                27.90022069585023
              ],
              [
                86.93132608125205,
                27.90022064525711
              ],
              [
                86.93132602426293,
                27.900310919475295
              ],
              [
                86.93112279893519,
                27.900310818064483
              ],
              [
                86.931122856095,
                27.9002205438463
              ],
              [
                86.93122446867802,
                27.900220594583146
              ],
              [
                86.931224525748,
                27.900130320364962
              ],
              [
                86.93142775073437,
                27.900130421632046
              ],
              [
                86.93142769383508,
                27.90022069585023
              ]
            ],
            [
              [
                86.9317323616139,
                27.900491669834974
              ],
              [
                86.93142752311026,
                27.90049151850478
              ],
              [
                86.93142769383508,
                27.90022069585023
              ],
              [
                86.93163091899214,
                27.900220796811883
              ],
              [
                86.93163080551695,
                27.90040134524825
              ],
              [
                86.93173241826166,
                27.90040139561679
              ],
              [
                86.9317323616139,
                27.900491669834974
              ]
            ],
            [
              [
                86.93173389116636,
                27.898054265539766
              ],
              [
                86.93173360792754,
                27.898505636774416
              ],
              [
                86.9316319969525,
                27.89850558640588
              ],
              [
                86.93163205368111,
                27.89841531216973
              ],
              [
                86.93153044279592,
                27.898415261729323
              ],
              [
                86.93153049960537,
                27.89832498748419
              ],
              [
                86.93163211041872,
                27.898325037924593
              ],
              [
                86.93163228061353,
                27.89805421518021
              ],
              [
                86.93173389116636,
                27.898054265539766
              ]
            ]
          ],
          [
            [
              [
                86.91984519188675,
                27.89840896148491
              ],
              [
                86.9201500244705,
                27.89840913842607
              ],
              [
                86.92015009073023,
                27.898318864198906
              ],
              [
                86.92045492306245,
                27.89831904046633
              ],
              [
                86.92045485705424,
                27.898409314684514
              ],
              [
                86.92035324619599,
                27.89840925600656
              ],
              [
                86.92035304791985,
                27.898680078661112
              ],
              [
                86.92025143680107,
                27.898680019911293
              ],
              [
                86.92025150297997,
                27.89858974569311
              ],
              [
                86.91994666989315,
                27.898589568976526
              ],
              [
                86.91994647060191,
                27.898860391622094
              ],
              [
                86.91964163675154,
                27.898860214231775
              ],
              [
                86.91964170344247,
                27.89876994001359
              ],
              [
                86.9197433146331,
                27.89876999922155
              ],
              [
                86.9197433812342,
                27.898679725003365
              ],
              [
                86.91984499234397,
                27.89867978413946
              ],
              [
                86.91984519188675,
                27.89840896148491
              ]
            ]
          ],
          [
            [
              [
                86.91953989193651,
                27.899040703379335
              ],
              [
                86.9197431148388,
                27.899040821867118
              ],
              [
                86.9197430482377,
                27.89913109607632
              ],
              [
                86.91953982517371,
                27.899130977588534
              ],
              [
                86.91953989193651,
                27.899040703379335
              ]
            ]
          ],
          [
            [
              [
                86.91496497770207,
                27.90210728034234
              ],
              [
                86.91516820630866,
                27.902107405585454
              ],
              [
                86.91516827671862,
                27.902017131430153
              ],
              [
                86.91526989093657,
                27.90201719393493
              ],
              [
                86.91526975029633,
                27.9021977422635
              ],
              [
                86.91496490713043,
                27.90219755450662
              ],
              [
                86.91496497770207,
                27.90210728034234
              ]
            ]
          ],
          [
            [
              [
                86.92929400575127,
                27.89994879500174
              ],
              [
                86.92929388839536,
                27.90012934343811
              ],
              [
                86.92898905092478,
                27.90012918670904
              ],
              [
                86.92898910985427,
                27.900038912490857
              ],
              [
                86.92909072226661,
                27.90003896480874
              ],
              [
                86.92909078110627,
                27.899948690590556
              ],
              [
                86.92929400575127,
                27.89994879500174
              ]
            ]
          ],
          [
            [
              [
                86.93478366905862,
                27.895618336332152
              ],
              [
                86.93488527734769,
                27.89561838436507
              ],
              [
                86.93488533137237,
                27.895528110084005
              ],
              [
                86.93508854777984,
                27.895528205934244
              ],
              [
                86.93508838620886,
                27.895799028786424
              ],
              [
                86.9351899946686,
                27.895799076603748
              ],
              [
                86.93519010221492,
                27.89561852803263
              ],
              [
                86.93529171050399,
                27.895618575769106
              ],
              [
                86.93529165681169,
                27.895708850059155
              ],
              [
                86.93549487356051,
                27.895708945307526
              ],
              [
                86.93549492708213,
                27.895618671017477
              ],
              [
                86.93539331879306,
                27.895618623433716
              ],
              [
                86.93539342599802,
                27.89543807485362
              ],
              [
                86.93529181787962,
                27.89543802718901
              ],
              [
                86.93529192525524,
                27.89525747860891
              ],
              [
                86.93549514115965,
                27.89525757385728
              ],
              [
                86.93549519468128,
                27.89516729956723
              ],
              [
                86.935698410415,
                27.895167394510175
              ],
              [
                86.93569835706406,
                27.895257668809204
              ],
              [
                86.93600318092517,
                27.895257810671154
              ],
              [
                86.93600307472633,
                27.895438359251255
              ],
              [
                86.93620629097211,
                27.895438453457576
              ],
              [
                86.93620623804337,
                27.895528727747628
              ],
              [
                86.9363078462516,
                27.895528774738498
              ],
              [
                86.9363077934037,
                27.895619049028546
              ],
              [
                86.93579975194936,
                27.895618813328586
              ],
              [
                86.93579969868824,
                27.895709087618634
              ],
              [
                86.93569809030933,
                27.89570904025945
              ],
              [
                86.93569798360745,
                27.895889588830567
              ],
              [
                86.93559637505787,
                27.895889541390538
              ],
              [
                86.93559632162606,
                27.895979815671602
              ],
              [
                86.93569793025651,
                27.895979863111634
              ],
              [
                86.93569787689657,
                27.896070137392698
              ],
              [
                86.93549465947402,
                27.896070042440773
              ],
              [
                86.93549449890914,
                27.89634086528397
              ],
              [
                86.93569771684373,
                27.896340960235896
              ],
              [
                86.93569766348381,
                27.896431234516964
              ],
              [
                86.93590088158011,
                27.896431329172444
              ],
              [
                86.93590109431914,
                27.89607023204818
              ],
              [
                86.9360027030394,
                27.896070279263633
              ],
              [
                86.93600275613882,
                27.895980004982565
              ],
              [
                86.93610436476027,
                27.895980052117167
              ],
              [
                86.93610431175068,
                27.896070326398235
              ],
              [
                86.9365107466048,
                27.89607051420901
              ],
              [
                86.93651058856419,
                27.89634133705221
              ],
              [
                86.93661219753598,
                27.896341383818502
              ],
              [
                86.93661214493962,
                27.89643165809957
              ],
              [
                86.9363073177817,
                27.896431517576108
              ],
              [
                86.93630737062958,
                27.896341243304025
              ],
              [
                86.93610415270396,
                27.896341149250414
              ],
              [
                86.9361040996854,
                27.896431423522497
              ],
              [
                86.93600249063276,
                27.896431376387895
              ],
              [
                86.93600243753333,
                27.896521650659977
              ],
              [
                86.93610404666683,
                27.896521697803564
              ],
              [
                86.93610399364826,
                27.896611972075647
              ],
              [
                86.93630721208592,
                27.896612066138243
              ],
              [
                86.93630715923803,
                27.896702340410325
              ],
              [
                86.93620554993386,
                27.89670229341945
              ],
              [
                86.93620528526323,
                27.897153664779864
              ],
              [
                86.93610367554584,
                27.897153617717127
              ],
              [
                86.9361035695087,
                27.89733416625231
              ],
              [
                86.93630678929382,
                27.89733426030592
              ],
              [
                86.93630684214172,
                27.89724398604282
              ],
              [
                86.93671328137961,
                27.89724417326071
              ],
              [
                86.93671333389511,
                27.897153898988627
              ],
              [
                86.93701816307424,
                27.89715403861377
              ],
              [
                86.93701811081027,
                27.897244312885853
              ],
              [
                86.93711972062647,
                27.897244359274854
              ],
              [
                86.93711966845233,
                27.897334633546937
              ],
              [
                86.9372212783404,
                27.897334679864073
              ],
              [
                86.93722122625607,
                27.897424954136156
              ],
              [
                86.93620512645906,
                27.89742448757815
              ],
              [
                86.93620507353032,
                27.897514761850232
              ],
              [
                86.93610346346257,
                27.89751471477851
              ],
              [
                86.9361032513883,
                27.897875811830907
              ],
              [
                86.93620486178843,
                27.897875858893645
              ],
              [
                86.93620475591298,
                27.898056407410863
              ],
              [
                86.93640797704559,
                27.89805650132074
              ],
              [
                86.9364078715115,
                27.89823704983796
              ],
              [
                86.93650948224399,
                27.89823709667612
              ],
              [
                86.93650927150821,
                27.898598193692585
              ],
              [
                86.93640766043437,
                27.898598146845444
              ],
              [
                86.93640760766732,
                27.89868842109956
              ],
              [
                86.93630599650363,
                27.89868837418055
              ],
              [
                86.93630589079888,
                27.898868922670818
              ],
              [
                86.93600105681377,
                27.89886878146464
              ],
              [
                86.93600095060594,
                27.899049329954906
              ],
              [
                86.93620417358908,
                27.89904942417021
              ],
              [
                86.9362042265268,
                27.89895914992508
              ],
              [
                86.93650906076344,
                27.8989592906821
              ],
              [
                86.93650916613583,
                27.898778742191833
              ],
              [
                86.93661077738037,
                27.89877878895813
              ],
              [
                86.93661088258206,
                27.898598240458877
              ],
              [
                86.93671249365592,
                27.898598287153305
              ],
              [
                86.9367124411404,
                27.898688561407422
              ],
              [
                86.93691566345878,
                27.8986886545717
              ],
              [
                86.93691561111395,
                27.898778928825816
              ],
              [
                86.93681399986941,
                27.89877888227512
              ],
              [
                86.9368138950001,
                27.89895943077437
              ],
              [
                86.93671228359386,
                27.898959384151805
              ],
              [
                86.93671223106938,
                27.89904965839694
              ],
              [
                86.93661061957332,
                27.899049611702512
              ],
              [
                86.93661040916092,
                27.89941070867406
              ],
              [
                86.9365087973325,
                27.899410661898784
              ],
              [
                86.9365087446463,
                27.89950093614392
              ],
              [
                86.93630552080977,
                27.899500842368788
              ],
              [
                86.9363056265235,
                27.899320293896487
              ],
              [
                86.93610240302833,
                27.89932019982491
              ],
              [
                86.9361024560469,
                27.89922992558876
              ],
              [
                86.93600084438914,
                27.899229878436188
              ],
              [
                86.93600079127177,
                27.899320152681323
              ],
              [
                86.93569595603799,
                27.899320010792422
              ],
              [
                86.93569600939792,
                27.899229736556272
              ],
              [
                86.93579762105567,
                27.89922978392444
              ],
              [
                86.93579772761383,
                27.899049235443155
              ],
              [
                86.93569611611777,
                27.899049188066005
              ],
              [
                86.9356961694777,
                27.898958913820874
              ],
              [
                86.93559455807147,
                27.898958866380845
              ],
              [
                86.93559461151224,
                27.89886859213571
              ],
              [
                86.93528977753611,
                27.898868449348495
              ],
              [
                86.93528956274892,
                27.899229546320047
              ],
              [
                86.93539117440667,
                27.89922959399364
              ],
              [
                86.93539106717479,
                27.89941014247492
              ],
              [
                86.9354926790122,
                27.899410190067666
              ],
              [
                86.9354926254816,
                27.899500464303816
              ],
              [
                86.93528940164506,
                27.89950036903748
              ],
              [
                86.93528945534635,
                27.89941009480133
              ],
              [
                86.93518784351791,
                27.899410047055873
              ],
              [
                86.93518795108218,
                27.899229498574588
              ],
              [
                86.93508633942443,
                27.899229450757264
              ],
              [
                86.93508639328742,
                27.899139176521114
              ],
              [
                86.93498478171051,
                27.899139128622945
              ],
              [
                86.93498483566333,
                27.89904885437781
              ],
              [
                86.93508644715938,
                27.899048902275982
              ],
              [
                86.93508655489434,
                27.898868353785716
              ],
              [
                86.93488333224357,
                27.89886825792649
              ],
              [
                86.93488344031091,
                27.898687709436224
              ],
              [
                86.9349850514656,
                27.89868775740626
              ],
              [
                86.93498499752177,
                27.898778031651393
              ],
              [
                86.93508660875732,
                27.89877807954058
              ],
              [
                86.93508666262031,
                27.89868780529545
              ],
              [
                86.935188273775,
                27.898687853112772
              ],
              [
                86.93518838133927,
                27.898507304622505
              ],
              [
                86.93508677035526,
                27.898507256805182
              ],
              [
                86.9350868780902,
                27.89832670829695
              ],
              [
                86.93488365645455,
                27.898326612437724
              ],
              [
                86.93488371047923,
                27.89823633819259
              ],
              [
                86.93498532122071,
                27.898236386153645
              ],
              [
                86.934985537014,
                27.89787528913718
              ],
              [
                86.93508714740513,
                27.897875337026367
              ],
              [
                86.93508720126812,
                27.89778506277225
              ],
              [
                86.93518881158738,
                27.89778511058957
              ],
              [
                86.93518865024097,
                27.898055933360904
              ],
              [
                86.93529026081177,
                27.89805598109738
              ],
              [
                86.93529015341818,
                27.89823652960561
              ],
              [
                86.93518854268568,
                27.898236481869137
              ],
              [
                86.93518848890355,
                27.898326756123254
              ],
              [
                86.93529009972588,
                27.898326803859728
              ],
              [
                86.93529004602458,
                27.898417078113845
              ],
              [
                86.9355948787341,
                27.898417220892075
              ],
              [
                86.9355950390654,
                27.898146398129725
              ],
              [
                86.93549342841376,
                27.898146350617832
              ],
              [
                86.93549358899661,
                27.897875527846498
              ],
              [
                86.93559519939672,
                27.897875575367376
              ],
              [
                86.93559530627827,
                27.897695026841177
              ],
              [
                86.93579852673714,
                27.897695121649374
              ],
              [
                86.93579868655641,
                27.897424298869055
              ],
              [
                86.9355954666006,
                27.89742420406086
              ],
              [
                86.93559557348215,
                27.897243655525678
              ],
              [
                86.93569718328938,
                27.89724370296571
              ],
              [
                86.93569729000025,
                27.897063154430526
              ],
              [
                86.93579889964577,
                27.89706320179869
              ],
              [
                86.93579879309661,
                27.897243750333875
              ],
              [
                86.93590040290383,
                27.89724379762119
              ],
              [
                86.93590045609308,
                27.89715352335809
              ],
              [
                86.93600206581945,
                27.897153570573543
              ],
              [
                86.93600217202727,
                27.896973022029375
              ],
              [
                86.93590056247157,
                27.896972974813924
              ],
              [
                86.93590061565183,
                27.89688270054184
              ],
              [
                86.93569739671112,
                27.89688260588636
              ],
              [
                86.93569750342199,
                27.896702057342196
              ],
              [
                86.93559589411782,
                27.896702009902164
              ],
              [
                86.93559600099938,
                27.896521461349014
              ],
              [
                86.93549439186589,
                27.89652141383712
              ],
              [
                86.93549444538752,
                27.89643113956504
              ],
              [
                86.93539283634385,
                27.896431091972293
              ],
              [
                86.9353927827324,
                27.89652136625336
              ],
              [
                86.93529117359891,
                27.89652131858875
              ],
              [
                86.93529111990661,
                27.896611592860832
              ],
              [
                86.93508790147793,
                27.89661149730704
              ],
              [
                86.93508795533194,
                27.896521223034952
              ],
              [
                86.93498634620742,
                27.896521175145764
              ],
              [
                86.93498640015126,
                27.8964309008647
              ],
              [
                86.93478318205496,
                27.896430804861744
              ],
              [
                86.934783290275,
                27.896250256308598
              ],
              [
                86.93468168140203,
                27.89625020819483
              ],
              [
                86.93468178979275,
                27.896069659632698
              ],
              [
                86.93458018108146,
                27.896069611447068
              ],
              [
                86.93458023536665,
                27.895979337166
              ],
              [
                86.9346818439881,
                27.89597938535163
              ],
              [
                86.93468200657419,
                27.895708562508435
              ],
              [
                86.93478361494411,
                27.895708610613216
              ],
              [
                86.93478366905862,
                27.895618336332152
              ]
            ],
            [
              [
                86.93569750342199,
                27.896702057342196
              ],
              [
                86.93569755677294,
                27.89661178307011
              ],
              [
                86.9359007752106,
                27.896611877725594
              ],
              [
                86.93590072203034,
                27.896702151997676
              ],
              [
                86.93569750342199,
                27.896702057342196
              ]
            ],
            [
              [
                86.93579852673714,
                27.897695121649374
              ],
              [
                86.93590013696657,
                27.89769516894567
              ],
              [
                86.93590008377733,
                27.89778544320877
              ],
              [
                86.93579847346705,
                27.89778539591247
              ],
              [
                86.93579852673714,
                27.897695121649374
              ]
            ],
            [
              [
                86.9350881169119,
                27.89625040020074
              ],
              [
                86.93508817077489,
                27.89616012591967
              ],
              [
                86.93518977956701,
                27.896160173736995
              ],
              [
                86.93518994089546,
                27.895889350884815
              ],
              [
                86.93539315797666,
                27.895889446285896
              ],
              [
                86.93539299716026,
                27.89616026913808
              ],
              [
                86.93529138836813,
                27.89616022147347
              ],
              [
                86.93529133467582,
                27.896250495754536
              ],
              [
                86.9350881169119,
                27.89625040020074
              ]
            ],
            [
              [
                86.93549316077869,
                27.89859772187943
              ],
              [
                86.93549321430032,
                27.898507447625313
              ],
              [
                86.93579804727034,
                27.898507589954388
              ],
              [
                86.93579815381952,
                27.898327041455136
              ],
              [
                86.93589976464183,
                27.898327088742455
              ],
              [
                86.93589981783109,
                27.89823681449732
              ],
              [
                86.93620465003754,
                27.89823695592808
              ],
              [
                86.93620459709982,
                27.898327230182197
              ],
              [
                86.93630620792214,
                27.898327277173067
              ],
              [
                86.93630615506527,
                27.898417551427183
              ],
              [
                86.93640776597742,
                27.898417598346192
              ],
              [
                86.9364077132014,
                27.89850787260031
              ],
              [
                86.93630610221739,
                27.898507825681303
              ],
              [
                86.93630604936051,
                27.898598099926435
              ],
              [
                86.9361028272128,
                27.898598005863843
              ],
              [
                86.93610277419424,
                27.89868828011796
              ],
              [
                86.93559471840278,
                27.898688043645443
              ],
              [
                86.93559477184355,
                27.898597769391326
              ],
              [
                86.93549316077869,
                27.89859772187943
              ]
            ],
            [
              [
                86.93640729103814,
                27.89923006657036
              ],
              [
                86.93640734381415,
                27.899139792325226
              ],
              [
                86.93650895539106,
                27.899139839172367
              ],
              [
                86.93650890270487,
                27.899230113417502
              ],
              [
                86.93640729103814,
                27.89923006657036
              ]
            ]
          ],
          [
            [
              [
                86.93529192525524,
                27.89525747860891
              ],
              [
                86.93508870935084,
                27.895257383064095
              ],
              [
                86.93508876320483,
                27.895167108765065
              ],
              [
                86.93498715533796,
                27.89516706088486
              ],
              [
                86.93498710140312,
                27.895257335174907
              ],
              [
                86.93488549344642,
                27.895257287213855
              ],
              [
                86.93488543942173,
                27.895347561503904
              ],
              [
                86.93478383139318,
                27.895347513462003
              ],
              [
                86.9347838854987,
                27.895257239171954
              ],
              [
                86.93468227755099,
                27.89525719106717
              ],
              [
                86.9346824401281,
                27.89498636818804
              ],
              [
                86.93478404782428,
                27.894986416292824
              ],
              [
                86.93478399371875,
                27.895076690591857
              ],
              [
                86.9349872092818,
                27.89507678658583
              ],
              [
                86.93498731716048,
                27.894896237996747
              ],
              [
                86.93508892477583,
                27.894896285885935
              ],
              [
                86.93508881706782,
                27.895076834475017
              ],
              [
                86.93519042484485,
                27.895076882283355
              ],
              [
                86.935190478618,
                27.894986607993307
              ],
              [
                86.93529208631419,
                27.89498665572978
              ],
              [
                86.93529192525524,
                27.89525747860891
              ]
            ]
          ],
          [
            [
              [
                86.93661214493962,
                27.89643165809957
              ],
              [
                86.93691697208855,
                27.89643179794929
              ],
              [
                86.9369169197527,
                27.896522072230358
              ],
              [
                86.9370185288862,
                27.896522118691223
              ],
              [
                86.9370184766312,
                27.89661239297229
              ],
              [
                86.93681525818455,
                27.896612299960726
              ],
              [
                86.93681531061024,
                27.896522025688643
              ],
              [
                86.93661209234325,
                27.896521932380633
              ],
              [
                86.93661214493962,
                27.89643165809957
              ]
            ]
          ]
        ]
      },
      "id": "+17842+5150",
      "properties": {
        "area_m2": 1048355.868364898,
        "count": 10459,
        "image_id": "COPERNICUS/S1_GRD/S1A_IW_GRDH_1SDV_20211130T001138_20211130T001203_040793_04D7A7_D068",
        "lake_id": "imja-tsho",
        "observed_at": "2021-11-30T00:11:38Z",
        "water": 1
      }
    }
  ]
}
