{
  "type": "FeatureCollection",
  "features": [
    {
      "type": "Feature",
      "geometry": {
        "geodesic": false,
        "type": "MultiPolygon",
        "coordinates": [
          [
            [
              [
                86.9157238818652,
                27.897832253474995
              ],
              [
                86.91552066124464,
                27.89783212905833
              ],
              [
                86.91552059114909,
                27.897922403276514
              ],
              [
                86.91541898074898,
                27.89792234096038
              ],
              [
                86.9154189105636,
                27.898012615178565
              ],
              [
                86.91572374200649,
                27.898012801902382
              ],
              [
                86.91572367207264,
                27.898103076120567
              ],
              [
                86.91541884037824,
                27.89810288939675
              ],
              [
                86.91541877019286,
                27.89819316360595
              ],
              [
                86.91501232760426,
                27.89819291358684
              ],
              [
                86.91501218655978,
                27.898373462005242
              ],
              [
                86.9148089649331,
                27.89837333654653
              ],
              [
                86.91480903562153,
                27.898283062337327
              ],
              [
                86.91491064635402,
                27.8982831251116
              ],
              [
                86.9149107169616,
                27.898192850893416
              ],
              [
                86.9147074956673,
                27.898192725290976
              ],
              [
                86.91470756644556,
                27.89810245107279
              ],
              [
                86.91480917700737,
                27.89810251391893
              ],
              [
                86.9148092476958,
                27.898012239700744
              ],
              [
                86.91491085817675,
                27.898012302475017
              ],
              [
                86.91491092878434,
                27.897922028256833
              ],
              [
                86.91501253917548,
                27.897922090950257
              ],
              [
                86.9150127507377,
                27.897651268295704
              ],
              [
                86.9152159710169,
                27.89765139344899
              ],
              [
                86.91521583031378,
                27.897831941885357
              ],
              [
                86.91531744062407,
                27.8978320043542
              ],
              [
                86.91531765143172,
                27.89756118169965
              ],
              [
                86.91541926148149,
                27.897561244087647
              ],
              [
                86.9154191913051,
                27.897651518305832
              ],
              [
                86.9155208014447,
                27.89765158062196
              ],
              [
                86.91552073134916,
                27.897741854840145
              ],
              [
                86.91572395179905,
                27.89774197924783
              ],
              [
                86.9157238818652,
                27.897832253474995
              ]
            ]
          ],
          [
            [
              [
                86.91633208574322,
                27.89972838324972
              ],
              [
                86.91633194688164,
                27.89990893164117
              ],
              [
                86.91623033463101,
                27.899908869917926
              ],
              [
                86.91623040414264,
                27.899818595717708
              ],
              [
                86.91612879197284,
                27.899818533922602
              ],
              [
                86.91612886157431,
                27.899728259731365
              ],
              [
                86.91633208574322,
                27.89972838324972
              ]
            ]
          ],
          [
            [
              [
                86.91684062923005,
                27.899096771332534
              ],
              [
                86.91694224072612,
                27.89909683260662
              ],
              [
                86.91694230965385,
                27.899006558397417
              ],
              [
                86.91714553247527,
                27.89900668072101
              ],
              [
                86.91714539496118,
                27.89918722913043
              ],
              [
                86.91704378338427,
                27.899187168009057
              ],
              [
                86.91704371454637,
                27.899277442209275
              ],
              [
                86.91694210287963,
                27.899277381016038
              ],
              [
                86.9169420339519,
                27.899367655216256
              ],
              [
                86.91684042220432,
                27.89936759394217
              ],
              [
                86.91684062923005,
                27.899096771332534
              ]
            ]
          ],
          [
            [
              [
                86.91806146303941,
                27.89711146879993
              ],
              [
                86.9180615310239,
                27.89702119456378
              ],
              [
                86.91795992146821,
                27.897021134125126
              ],
              [
                86.91795998954254,
                27.896930859888975
              ],
              [
                86.91816320849223,
                27.8969309807034
              ],
              [
                86.91816307268493,
                27.897111529166718
              ],
              [
                86.91806146303941,
                27.89711146879993
              ]
            ]
          ],
          [
            [
              [
                86.92120900843781,
                27.900363177224218
              ],
              [
                86.92110739575598,
                27.900363119094237
              ],
              [
                86.92110746122519,
                27.90027284489402
              ],
              [
                86.92100584861522,
                27.90027278669217
              ],
              [
                86.92100591417427,
                27.900182512491952
              ],
              [
                86.92120913921455,
                27.90018262882378
              ],
              [
                86.92120900843781,
                27.900363177224218
              ]
            ]
          ],
          [
            [
              [
                86.92456266556775,
                27.899733133954165
              ],
              [
                86.92466427768365,
                27.89973318953293
              ],
              [
                86.92466415264714,
                27.899913737951334
              ],
              [
                86.92456254036955,
                27.899913682372567
              ],
              [
                86.92456266556775,
                27.899733133954165
              ]
            ]
          ],
          [
            [
              [
                86.92517302126123,
                27.898740449876897
              ],
              [
                86.92517320754486,
                27.898469627186415
              ],
              [
                86.92527481847499,
                27.898469682316023
              ],
              [
                86.92527475646428,
                27.89855995654319
              ],
              [
                86.9254779784952,
                27.89856006657783
              ],
              [
                86.92547791665518,
                27.898650340804995
              ],
              [
                86.92557952775597,
                27.898650395710025
              ],
              [
                86.9255794659968,
                27.898740669937194
              ],
              [
                86.92517302126123,
                27.898740449876897
              ]
            ]
          ],
          [
            [
              [
                86.9252735782609,
                27.900275166697668
              ],
              [
                86.9252736402806,
                27.90018489248847
              ],
              [
                86.92537525280972,
                27.90018494754621
              ],
              [
                86.92537531473957,
                27.90009467333701
              ],
              [
                86.92517208984302,
                27.900094563149658
              ],
              [
                86.92517221403511,
                27.899914014731255
              ],
              [
                86.92537543859927,
                27.899914124909625
              ],
              [
                86.92537550052015,
                27.899823850700425
              ],
              [
                86.92547711271689,
                27.89982390567732
              ],
              [
                86.92547723640592,
                27.899643357249936
              ],
              [
                86.9252740123538,
                27.899643247215295
              ],
              [
                86.9252740743645,
                27.899552972997114
              ],
              [
                86.92557891019116,
                27.89955313793678
              ],
              [
                86.92557860139529,
                27.900004509009737
              ],
              [
                86.92547698902787,
                27.900004454104703
              ],
              [
                86.92547680349881,
                27.90027527673231
              ],
              [
                86.9252735782609,
                27.900275166697668
              ]
            ]
          ],
          [
            [
              [
                86.92588509906031,
                27.89756726912419
              ],
              [
                86.92598670914602,
                27.89756732372379
              ],
              [
                86.92598664773719,
                27.897657597968927
              ],
              [
                86.92588503756166,
                27.897657543369323
              ],
              [
                86.92588509906031,
                27.89756726912419
              ]
            ]
          ],
          [
            [
              [
                86.91592598624818,
                27.899276764924466
              ],
              [
                86.91592612578349,
                27.89909621652403
              ],
              [
                86.91582451429642,
                27.899096154504342
              ],
              [
                86.9158245841494,
                27.899005880304127
              ],
              [
                86.91592619555564,
                27.899005942323814
              ],
              [
                86.91592640485412,
                27.898735119705194
              ],
              [
                86.91582479369941,
                27.898735057685506
              ],
              [
                86.91582500324044,
                27.898464235066886
              ],
              [
                86.91572339234625,
                27.898464172966353
              ],
              [
                86.9157234622801,
                27.89837389875715
              ],
              [
                86.91592668391576,
                27.89837402286839
              ],
              [
                86.91592675367892,
                27.89828374865919
              ],
              [
                86.91623158587639,
                27.89828393426011
              ],
              [
                86.91623165538803,
                27.89819366005091
              ],
              [
                86.91633326603967,
                27.89819372176517
              ],
              [
                86.91633333546147,
                27.898103447546987
              ],
              [
                86.91623172489967,
                27.898103385832727
              ],
              [
                86.9162317944113,
                27.898013111614542
              ],
              [
                86.91592696296841,
                27.89801292601362
              ],
              [
                86.91592703273159,
                27.897922651795437
              ],
              [
                86.91572381194034,
                27.897922527684198
              ],
              [
                86.9157238818652,
                27.897832253474995
              ],
              [
                86.91592710249475,
                27.897832377577252
              ],
              [
                86.91592717225791,
                27.897742103359068
              ],
              [
                86.91623200293724,
                27.89774228895999
              ],
              [
                86.91623193342559,
                27.897832563178174
              ],
              [
                86.91643515405515,
                27.89783268654381
              ],
              [
                86.9164350847142,
                27.897922960761996
              ],
              [
                86.9165366951143,
                27.897923022323543
              ],
              [
                86.91653676436543,
                27.89783274810536
              ],
              [
                86.9166383746847,
                27.897832809604022
              ],
              [
                86.91663844385496,
                27.897742535376857
              ],
              [
                86.91684166431384,
                27.897742658140622
              ],
              [
                86.91684159531424,
                27.897832932358806
              ],
              [
                86.91704481594378,
                27.897833054817145
              ],
              [
                86.91704474710589,
                27.897923329044314
              ],
              [
                86.91724796790612,
                27.897923451206207
              ],
              [
                86.91724803657334,
                27.89783317697904
              ],
              [
                86.9173496468926,
                27.8978332379477
              ],
              [
                86.91734971547,
                27.897742963729517
              ],
              [
                86.91745132570841,
                27.897743024617323
              ],
              [
                86.91745125721187,
                27.897833298844493
              ],
              [
                86.91775608816069,
                27.89783348107673
              ],
              [
                86.91775629289572,
                27.89756265839523
              ],
              [
                86.91765468282799,
                27.897562597731998
              ],
              [
                86.91765481947971,
                27.897382049277663
              ],
              [
                86.91755320959163,
                27.897381988533585
              ],
              [
                86.91755327799834,
                27.897291714306416
              ],
              [
                86.9174516681911,
                27.897291653490473
              ],
              [
                86.91745159969457,
                27.89738192771764
              ],
              [
                86.91734998979751,
                27.897381866820847
              ],
              [
                86.91734985263375,
                27.897562415275182
              ],
              [
                86.91694341238077,
                27.897562170960374
              ],
              [
                86.91694348129951,
                27.897471896733204
              ],
              [
                86.9167402613437,
                27.897471774122153
              ],
              [
                86.91674039952257,
                27.897291225667818
              ],
              [
                86.91704522894425,
                27.89729140947211
              ],
              [
                86.91704529778214,
                27.89720113524494
              ],
              [
                86.91714690750852,
                27.89720119635733
              ],
              [
                86.91714697625659,
                27.897110922130164
              ],
              [
                86.91735019553866,
                27.897111044139347
              ],
              [
                86.91735012696127,
                27.897201318366513
              ],
              [
                86.91755334641402,
                27.897201440070265
              ],
              [
                86.91755348323643,
                27.89702089160695
              ],
              [
                86.91765509279213,
                27.897020952351028
              ],
              [
                86.91765502446627,
                27.897111226587178
              ],
              [
                86.9177566341118,
                27.89711128725041
              ],
              [
                86.91775656586678,
                27.89720156148656
              ],
              [
                86.91795978531954,
                27.897201682588445
              ],
              [
                86.91795985339387,
                27.897111408361276
              ],
              [
                86.91806146303941,
                27.89711146879993
              ],
              [
                86.91806139504591,
                27.89720174303608
              ],
              [
                86.91826461450765,
                27.897201863697788
              ],
              [
                86.91826475014427,
                27.897021315225487
              ],
              [
                86.91846796927364,
                27.89702143558177
              ],
              [
                86.91846776631726,
                27.89729225829022
              ],
              [
                86.9185693761245,
                27.89729231835158
              ],
              [
                86.91856944369577,
                27.897202044124413
              ],
              [
                86.91867105342214,
                27.89720210411391
              ],
              [
                86.91867125587547,
                27.896931281405458
              ],
              [
                86.91877286535032,
                27.896931341323086
              ],
              [
                86.91877293275091,
                27.896841067086935
              ],
              [
                86.91938258911492,
                27.89684142502066
              ],
              [
                86.91938265601246,
                27.89675115077553
              ],
              [
                86.91948426532561,
                27.896751210172134
              ],
              [
                86.91948433213332,
                27.896660935927002
              ],
              [
                86.91958594135663,
                27.896660995242758
              ],
              [
                86.91958587462977,
                27.896751269487893
              ],
              [
                86.91968748394292,
                27.896751328731785
              ],
              [
                86.91968755057995,
                27.896661054486653
              ],
              [
                86.91999237826789,
                27.89666123176019
              ],
              [
                86.91999217911139,
                27.89693205448661
              ],
              [
                86.92009378859522,
                27.896932113434058
              ],
              [
                86.9200939875002,
                27.89666129070764
              ],
              [
                86.92019559672352,
                27.89666134957424
              ],
              [
                86.92019566294732,
                27.896571075329106
              ],
              [
                86.92050049038372,
                27.896571251479752
              ],
              [
                86.92050055634701,
                27.896480977234617
              ],
              [
                86.92060216540864,
                27.896481035804776
              ],
              [
                86.92060223128209,
                27.89639076155964
              ],
              [
                86.92080544924364,
                27.89639087846639
              ],
              [
                86.92080538353189,
                27.896481152720508
              ],
              [
                86.9209069925935,
                27.896481211057104
              ],
              [
                86.92090712384635,
                27.896300662557852
              ],
              [
                86.92161838610991,
                27.896301068865856
              ],
              [
                86.92161845114794,
                27.89621079461174
              ],
              [
                86.92172005995803,
                27.896210852355445
              ],
              [
                86.92172012490623,
                27.89612057810133
              ],
              [
                86.92182173363548,
                27.896120635764188
              ],
              [
                86.92182179850282,
                27.89603036151007
              ],
              [
                86.92192340715123,
                27.896030419101063
              ],
              [
                86.92192347192874,
                27.895940144846946
              ],
              [
                86.9220250804873,
                27.895940202366074
              ],
              [
                86.92202501579064,
                27.89603047662019
              ],
              [
                86.92212662443903,
                27.896030534067453
              ],
              [
                86.92212668904587,
                27.895940259813337
              ],
              [
                86.922329906172,
                27.8959403744743
              ],
              [
                86.92232997061713,
                27.8958501002112
              ],
              [
                86.92263479605029,
                27.89585027164569
              ],
              [
                86.92263486023492,
                27.89575999738259
              ],
              [
                86.92334611899504,
                27.89576039476134
              ],
              [
                86.92334605539432,
                27.895850669024437
              ],
              [
                86.9232444469166,
                27.895850612475492
              ],
              [
                86.92324438323503,
                27.89594088673859
              ],
              [
                86.92344760036116,
                27.895940999746653
              ],
              [
                86.92344766388102,
                27.895850725492537
              ],
              [
                86.92354927235874,
                27.895850781879787
              ],
              [
                86.92354933578879,
                27.89576050762567
              ],
              [
                86.92365094418565,
                27.895760563941057
              ],
              [
                86.92365100753486,
                27.895670289677955
              ],
              [
                86.92375261585087,
                27.895670345921477
              ],
              [
                86.92375267911024,
                27.895580071658376
              ],
              [
                86.92415911202399,
                27.89558029587787
              ],
              [
                86.92415917495097,
                27.895490021614773
              ],
              [
                86.92476882382303,
                27.89549035570721
              ],
              [
                86.92476888624695,
                27.895400081435128
              ],
              [
                86.92548014268944,
                27.89540046780053
              ],
              [
                86.92548020451149,
                27.895310193528445
              ],
              [
                86.9258866364371,
                27.895310412654492
              ],
              [
                86.92588657494741,
                27.89540068692658
              ],
              [
                86.9260897910764,
                27.895400796044935
              ],
              [
                86.92608985240439,
                27.895310521772853
              ],
              [
                86.92619146037904,
                27.895310576210758
              ],
              [
                86.9261915216172,
                27.895220301938675
              ],
              [
                86.92629312951999,
                27.8952203563137
              ],
              [
                86.9262930683627,
                27.895310630585783
              ],
              [
                86.92659789231364,
                27.89531079324373
              ],
              [
                86.92659795321941,
                27.895220518971648
              ],
              [
                86.92700438481263,
                27.895220734800876
              ],
              [
                86.92700432424822,
                27.895311009081944
              ],
              [
                86.92730914819916,
                27.89531117016784
              ],
              [
                86.92730920851204,
                27.895220895895758
              ],
              [
                86.92741081641483,
                27.89522094943535
              ],
              [
                86.92741075619178,
                27.895311223716416
              ],
              [
                86.92751236417543,
                27.895311277184142
              ],
              [
                86.92751242431764,
                27.895221002912056
              ],
              [
                86.92781724802603,
                27.89522116287506
              ],
              [
                86.92781718813535,
                27.895311437156128
              ],
              [
                86.92802040410264,
                27.89531154341784
              ],
              [
                86.92802034438265,
                27.895401817698907
              ],
              [
                86.9282235605296,
                27.895401923673163
              ],
              [
                86.92822362007891,
                27.895311649392095
              ],
              [
                86.92832522807154,
                27.895311702266934
              ],
              [
                86.92832516860307,
                27.895401976539016
              ],
              [
                86.92862999281452,
                27.89540213471437
              ],
              [
                86.92863005203147,
                27.895311860433306
              ],
              [
                86.92883326800774,
                27.89531196550026
              ],
              [
                86.92883332705401,
                27.895221691219195
              ],
              [
                86.92893493496578,
                27.895221743644875
              ],
              [
                86.92893499392221,
                27.895131469363807
              ],
              [
                86.92923981738807,
                27.895131626182707
              ],
              [
                86.92923975868317,
                27.895221900463774
              ],
              [
                86.92934136658596,
                27.895221952584027
              ],
              [
                86.92934142521001,
                27.89513167830296
              ],
              [
                86.92964624867587,
                27.895131834223545
              ],
              [
                86.92964613193081,
                27.895312382785676
              ],
              [
                86.92954452394716,
                27.895312330890004
              ],
              [
                86.9295444654848,
                27.895402605171068
              ],
              [
                86.92934124933785,
                27.895402501146158
              ],
              [
                86.92934119071379,
                27.895492775427225
              ],
              [
                86.92964601518575,
                27.895492931347807
              ],
              [
                86.9296458984407,
                27.895673479900957
              ],
              [
                86.92954429011569,
                27.895673428005285
              ],
              [
                86.92954417319996,
                27.89585397655843
              ],
              [
                86.92974739019132,
                27.895854080277914
              ],
              [
                86.92974744848301,
                27.89576380600583
              ],
              [
                86.92984905689785,
                27.895763857757775
              ],
              [
                86.92984923151238,
                27.89549303492356
              ],
              [
                86.92974762334906,
                27.895492983171618
              ],
              [
                86.92974773992344,
                27.895312434609483
              ],
              [
                86.92984934791606,
                27.89531248636143
              ],
              [
                86.92984940611791,
                27.895222212080363
              ],
              [
                86.93005262194147,
                27.895222315350686
              ],
              [
                86.93005267997265,
                27.895132041069623
              ],
              [
                86.9301542877946,
                27.895132092596985
              ],
              [
                86.93015434574491,
                27.895041818306936
              ],
              [
                86.93035756122711,
                27.895041921128104
              ],
              [
                86.93035750344747,
                27.895132195418153
              ],
              [
                86.93045911126943,
                27.895132246711956
              ],
              [
                86.930459226667,
                27.89495169814084
              ],
              [
                86.93056083431827,
                27.89495174937176
              ],
              [
                86.93056077670931,
                27.895042023652827
              ],
              [
                86.93066238445041,
                27.8950420748029
              ],
              [
                86.93066226939419,
                27.895222623374014
              ],
              [
                86.93056066148242,
                27.895222572223943
              ],
              [
                86.9305605462555,
                27.895403120786074
              ],
              [
                86.93076376241144,
                27.895403223014355
              ],
              [
                86.93076381985871,
                27.895312948733288
              ],
              [
                86.93086542785134,
                27.895312999730645
              ],
              [
                86.93086548520877,
                27.89522272544958
              ],
              [
                86.93096709312056,
                27.895222776375075
              ],
              [
                86.93096703584396,
                27.895313050656142
              ],
              [
                86.93117025183821,
                27.895313152282547
              ],
              [
                86.93117002340561,
                27.895674249406813
              ],
              [
                86.93106841507162,
                27.895674198634033
              ],
              [
                86.93106852945411,
                27.895493650071902
              ],
              [
                86.93066209680087,
                27.895493446217213
              ],
              [
                86.93066198174465,
                27.895673994779344
              ],
              [
                86.93076359007864,
                27.895674045857554
              ],
              [
                86.93076347518412,
                27.8958545944107
              ],
              [
                86.93066186667944,
                27.895854543332494
              ],
              [
                86.93066180915135,
                27.89594481761356
              ],
              [
                86.93076341773686,
                27.895944868682783
              ],
              [
                86.93076336028959,
                27.89603514296385
              ],
              [
                86.93025531694879,
                27.896034886827213
              ],
              [
                86.93025520120985,
                27.896215435371378
              ],
              [
                86.93005198353575,
                27.8962153323975
              ],
              [
                86.9300519254956,
                27.896305606660597
              ],
              [
                86.9299503165777,
                27.896305555061367
              ],
              [
                86.92995025845671,
                27.89639582933345
              ],
              [
                86.92984864945797,
                27.89639577765337
              ],
              [
                86.92984859124714,
                27.896486051916472
              ],
              [
                86.93035663669001,
                27.896486309553296
              ],
              [
                86.93035675225826,
                27.896305761018112
              ],
              [
                86.93055997010303,
                27.896305863542835
              ],
              [
                86.9305597972492,
                27.8965766863501
              ],
              [
                86.93045818807978,
                27.89657663511918
              ],
              [
                86.93045813037202,
                27.896666909391264
              ],
              [
                86.93035652112174,
                27.89666685808848
              ],
              [
                86.93035657890138,
                27.89657658382538
              ],
              [
                86.93015336055356,
                27.89657648099523
              ],
              [
                86.93015330260323,
                27.896666755258327
              ],
              [
                86.93025491186249,
                27.896666806704843
              ],
              [
                86.93025485399302,
                27.896757080976926
              ],
              [
                86.93005163530383,
                27.896756977994063
              ],
              [
                86.93005169334398,
                27.896666703730965
              ],
              [
                86.92984847483446,
                27.896666600451656
              ],
              [
                86.9298483584128,
                27.896847148977855
              ],
              [
                86.92974674899185,
                27.896847097225912
              ],
              [
                86.92974669070017,
                27.89693737148003
              ],
              [
                86.92964508118939,
                27.896937319656217
              ],
              [
                86.92964502280788,
                27.89702759391932
              ],
              [
                86.92944180362461,
                27.897027490038138
              ],
              [
                86.92944186216782,
                27.89693721577504
              ],
              [
                86.92903542414265,
                27.89693700712335
              ],
              [
                86.92903548301824,
                27.896846732860247
              ],
              [
                86.9287306547554,
                27.896846575583208
              ],
              [
                86.9287305956193,
                27.896936849837324
              ],
              [
                86.92893381463188,
                27.896936954769533
              ],
              [
                86.92893375566646,
                27.89702722902365
              ],
              [
                86.92862892689158,
                27.897027071522032
              ],
              [
                86.92862898610852,
                27.89693679725893
              ],
              [
                86.92852737660672,
                27.896936744608674
              ],
              [
                86.92852749521128,
                27.896756196091456
              ],
              [
                86.92883232323159,
                27.896756353826635
              ],
              [
                86.9288324413331,
                27.896575805300436
              ],
              [
                86.9284260046554,
                27.89657559484313
              ],
              [
                86.92842612343065,
                27.896395046316933
              ],
              [
                86.9285277324294,
                27.89639509904804
              ],
              [
                86.92852785103396,
                27.89621455051286
              ],
              [
                86.92873106869908,
                27.89621465574151
              ],
              [
                86.92873112783518,
                27.896124381469427
              ],
              [
                86.92832469284632,
                27.89612417072466
              ],
              [
                86.9283247523148,
                27.89603389645258
              ],
              [
                86.92842636097217,
                27.89603394925555
              ],
              [
                86.9284264203598,
                27.895943674983467
              ],
              [
                86.92822320320673,
                27.895943569314642
              ],
              [
                86.9282230840991,
                27.896124117849823
              ],
              [
                86.92812147535189,
                27.89612406490312
              ],
              [
                86.92812135607359,
                27.896304613429322
              ],
              [
                86.92801974715569,
                27.89630456041075
              ],
              [
                86.9280196277067,
                27.896485108936954
              ],
              [
                86.92781640953854,
                27.896485002657272
              ],
              [
                86.92781622985751,
                27.896755825437587
              ],
              [
                86.92751140185518,
                27.8967556654656
              ],
              [
                86.92751146199738,
                27.8966653912025
              ],
              [
                86.92700341575502,
                27.89666512308234
              ],
              [
                86.92700353689284,
                27.89648457456512
              ],
              [
                86.92710514597242,
                27.896484628338275
              ],
              [
                86.92710520645599,
                27.896394354075177
              ],
              [
                86.92700359745724,
                27.896394300302024
              ],
              [
                86.92700377915948,
                27.896123477512724
              ],
              [
                86.92710538790669,
                27.896123531285877
              ],
              [
                86.92710544838128,
                27.896033257022776
              ],
              [
                86.92730866570503,
                27.896033364344504
              ],
              [
                86.92730860539214,
                27.8961236386076
              ],
              [
                86.92741021413038,
                27.896123692156177
              ],
              [
                86.92741027436242,
                27.89603341789308
              ],
              [
                86.92781670900092,
                27.896033631332788
              ],
              [
                86.92781664911024,
                27.89612390560487
              ],
              [
                86.92801986660467,
                27.89612401187557
              ],
              [
                86.92802022494264,
                27.895582366252057
              ],
              [
                86.92761379198397,
                27.895582153414217
              ],
              [
                86.92761373192262,
                27.8956724276863
              ],
              [
                86.9274105152816,
                27.89567232081373
              ],
              [
                86.92741057550465,
                27.895582046541648
              ],
              [
                86.92730896726947,
                27.895581992993073
              ],
              [
                86.92730908789525,
                27.895401444448908
              ],
              [
                86.92710587175728,
                27.89540133712718
              ],
              [
                86.9271058112737,
                27.89549161139926
              ],
              [
                86.92700420311938,
                27.89549155762611
              ],
              [
                86.92700414255496,
                27.89558183189819
              ],
              [
                86.92659770960529,
                27.895581616068963
              ],
              [
                86.9265976487085,
                27.895671890341045
              ],
              [
                86.92629282374246,
                27.895671727674113
              ],
              [
                86.92629276259413,
                27.895762001937214
              ],
              [
                86.926394370991,
                27.895762056240372
              ],
              [
                86.92639430992354,
                27.895852330503473
              ],
              [
                86.92659752689694,
                27.89585243887623
              ],
              [
                86.92659746600015,
                27.895942713139327
              ],
              [
                86.92690229172076,
                27.895942875132523
              ],
              [
                86.92690223106652,
                27.896033149404605
              ],
              [
                86.92680062240913,
                27.89603309547874
              ],
              [
                86.92680037946874,
                27.896394192531137
              ],
              [
                86.92669877047001,
                27.896394138533406
              ],
              [
                86.9266985880042,
                27.89666496131372
              ],
              [
                86.92690180650474,
                27.896665069237322
              ],
              [
                86.92690168519626,
                27.896845617745555
              ],
              [
                86.92669846636333,
                27.896845509821954
              ],
              [
                86.92669852718826,
                27.896755235567838
              ],
              [
                86.92659691785714,
                27.896755181498243
              ],
              [
                86.92659685695136,
                27.89684545575236
              ],
              [
                86.92639363811845,
                27.896845347379603
              ],
              [
                86.92639357704199,
                27.89693562163372
              ],
              [
                86.9261903580384,
                27.896935512955537
              ],
              [
                86.92619011306782,
                27.897296609963018
              ],
              [
                86.92578367372214,
                27.897296391708338
              ],
              [
                86.92578355055413,
                27.897476940198604
              ],
              [
                86.92588516055898,
                27.897476994879057
              ],
              [
                86.92588509906031,
                27.89756726912419
              ],
              [
                86.92578348897462,
                27.89756721444374
              ],
              [
                86.92578342738612,
                27.89765748868887
              ],
              [
                86.92568181721957,
                27.897657433936555
              ],
              [
                86.92568169388088,
                27.89783798242682
              ],
              [
                86.92558008353465,
                27.897837927593656
              ],
              [
                86.92558002178447,
                27.89792820183879
              ],
              [
                86.92537680093932,
                27.897928091956864
              ],
              [
                86.9253766770886,
                27.898108640429164
              ],
              [
                86.92547828768633,
                27.898108695406062
              ],
              [
                86.92547822584632,
                27.898198969642213
              ],
              [
                86.9255798365249,
                27.898199024547242
              ],
              [
                86.92557977477472,
                27.898289298783393
              ],
              [
                86.9252749424874,
                27.898289133852707
              ],
              [
                86.9252748804767,
                27.898379408079872
              ],
              [
                86.92517326963642,
                27.898379352959246
              ],
              [
                86.92517339381952,
                27.898198804486945
              ],
              [
                86.92527500448914,
                27.898198859616556
              ],
              [
                86.92527506649984,
                27.898108585380406
              ],
              [
                86.92507184531333,
                27.898108475058304
              ],
              [
                86.92507178314094,
                27.898198749294455
              ],
              [
                86.92497017246234,
                27.898198694012134
              ],
              [
                86.9249701102001,
                27.898288968248284
              ],
              [
                86.92486849944066,
                27.898288912894095
              ],
              [
                86.92486837475451,
                27.89846946135741
              ],
              [
                86.92466515289426,
                27.89846935043344
              ],
              [
                86.9246650903805,
                27.898559624660606
              ],
              [
                86.92456347936954,
                27.89855956908184
              ],
              [
                86.92456304117134,
                27.899191488654044
              ],
              [
                86.92466465277519,
                27.89919154423281
              ],
              [
                86.92466459026143,
                27.899281818450994
              ],
              [
                86.92476620194614,
                27.899281873948915
              ],
              [
                86.9247661395222,
                27.89937214817608
              ],
              [
                86.92486775128776,
                27.899372203602134
              ],
              [
                86.92486787598291,
                27.899191655165765
              ],
              [
                86.92476626437906,
                27.89919159973073
              ],
              [
                86.92476651410172,
                27.898830502840028
              ],
              [
                86.9248681253732,
                27.89883055826608
              ],
              [
                86.92486818771629,
                27.898740284047896
              ],
              [
                86.92517302126123,
                27.898740449876897
              ],
              [
                86.92517283498657,
                27.899011272549416
              ],
              [
                86.92527444641975,
                27.899011327679027
              ],
              [
                86.92527438440904,
                27.899101601906192
              ],
              [
                86.92557921897806,
                27.89910176683688
              ],
              [
                86.92557928072826,
                27.899011492609713
              ],
              [
                86.92588411504575,
                27.899011656875643
              ],
              [
                86.9258840535381,
                27.899101931102813
              ],
              [
                86.92598566506112,
                27.899101985702416
              ],
              [
                86.92598554222548,
                27.899282534147765
              ],
              [
                86.9256807071534,
                27.899282370115394
              ],
              [
                86.92568064547507,
                27.899372644333578
              ],
              [
                86.9252741983859,
                27.899372424560745
              ],
              [
                86.92527413637521,
                27.89946269878791
              ],
              [
                86.92517252451084,
                27.899462643658303
              ],
              [
                86.92517246241928,
                27.899552917867503
              ],
              [
                86.92456279077494,
                27.89955258552678
              ],
              [
                86.92456266556775,
                27.899733133954165
              ],
              [
                86.92435944135393,
                27.899733022572054
              ],
              [
                86.92435937857965,
                27.899823296781253
              ],
              [
                86.92405454200738,
                27.89982312914664
              ],
              [
                86.92405447898159,
                27.89991340335584
              ],
              [
                86.923952866704,
                27.899913347327917
              ],
              [
                86.92395261426842,
                27.900274444146753
              ],
              [
                86.92415583949733,
                27.90027455613972
              ],
              [
                86.92415577656136,
                27.900364830339935
              ],
              [
                86.92435900195198,
                27.900364942027476
              ],
              [
                86.92435887641243,
                27.900545490427913
              ],
              [
                86.92425726354195,
                27.900545434624565
              ],
              [
                86.92425732639707,
                27.900455160424347
              ],
              [
                86.92405410083576,
                27.900455048584096
              ],
              [
                86.92405416386157,
                27.900364774383878
              ],
              [
                86.92385093846197,
                27.90036466224718
              ],
              [
                86.92385087527447,
                27.90045493645638
              ],
              [
                86.92374926249381,
                27.900454880275742
              ],
              [
                86.9237491992075,
                27.90054515447596
              ],
              [
                86.92354597348451,
                27.90054504189011
              ],
              [
                86.92354603693252,
                27.90045476768989
              ],
              [
                86.92324119859057,
                27.90045459824966
              ],
              [
                86.92324100748297,
                27.90072542084133
              ],
              [
                86.92303778141863,
                27.900725307509873
              ],
              [
                86.92303790915905,
                27.90054475910944
              ],
              [
                86.92263145771307,
                27.90054453154821
              ],
              [
                86.9226313292989,
                27.90072507993966
              ],
              [
                86.92252971626671,
                27.90072502286071
              ],
              [
                86.92252965197429,
                27.900815297051945
              ],
              [
                86.92242803886127,
                27.900815239901124
              ],
              [
                86.922427974479,
                27.90090551409236
              ],
              [
                86.92232636128513,
                27.900905456860695
              ],
              [
                86.92232642574824,
                27.900815182669458
              ],
              [
                86.92202158640018,
                27.9008150105253
              ],
              [
                86.92202152168554,
                27.900905284725518
              ],
              [
                86.9218182952978,
                27.900905169588448
              ],
              [
                86.92181823041248,
                27.900995443779685
              ],
              [
                86.92171661712878,
                27.90099538609886
              ],
              [
                86.92171668209494,
                27.900905111907626
              ],
              [
                86.92141184251331,
                27.900904938415994
              ],
              [
                86.92141177728664,
                27.900995212607228
              ],
              [
                86.92080209761136,
                27.90099486361174
              ],
              [
                86.9208020318906,
                27.90108513779399
              ],
              [
                86.92070041852605,
                27.901085079367565
              ],
              [
                86.92070048433663,
                27.90099480517633
              ],
              [
                86.92019241794505,
                27.900994511912323
              ],
              [
                86.92019248417783,
                27.90090423772109
              ],
              [
                86.91998925779907,
                27.900904119889073
              ],
              [
                86.9199891913956,
                27.900994394080307
              ],
              [
                86.91988757812088,
                27.90099433505201
              ],
              [
                86.91988744515226,
                27.901174883425497
              ],
              [
                86.91958260481604,
                27.901174705882465
              ],
              [
                86.91958267156086,
                27.901084431700212
              ],
              [
                86.91948105819631,
                27.901084372375472
              ],
              [
                86.91948099137961,
                27.90117464655772
              ],
              [
                86.91927776448881,
                27.901174527674677
              ],
              [
                86.91927783148518,
                27.901084253492424
              ],
              [
                86.91937944484074,
                27.901084312969882
              ],
              [
                86.91937951174727,
                27.90099403878763
              ],
              [
                86.91958273829671,
                27.90099415751796
              ],
              [
                86.91958280503255,
                27.900903883326727
              ],
              [
                86.91948119183868,
                27.900903824001986
              ],
              [
                86.91948125866435,
                27.900813549819734
              ],
              [
                86.91927803245626,
                27.90081343093669
              ],
              [
                86.91927809944363,
                27.900723156745453
              ],
              [
                86.91948132549003,
                27.9007232756285
              ],
              [
                86.91948145913238,
                27.90054272724603
              ],
              [
                86.91968468483742,
                27.900542845823647
              ],
              [
                86.91968461818243,
                27.90063312001488
              ],
              [
                86.91958300524009,
                27.900633060762004
              ],
              [
                86.91958293850423,
                27.90072333495324
              ],
              [
                86.91968455152742,
                27.900723394206118
              ],
              [
                86.91968448487243,
                27.90081366839735
              ],
              [
                86.91978609798547,
                27.900813727578363
              ],
              [
                86.91978603141132,
                27.900904001760612
              ],
              [
                86.9198876446052,
                27.900904060860775
              ],
              [
                86.9198877110895,
                27.900813786678526
              ],
              [
                86.91998932419355,
                27.90081384570682
              ],
              [
                86.91998945700048,
                27.900633297324354
              ],
              [
                86.91988784405814,
                27.900633238296056
              ],
              [
                86.91988791054246,
                27.900542964104822
              ],
              [
                86.91978629768994,
                27.90054290500466
              ],
              [
                86.9197863642551,
                27.900452630813422
              ],
              [
                86.91927830041473,
                27.900452334180734
              ],
              [
                86.91927823342736,
                27.900542608371968
              ],
              [
                86.91897339486982,
                27.900542429490446
              ],
              [
                86.91897346210871,
                27.900452155299213
              ],
              [
                86.91887184934603,
                27.900452095525313
              ],
              [
                86.91887191666578,
                27.900361821334076
              ],
              [
                86.91897352934761,
                27.900361881107976
              ],
              [
                86.91897359659549,
                27.900271606916743
              ],
              [
                86.91917682178848,
                27.90027172623996
              ],
              [
                86.91917675472027,
                27.900362000431198
              ],
              [
                86.91937998008393,
                27.90036211945797
              ],
              [
                86.91938004699045,
                27.900271845266737
              ],
              [
                86.91978649738542,
                27.90027208242197
              ],
              [
                86.91978643082027,
                27.900362356613208
              ],
              [
                86.92009126887474,
                27.900362533698097
              ],
              [
                86.92009120256111,
                27.900452807889334
              ],
              [
                86.92019281533278,
                27.900452866764915
              ],
              [
                86.9201926166434,
                27.900723689347604
              ],
              [
                86.9202942296666,
                27.90072374815132
              ],
              [
                86.92029416352365,
                27.900814022342555
              ],
              [
                86.92070061595778,
                27.900814256802846
              ],
              [
                86.9207005501472,
                27.90090453099408
              ],
              [
                86.92080216334108,
                27.900904589420506
              ],
              [
                86.92080229479156,
                27.900724041038035
              ],
              [
                86.92070068176837,
                27.90072398261161
              ],
              [
                86.92070074756995,
                27.900633708420376
              ],
              [
                86.92049752169424,
                27.90063359133396
              ],
              [
                86.92049758766652,
                27.900543317142727
              ],
              [
                86.92039597481401,
                27.900543258491723
              ],
              [
                86.92039623906243,
                27.90018216170882
              ],
              [
                86.92049785157359,
                27.900182220359824
              ],
              [
                86.92049765364779,
                27.900453042951494
              ],
              [
                86.92070087919112,
                27.900453160028924
              ],
              [
                86.92070094500168,
                27.90036288583769
              ],
              [
                86.92080255768353,
                27.900362944264117
              ],
              [
                86.92080249196277,
                27.90045321845535
              ],
              [
                86.92090410473445,
                27.900453276809912
              ],
              [
                86.92090403909455,
                27.900543551010127
              ],
              [
                86.92100565195605,
                27.90054360928384
              ],
              [
                86.92100552083795,
                27.900724157675292
              ],
              [
                86.92110713387012,
                27.90072421587714
              ],
              [
                86.92110706839192,
                27.900814490068374
              ],
              [
                86.92120868150495,
                27.90081454819836
              ],
              [
                86.92120874689331,
                27.90072427400712
              ],
              [
                86.92131035991652,
                27.900724332056257
              ],
              [
                86.92131042522404,
                27.900634057865023
              ],
              [
                86.92141203816638,
                27.90063411584229
              ],
              [
                86.92141210338407,
                27.900543841651057
              ],
              [
                86.92131049052257,
                27.900543783664805
              ],
              [
                86.92131055583009,
                27.900453509473568
              ],
              [
                86.92120894305843,
                27.900453451424436
              ],
              [
                86.92120900843781,
                27.900363177224218
              ],
              [
                86.92151384651027,
                27.900363351156024
              ],
              [
                86.92151391164711,
                27.900273076955806
              ],
              [
                86.9216155242481,
                27.900273134789344
              ],
              [
                86.9216156543511,
                27.900092586388908
              ],
              [
                86.9215140419118,
                27.90009252855537
              ],
              [
                86.92151417217651,
                27.899911980154936
              ],
              [
                86.92141255990789,
                27.899911922249533
              ],
              [
                86.92141262512558,
                27.899821648049315
              ],
              [
                86.92151423730436,
                27.899821705945733
              ],
              [
                86.92151430244121,
                27.89973143174552
              ],
              [
                86.92161591453913,
                27.899731489570073
              ],
              [
                86.92161584949213,
                27.89982176377029
              ],
              [
                86.92192068604643,
                27.89982193680378
              ],
              [
                86.9219207508419,
                27.89973166259458
              ],
              [
                86.92202236293984,
                27.899731720122688
              ],
              [
                86.9220222982342,
                27.89982199433189
              ],
              [
                86.92212391042194,
                27.899822051788135
              ],
              [
                86.92212384578816,
                27.899912325988353
              ],
              [
                86.92222545806575,
                27.899912383363752
              ],
              [
                86.92222558714468,
                27.89973183495433
              ],
              [
                86.9223271992516,
                27.899731892257865
              ],
              [
                86.92232713478849,
                27.899822166467064
              ],
              [
                86.92242874697625,
                27.89982222368975
              ],
              [
                86.92242868260298,
                27.89991249789895
              ],
              [
                86.92263190714918,
                27.89991261212872
              ],
              [
                86.92263216395956,
                27.89955151529192
              ],
              [
                86.92242894009607,
                27.899551401062148
              ],
              [
                86.9224291332069,
                27.89928057842556
              ],
              [
                86.92232752153119,
                27.899280521202876
              ],
              [
                86.92232758598531,
                27.89919024698469
              ],
              [
                86.92222597439044,
                27.89919018968116
              ],
              [
                86.9222260389254,
                27.89909991547196
              ],
              [
                86.92212442741138,
                27.899099858096562
              ],
              [
                86.92212449203618,
                27.899009583878378
              ],
              [
                86.92222610346936,
                27.899009641253777
              ],
              [
                86.92222616800433,
                27.898919367035592
              ],
              [
                86.92253100203436,
                27.898919538712626
              ],
              [
                86.9225310663178,
                27.89882926449444
              ],
              [
                86.92242945506429,
                27.898829207343624
              ],
              [
                86.92242951942858,
                27.898738933116455
              ],
              [
                86.92222629708326,
                27.898738818599224
              ],
              [
                86.92222636161823,
                27.898648544372058
              ],
              [
                86.92212475052641,
                27.89864848699666
              ],
              [
                86.92212462128579,
                27.89882903544201
              ],
              [
                86.9220230100233,
                27.89882897799475
              ],
              [
                86.92202294531764,
                27.89891925221293
              ],
              [
                86.9219213339743,
                27.898919194684822
              ],
              [
                86.92192126918779,
                27.899009468903007
              ],
              [
                86.92181965775463,
                27.89900941130303
              ],
              [
                86.9218195928783,
                27.899099685521215
              ],
              [
                86.92161636985922,
                27.899099570096684
              ],
              [
                86.92161643490623,
                27.8990092958785
              ],
              [
                86.92151482348204,
                27.899009238053942
              ],
              [
                86.92151469321733,
                27.89918978648133
              ],
              [
                86.92171791640709,
                27.899189902058573
              ],
              [
                86.92171772152656,
                27.89946072469516
              ],
              [
                86.92161610968017,
                27.89946066694247
              ],
              [
                86.92161604463315,
                27.89955094115167
              ],
              [
                86.9212095969062,
                27.89955070939531
              ],
              [
                86.9212095315268,
                27.89964098360451
              ],
              [
                86.92100630749265,
                27.899640867281665
              ],
              [
                86.92100624194258,
                27.899731141481883
              ],
              [
                86.9211078540405,
                27.89973119968373
              ],
              [
                86.92110778857129,
                27.89982147389293
              ],
              [
                86.92120940075905,
                27.899821532013927
              ],
              [
                86.92120926998231,
                27.90000208042335
              ],
              [
                86.92110765763285,
                27.900002022293364
              ],
              [
                86.92110772310207,
                27.89991174809315
              ],
              [
                86.92090449857383,
                27.899911631617588
              ],
              [
                86.92090456420475,
                27.89982135741737
              ],
              [
                86.92059972765942,
                27.89982118213809
              ],
              [
                86.92059966176801,
                27.89991145633831
              ],
              [
                86.92039643723976,
                27.899911339108165
              ],
              [
                86.92039656935499,
                27.89973079070773
              ],
              [
                86.91999012097226,
                27.899730555349127
              ],
              [
                86.91999018736674,
                27.89964028114891
              ],
              [
                86.91978696335055,
                27.899640163020447
              ],
              [
                86.91978702991571,
                27.899549888820232
              ],
              [
                86.91988864184296,
                27.89954994792039
              ],
              [
                86.9198887748026,
                27.899369399510974
              ],
              [
                86.91968555128048,
                27.899369281229802
              ],
              [
                86.91968568458148,
                27.89918873282038
              ],
              [
                86.91958407298661,
                27.899188673567508
              ],
              [
                86.91958413972245,
                27.899098399358305
              ],
              [
                86.91938091671237,
                27.89909828063696
              ],
              [
                86.9193809836189,
                27.899008006427756
              ],
              [
                86.91917776077949,
                27.899007887409965
              ],
              [
                86.9191778278477,
                27.89891761319178
              ],
              [
                86.91938105051644,
                27.898917732218557
              ],
              [
                86.9193811843115,
                27.89873718379117
              ],
              [
                86.91907635082046,
                27.89873700514321
              ],
              [
                86.9190762836624,
                27.898827279361395
              ],
              [
                86.91887306116436,
                27.898827159894445
              ],
              [
                86.91887312848411,
                27.89873688567626
              ],
              [
                86.91877151732044,
                27.898736825830497
              ],
              [
                86.91877144991983,
                27.898827100039696
              ],
              [
                86.91856822742179,
                27.89882698012359
              ],
              [
                86.91856836256434,
                27.898646431696207
              ],
              [
                86.9184667514905,
                27.898646371625862
              ],
              [
                86.91846681914262,
                27.898556097416662
              ],
              [
                86.91836520814961,
                27.89855603726547
              ],
              [
                86.91836514040766,
                27.898646311483652
              ],
              [
                86.91826352933381,
                27.898646251260597
              ],
              [
                86.91826346150202,
                27.898736525469797
              ],
              [
                86.91806023918365,
                27.89873640480809
              ],
              [
                86.91806030717713,
                27.898646130589906
              ],
              [
                86.91795869610327,
                27.898646070151255
              ],
              [
                86.91795862801996,
                27.898736344360454
              ],
              [
                86.91785701685627,
                27.898736283840954
              ],
              [
                86.91785694869212,
                27.898826558050153
              ],
              [
                86.91765372620306,
                27.898826436786575
              ],
              [
                86.91765365786821,
                27.898916710995774
              ],
              [
                86.91755204654282,
                27.89891665024271
              ],
              [
                86.91755197812714,
                27.899006924451914
              ],
              [
                86.91745036671193,
                27.899006863635968
              ],
              [
                86.91745043521745,
                27.89891658942677
              ],
              [
                86.91734882388309,
                27.898916528529973
              ],
              [
                86.91734889246946,
                27.898826254320774
              ],
              [
                86.91724728122493,
                27.898826193352114
              ],
              [
                86.91724734989215,
                27.898735919142915
              ],
              [
                86.91714573873745,
                27.898735858093406
              ],
              [
                86.9171456699804,
                27.89882613230261
              ],
              [
                86.91704405873587,
                27.898826071181237
              ],
              [
                86.91704398989798,
                27.898916345390436
              ],
              [
                86.91684076724721,
                27.898916222923116
              ],
              [
                86.91684062923005,
                27.899096771332534
              ],
              [
                86.91663740623794,
                27.899096648568765
              ],
              [
                86.91663719870914,
                27.8993674711784
              ],
              [
                86.91673881045672,
                27.89936753259622
              ],
              [
                86.9167387413673,
                27.899457806796438
              ],
              [
                86.91653551770145,
                27.899457683879955
              ],
              [
                86.91653537917225,
                27.899638232271407
              ],
              [
                86.91643376717313,
                27.89963817070088
              ],
              [
                86.91643369783218,
                27.899728444901097
              ],
              [
                86.91633208574322,
                27.89972838324972
              ],
              [
                86.91633229403558,
                27.89945756065805
              ],
              [
                86.91602745855027,
                27.89945737527272
              ],
              [
                86.91602731917666,
                27.899637923664176
              ],
              [
                86.91592570717755,
                27.899637861716354
              ],
              [
                86.91592563741439,
                27.899728135907587
              ],
              [
                86.91572241324548,
                27.89972801179635
              ],
              [
                86.91572248317932,
                27.89963773759613
              ],
              [
                86.91562087118919,
                27.89963767542373
              ],
              [
                86.91562080116552,
                27.899727949623948
              ],
              [
                86.91531596491664,
                27.899727762657587
              ],
              [
                86.91531603519184,
                27.899637488466354
              ],
              [
                86.91551925919008,
                27.899637613179465
              ],
              [
                86.91551939939912,
                27.899457064788013
              ],
              [
                86.91541778757069,
                27.89945700247188
              ],
              [
                86.91541792795041,
                27.899276454071444
              ],
              [
                86.91531631629266,
                27.899276391683447
              ],
              [
                86.91531638656787,
                27.899186117483232
              ],
              [
                86.9154179981358,
                27.89918617988021
              ],
              [
                86.91541813851552,
                27.899005631470793
              ],
              [
                86.9153165271093,
                27.899005569082796
              ],
              [
                86.91531659738449,
                27.898915294873593
              ],
              [
                86.91521498605911,
                27.89891523240475
              ],
              [
                86.91521484534701,
                27.899095780814168
              ],
              [
                86.91511323385994,
                27.899095718264476
              ],
              [
                86.91511351561653,
                27.898734621454622
              ],
              [
                86.9150119044708,
                27.898734558842047
              ],
              [
                86.9150120455153,
                27.898554010423645
              ],
              [
                86.91511365649932,
                27.898554073045204
              ],
              [
                86.91511372693621,
                27.898463798836
              ],
              [
                86.91521533783938,
                27.89846386137671
              ],
              [
                86.91521519712728,
                27.898644409795114
              ],
              [
                86.91562164140471,
                27.898644659221336
              ],
              [
                86.91562143135165,
                27.898915481830972
              ],
              [
                86.91572304267703,
                27.898915544003373
              ],
              [
                86.91572290280035,
                27.89909609241279
              ],
              [
                86.91551967981722,
                27.899095967996125
              ],
              [
                86.9155196097127,
                27.899186242196343
              ],
              [
                86.91582444444342,
                27.89918642870456
              ],
              [
                86.91582437459041,
                27.89927670290478
              ],
              [
                86.91592598624818,
                27.899276764924466
              ]
            ],
            [
              [
                86.91531659738449,
                27.898915294873593
              ],
              [
                86.91531666765071,
                27.898825020673378
              ],
              [
                86.91541827889525,
                27.898825083070356
              ],
              [
                86.91541820870088,
                27.898915357270575
              ],
              [
                86.91531659738449,
                27.898915294873593
              ]
            ],
            [
              [
                86.91592598624818,
                27.899276764924466
              ],
              [
                86.91602759791492,
                27.89927682687229
              ],
              [
                86.9160275282326,
                27.899367101072507
              ],
              [
                86.91592591648501,
                27.899367039124684
              ],
              [
                86.91592598624818,
                27.899276764924466
              ]
            ],
            [
              [
                86.9185693761245,
                27.89729231835158
              ],
              [
                86.91877259575692,
                27.897292438267687
              ],
              [
                86.91877252835631,
                27.897382712494856
              ],
              [
                86.9185693085622,
                27.897382592587732
              ],
              [
                86.9185693761245,
                27.89729231835158
              ]
            ],
            [
              [
                86.92527438440904,
                27.899101601906192
              ],
              [
                86.92527432240732,
                27.899191876124377
              ],
              [
                86.92517271079448,
                27.89919182099477
              ],
              [
                86.92517264870293,
                27.89928209521295
              ],
              [
                86.92507103701823,
                27.899282040011478
              ],
              [
                86.925071161372,
                27.89910149157511
              ],
              [
                86.92527438440904,
                27.899101601906192
              ]
            ],
            [
              [
                86.92537680093932,
                27.897928091956864
              ],
              [
                86.92527519051225,
                27.897928036908105
              ],
              [
                86.92527512850155,
                27.898018311144256
              ],
              [
                86.92517351799364,
                27.89801825602363
              ],
              [
                86.92517364217674,
                27.897837707542344
              ],
              [
                86.92537686286019,
                27.897837817720713
              ],
              [
                86.92537680093932,
                27.897928091956864
              ]
            ],
            [
              [
                86.91714594499962,
                27.898465035456823
              ],
              [
                86.91714615125281,
                27.89819421281125
              ],
              [
                86.91734937256508,
                27.89819433482942
              ],
              [
                86.91734957830623,
                27.897923512174867
              ],
              [
                86.91755279911544,
                27.89792363387862
              ],
              [
                86.91755259386836,
                27.898194456542157
              ],
              [
                86.91745098321672,
                27.89819439572621
              ],
              [
                86.91745077771812,
                27.89846521837178
              ],
              [
                86.91714594499962,
                27.898465035456823
              ]
            ],
            [
              [
                86.91734896105584,
                27.89873598011157
              ],
              [
                86.91734902964221,
                27.89864570590237
              ],
              [
                86.91745064071605,
                27.898645766799167
              ],
              [
                86.91745057221952,
                27.898736041008366
              ],
              [
                86.91734896105584,
                27.89873598011157
              ]
            ],
            [
              [
                86.91755218337421,
                27.898736101824312
              ],
              [
                86.9175523202056,
                27.89855555340591
              ],
              [
                86.9176539311986,
                27.898555614149988
              ],
              [
                86.91765413619414,
                27.89828479150442
              ],
              [
                86.91775574693563,
                27.898284852176634
              ],
              [
                86.91775567869061,
                27.898375126385833
              ],
              [
                86.91795890033525,
                27.898375247505683
              ],
              [
                86.9179589684096,
                27.8982849732875
              ],
              [
                86.91806057915106,
                27.898285033735135
              ],
              [
                86.91806051115758,
                27.89837530795332
              ],
              [
                86.9182637328112,
                27.89837542861503
              ],
              [
                86.91826366497942,
                27.898465702833214
              ],
              [
                86.91795883225194,
                27.898465521723868
              ],
              [
                86.91795876417761,
                27.89855579593307
              ],
              [
                86.9178571531846,
                27.89855573541357
              ],
              [
                86.91785708502044,
                27.89864600962277
              ],
              [
                86.91775547394658,
                27.898645949031405
              ],
              [
                86.91775540570158,
                27.898736223240604
              ],
              [
                86.91755218337421,
                27.898736101824312
              ]
            ],
            [
              [
                86.91816246152511,
                27.897923997220204
              ],
              [
                86.9181625973414,
                27.897743448774854
              ],
              [
                86.91826420757981,
                27.897743509069773
              ],
              [
                86.91826407192522,
                27.897924057515127
              ],
              [
                86.91816246152511,
                27.897923997220204
              ]
            ],
            [
              [
                86.91826380063401,
                27.898285154396845
              ],
              [
                86.91826400410243,
                27.89801433173331
              ],
              [
                86.91846722508231,
                27.898014452098575
              ],
              [
                86.91846708976908,
                27.898195000543925
              ],
              [
                86.91836547911744,
                27.89819494040172
              ],
              [
                86.91836541137548,
                27.8982852146199
              ],
              [
                86.91826380063401,
                27.898285154396845
              ]
            ],
            [
              [
                86.9186702435999,
                27.898285394830932
              ],
              [
                86.91867037857178,
                27.89810484638558
              ],
              [
                86.91887359972235,
                27.898104966148974
              ],
              [
                86.9188735324026,
                27.89819524037614
              ],
              [
                86.91897514306322,
                27.898195300141055
              ],
              [
                86.91897507582432,
                27.898285574368224
              ],
              [
                86.9186702435999,
                27.898285394830932
              ]
            ],
            [
              [
                86.91887413825337,
                27.89738277234062
              ],
              [
                86.91887420557312,
                27.89729249810447
              ],
              [
                86.91897581538933,
                27.89729255787837
              ],
              [
                86.91897588261925,
                27.89720228364222
              ],
              [
                86.9190774923546,
                27.89720234333527
              ],
              [
                86.9190775594947,
                27.89711206909912
              ],
              [
                86.91917916914022,
                27.897112128720305
              ],
              [
                86.91917923620844,
                27.897021854484155
              ],
              [
                86.91968728402286,
                27.89702215144922
              ],
              [
                86.91968721738584,
                27.89711242568537
              ],
              [
                86.91978882704035,
                27.8971124848574
              ],
              [
                86.91978889358754,
                27.897022210612263
              ],
              [
                86.91989050316121,
                27.897022269712426
              ],
              [
                86.91989037021055,
                27.897202818184727
              ],
              [
                86.91978876048417,
                27.89720275909355
              ],
              [
                86.91978869392798,
                27.8972930333297
              ],
              [
                86.91958547428659,
                27.897292914913777
              ],
              [
                86.91958540755972,
                27.897383189149927
              ],
              [
                86.91948379766266,
                27.897383129825187
              ],
              [
                86.91948366403827,
                27.897563678288503
              ],
              [
                86.91928044390279,
                27.897563559423425
              ],
              [
                86.91928051088118,
                27.89747328519626
              ],
              [
                86.91907729090741,
                27.897473166034736
              ],
              [
                86.91907735805647,
                27.897382891798586
              ],
              [
                86.91887413825337,
                27.89738277234062
              ]
            ],
            [
              [
                86.91958507393441,
                27.897834560294747
              ],
              [
                86.91958514066127,
                27.89774428606758
              ],
              [
                86.9197883611381,
                27.8977444044835
              ],
              [
                86.91978829458193,
                27.897834678710666
              ],
              [
                86.91958507393441,
                27.897834560294747
              ]
            ],
            [
              [
                86.9197880949044,
                27.89810550139217
              ],
              [
                86.91978816146059,
                27.898015227165
              ],
              [
                86.91988977195054,
                27.898015286256182
              ],
              [
                86.9198897054752,
                27.898105560483348
              ],
              [
                86.9197880949044,
                27.89810550139217
              ]
            ],
            [
              [
                86.9197890266999,
                27.896841662139963
              ],
              [
                86.91978909325609,
                27.89675138789483
              ],
              [
                86.91989070256923,
                27.89675144698601
              ],
              [
                86.91989063610289,
                27.896841721231144
              ],
              [
                86.9197890266999,
                27.896841662139963
              ]
            ],
            [
              [
                86.91999071853158,
                27.8989180874753
              ],
              [
                86.91999091770604,
                27.898647264829734
              ],
              [
                86.92009252878889,
                27.898647323777183
              ],
              [
                86.92009232986595,
                27.89891814642275
              ],
              [
                86.91999071853158,
                27.8989180874753
              ]
            ],
            [
              [
                86.92019500076319,
                27.897473817717557
              ],
              [
                86.92019506697801,
                27.897383543490392
              ],
              [
                86.92029667688405,
                27.897383602285128
              ],
              [
                86.92029661075007,
                27.897473876512294
              ],
              [
                86.92019500076319,
                27.897473817717557
              ]
            ],
            [
              [
                86.92019519941663,
                27.89720299501809
              ],
              [
                86.92019526564043,
                27.89711272078194
              ],
              [
                86.92039848494048,
                27.897112838290564
              ],
              [
                86.92039841888734,
                27.897203112526714
              ],
              [
                86.92019519941663,
                27.89720299501809
              ]
            ],
            [
              [
                86.92039676753232,
                27.89945996808911
              ],
              [
                86.92039683359444,
                27.89936969387991
              ],
              [
                86.920498445351,
                27.899369752530916
              ],
              [
                86.92049837937873,
                27.899460026740115
              ],
              [
                86.92039676753232,
                27.89945996808911
              ]
            ],
            [
              [
                86.92070291910342,
                27.89765465940895
              ],
              [
                86.92070298490502,
                27.897564385181784
              ],
              [
                86.92080459498175,
                27.897564443599226
              ],
              [
                86.92080452926099,
                27.897654717835376
              ],
              [
                86.92070291910342,
                27.89765465940895
              ]
            ],
            [
              [
                86.9208032806297,
                27.899369928025788
              ],
              [
                86.9208034120712,
                27.899189379607385
              ],
              [
                86.92100663525196,
                27.89918949623566
              ],
              [
                86.92100643860175,
                27.899460318863262
              ],
              [
                86.92090482675536,
                27.89946026058955
              ],
              [
                86.92090489239526,
                27.89936998638035
              ],
              [
                86.9208032806297,
                27.899369928025788
              ]
            ],
            [
              [
                86.92100847057296,
                27.896661817821084
              ],
              [
                86.92100860165513,
                27.896481269330817
              ],
              [
                86.92121181977838,
                27.896481385635695
              ],
              [
                86.92121168903758,
                27.896661934134944
              ],
              [
                86.92100847057296,
                27.896661817821084
              ]
            ],
            [
              [
                86.92141327726655,
                27.89891890593934
              ],
              [
                86.92141334248424,
                27.898828631721155
              ],
              [
                86.92161656499127,
                27.89882874744213
              ],
              [
                86.92161649995325,
                27.898919021660316
              ],
              [
                86.92141327726655,
                27.89891890593934
              ]
            ],
            [
              [
                86.92141353811934,
                27.89855780905762
              ],
              [
                86.92141360332805,
                27.898467534839437
              ],
              [
                86.92151521424918,
                27.89846759273586
              ],
              [
                86.92151514912133,
                27.89855786695404
              ],
              [
                86.92141353811934,
                27.89855780905762
              ]
            ],
            [
              [
                86.92141471188505,
                27.896932872878782
              ],
              [
                86.92141477708476,
                27.896842598633647
              ],
              [
                86.92161799589074,
                27.896842714354623
              ],
              [
                86.9216179308527,
                27.896932988590773
              ],
              [
                86.92141471188505,
                27.896932872878782
              ]
            ],
            [
              [
                86.92151619112214,
                27.897113479256486
              ],
              [
                86.92151625624102,
                27.897023205020336
              ],
              [
                86.92161786581468,
                27.897023262835905
              ],
              [
                86.92161780077666,
                27.89711353708104
              ],
              [
                86.92151619112214,
                27.897113479256486
              ]
            ],
            [
              [
                86.92151651673448,
                27.896662108039802
              ],
              [
                86.92151664697224,
                27.89648155954055
              ],
              [
                86.92161825604285,
                27.896481617365104
              ],
              [
                86.92161812596679,
                27.89666216585537
              ],
              [
                86.92151651673448,
                27.896662108039802
              ]
            ],
            [
              [
                86.92171720182422,
                27.900182918341816
              ],
              [
                86.92171733174757,
                27.9000023699324
              ],
              [
                86.92192055645546,
                27.900002485213196
              ],
              [
                86.9219204268645,
                27.900183033622618
              ],
              [
                86.92171720182422,
                27.900182918341816
              ]
            ],
            [
              [
                86.92171817625376,
                27.89882880519482
              ],
              [
                86.92171830616812,
                27.89864825674947
              ],
              [
                86.92181991725994,
                27.898648314430293
              ],
              [
                86.9218198523836,
                27.898738588648477
              ],
              [
                86.92192146355627,
                27.898738646248454
              ],
              [
                86.92192139876977,
                27.898828920466638
              ],
              [
                86.92171817625376,
                27.89882880519482
              ]
            ],
            [
              [
                86.92181848994476,
                27.900634347005763
              ],
              [
                86.92181855482107,
                27.900544072814526
              ],
              [
                86.92192016768257,
                27.900544130414502
              ],
              [
                86.9219201028871,
                27.90063440461472
              ],
              [
                86.92181848994476,
                27.900634347005763
              ]
            ],
            [
              [
                86.92192282409968,
                27.896842887361164
              ],
              [
                86.92192288888619,
                27.89675261311603
              ],
              [
                86.92212610752148,
                27.89675272808242
              ],
              [
                86.92212597828984,
                27.896933276572685
              ],
              [
                86.922024368806,
                27.896933219125426
              ],
              [
                86.92202443350267,
                27.89684294488029
              ],
              [
                86.92192282409968,
                27.896842887361164
              ]
            ],
            [
              [
                86.92192308323669,
                27.896481790371645
              ],
              [
                86.92192314801422,
                27.89639151611753
              ],
              [
                86.92212636598475,
                27.89639163108392
              ],
              [
                86.92212630136893,
                27.896481905329054
              ],
              [
                86.92192308323669,
                27.896481790371645
              ]
            ],
            [
              [
                86.92222771684361,
                27.896752785448832
              ],
              [
                86.9222277813696,
                27.8966625112037
              ],
              [
                86.92243099984319,
                27.89666262571195
              ],
              [
                86.9224309354789,
                27.896752899966067
              ],
              [
                86.92222771684361,
                27.896752785448832
              ]
            ],
            [
              [
                86.92232951950116,
                27.896482019999
              ],
              [
                86.92232964839144,
                27.896301471490766
              ],
              [
                86.92243125729136,
                27.89630152871345
              ],
              [
                86.92243132164667,
                27.896211254459335
              ],
              [
                86.92253293046575,
                27.896211311601167
              ],
              [
                86.92253305901467,
                27.896030763092934
              ],
              [
                86.92263466766306,
                27.89603082015392
              ],
              [
                86.92263473185668,
                27.895940545899805
              ],
              [
                86.92293955754137,
                27.895940716660558
              ],
              [
                86.9229393657241,
                27.896211539431892
              ],
              [
                86.92304097454318,
                27.896211596196434
              ],
              [
                86.92304091069093,
                27.89630187045055
              ],
              [
                86.92283769289108,
                27.896301756840618
              ],
              [
                86.922837756914,
                27.896211482586498
              ],
              [
                86.92263453927585,
                27.89621136867114
              ],
              [
                86.92263447509121,
                27.896301642925255
              ],
              [
                86.92253286619129,
                27.896301585855284
              ],
              [
                86.92253280190785,
                27.8963918601094
              ],
              [
                86.92243119292708,
                27.896391802967567
              ],
              [
                86.92243112856279,
                27.8964820772127
              ],
              [
                86.92232951950116,
                27.896482019999
              ]
            ],
            [
              [
                86.92253145202744,
                27.898287619149407
              ],
              [
                86.92253151631088,
                27.898197344922238
              ],
              [
                86.92263312698049,
                27.89819740199221
              ],
              [
                86.9226331911741,
                27.89810712776504
              ],
              [
                86.92283641235161,
                27.898107241689384
              ],
              [
                86.9228363483197,
                27.898197515916554
              ],
              [
                86.92293795898932,
                27.898197572761944
              ],
              [
                86.92293783109616,
                27.89837812122526
              ],
              [
                86.92303944193645,
                27.898378177998786
              ],
              [
                86.92303937807523,
                27.898468452225956
              ],
              [
                86.92283615622397,
                27.898468338598054
              ],
              [
                86.92283622025587,
                27.89837806437089
              ],
              [
                86.92263299858429,
                27.898377950446545
              ],
              [
                86.92263306277789,
                27.898287676219375
              ],
              [
                86.92253145202744,
                27.898287619149407
              ]
            ],
            [
              [
                86.92263152191566,
                27.90045425734799
              ],
              [
                86.92263165032982,
                27.90027370894756
              ],
              [
                86.9230381007697,
                27.900273936508786
              ],
              [
                86.92303803689948,
                27.900364210709004
              ],
              [
                86.92293642419969,
                27.900364153935477
              ],
              [
                86.92293636024863,
                27.900454428135696
              ],
              [
                86.92263152191566,
                27.90045425734799
              ]
            ],
            [
              [
                86.92263421831677,
                27.896662739932736
              ],
              [
                86.92263428251039,
                27.89657246567862
              ],
              [
                86.92273589166184,
                27.896572522676728
              ],
              [
                86.92273582754909,
                27.89666279692186
              ],
              [
                86.92263421831677,
                27.896662739932736
              ]
            ],
            [
              [
                86.92273531466496,
                27.897384990882927
              ],
              [
                86.92273544289048,
                27.897204442401645
              ],
              [
                86.92304027212352,
                27.897204612937816
              ],
              [
                86.92304020826228,
                27.89729488718295
              ],
              [
                86.92283698860291,
                27.897294773564035
              ],
              [
                86.92283692457998,
                27.897385047800185
              ],
              [
                86.92273531466496,
                27.897384990882927
              ]
            ],
            [
              [
                86.92293661606186,
                27.90009333132584
              ],
              [
                86.92293668001292,
                27.900003057116642
              ],
              [
                86.92303829237137,
                27.90000311389915
              ],
              [
                86.92303822850116,
                27.900093388099368
              ],
              [
                86.92293661606186,
                27.90009333132584
              ]
            ],
            [
              [
                86.92304039983699,
                27.89702406444755
              ],
              [
                86.92304046368925,
                27.896933790202418
              ],
              [
                86.92314207318206,
                27.896933846904076
              ],
              [
                86.92314220072487,
                27.89675329840483
              ],
              [
                86.92304059140272,
                27.89675324171215
              ],
              [
                86.92304071911622,
                27.8965726932129
              ],
              [
                86.92324393742811,
                27.89657280652639
              ],
              [
                86.92324387373755,
                27.896663080780506
              ],
              [
                86.92334548297885,
                27.89666313732047
              ],
              [
                86.92334541937812,
                27.896753411574586
              ],
              [
                86.92344702870025,
                27.896753468042686
              ],
              [
                86.92344709222013,
                27.89666319379755
              ],
              [
                86.92365031069372,
                27.896663306509172
              ],
              [
                86.92365024734453,
                27.89675358076329
              ],
              [
                86.92375185666667,
                27.896753637006807
              ],
              [
                86.92375179339831,
                27.896843911260923
              ],
              [
                86.92385340281028,
                27.896843967432577
              ],
              [
                86.92385327644428,
                27.897024515922844
              ],
              [
                86.92375166687061,
                27.89702445975119
              ],
              [
                86.92375173012996,
                27.89693418550606
              ],
              [
                86.92354851115333,
                27.89693407293817
              ],
              [
                86.92354857458336,
                27.896843798693038
              ],
              [
                86.92344696518037,
                27.896843742296802
              ],
              [
                86.92344683814063,
                27.89702429078707
              ],
              [
                86.92334522855799,
                27.89702423431897
              ],
              [
                86.92334516495727,
                27.897114508564105
              ],
              [
                86.92314194563926,
                27.897114395394343
              ],
              [
                86.92314200941065,
                27.89702412114921
              ],
              [
                86.92304039983699,
                27.89702406444755
              ]
            ],
            [
              [
                86.92313971337967,
                27.900273993210448
              ],
              [
                86.92313984094045,
                27.90009344481001
              ],
              [
                86.92324145338871,
                27.900093501439805
              ],
              [
                86.92324151708826,
                27.900003227230606
              ],
              [
                86.92334312944669,
                27.900003283779554
              ],
              [
                86.9233431930564,
                27.899913009579336
              ],
              [
                86.9236480298802,
                27.899913178786
              ],
              [
                86.92364796652203,
                27.900003452995204
              ],
              [
                86.92374957888046,
                27.900003509247707
              ],
              [
                86.92374951560313,
                27.900093783456906
              ],
              [
                86.92344467827628,
                27.900093614465835
              ],
              [
                86.92344461473844,
                27.900183888675038
              ],
              [
                86.92354622726756,
                27.900183945080254
              ],
              [
                86.92354616381955,
                27.90027421928047
              ],
              [
                86.92313971337967,
                27.900273993210448
              ]
            ],
            [
              [
                86.92324406480023,
                27.896392258018157
              ],
              [
                86.92324419217236,
                27.896211709509924
              ],
              [
                86.9235490186296,
                27.896211878923204
              ],
              [
                86.92354895519057,
                27.89630215317732
              ],
              [
                86.92365056409947,
                27.896302209501687
              ],
              [
                86.92365043739211,
                27.89648275800992
              ],
              [
                86.92344721925089,
                27.896482645289318
              ],
              [
                86.92344728277077,
                27.8963923710352
              ],
              [
                86.92324406480023,
                27.896392258018157
              ]
            ],
            [
              [
                86.92395576937628,
                27.895760732447037
              ],
              [
                86.92395583247394,
                27.895670458183936
              ],
              [
                86.924159049097,
                27.895670570149953
              ],
              [
                86.92415892324303,
                27.895851118676152
              ],
              [
                86.9240573147653,
                27.89585106272908
              ],
              [
                86.92405737777314,
                27.895760788465978
              ],
              [
                86.92395576937628,
                27.895760732447037
              ]
            ],
            [
              [
                86.92415867153508,
                27.89621221571957
              ],
              [
                86.92415873446207,
                27.89612194145647
              ],
              [
                86.9242603432003,
                27.89612199733168
              ],
              [
                86.92426028035416,
                27.896212271585796
              ],
              [
                86.92415867153508,
                27.89621221571957
              ]
            ],
            [
              [
                86.92426053172973,
                27.895851174542383
              ],
              [
                86.92426065741301,
                27.89567062601618
              ],
              [
                86.92446387403608,
                27.89567073753304
              ],
              [
                86.92446374869415,
                27.89585128605924
              ],
              [
                86.92456535718085,
                27.89585134170089
              ],
              [
                86.92456529458624,
                27.895941615963988
              ],
              [
                86.92436207745115,
                27.895941504599843
              ],
              [
                86.92436214020745,
                27.895851230336742
              ],
              [
                86.92426053172973,
                27.895851174542383
              ]
            ],
            [
              [
                86.92446343532585,
                27.896302657365755
              ],
              [
                86.92446356066777,
                27.89612210884854
              ],
              [
                86.92456516940601,
                27.896122164490187
              ],
              [
                86.92456504422577,
                27.896302713007405
              ],
              [
                86.92446343532585,
                27.896302657365755
              ]
            ],
            [
              [
                86.92466702816336,
                27.895761123007574
              ],
              [
                86.92466709066812,
                27.895670848744473
              ],
              [
                86.92476869898415,
                27.89567090424239
              ],
              [
                86.92476863656022,
                27.89576117850549
              ],
              [
                86.92466702816336,
                27.895761123007574
              ]
            ],
            [
              [
                86.92486793833497,
                27.8991013809386
              ],
              [
                86.92486800067806,
                27.899011106720415
              ],
              [
                86.92496961211123,
                27.899011162074604
              ],
              [
                86.924969549849,
                27.899101436292785
              ],
              [
                86.92486793833497,
                27.8991013809386
              ]
            ],
            [
              [
                86.92486987094352,
                27.89630287950116
              ],
              [
                86.92486993327762,
                27.89621260523806
              ],
              [
                86.92497154210568,
                27.896212660583263
              ],
              [
                86.92497147985243,
                27.896302934846364
              ],
              [
                86.92486987094352,
                27.89630287950116
              ]
            ],
            [
              [
                86.92517469766128,
                27.896303045312195
              ],
              [
                86.92517482182642,
                27.896122496794977
              ],
              [
                86.92527643056465,
                27.896122551915603
              ],
              [
                86.92527649256637,
                27.896032277652505
              ],
              [
                86.92537810122374,
                27.896032332692283
              ],
              [
                86.92537803930287,
                27.89612260695538
              ],
              [
                86.9254796480411,
                27.896122661932278
              ],
              [
                86.92547952437903,
                27.896303210449492
              ],
              [
                86.92517469766128,
                27.896303045312195
              ]
            ],
            [
              [
                86.92537742013907,
                27.897025349514514
              ],
              [
                86.92537748205095,
                27.89693507526938
              ],
              [
                86.92547909155276,
                27.896935130237292
              ],
              [
                86.92547921521484,
                27.896754581738044
              ],
              [
                86.9253776058927,
                27.896754526761146
              ],
              [
                86.92537766780458,
                27.89666425250703
              ],
              [
                86.92568249553743,
                27.896664417204153
              ],
              [
                86.92568255720678,
                27.896574142950037
              ],
              [
                86.92588577552766,
                27.89657425236484
              ],
              [
                86.925885714029,
                27.89666452662794
              ],
              [
                86.92578410478771,
                27.89666447194749
              ],
              [
                86.9257840432082,
                27.896754746201605
              ],
              [
                86.92568243387707,
                27.89675469145827
              ],
              [
                86.92568224887802,
                27.897025514211638
              ],
              [
                86.92537742013907,
                27.897025349514514
              ]
            ],
            [
              [
                86.92558113328793,
                27.89630326534554
              ],
              [
                86.92558125678832,
                27.896122716828323
              ],
              [
                86.92568286552655,
                27.896122771652507
              ],
              [
                86.92568274219684,
                27.89630332016972
              ],
              [
                86.92558113328793,
                27.89630326534554
              ]
            ],
            [
              [
                86.92598750751475,
                27.896393758447225
              ],
              [
                86.92598756892357,
                27.896303484184127
              ],
              [
                86.9261907867414,
                27.896303593158752
              ],
              [
                86.92619072550325,
                27.896393867421853
              ],
              [
                86.92598750751475,
                27.896393758447225
              ]
            ],
            [
              [
                86.92720681545474,
                27.896394407776462
              ],
              [
                86.92720687584847,
                27.896304133513365
              ],
              [
                86.92730848475738,
                27.896304187142785
              ],
              [
                86.92730842444449,
                27.896394461396902
              ],
              [
                86.92720681545474,
                27.896394407776462
              ]
            ],
            [
              [
                86.92761385204534,
                27.89549187913315
              ],
              [
                86.92761391209771,
                27.895401604861068
              ],
              [
                86.92771552017119,
                27.89540165818506
              ],
              [
                86.92771546019966,
                27.895491932457144
              ],
              [
                86.92761385204534,
                27.89549187913315
              ]
            ],
            [
              [
                86.92883250037936,
                27.89648553103734
              ],
              [
                86.92883255943461,
                27.896395256774237
              ],
              [
                86.92913738643084,
                27.8963954138267
              ],
              [
                86.9291373276361,
                27.8964856880898
              ],
              [
                86.92883250037936,
                27.89648553103734
              ]
            ],
            [
              [
                86.92923911285736,
                27.896214917492618
              ],
              [
                86.92923928899901,
                27.89594409467637
              ],
              [
                86.92934089757554,
                27.895944146805604
              ],
              [
                86.92934083895149,
                27.896034421077687
              ],
              [
                86.92964566495058,
                27.89603457699827
              ],
              [
                86.92964560656908,
                27.896124851270354
              ],
              [
                86.92974721532528,
                27.896124903094165
              ],
              [
                86.92974698215856,
                27.89648600017351
              ],
              [
                86.92954376398141,
                27.896485896445046
              ],
              [
                86.92954388090614,
                27.896305347909863
              ],
              [
                86.92964548982403,
                27.896305399805538
              ],
              [
                86.92964554819655,
                27.896215125542437
              ],
              [
                86.92923911285736,
                27.896214917492618
              ]
            ],
            [
              [
                86.92995089778769,
                27.89540281231359
              ],
              [
                86.9299509559087,
                27.895312538032524
              ],
              [
                86.93005256390133,
                27.895312589631754
              ],
              [
                86.93005250587015,
                27.89540286391282
              ],
              [
                86.92995089778769,
                27.89540281231359
              ]
            ],
            [
              [
                86.93005233175869,
                27.895673686756016
              ],
              [
                86.93005244783001,
                27.895493138193885
              ],
              [
                86.93025566415662,
                27.895493241167767
              ],
              [
                86.93025572202609,
                27.8954029668867
              ],
              [
                86.93035733009957,
                27.89540301826135
              ],
              [
                86.93035738787921,
                27.895312743980284
              ],
              [
                86.93045899587185,
                27.895312795283072
              ],
              [
                86.93045888047426,
                27.895493343845203
              ],
              [
                86.93035727231994,
                27.89549329254242
              ],
              [
                86.93035715675167,
                27.89567384110455
              ],
              [
                86.93005233175869,
                27.895673686756016
              ]
            ],
            [
              [
                86.92385220228377,
                27.898559177955367
              ],
              [
                86.92385213909627,
                27.89864945217355
              ],
              [
                86.92375052800446,
                27.898649396001897
              ],
              [
                86.92375046472714,
                27.898739670229062
              ],
              [
                86.92364885355447,
                27.89873961397656
              ],
              [
                86.92364898027081,
                27.898559065522225
              ],
              [
                86.92385220228377,
                27.898559177955367
              ]
            ],
            [
              [
                86.92110857417495,
                27.898738183355572
              ],
              [
                86.92110870511338,
                27.89855763491022
              ],
              [
                86.92131192711736,
                27.898557751089335
              ],
              [
                86.92131179652029,
                27.898738299525704
              ],
              [
                86.92110857417495,
                27.898738183355572
              ]
            ],
            [
              [
                86.9229373195146,
                27.899100314997682
              ],
              [
                86.92273409648655,
                27.89910020122605
              ],
              [
                86.92273416060829,
                27.899009927007867
              ],
              [
                86.92293738346567,
                27.899010040779498
              ],
              [
                86.9229373195146,
                27.899100314997682
              ]
            ],
            [
              [
                86.92222655523211,
                27.89837772169954
              ],
              [
                86.92232816606342,
                27.89837777900307
              ],
              [
                86.92232803716416,
                27.898558327448423
              ],
              [
                86.92212481515121,
                27.898558212778475
              ],
              [
                86.92212487976703,
                27.89846793855131
              ],
              [
                86.92222649068816,
                27.898467995926705
              ],
              [
                86.92222655523211,
                27.89837772169954
              ]
            ],
            [
              [
                86.92334491053641,
                27.897475605526672
              ],
              [
                86.92334497413714,
                27.897385331290522
              ],
              [
                86.92344658405216,
                27.897385387758618
              ],
              [
                86.92344664757204,
                27.89729511352247
              ],
              [
                86.92354825740621,
                27.897295169918703
              ],
              [
                86.92354813052816,
                27.89747571839999
              ],
              [
                86.92334491053641,
                27.897475605526672
              ]
            ],
            [
              [
                86.92517420097377,
                27.897025239345126
              ],
              [
                86.92527581055641,
                27.897025294465752
              ],
              [
                86.9252757485547,
                27.89711556871987
              ],
              [
                86.92517413888221,
                27.897115513599243
              ],
              [
                86.92517420097377,
                27.897025239345126
              ]
            ],
            [
              [
                86.92151599575654,
                27.89738430197392
              ],
              [
                86.9215160608754,
                27.897294027737768
              ],
              [
                86.9216176707006,
                27.897294085562322
              ],
              [
                86.92161773573862,
                27.89720381131719
              ],
              [
                86.92171934548297,
                27.897203869060895
              ],
              [
                86.92171941043117,
                27.897113594824745
              ],
              [
                86.92222745871271,
                27.897113882429366
              ],
              [
                86.92222739417774,
                27.897204156665516
              ],
              [
                86.92253222340179,
                27.89720432833357
              ],
              [
                86.92253215912733,
                27.89729460256972
              ],
              [
                86.92263376895252,
                27.897294659648672
              ],
              [
                86.92263370475891,
                27.897384933884823
              ],
              [
                86.92253209484389,
                27.89738487681485
              ],
              [
                86.92253203056045,
                27.897475151051
              ],
              [
                86.92222720058182,
                27.897474979382952
              ],
              [
                86.92222726511679,
                27.897384705146802
              ],
              [
                86.92212565520177,
                27.897384647780388
              ],
              [
                86.92212571982657,
                27.897294373535253
              ],
              [
                86.92192250017618,
                27.897294258568863
              ],
              [
                86.92192243538967,
                27.897384532805013
              ],
              [
                86.92151599575654,
                27.89738430197392
              ]
            ],
            [
              [
                86.92080512068483,
                27.89684224969206
              ],
              [
                86.92080518639659,
                27.89675197545591
              ],
              [
                86.92111001434503,
                27.89675215025908
              ],
              [
                86.92110994888479,
                27.896842424504214
              ],
              [
                86.92121155828778,
                27.89684248262521
              ],
              [
                86.9212113621586,
                27.897113305351628
              ],
              [
                86.92080492354954,
                27.897113072418477
              ],
              [
                86.9208049892613,
                27.897022798182327
              ],
              [
                86.92070337968764,
                27.8970227397559
              ],
              [
                86.92070351128184,
                27.896842191274615
              ],
              [
                86.92080512068483,
                27.89684224969206
              ]
            ],
            [
              [
                86.91684111228113,
                27.89846485187711
              ],
              [
                86.91704433408746,
                27.89846497434443
              ],
              [
                86.91704426524957,
                27.898555248553635
              ],
              [
                86.91714587624257,
                27.898555309675007
              ],
              [
                86.9171458074945,
                27.898645583884207
              ],
              [
                86.91704419642065,
                27.898645522762834
              ],
              [
                86.91704412757377,
                27.898735796972037
              ],
              [
                86.91694251641907,
                27.8987357357788
              ],
              [
                86.91694258533782,
                27.898645461569597
              ],
              [
                86.91684097426396,
                27.89864540029551
              ],
              [
                86.91684111228113,
                27.89846485187711
              ]
            ],
            [
              [
                86.92151599575654,
                27.89738430197392
              ],
              [
                86.9215158655098,
                27.89756485044622
              ],
              [
                86.92131264535637,
                27.897564734581515
              ],
              [
                86.92131271064592,
                27.897474460345364
              ],
              [
                86.92121110065902,
                27.89747440229623
              ],
              [
                86.92121116602942,
                27.89738412806008
              ],
              [
                86.92151599575654,
                27.89738430197392
              ]
            ],
            [
              [
                86.92517420097377,
                27.897025239345126
              ],
              [
                86.92486937223481,
                27.897025073525107
              ],
              [
                86.9248694345689,
                27.896934799279975
              ],
              [
                86.92476782507609,
                27.896934743853922
              ],
              [
                86.92476788750002,
                27.896844469599806
              ],
              [
                86.92466627808805,
                27.89684441411087
              ],
              [
                86.92466634059284,
                27.896754139856753
              ],
              [
                86.92507277790833,
                27.896754361390286
              ],
              [
                86.92507271573592,
                27.896844635644403
              ],
              [
                86.92517432514789,
                27.896844690845878
              ],
              [
                86.92517420097377,
                27.897025239345126
              ]
            ],
            [
              [
                86.92110857417495,
                27.898738183355572
              ],
              [
                86.92110850871472,
                27.898828457573757
              ],
              [
                86.9210068974612,
                27.898828399371908
              ],
              [
                86.92100676636107,
                27.899008947808277
              ],
              [
                86.92090515493688,
                27.899008889534564
              ],
              [
                86.92090508929698,
                27.899099163743763
              ],
              [
                86.92070186628689,
                27.89909904697176
              ],
              [
                86.92070199789009,
                27.898918498544376
              ],
              [
                86.92060038655572,
                27.898918440046085
              ],
              [
                86.92060051832959,
                27.898737891609716
              ],
              [
                86.92110857417495,
                27.898738183355572
              ]
            ],
            [
              [
                86.92283590009632,
                27.898829435488757
              ],
              [
                86.92293751135881,
                27.89882949234313
              ],
              [
                86.92293744741673,
                27.898919766561313
              ],
              [
                86.9228358360644,
                27.898919709715923
              ],
              [
                86.92283590009632,
                27.898829435488757
              ]
            ],
            [
              [
                86.92283590009632,
                27.898829435488757
              ],
              [
                86.9227342888428,
                27.898829378562517
              ],
              [
                86.92273435295556,
                27.898739104344333
              ],
              [
                86.92283596412823,
                27.898739161270573
              ],
              [
                86.92283590009632,
                27.898829435488757
              ]
            ],
            [
              [
                86.91623130782985,
                27.898645031105897
              ],
              [
                86.916129696756,
                27.898644969310787
              ],
              [
                86.91612976635747,
                27.898554695101588
              ],
              [
                86.91592654438044,
                27.898554571295776
              ],
              [
                86.91592668391576,
                27.89837402286839
              ],
              [
                86.91623151636476,
                27.898374208478295
              ],
              [
                86.91623130782985,
                27.898645031105897
              ]
            ],
            [
              [
                86.91684111228113,
                27.89846485187711
              ],
              [
                86.91673950137796,
                27.89846479053116
              ],
              [
                86.9167392941007,
                27.898735613167744
              ],
              [
                86.91643446062761,
                27.898735428680734
              ],
              [
                86.9164343219457,
                27.898915977090155
              ],
              [
                86.91663754459645,
                27.898916100159347
              ],
              [
                86.91663747541719,
                27.89900637436855
              ],
              [
                86.91653586401097,
                27.899006312869883
              ],
              [
                86.91653565622165,
                27.89927713547952
              ],
              [
                86.91633243289716,
                27.899277012257613
              ],
              [
                86.91633278004213,
                27.89882564123856
              ],
              [
                86.91623116880658,
                27.8988255795243
              ],
              [
                86.91623130782985,
                27.898645031105897
              ],
              [
                86.9163329189037,
                27.89864509282914
              ],
              [
                86.91633319660889,
                27.898283995983352
              ],
              [
                86.91643480735036,
                27.898284057625748
              ],
              [
                86.91643494603227,
                27.898103509198364
              ],
              [
                86.91653655659408,
                27.89810357075991
              ],
              [
                86.91653641808286,
                27.898284119196276
              ],
              [
                86.91663802881534,
                27.89828418068596
              ],
              [
                86.91663795964506,
                27.898374454904143
              ],
              [
                86.91684118128971,
                27.89837457766791
              ],
              [
                86.91684111228113,
                27.89846485187711
              ]
            ],
            [
              [
                86.9220237864821,
                27.897745687277727
              ],
              [
                86.92202398059007,
                27.897474864569276
              ],
              [
                86.92212559058595,
                27.89747492201654
              ],
              [
                86.92212552597013,
                27.89756519625269
              ],
              [
                86.92222713604684,
                27.897565253619103
              ],
              [
                86.92222707151187,
                27.897655527855253
              ],
              [
                86.92253190200255,
                27.897655699523302
              ],
              [
                86.92253196628599,
                27.89756542528715
              ],
              [
                86.92283679652513,
                27.897565596281467
              ],
              [
                86.92283660443837,
                27.897836418989918
              ],
              [
                86.9231414354411,
                27.897836589310497
              ],
              [
                86.92314130788931,
                27.898017137773813
              ],
              [
                86.9230396973814,
                27.898017081081136
              ],
              [
                86.92303963352016,
                27.8981073553083
              ],
              [
                86.9229380229314,
                27.89810729853478
              ],
              [
                86.92293808688247,
                27.89801702430761
              ],
              [
                86.92253164487776,
                27.898016796458922
              ],
              [
                86.9225317091612,
                27.897926522231753
              ],
              [
                86.92232848832505,
                27.897926407858254
              ],
              [
                86.92232842387092,
                27.89801668208542
              ],
              [
                86.92222681337199,
                27.89801662479087
              ],
              [
                86.92222668430206,
                27.898197173245205
              ],
              [
                86.92232829497166,
                27.898197230548735
              ],
              [
                86.92232823051754,
                27.898287504775904
              ],
              [
                86.92222661976709,
                27.89828744747237
              ],
              [
                86.92222655523211,
                27.89837772169954
              ],
              [
                86.92202333355154,
                27.898377606876878
              ],
              [
                86.92202352766849,
                27.898106784195377
              ],
              [
                86.92212513825724,
                27.89810684164264
              ],
              [
                86.9221253967295,
                27.89774574472499
              ],
              [
                86.9220237864821,
                27.897745687277727
              ]
            ],
            [
              [
                86.9212106430123,
                27.89810632191335
              ],
              [
                86.92121057763292,
                27.898196596140515
              ],
              [
                86.92110896696332,
                27.89819653801952
              ],
              [
                86.92110890150308,
                27.898286812246685
              ],
              [
                86.9208040692517,
                27.898286637425546
              ],
              [
                86.92080413497246,
                27.898196363207365
              ],
              [
                86.92060091364222,
                27.898196246282644
              ],
              [
                86.92060097952466,
                27.89810597205548
              ],
              [
                86.9203977583651,
                27.8981058548433
              ],
              [
                86.92039782442721,
                27.898015580616132
              ],
              [
                86.9200929929394,
                27.898015404222946
              ],
              [
                86.92009305924405,
                27.89792513000476
              ],
              [
                86.91999144883496,
                27.897925071057312
              ],
              [
                86.91999151522944,
                27.897834796830143
              ],
              [
                86.92019473587696,
                27.897834914644193
              ],
              [
                86.92019480210077,
                27.897744640417027
              ],
              [
                86.9203980225776,
                27.897744757934632
              ],
              [
                86.92039795652447,
                27.8978350321618
              ],
              [
                86.92049956685273,
                27.89783509080382
              ],
              [
                86.92049950088943,
                27.89792536503099
              ],
              [
                86.92060111129852,
                27.89792542361013
              ],
              [
                86.92060104541609,
                27.898015697837295
              ],
              [
                86.9209058768949,
                27.898015873098608
              ],
              [
                86.9209059425348,
                27.89792559887144
              ],
              [
                86.9210075529439,
                27.89792565714515
              ],
              [
                86.92100761848498,
                27.897835382909
              ],
              [
                86.92110922881324,
                27.89783544111085
              ],
              [
                86.92110929428245,
                27.8977451668747
              ],
              [
                86.92121090452086,
                27.8977452249957
              ],
              [
                86.92121083914148,
                27.89783549923185
              ],
              [
                86.92141405980696,
                27.897835615249267
              ],
              [
                86.92141399458927,
                27.897925889476433
              ],
              [
                86.92151560500736,
                27.897925947372855
              ],
              [
                86.92151547475163,
                27.89810649583617
              ],
              [
                86.92171869592018,
                27.898106611404433
              ],
              [
                86.92171882583453,
                27.8979260629501
              ],
              [
                86.92161721541645,
                27.89792600519741
              ],
              [
                86.92161734550149,
                27.897745456734093
              ],
              [
                86.9220237864821,
                27.897745687277727
              ],
              [
                86.92202372178544,
                27.897835961504892
              ],
              [
                86.92192211144821,
                27.897835903985765
              ],
              [
                86.9219220466617,
                27.897926178212934
              ],
              [
                86.92182043625262,
                27.89792612062194
              ],
              [
                86.92182017675627,
                27.89828721753061
              ],
              [
                86.9215153445049,
                27.898287044290505
              ],
              [
                86.92151540963276,
                27.89819677006334
              ],
              [
                86.92131218829354,
                27.89819665418965
              ],
              [
                86.92131225359208,
                27.898106379962485
              ],
              [
                86.9212106430123,
                27.89810632191335
              ]
            ],
            [
              [
                86.92334471971628,
                27.897746428244105
              ],
              [
                86.92303988896509,
                27.897746258372685
              ],
              [
                86.92304001668757,
                27.897565709900384
              ],
              [
                86.92314162676428,
                27.897565766602046
              ],
              [
                86.92314175431606,
                27.89738521812076
              ],
              [
                86.9232433642311,
                27.897385274741573
              ],
              [
                86.92324330054053,
                27.89747554898671
              ],
              [
                86.92334491053641,
                27.897475605526672
              ],
              [
                86.92334471971628,
                27.897746428244105
              ]
            ],
            [
              [
                86.92425952621848,
                27.897295562599265
              ],
              [
                86.92425946337235,
                27.897385836844396
              ],
              [
                86.92415785345732,
                27.897385780969184
              ],
              [
                86.92415779052135,
                27.89747605521432
              ],
              [
                86.92405618052548,
                27.897475999267243
              ],
              [
                86.92405611750867,
                27.897566273503394
              ],
              [
                86.92425933767109,
                27.897566385325682
              ],
              [
                86.92425940052621,
                27.89747611108953
              ],
              [
                86.92436101052208,
                27.89747616688389
              ],
              [
                86.9243609477568,
                27.897566441129026
              ],
              [
                86.9244625578425,
                27.89756649685152
              ],
              [
                86.92446249516703,
                27.897656771096656
              ],
              [
                86.92486893584223,
                27.897656993241043
              ],
              [
                86.92486881115607,
                27.897837541722325
              ],
              [
                86.9249704214933,
                27.897837597067532
              ],
              [
                86.92497035924005,
                27.897927871303683
              ],
              [
                86.92486874881298,
                27.897927815958475
              ],
              [
                86.9248686864699,
                27.898018090194626
              ],
              [
                86.92466546545408,
                27.898017979270655
              ],
              [
                86.92466534043554,
                27.898198527733975
              ],
              [
                86.92436050840875,
                27.89819836078208
              ],
              [
                86.92436044564346,
                27.89828863501823
              ],
              [
                86.92425883488403,
                27.89828857921488
              ],
              [
                86.9242587720289,
                27.89837885345103
              ],
              [
                86.92415716118862,
                27.898378797575823
              ],
              [
                86.92415709825265,
                27.89846907180299
              ],
              [
                86.92425870918277,
                27.8984691276782
              ],
              [
                86.92425864632764,
                27.898559401905366
              ],
              [
                86.9243602573476,
                27.898559457708714
              ],
              [
                86.92436019457332,
                27.89864973193588
              ],
              [
                86.92446180567413,
                27.89864978765838
              ],
              [
                86.9244616176208,
                27.898920610330894
              ],
              [
                86.92436000627745,
                27.8989205546084
              ],
              [
                86.92435994350319,
                27.899010828826583
              ],
              [
                86.92425833207001,
                27.89901077303222
              ],
              [
                86.92425820636875,
                27.89919132146859
              ],
              [
                86.9241565947649,
                27.899191265593377
              ],
              [
                86.92415646889296,
                27.899371814029745
              ],
              [
                86.92405485711842,
                27.899371758073684
              ],
              [
                86.92405492014423,
                27.8992814838555
              ],
              [
                86.92395330845952,
                27.899281427827578
              ],
              [
                86.92395311913957,
                27.899552250473146
              ],
              [
                86.92415634301204,
                27.89955236245713
              ],
              [
                86.9241562171401,
                27.899732910884513
              ],
              [
                86.92405460503319,
                27.899732854928455
              ],
              [
                86.92405466805,
                27.899642580719256
              ],
              [
                86.92385144400686,
                27.89964246859154
              ],
              [
                86.92385138081936,
                27.89973274280074
              ],
              [
                86.92364815660554,
                27.899732630367602
              ],
              [
                86.92364821996371,
                27.8996423561584
              ],
              [
                86.92374983198978,
                27.899642412410902
              ],
              [
                86.92374989525813,
                27.899552138192718
              ],
              [
                86.92364828332188,
                27.899552081940215
              ],
              [
                86.92364834668007,
                27.899461807731015
              ],
              [
                86.92354673483366,
                27.899461751397663
              ],
              [
                86.92354667138565,
                27.899552025615847
              ],
              [
                86.92324183557696,
                27.8995518561846
              ],
              [
                86.92324177187741,
                27.8996421303938
              ],
              [
                86.92314015986034,
                27.899642073764007
              ],
              [
                86.92314022364073,
                27.899551799554807
              ],
              [
                86.92303861170448,
                27.899551742853145
              ],
              [
                86.92303854783427,
                27.899642017062344
              ],
              [
                86.92273371178302,
                27.899641846508207
              ],
              [
                86.92273384001753,
                27.899461298080823
              ],
              [
                86.92263222816214,
                27.899461241082715
              ],
              [
                86.92263229236474,
                27.899370966864534
              ],
              [
                86.92283551590484,
                27.89937108079786
              ],
              [
                86.92283557993674,
                27.899280806579675
              ],
              [
                86.92293719162146,
                27.89928086343405
              ],
              [
                86.9229373195146,
                27.899100314997682
              ],
              [
                86.92303893102863,
                27.899100371780193
              ],
              [
                86.92303886716739,
                27.899190645998377
              ],
              [
                86.92314047876226,
                27.899190702700036
              ],
              [
                86.9231402874211,
                27.899461525345604
              ],
              [
                86.92324189927649,
                27.899461581966417
              ],
              [
                86.92324196296704,
                27.899371307757217
              ],
              [
                86.92334357474158,
                27.899371364306162
              ],
              [
                86.92334363835128,
                27.899281090087978
              ],
              [
                86.923445250036,
                27.899281146565063
              ],
              [
                86.92344537708472,
                27.89910059813768
              ],
              [
                86.92334376557069,
                27.899100541660594
              ],
              [
                86.9233438927991,
                27.898919993215245
              ],
              [
                86.92324228144676,
                27.898919936666296
              ],
              [
                86.92324240883686,
                27.898739388220946
              ],
              [
                86.92354724237282,
                27.898739557652192
              ],
              [
                86.92354717893379,
                27.898829831870376
              ],
              [
                86.92364879019628,
                27.898829888194744
              ],
              [
                86.92364866347994,
                27.899010436640094
              ],
              [
                86.9237502749131,
                27.899010492892597
              ],
              [
                86.9237500850901,
                27.89928131554715
              ],
              [
                86.92385169677482,
                27.89928137172779
              ],
              [
                86.9238517599623,
                27.899191097509604
              ],
              [
                86.92395337156617,
                27.899191153609394
              ],
              [
                86.92395343467281,
                27.89910087939121
              ],
              [
                86.92405504618684,
                27.899100935419135
              ],
              [
                86.92405517222946,
                27.89892038697378
              ],
              [
                86.92385194953378,
                27.89892027484607
              ],
              [
                86.92385207590878,
                27.898739726400716
              ],
              [
                86.92395368709043,
                27.898739782500506
              ],
              [
                86.92395381329474,
                27.898559234055156
              ],
              [
                86.92385220228377,
                27.898559177955367
              ],
              [
                86.92385232865877,
                27.89837862949205
              ],
              [
                86.92375071781848,
                27.898378573320393
              ],
              [
                86.9237507810958,
                27.898288299093227
              ],
              [
                86.92364917033636,
                27.898288242840724
              ],
              [
                86.92364910697819,
                27.89837851706789
              ],
              [
                86.92344588529761,
                27.89837840434729
              ],
              [
                86.92344594882647,
                27.89828813012012
              ],
              [
                86.92334433806703,
                27.89828807364304
              ],
              [
                86.92334446528643,
                27.89810752517972
              ],
              [
                86.92354768645498,
                27.898107638053038
              ],
              [
                86.923547749894,
                27.898017363825872
              ],
              [
                86.92344613939507,
                27.898017307420655
              ],
              [
                86.92344620291495,
                27.897927033193486
              ],
              [
                86.92334459249686,
                27.897926976716406
              ],
              [
                86.92334471971628,
                27.897746428244105
              ],
              [
                86.92344632996368,
                27.897746484721186
              ],
              [
                86.9234462664438,
                27.897836758957336
              ],
              [
                86.92354787677205,
                27.89783681535357
              ],
              [
                86.92354794021108,
                27.89774654111742
              ],
              [
                86.92364955046746,
                27.897746597441788
              ],
              [
                86.92364967717484,
                27.897566048960506
              ],
              [
                86.92395450742296,
                27.897566217484453
              ],
              [
                86.92395463362728,
                27.897385669003167
              ],
              [
                86.92385302371225,
                27.897385612903378
              ],
              [
                86.92385315007826,
                27.89720506441311
              ],
              [
                86.92375154033392,
                27.897205008241457
              ],
              [
                86.92375160360227,
                27.897114733996325
              ],
              [
                86.92395482292027,
                27.89711484626777
              ],
              [
                86.9239547598226,
                27.8972051205129
              ],
              [
                86.92415797932027,
                27.897205232487902
              ],
              [
                86.92415841982714,
                27.896573312736034
              ],
              [
                86.9242600289786,
                27.896573368611246
              ],
              [
                86.92426015467088,
                27.896392820103014
              ],
              [
                86.92436176366063,
                27.896392875897376
              ],
              [
                86.92436170089535,
                27.896483150151493
              ],
              [
                86.92446330997494,
                27.896483205873988
              ],
              [
                86.92446324729947,
                27.896573480128104
              ],
              [
                86.92456485645093,
                27.89657353577874
              ],
              [
                86.92456491904554,
                27.896483261524622
              ],
              [
                86.92466652811615,
                27.896483317094404
              ],
              [
                86.92466659062093,
                27.896393042840288
              ],
              [
                86.92476819961068,
                27.896393098329224
              ],
              [
                86.9247680747718,
                27.896573646846438
              ],
              [
                86.92466646561137,
                27.89657359134852
              ],
              [
                86.9246664031066,
                27.896663865602637
              ],
              [
                86.92446318462402,
                27.89666375438222
              ],
              [
                86.92446305926413,
                27.896844302890454
              ],
              [
                86.92436144985216,
                27.89684424716796
              ],
              [
                86.92436126157425,
                27.897115069912342
              ],
              [
                86.92456448090124,
                27.897115181276487
              ],
              [
                86.92456435571202,
                27.89729572977574
              ],
              [
                86.92425952621848,
                27.897295562599265
              ]
            ]
          ],
          [
            [
              [
                86.92425952621848,
                27.897295562599265
              ],
              [
                86.9241579163843,
                27.897295506733034
              ],
              [
                86.92415797932027,
                27.897205232487902
              ],
              [
                86.92425958906462,
                27.89720528835413
              ],
              [
                86.92425952621848,
                27.897295562599265
              ]
            ]
          ],
          [
            [
              [
                86.92364917033636,
                27.898288242840724
              ],
              [
                86.92354755957693,
                27.898288186516357
              ],
              [
                86.92354768645498,
                27.898107638053038
              ],
              [
                86.92364929704374,
                27.89810769437741
              ],
              [
                86.92364917033636,
                27.898288242840724
              ]
            ]
          ],
          [
            [
              [
                86.92405517222946,
                27.89892038697378
              ],
              [
                86.92405529827208,
                27.89873983852843
              ],
              [
                86.9242585206264,
                27.8987399503597
              ],
              [
                86.92425839492513,
                27.89892049880505
              ],
              [
                86.92405517222946,
                27.89892038697378
              ]
            ]
          ],
          [
            [
              [
                86.9212106430123,
                27.89810632191335
              ],
              [
                86.92110903243253,
                27.89810626379235
              ],
              [
                86.92110909789277,
                27.898015989565184
              ],
              [
                86.9212107083917,
                27.898016047686184
              ],
              [
                86.9212106430123,
                27.89810632191335
              ]
            ]
          ],
          [
            [
              [
                86.9209066644569,
                27.89693258228277
              ],
              [
                86.92100827394073,
                27.8969326405475
              ],
              [
                86.92100820839964,
                27.897022914792633
              ],
              [
                86.92090659882598,
                27.897022856527904
              ],
              [
                86.9209066644569,
                27.89693258228277
              ]
            ]
          ],
          [
            [
              [
                86.9209066644569,
                27.89693258228277
              ],
              [
                86.92080505497306,
                27.896932523937192
              ],
              [
                86.92080512068483,
                27.89684224969206
              ],
              [
                86.92090673008781,
                27.896842308037638
              ],
              [
                86.9209066644569,
                27.89693258228277
              ]
            ]
          ],
          [
            [
              [
                86.91948239458402,
                27.899278888451967
              ],
              [
                86.91958400625975,
                27.899278947776708
              ],
              [
                86.91958380606121,
                27.899549770395325
              ],
              [
                86.91968541798846,
                27.8995498296482
              ],
              [
                86.91968521804144,
                27.899820652257837
              ],
              [
                86.91948199368389,
                27.89982053368022
              ],
              [
                86.9194818600505,
                27.900001082080657
              ],
              [
                86.91958347239098,
                27.900001141405397
              ],
              [
                86.91958340565513,
                27.900091415605615
              ],
              [
                86.91978663052473,
                27.90009153403052
              ],
              [
                86.91978656395956,
                27.900181808221753
              ],
              [
                86.91948172640814,
                27.900181630472108
              ],
              [
                86.91948179322483,
                27.90009135627189
              ],
              [
                86.9191769559339,
                27.90009117784851
              ],
              [
                86.91917688886569,
                27.900181452048727
              ],
              [
                86.91907527634555,
                27.90018139241856
              ],
              [
                86.91907541066165,
                27.900000844027105
              ],
              [
                86.9189737983122,
                27.900000784325073
              ],
              [
                86.91897386556008,
                27.899910510124855
              ],
              [
                86.91887225329147,
                27.899910450350955
              ],
              [
                86.91887218597172,
                27.900000724551173
              ],
              [
                86.91866896128178,
                27.900000604778796
              ],
              [
                86.91866882629195,
                27.900181153170248
              ],
              [
                86.91826237624733,
                27.900180912718195
              ],
              [
                86.9182625119109,
                27.900000364326743
              ],
              [
                86.91816089956144,
                27.900000304031824
              ],
              [
                86.91816110330834,
                27.899729481440154
              ],
              [
                86.91805949121938,
                27.899729421064382
              ],
              [
                86.91805955921286,
                27.899639146864164
              ],
              [
                86.91826278322907,
                27.89963926753486
              ],
              [
                86.91826298671545,
                27.899368444934204
              ],
              [
                86.9184662102196,
                27.89936856529947
              ],
              [
                86.91846607489738,
                27.899549113708886
              ],
              [
                86.9186692987429,
                27.89954923377771
              ],
              [
                86.91866936623333,
                27.89945895957749
              ],
              [
                86.91887258991716,
                27.899459079349867
              ],
              [
                86.91887252258842,
                27.899549353550086
              ],
              [
                86.91897413451568,
                27.899549413323985
              ],
              [
                86.91897406727678,
                27.899639687524203
              ],
              [
                86.91917729129297,
                27.89963980684742
              ],
              [
                86.91917735836118,
                27.899549532647203
              ],
              [
                86.91927897028845,
                27.899549592196525
              ],
              [
                86.91927903727581,
                27.899459317996307
              ],
              [
                86.91948226095064,
                27.899459436870366
              ],
              [
                86.91948239458402,
                27.899278888451967
              ]
            ],
            [
              [
                86.9182625119109,
                27.900000364326743
              ],
              [
                86.9182625797337,
                27.89991009013551
              ],
              [
                86.91836419199333,
                27.89991015035857
              ],
              [
                86.91836432748623,
                27.899729601958132
              ],
              [
                86.918770775851,
                27.899729842104755
              ],
              [
                86.91877070844141,
                27.899820116304973
              ],
              [
                86.91866909627163,
                27.89982005637836
              ],
              [
                86.91866902877221,
                27.899910330578578
              ],
              [
                86.91846580425296,
                27.89991021050976
              ],
              [
                86.91846573659186,
                27.900000484700993
              ],
              [
                86.9182625119109,
                27.900000364326743
              ]
            ]
          ],
          [
            [
              [
                86.91938091671237,
                27.89909828063696
              ],
              [
                86.91938084981483,
                27.89918855484616
              ],
              [
                86.91948246140072,
                27.899188614242764
              ],
              [
                86.91948239458402,
                27.899278888451967
              ],
              [
                86.91917755957483,
                27.899278710028582
              ],
              [
                86.91917769371126,
                27.899098161619165
              ],
              [
                86.91938091671237,
                27.89909828063696
              ]
            ]
          ],
          [
            [
              [
                86.91948099137961,
                27.90117464655772
              ],
              [
                86.91958260481604,
                27.901174705882465
              ],
              [
                86.9195825380802,
                27.901264980064713
              ],
              [
                86.91948092455395,
                27.901264920739973
              ],
              [
                86.91948099137961,
                27.90117464655772
              ]
            ]
          ],
          [
            [
              [
                86.91968521804144,
                27.899820652257837
              ],
              [
                86.91978683022022,
                27.899820711429868
              ],
              [
                86.91978676365505,
                27.899910985630083
              ],
              [
                86.91968515138645,
                27.899910926458055
              ],
              [
                86.91968521804144,
                27.899820652257837
              ]
            ]
          ],
          [
            [
              [
                86.91978676365505,
                27.899910985630083
              ],
              [
                86.91988837591468,
                27.899911044730246
              ],
              [
                86.919888442399,
                27.899820770530027
              ],
              [
                86.91999005457778,
                27.899820829558326
              ],
              [
                86.91998998818329,
                27.899911103758544
              ],
              [
                86.92009160044292,
                27.899911162705994
              ],
              [
                86.92009153412928,
                27.900001436906212
              ],
              [
                86.91998992177983,
                27.900001377958763
              ],
              [
                86.91998985538534,
                27.90009165215898
              ],
              [
                86.91978663052473,
                27.90009153403052
              ],
              [
                86.91978676365505,
                27.899910985630083
              ]
            ]
          ],
          [
            [
              [
                86.92039643723976,
                27.899911339108165
              ],
              [
                86.92039623906243,
                27.90018216170882
              ],
              [
                86.92029462654229,
                27.900182102985948
              ],
              [
                86.9202947588282,
                27.90000155458551
              ],
              [
                86.92019314647874,
                27.900001495781794
              ],
              [
                86.92019321271152,
                27.899911221581576
              ],
              [
                86.92039643723976,
                27.899911339108165
              ]
            ]
          ],
          [
            [
              [
                86.92446074002966,
                27.90018444934954
              ],
              [
                86.92446061465179,
                27.900364997758956
              ],
              [
                86.92435900195198,
                27.900364942027476
              ],
              [
                86.92435912750054,
                27.90018439361806
              ],
              [
                86.92446074002966,
                27.90018444934954
              ]
            ]
          ],
          [
            [
              [
                86.92476564004993,
                27.90009434187664
              ],
              [
                86.92476557761702,
                27.900184616085838
              ],
              [
                86.9246639650879,
                27.900184560578936
              ],
              [
                86.92466390257414,
                27.90027483478814
              ],
              [
                86.92456228995518,
                27.90027477920937
              ],
              [
                86.92456235255878,
                27.90018450500017
              ],
              [
                86.92446074002966,
                27.90018444934954
              ],
              [
                86.92446086539853,
                27.900003900931136
              ],
              [
                86.92456247776596,
                27.900003956581767
              ],
              [
                86.92456241516237,
                27.90009423079097
              ],
              [
                86.92476564004993,
                27.90009434187664
              ]
            ]
          ],
          [
            [
              [
                86.9252735782609,
                27.900275166697668
              ],
              [
                86.9252735162502,
                27.900365440906867
              ],
              [
                86.92537512895,
                27.90036549595563
              ],
              [
                86.92537506702014,
                27.90045577016483
              ],
              [
                86.92557829259941,
                27.900455880055738
              ],
              [
                86.92557823083125,
                27.900546154255956
              ],
              [
                86.92547661796077,
                27.900546099350926
              ],
              [
                86.92547655612074,
                27.900636373551144
              ],
              [
                86.92537494316043,
                27.90063631857425
              ],
              [
                86.92537500509029,
                27.900546044374032
              ],
              [
                86.92517177935831,
                27.900545934177696
              ],
              [
                86.92517184144987,
                27.900455659977478
              ],
              [
                86.92496861587958,
                27.90045554949368
              ],
              [
                86.92496880268425,
                27.90018472687506
              ],
              [
                86.92486719015513,
                27.900184671520872
              ],
              [
                86.9248672524982,
                27.900094397311673
              ],
              [
                86.92476564004993,
                27.90009434187664
              ],
              [
                86.92476570249183,
                27.900004067667435
              ],
              [
                86.92507053957613,
                27.900004233729998
              ],
              [
                86.92507035303198,
                27.9002750563576
              ],
              [
                86.9252735782609,
                27.900275166697668
              ]
            ]
          ]
        ]
      },
      "id": "+7114+4697",
      "properties": {
        "area_m2": 352626.06126106664,
        "count": 3518,
        "image_id": "COPERNICUS/S1_GRD/S1A_IW_GRDH_1SDV_20241130T121404_20241130T121429_056784_06F86D_C5EF",
        "lake_id": "imja-tsho",
        "observed_at": "2024-11-30T12:14:04Z",
        "water": 1
      }
    }
  ]
}
