{
  "type": "FeatureCollection",
  "features": [
    {
      "type": "Feature",
      "geometry": {
        "geodesic": false,
        "type": "MultiPolygon",
        "coordinates": [
          [
            [
              [
                86.91329878430972,
                27.89866012810273
              ],
              [
                86.91329871236366,
                27.898750402302948
              ],
              [
                86.91319710120895,
                27.89875033835188
              ],
              [
                86.91319717323587,
                27.898660064142682
              ],
              [
                86.91329878430972,
                27.89866012810273
              ]
            ]
          ],
          [
            [
              [
                86.9292509055092,
                27.899933079299238
              ],
              [
                86.92925102293698,
                27.89975253085389
              ],
              [
                86.92935263507084,
                27.899752582983123
              ],
              [
                86.92935251781375,
                27.89993313141949
              ],
              [
                86.9292509055092,
                27.899933079299238
              ]
            ]
          ],
          [
            [
              [
                86.93260455918961,
                27.899212565960305
              ],
              [
                86.9326044473314,
                27.89939311442362
              ],
              [
                86.93240122371046,
                27.89939301489927
              ],
              [
                86.93240127981025,
                27.899302740672102
              ],
              [
                86.93229966808961,
                27.89930269079764
              ],
              [
                86.93229972426127,
                27.89921241656149
              ],
              [
                86.93260455918961,
                27.899212565960305
              ]
            ]
          ],
          [
            [
              [
                86.93290844761705,
                27.900747376520272
              ],
              [
                86.93290850329464,
                27.900657102311072
              ],
              [
                86.93301011628189,
                27.90065715173638
              ],
              [
                86.93301006068516,
                27.900747425954563
              ],
              [
                86.93290844761705,
                27.900747376520272
              ]
            ]
          ],
          [
            [
              [
                86.93331567465948,
                27.89948373463692
              ],
              [
                86.93331561932325,
                27.89957400887307
              ],
              [
                86.93311239536995,
                27.899573910390764
              ],
              [
                86.93311245087685,
                27.8994836361636
              ],
              [
                86.93331567465948,
                27.89948373463692
              ]
            ]
          ],
          [
            [
              [
                86.93361962896935,
                27.900928269379705
              ],
              [
                86.93361957387567,
                27.901018543588904
              ],
              [
                86.93351796054706,
                27.901018494612757
              ],
              [
                86.93351801572159,
                27.900928220403554
              ],
              [
                86.93361962896935,
                27.900928269379705
              ]
            ]
          ],
          [
            [
              [
                86.93839499162338,
                27.90174295483464
              ],
              [
                86.93849660564372,
                27.90174300021753
              ],
              [
                86.93849655460144,
                27.90183327442673
              ],
              [
                86.93839494050026,
                27.90183322904384
              ],
              [
                86.93839499162338,
                27.90174295483464
              ]
            ]
          ],
          [
            [
              [
                86.91299308467207,
                27.899743226337737
              ],
              [
                86.91299315687864,
                27.899652952146504
              ],
              [
                86.91278993286245,
                27.89965282370538
              ],
              [
                86.912790077608,
                27.899472275331895
              ],
              [
                86.91268846577057,
                27.899472210994556
              ],
              [
                86.91268875558505,
                27.89911111422962
              ],
              [
                86.91289197858615,
                27.899111242814467
              ],
              [
                86.9128920508646,
                27.899020968623233
              ],
              [
                86.91309527369502,
                27.89902109691164
              ],
              [
                86.91309534581177,
                27.89893082271142
              ],
              [
                86.91319695714613,
                27.898930886743337
              ],
              [
                86.91319702917305,
                27.89884061254312
              ],
              [
                86.91329864041758,
                27.898840676503166
              ],
              [
                86.9132985684715,
                27.898930950703384
              ],
              [
                86.91340017980588,
                27.898931014582583
              ],
              [
                86.91340010794065,
                27.8990212887828
              ],
              [
                86.91350171935586,
                27.899021352590136
              ],
              [
                86.91350143224531,
                27.89938244937304
              ],
              [
                86.9136030439929,
                27.899382513099525
              ],
              [
                86.91360340246561,
                27.898931142125388
              ],
              [
                86.91350179114023,
                27.898931078389918
              ],
              [
                86.91350186291562,
                27.8988408041897
              ],
              [
                86.91340025167109,
                27.898840740382365
              ],
              [
                86.91340039539256,
                27.89866019198193
              ],
              [
                86.91329878430972,
                27.89866012810273
              ],
              [
                86.91329892820187,
                27.898479579693312
              ],
              [
                86.9131973172987,
                27.898479515742245
              ],
              [
                86.91319738932562,
                27.898389241533046
              ],
              [
                86.91309577850329,
                27.898389177510115
              ],
              [
                86.91309585061106,
                27.898298903300915
              ],
              [
                86.91360390431842,
                27.898299222705898
              ],
              [
                86.91360368924379,
                27.898570045315534
              ],
              [
                86.91401013322478,
                27.898570299493844
              ],
              [
                86.91401020457796,
                27.898480025293626
              ],
              [
                86.91411181549012,
                27.89848008864282
              ],
              [
                86.91411202929812,
                27.8982092660242
              ],
              [
                86.91401041864648,
                27.898209202666024
              ],
              [
                86.91401048999967,
                27.89811892845682
              ],
              [
                86.91411210057046,
                27.898118991815
              ],
              [
                86.9141121718428,
                27.898028717596816
              ],
              [
                86.91421378233275,
                27.898028780883127
              ],
              [
                86.91421385351525,
                27.897938506664943
              ],
              [
                86.91431546392434,
                27.897938569870405
              ],
              [
                86.91431539282269,
                27.89802884408859
              ],
              [
                86.91441700331264,
                27.898028907213206
              ],
              [
                86.9144172163571,
                27.89775808457662
              ],
              [
                86.91472204708133,
                27.89775827351029
              ],
              [
                86.91472197631205,
                27.897848547728476
              ],
              [
                86.91492519696854,
                27.89784867331295
              ],
              [
                86.91492526755816,
                27.89775839910375
              ],
              [
                86.91502687779658,
                27.89775846177921
              ],
              [
                86.91502680728782,
                27.897848735997393
              ],
              [
                86.91512841761606,
                27.897848798600982
              ],
              [
                86.91512834718814,
                27.897939072819167
              ],
              [
                86.91533156800634,
                27.897939197801772
              ],
              [
                86.9153314977491,
                27.898029472019957
              ],
              [
                86.91512827676023,
                27.89802934703735
              ],
              [
                86.91512813591336,
                27.898209895455754
              ],
              [
                86.91543296790422,
                27.898210082826356
              ],
              [
                86.91543303807164,
                27.898119808617153
              ],
              [
                86.91553464865142,
                27.8981198709243
              ],
              [
                86.91553471873797,
                27.898029596706117
              ],
              [
                86.9156363292369,
                27.8980296589414
              ],
              [
                86.91563639924262,
                27.897939384723216
              ],
              [
                86.9157380096517,
                27.89793944687765
              ],
              [
                86.91573821940833,
                27.8976686242231
              ],
              [
                86.91604304989002,
                27.89766881024623
              ],
              [
                86.91604311955436,
                27.89757853601906
              ],
              [
                86.91614472963109,
                27.897578597877054
              ],
              [
                86.91614479920561,
                27.897488323649885
              ],
              [
                86.91594157922285,
                27.89748819987102
              ],
              [
                86.91594150947765,
                27.897578474089205
              ],
              [
                86.91583989940092,
                27.897578412087483
              ],
              [
                86.91583996923596,
                27.897488137860318
              ],
              [
                86.91573835924906,
                27.897488075777748
              ],
              [
                86.91573842916495,
                27.897397801559563
              ],
              [
                86.9161448687891,
                27.8973980494317
              ],
              [
                86.91614493837261,
                27.897307775204535
              ],
              [
                86.91685620713997,
                27.897308206090443
              ],
              [
                86.91685613814936,
                27.89739848031761
              ],
              [
                86.91624647869514,
                27.897398111208844
              ],
              [
                86.91624640920148,
                27.89748838543601
              ],
              [
                86.91634801918836,
                27.89748844714129
              ],
              [
                86.91634794977554,
                27.897578721359473
              ],
              [
                86.91685600016812,
                27.897579028771943
              ],
              [
                86.9168557241967,
                27.897940125653662
              ],
              [
                86.91726216586004,
                27.897940370237965
              ],
              [
                86.91726230316752,
                27.897759821792615
              ],
              [
                86.91716069292012,
                27.897759760761076
              ],
              [
                86.91716062418104,
                27.89785003498824
              ],
              [
                86.91705901385279,
                27.897849973875854
              ],
              [
                86.91705908267272,
                27.89775969965767
              ],
              [
                86.91695747242532,
                27.897759638473413
              ],
              [
                86.91695788586594,
                27.897217993119394
              ],
              [
                86.91705949561029,
                27.89721805430365
              ],
              [
                86.91705956443022,
                27.8971277800675
              ],
              [
                86.91736439340275,
                27.89712796316212
              ],
              [
                86.91736446197115,
                27.897037688934955
              ],
              [
                86.91756768111848,
                27.89703781062074
              ],
              [
                86.91756774951621,
                27.89694753638459
              ],
              [
                86.91797418747848,
                27.896947778857854
              ],
              [
                86.91797425553484,
                27.896857504621703
              ],
              [
                86.9181774743498,
                27.896857625409176
              ],
              [
                86.91817754224446,
                27.896767351173025
              ],
              [
                86.91838076088874,
                27.89676747165507
              ],
              [
                86.91838069316475,
                27.89685774589122
              ],
              [
                86.91848230257672,
                27.896857806024446
              ],
              [
                86.91848237021088,
                27.896767531788296
              ],
              [
                86.91858397954199,
                27.89676759184067
              ],
              [
                86.91858391197971,
                27.896857866085806
              ],
              [
                86.91878713080364,
                27.89685798596598
              ],
              [
                86.91878719818627,
                27.89676771172983
              ],
              [
                86.91919363549277,
                27.89676795060983
              ],
              [
                86.91919370254303,
                27.896677676364696
              ],
              [
                86.91949853026689,
                27.89667785473418
              ],
              [
                86.91949846346817,
                27.896768128979314
              ],
              [
                86.91970168213041,
                27.896768247521
              ],
              [
                86.91970161550236,
                27.89685852175715
              ],
              [
                86.92000644373826,
                27.896858699003737
              ],
              [
                86.92000651011477,
                27.896768424767586
              ],
              [
                86.91990490078366,
                27.896768365757257
              ],
              [
                86.91990496724102,
                27.896678091512122
              ],
              [
                86.92000657648231,
                27.896678150522455
              ],
              [
                86.92000664285882,
                27.89658787627732
              ],
              [
                86.92010825201926,
                27.896587935206803
              ],
              [
                86.92010831830595,
                27.89649766096167
              ],
              [
                86.92041314553575,
                27.896497837309944
              ],
              [
                86.9204132115709,
                27.89640756306481
              ],
              [
                86.9206164295594,
                27.89640768025004
              ],
              [
                86.92061649542387,
                27.896317406004904
              ],
              [
                86.92112453997741,
                27.89631769766093
              ],
              [
                86.92112460541968,
                27.896227423415795
              ],
              [
                86.92122621424774,
                27.896227481518828
              ],
              [
                86.92122627960916,
                27.89613720726471
              ],
              [
                86.9214294970946,
                27.896137323255182
              ],
              [
                86.92142956228535,
                27.896047049001066
              ],
              [
                86.92153117094273,
                27.8960471068885
              ],
              [
                86.92153123605262,
                27.895956832634383
              ],
              [
                86.92163284462916,
                27.895956890440974
              ],
              [
                86.92163277960012,
                27.89604716469509
              ],
              [
                86.92193760558125,
                27.8960473376657
              ],
              [
                86.9219377351183,
                27.89586678914848
              ],
              [
                86.92254738607446,
                27.89586713306849
              ],
              [
                86.92254751460541,
                27.89568658455127
              ],
              [
                86.92264912293041,
                27.895686641603277
              ],
              [
                86.92264918710606,
                27.895596367349157
              ],
              [
                86.92275079535021,
                27.895596424329298
              ],
              [
                86.92275073125542,
                27.895686698592396
              ],
              [
                86.92336038120546,
                27.895687038910157
              ],
              [
                86.9233604447972,
                27.89559676464706
              ],
              [
                86.9235636612855,
                27.895596877484444
              ],
              [
                86.92356359786444,
                27.895687151756526
              ],
              [
                86.92376681452345,
                27.895687264297464
              ],
              [
                86.92376687777382,
                27.895596990025382
              ],
              [
                86.92397009426213,
                27.895597102269875
              ],
              [
                86.92397015734184,
                27.895506828006777
              ],
              [
                86.92427498182278,
                27.89550699580309
              ],
              [
                86.92427504465095,
                27.895416721539988
              ],
              [
                86.92457986888037,
                27.895416888662563
              ],
              [
                86.924579931457,
                27.89532661439048
              ],
              [
                86.92468153944964,
                27.89532666995128
              ],
              [
                86.92468147696283,
                27.895416944223363
              ],
              [
                86.92498630120123,
                27.895417110447625
              ],
              [
                86.9249863634365,
                27.895326836175542
              ],
              [
                86.92508797142914,
                27.895326891430916
              ],
              [
                86.92508803358358,
                27.895236617158833
              ],
              [
                86.92518964149535,
                27.89523667234234
              ],
              [
                86.92518957942177,
                27.89532694661442
              ],
              [
                86.925392795416,
                27.89532705675686
              ],
              [
                86.92539285731891,
                27.895236782484776
              ],
              [
                86.92569768105426,
                27.895236947136986
              ],
              [
                86.92569774269666,
                27.8951466728649
              ],
              [
                86.9264089975042,
                27.895147054433302
              ],
              [
                86.92640893644571,
                27.895237328705385
              ],
              [
                86.92803466310606,
                27.89523818708157
              ],
              [
                86.92803472281707,
                27.895147912800507
              ],
              [
                86.92844115415878,
                27.89514812439867
              ],
              [
                86.92844121352843,
                27.895057850117606
              ],
              [
                86.92854282127851,
                27.895057902821762
              ],
              [
                86.9285427619897,
                27.89514817711181
              ],
              [
                86.92935562468207,
                27.895148596104026
              ],
              [
                86.92935568329715,
                27.89505832182296
              ],
              [
                86.9295588988063,
                27.89505842582092
              ],
              [
                86.9295588403619,
                27.895148700101988
              ],
              [
                86.92966044820183,
                27.89514875199766
              ],
              [
                86.92966038983829,
                27.895239026278727
              ],
              [
                86.92996521360956,
                27.895239181489643
              ],
              [
                86.92996527172157,
                27.895148907208576
              ],
              [
                86.9300668795615,
                27.89514895879882
              ],
              [
                86.93006693758367,
                27.895058684508772
              ],
              [
                86.93016854533376,
                27.895058736027156
              ],
              [
                86.9301684874014,
                27.89514901030822
              ],
              [
                86.93047331092116,
                27.895149164405225
              ],
              [
                86.93047336860198,
                27.895058890115177
              ],
              [
                86.93057497636104,
                27.89505894132813
              ],
              [
                86.93057503396102,
                27.894968667038082
              ],
              [
                86.93118468000338,
                27.89496897275274
              ],
              [
                86.9311847371003,
                27.894878698462687
              ],
              [
                86.93148955986547,
                27.89487885030492
              ],
              [
                86.93148950302906,
                27.89496912459497
              ],
              [
                86.93169271837651,
                27.894969225448826
              ],
              [
                86.93169277505122,
                27.894878951158777
              ],
              [
                86.93199759782537,
                27.894879101878118
              ],
              [
                86.93199754140218,
                27.894969376168167
              ],
              [
                86.9320991490804,
                27.894969426258225
              ],
              [
                86.93209920541375,
                27.894879151968176
              ],
              [
                86.93260724338263,
                27.8948794012866
              ],
              [
                86.93260729929378,
                27.894789126996553
              ],
              [
                86.93372498191265,
                27.894789668923213
              ],
              [
                86.93372503689852,
                27.89469939462418
              ],
              [
                86.9346395037567,
                27.89469983126829
              ],
              [
                86.9346394495254,
                27.894790105567324
              ],
              [
                86.93484266455845,
                27.89479020177689
              ],
              [
                86.93484261049784,
                27.894880476075922
              ],
              [
                86.93514743329894,
                27.894880619833316
              ],
              [
                86.93514737948985,
                27.894970894123368
              ],
              [
                86.93524898717705,
                27.894970941895775
              ],
              [
                86.93524904089631,
                27.89488066759674
              ],
              [
                86.93545225610002,
                27.89488076290799
              ],
              [
                86.93545220254246,
                27.894971037207025
              ],
              [
                86.93555381022968,
                27.89497108474587
              ],
              [
                86.93555375676195,
                27.895061359044902
              ],
              [
                86.9358585800661,
                27.895061501221264
              ],
              [
                86.9358585268499,
                27.895151775520294
              ],
              [
                86.93677299755286,
                27.89515219802492
              ],
              [
                86.93677294509126,
                27.895242472314973
              ],
              [
                86.93748420068033,
                27.895242796732553
              ],
              [
                86.93748425254905,
                27.895152522442505
              ],
              [
                86.93758586040694,
                27.895152568481162
              ],
              [
                86.93758580862804,
                27.895242842780196
              ],
              [
                86.93778902451449,
                27.8952429346509
              ],
              [
                86.9377889728973,
                27.895333208940947
              ],
              [
                86.93768736486874,
                27.89533316304602
              ],
              [
                86.93768731317068,
                27.895423437345052
              ],
              [
                86.9375857050523,
                27.895423391369278
              ],
              [
                86.9375856532734,
                27.895513665668307
              ],
              [
                86.93738243688391,
                27.89551357350116
              ],
              [
                86.93738238492534,
                27.89560384779121
              ],
              [
                86.93728077664525,
                27.895603801590855
              ],
              [
                86.93728072460586,
                27.895694075880904
              ],
              [
                86.93717911624492,
                27.895694029608684
              ],
              [
                86.93717901199543,
                27.89587457818878
              ],
              [
                86.93738222905866,
                27.895874670661357
              ],
              [
                86.93738217710909,
                27.895964944942424
              ],
              [
                86.93789022019837,
                27.895965174803337
              ],
              [
                86.93789027172573,
                27.895874900522273
              ],
              [
                86.93849992293342,
                27.895875173879613
              ],
              [
                86.9384999739667,
                27.895784899589565
              ],
              [
                86.93870319086824,
                27.895784990112794
              ],
              [
                86.93870324172187,
                27.895694715822746
              ],
              [
                86.9388048500918,
                27.89569476097207
              ],
              [
                86.93880490086457,
                27.89560448667304
              ],
              [
                86.93900811743373,
                27.895604576747115
              ],
              [
                86.93900806682265,
                27.895694851037163
              ],
              [
                86.93910967519257,
                27.89569489596191
              ],
              [
                86.93910972571382,
                27.89560462167186
              ],
              [
                86.9392113340029,
                27.89560466651576
              ],
              [
                86.93921143487472,
                27.895424117926677
              ],
              [
                86.93931304298414,
                27.89542416269871
              ],
              [
                86.9393130933347,
                27.89533388839968
              ],
              [
                86.93941470137224,
                27.89533393309985
              ],
              [
                86.93941455056307,
                27.89560475598796
              ],
              [
                86.93951615885216,
                27.895604800616265
              ],
              [
                86.93951610866328,
                27.895695074906314
              ],
              [
                86.9396177170332,
                27.89569511945377
              ],
              [
                86.93961776713225,
                27.89560484516372
              ],
              [
                86.93982098371039,
                27.89560493403405
              ],
              [
                86.93982093377303,
                27.8956952083241
              ],
              [
                86.93992254214297,
                27.89569525265596
              ],
              [
                86.93992249229545,
                27.895785526946007
              ],
              [
                86.9400241007552,
                27.89578557119702
              ],
              [
                86.94002405098854,
                27.89587584548707
              ],
              [
                86.94012565952913,
                27.895875889666215
              ],
              [
                86.9401256098523,
                27.895966163956263
              ],
              [
                86.94022721847375,
                27.89596620805456
              ],
              [
                86.94022711928177,
                27.89614675663466
              ],
              [
                86.94012551048965,
                27.89614671253636
              ],
              [
                86.94012541113598,
                27.896327261107476
              ],
              [
                86.94002380217317,
                27.896327216937316
              ],
              [
                86.9400237524065,
                27.89641749121838
              ],
              [
                86.94012536145016,
                27.896417535397525
              ],
              [
                86.9401252620875,
                27.89659808396864
              ],
              [
                86.94032848051619,
                27.89659817209337
              ],
              [
                86.94032823295845,
                27.897049543489718
              ],
              [
                86.940429842595,
                27.897049587444286
              ],
              [
                86.94042979316072,
                27.89713986172535
              ],
              [
                86.94032818344331,
                27.897139817770785
              ],
              [
                86.94032813392818,
                27.897230092042868
              ],
              [
                86.94022652412994,
                27.897230048016436
              ],
              [
                86.94022647452496,
                27.8973203222975
              ],
              [
                86.94012486463689,
                27.89732027819022
              ],
              [
                86.94012481496006,
                27.897410552462304
              ],
              [
                86.94002320498215,
                27.89741050828316
              ],
              [
                86.94002325474882,
                27.897320234011076
              ],
              [
                86.93982003498165,
                27.897320145437188
              ],
              [
                86.93981998504431,
                27.89741041970927
              ],
              [
                86.93971837506639,
                27.897410375305547
              ],
              [
                86.93971827503,
                27.897590923849712
              ],
              [
                86.93961666489041,
                27.89759087936514
              ],
              [
                86.93961661478238,
                27.897681153637222
              ],
              [
                86.93971822501182,
                27.89768119811281
              ],
              [
                86.93971817499362,
                27.897771472384893
              ],
              [
                86.93941334406277,
                27.897771338724564
              ],
              [
                86.9394134446112,
                27.89759079018938
              ],
              [
                86.9393118344716,
                27.89759074548921
              ],
              [
                86.93931163304237,
                27.897951842550594
              ],
              [
                86.93910841208942,
                27.897951752925678
              ],
              [
                86.93910831103793,
                27.898132301442896
              ],
              [
                86.93920992168059,
                27.898132346295778
              ],
              [
                86.93920961901122,
                27.898673991847424
              ],
              [
                86.93910800786551,
                27.898673946994542
              ],
              [
                86.93910795733527,
                27.89876422124866
              ],
              [
                86.93900634609973,
                27.89876417631493
              ],
              [
                86.93900629548864,
                27.898854450569047
              ],
              [
                86.93890468417224,
                27.89885440556345
              ],
              [
                86.9389047855651,
                27.89867385705522
              ],
              [
                86.9388031744104,
                27.898673811977755
              ],
              [
                86.9388030220651,
                27.898944634740104
              ],
              [
                86.93870141066786,
                27.898944589581795
              ],
              [
                86.93870130893366,
                27.899125138081047
              ],
              [
                86.93859969735675,
                27.899125092850873
              ],
              [
                86.93859949354697,
                27.899486189831407
              ],
              [
                86.9383962697374,
                27.89948609914648
              ],
              [
                86.93839621861427,
                27.89957637338263
              ],
              [
                86.93819299463401,
                27.899576282401256
              ],
              [
                86.9381929433402,
                27.89966655664639
              ],
              [
                86.93829455541119,
                27.899666602173006
              ],
              [
                86.93829440179927,
                27.899937424890442
              ],
              [
                86.93819278946778,
                27.89993737935484
              ],
              [
                86.93819258430155,
                27.90029847629046
              ],
              [
                86.93809097163768,
                27.90029843068299
              ],
              [
                86.93809071474647,
                27.90074980182781
              ],
              [
                86.93798910166038,
                27.900749756139493
              ],
              [
                86.9379890501959,
                27.900840030366663
              ],
              [
                86.93809066337181,
                27.900840076045995
              ],
              [
                86.93809061199715,
                27.90093035027316
              ],
              [
                86.93819222525391,
                27.90093039588063
              ],
              [
                86.93819217395112,
                27.901020670098813
              ],
              [
                86.93809056061352,
                27.901020624491345
              ],
              [
                86.93809035509695,
                27.901381721373063
              ],
              [
                86.93819196877591,
                27.90138176698053
              ],
              [
                86.93819181489451,
                27.9016525896261
              ],
              [
                86.93809020096401,
                27.90165254401863
              ],
              [
                86.93809014958038,
                27.901742818227834
              ],
              [
                86.93829337761204,
                27.901742909370903
              ],
              [
                86.93829327518614,
                27.901923457798286
              ],
              [
                86.9380900468221,
                27.901923366655218
              ],
              [
                86.93809009819675,
                27.90183309244602
              ],
              [
                86.93798848410455,
                27.9018330467577
              ],
              [
                86.93798843264007,
                27.901923320966905
              ],
              [
                86.93788681844907,
                27.901923275206723
              ],
              [
                86.93788676690374,
                27.902013549415923
              ],
              [
                86.93768353836901,
                27.902013457670982
              ],
              [
                86.93768359008503,
                27.901923183461783
              ],
              [
                86.93737874753896,
                27.90192304529191
              ],
              [
                86.93737885148302,
                27.901742496873506
              ],
              [
                86.93707400944001,
                27.901742358020915
              ],
              [
                86.93707395722095,
                27.901832632230114
              ],
              [
                86.93717557131313,
                27.901832678592168
              ],
              [
                86.93717551917491,
                27.901922952792383
              ],
              [
                86.93727713335694,
                27.901922999082572
              ],
              [
                86.93727708129957,
                27.90201327329177
              ],
              [
                86.9368706242391,
                27.902013087699835
              ],
              [
                86.93687067662886,
                27.901922813499617
              ],
              [
                86.93676906245582,
                27.901922766912985
              ],
              [
                86.936769167406,
                27.901742218494583
              ],
              [
                86.93666755339466,
                27.901742171836087
              ],
              [
                86.9366676585155,
                27.901561623417685
              ],
              [
                86.93646443083418,
                27.901561529876115
              ],
              [
                86.93646437810307,
                27.901651804085315
              ],
              [
                86.93626115025107,
                27.9016517102473
              ],
              [
                86.93626120314387,
                27.9015614360381
              ],
              [
                86.93636281698454,
                27.901561482993042
              ],
              [
                86.93636292261743,
                27.901380934565655
              ],
              [
                86.93646453628742,
                27.90138098144873
              ],
              [
                86.93646464174064,
                27.901200433021348
              ],
              [
                86.93656625524893,
                27.901200479823572
              ],
              [
                86.93656636054047,
                27.901019931387204
              ],
              [
                86.93646474720286,
                27.90101988458498
              ],
              [
                86.93646479992498,
                27.900929610366795
              ],
              [
                86.93636318667721,
                27.900929563483718
              ],
              [
                86.93636323948917,
                27.900839289265537
              ],
              [
                86.93616001315532,
                27.90083919527481
              ],
              [
                86.9361601191116,
                27.900658646829456
              ],
              [
                86.93575366711764,
                27.90065845796765
              ],
              [
                86.93575361380263,
                27.900748732185836
              ],
              [
                86.9358552268887,
                27.900748779518068
              ],
              [
                86.93585512042037,
                27.900929327954437
              ],
              [
                86.9357535071726,
                27.900929280622204
              ],
              [
                86.9357534538486,
                27.90101955484039
              ],
              [
                86.93585506718621,
                27.90101960217262
              ],
              [
                86.93585485424956,
                27.901380699036373
              ],
              [
                86.93595646791954,
                27.901380746287757
              ],
              [
                86.93595636162189,
                27.90156129471514
              ],
              [
                86.93585474778124,
                27.901561247454772
              ],
              [
                86.93585469454706,
                27.901651521672957
              ],
              [
                86.93605792239907,
                27.901651616112844
              ],
              [
                86.9360578693266,
                27.901741890322043
              ],
              [
                86.93565141329022,
                27.901741701136846
              ],
              [
                86.93565162690959,
                27.90138060430004
              ],
              [
                86.93555001323062,
                27.901380556815095
              ],
              [
                86.9355500667253,
                27.901290282605895
              ],
              [
                86.9352452259579,
                27.901290139710884
              ],
              [
                86.9352452797041,
                27.9011998654927
              ],
              [
                86.93514366619583,
                27.901199817720293
              ],
              [
                86.93514361237776,
                27.901290091929493
              ],
              [
                86.93494038519948,
                27.901289996142136
              ],
              [
                86.93494043919722,
                27.901199721932933
              ],
              [
                86.93473721218963,
                27.90119962584913
              ],
              [
                86.93473726635804,
                27.901109351630947
              ],
              [
                86.93443242610269,
                27.901109206939303
              ],
              [
                86.93443248052262,
                27.901018932730103
              ],
              [
                86.93382280053292,
                27.901018641325606
              ],
              [
                86.93382285545592,
                27.900928367107426
              ],
              [
                86.93361962896935,
                27.900928269379705
              ],
              [
                86.93361968405405,
                27.90083799516152
              ],
              [
                86.93331484457124,
                27.90083784799951
              ],
              [
                86.93331495525267,
                27.900657299572124
              ],
              [
                86.93372140721968,
                27.900657495629435
              ],
              [
                86.93372146222353,
                27.900567221411254
              ],
              [
                86.93382307512994,
                27.90056727024367
              ],
              [
                86.93382318496695,
                27.90038672179832
              ],
              [
                86.93331512127929,
                27.90038647690859
              ],
              [
                86.9333150659341,
                27.900476751126774
              ],
              [
                86.93321345311752,
                27.900476701926046
              ],
              [
                86.93321339769146,
                27.90056697614423
              ],
              [
                86.93280694606581,
                27.900566778586732
              ],
              [
                86.9328068902984,
                27.900657052804917
              ],
              [
                86.93270527731113,
                27.900657003226897
              ],
              [
                86.93270522146287,
                27.90074727744508
              ],
              [
                86.93290844761705,
                27.900747376520272
              ],
              [
                86.9329083919305,
                27.900837650738456
              ],
              [
                86.93250193929872,
                27.900837452282644
              ],
              [
                86.93250199531766,
                27.90074717806446
              ],
              [
                86.93240038224057,
                27.900747128261862
              ],
              [
                86.93240032614078,
                27.900837402480047
              ],
              [
                86.93189226036006,
                27.90083715233517
              ],
              [
                86.93189231688206,
                27.90074687812597
              ],
              [
                86.93158747765975,
                27.90074672714612
              ],
              [
                86.93158753444226,
                27.900656452927937
              ],
              [
                86.93168914742952,
                27.900656503332407
              ],
              [
                86.9316892608059,
                27.900475954905023
              ],
              [
                86.93148603516374,
                27.900475854024215
              ],
              [
                86.93148597830937,
                27.9005661282424
              ],
              [
                86.93138436541194,
                27.900566077685216
              ],
              [
                86.93138442234716,
                27.900475803476017
              ],
              [
                86.93128280953059,
                27.900475752846965
              ],
              [
                86.93128292358968,
                27.900295204410597
              ],
              [
                86.93118131093479,
                27.900295153709685
              ],
              [
                86.93118142515559,
                27.900114605273316
              ],
              [
                86.93128303763979,
                27.90011465597423
              ],
              [
                86.93128309466483,
                27.900024381747063
              ],
              [
                86.93148631945358,
                27.900024482924312
              ],
              [
                86.93148620574483,
                27.900205031369666
              ],
              [
                86.93179104344,
                27.90020518256511
              ],
              [
                86.93179098683716,
                27.90029545679228
              ],
              [
                86.93199421213794,
                27.900295557214942
              ],
              [
                86.93199432500228,
                27.900115008769593
              ],
              [
                86.9322991624549,
                27.900115158851126
              ],
              [
                86.93229905008464,
                27.900295707296475
              ],
              [
                86.93219743743873,
                27.900295657341164
              ],
              [
                86.9321972686363,
                27.9005664800047
              ],
              [
                86.93240049444015,
                27.900566579825494
              ],
              [
                86.93240060663973,
                27.900386031389125
              ],
              [
                86.9326038321112,
                27.90038613092246
              ],
              [
                86.93260377618209,
                27.900476405140644
              ],
              [
                86.93280700182423,
                27.900476504368548
              ],
              [
                86.93280705758266,
                27.900386230150364
              ],
              [
                86.93290867032738,
                27.900386279647538
              ],
              [
                86.93290872600497,
                27.900296005429354
              ],
              [
                86.93301033865086,
                27.90029605485466
              ],
              [
                86.9330103942476,
                27.900205780636476
              ],
              [
                86.93290878168254,
                27.90020573121117
              ],
              [
                86.93290883735114,
                27.900115456984004
              ],
              [
                86.93301044983535,
                27.90011550640931
              ],
              [
                86.93301050543208,
                27.90002523218214
              ],
              [
                86.93341695503652,
                27.90002542913777
              ],
              [
                86.9334170102919,
                27.8999351549106
              ],
              [
                86.9333153979694,
                27.89993510579072
              ],
              [
                86.93331545331459,
                27.899844831563556
              ],
              [
                86.93301061661656,
                27.899844683727807
              ],
              [
                86.93301067220432,
                27.89975440950064
              ],
              [
                86.93351873294549,
                27.89975465550428
              ],
              [
                86.93351884328555,
                27.899574107049947
              ],
              [
                86.93382367922901,
                27.899574253744834
              ],
              [
                86.93382373414302,
                27.899483979517665
              ],
              [
                86.93331567465948,
                27.89948373463692
              ],
              [
                86.93331578534091,
                27.89930318616462
              ],
              [
                86.93321417361129,
                27.89930313696389
              ],
              [
                86.93321422902835,
                27.89921286272774
              ],
              [
                86.93260455918961,
                27.899212565960305
              ],
              [
                86.93260461510975,
                27.899122291724154
              ],
              [
                86.93270622666869,
                27.89912234137404
              ],
              [
                86.93270628250797,
                27.899032067137888
              ],
              [
                86.93240144809165,
                27.899031917963654
              ],
              [
                86.93240139200084,
                27.8991221921998
              ],
              [
                86.93209655733301,
                27.89912204235183
              ],
              [
                86.93209650099068,
                27.89921231658798
              ],
              [
                86.93169005443151,
                27.89921211574265
              ],
              [
                86.93168999774782,
                27.8993023899788
              ],
              [
                86.93158838602719,
                27.89930233957433
              ],
              [
                86.93158849956525,
                27.89912179111101
              ],
              [
                86.93148688800632,
                27.899121740634676
              ],
              [
                86.93148700171506,
                27.898941192162376
              ],
              [
                86.93128377894752,
                27.898941090994107
              ],
              [
                86.93128372193145,
                27.899031365230258
              ],
              [
                86.93118211046234,
                27.899031314529342
              ],
              [
                86.93118199624155,
                27.899211863001643
              ],
              [
                86.93108038461075,
                27.899211812228863
              ],
              [
                86.9310804417975,
                27.899121537992713
              ],
              [
                86.93097883024754,
                27.89912148714807
              ],
              [
                86.93097894480071,
                27.898940938675768
              ],
              [
                86.93087733341244,
                27.89894088775926
              ],
              [
                86.93087744813629,
                27.898760339277974
              ],
              [
                86.93077583691871,
                27.898760288280616
              ],
              [
                86.93077572203318,
                27.8989408367619
              ],
              [
                86.93057249926564,
                27.898940734542602
              ],
              [
                86.93057255688358,
                27.898850460306452
              ],
              [
                86.93036933428671,
                27.89885035778173
              ],
              [
                86.93036927650708,
                27.89894063201788
              ],
              [
                86.93026766511882,
                27.898940580652212
              ],
              [
                86.93026760725833,
                27.899030854879378
              ],
              [
                86.92986116139986,
                27.899030648644157
              ],
              [
                86.9298612196017,
                27.898940374408006
              ],
              [
                86.93006444236026,
                27.89894047767833
              ],
              [
                86.93006455843158,
                27.89875992920603
              ],
              [
                86.9298613360054,
                27.898759825944687
              ],
              [
                86.92986127780355,
                27.898850100180837
              ],
              [
                86.92975966650512,
                27.898850048428894
              ],
              [
                86.92975960822243,
                27.898940322665045
              ],
              [
                86.92925155132603,
                27.898940062809384
              ],
              [
                86.92925149261215,
                27.899030337045534
              ],
              [
                86.92914988115203,
                27.899030284844432
              ],
              [
                86.92914970476782,
                27.899301107534917
              ],
              [
                86.92925131648846,
                27.89930115973602
              ],
              [
                86.92925125777457,
                27.899391433963185
              ],
              [
                86.92935286957605,
                27.899391486083438
              ],
              [
                86.92935275232794,
                27.899572034528788
              ],
              [
                86.92925114035577,
                27.899571982408535
              ],
              [
                86.92925119906967,
                27.89948170818137
              ],
              [
                86.92914958717834,
                27.899481655989252
              ],
              [
                86.9291495283836,
                27.899571930216418
              ],
              [
                86.92904791642043,
                27.89957187794345
              ],
              [
                86.92904773977571,
                27.899842700606985
              ],
              [
                86.9291493519994,
                27.89984275287995
              ],
              [
                86.92914929320467,
                27.899933027098136
              ],
              [
                86.9292509055092,
                27.899933079299238
              ],
              [
                86.92925084679533,
                27.900023353517422
              ],
              [
                86.92904762201556,
                27.900023249043354
              ],
              [
                86.92904756313997,
                27.90011352326154
              ],
              [
                86.92894595066475,
                27.900113470916708
              ],
              [
                86.9289457737685,
                27.900384293562276
              ],
              [
                86.928742548315,
                27.900384188639052
              ],
              [
                86.9287426074511,
                27.900293914420867
              ],
              [
                86.9286409948052,
                27.900293861851456
              ],
              [
                86.92864105402214,
                27.90020358763327
              ],
              [
                86.92874266657822,
                27.900203640211664
              ],
              [
                86.92874272571432,
                27.900113365993484
              ],
              [
                86.92853950077284,
                27.900113260773814
              ],
              [
                86.92853944146607,
                27.900203534991995
              ],
              [
                86.92833621635393,
                27.9002034294669
              ],
              [
                86.92833615687648,
                27.900293703685083
              ],
              [
                86.92813293160263,
                27.900293597863545
              ],
              [
                86.9281328719545,
                27.900383872072744
              ],
              [
                86.92803125923673,
                27.900383819054177
              ],
              [
                86.92803131895674,
                27.900293544835993
              ],
              [
                86.92782809368289,
                27.900293438565296
              ],
              [
                86.92782803378323,
                27.90038371278348
              ],
              [
                86.92762480833872,
                27.900383606207352
              ],
              [
                86.92762486840007,
                27.900293331998153
              ],
              [
                86.92732003048033,
                27.900293171577008
              ],
              [
                86.92731997016745,
                27.900383445795192
              ],
              [
                86.92721835744968,
                27.90038339216577
              ],
              [
                86.92721829704696,
                27.90047366637497
              ],
              [
                86.92711668423937,
                27.900473612682667
              ],
              [
                86.9271168052065,
                27.900293064264265
              ],
              [
                86.92721841784342,
                27.90029311795657
              ],
              [
                86.92721853863988,
                27.90011256953817
              ],
              [
                86.92742176358134,
                27.90011267670718
              ],
              [
                86.92742182381338,
                27.900022402488997
              ],
              [
                86.92752343619877,
                27.900022455956723
              ],
              [
                86.92752349634097,
                27.899932181747523
              ],
              [
                86.92762510864551,
                27.899932235143382
              ],
              [
                86.92762522876824,
                27.899751686707013
              ],
              [
                86.92742200450051,
                27.899751579834444
              ],
              [
                86.92742194426847,
                27.899841854052628
              ],
              [
                86.92732033205375,
                27.899841800513038
              ],
              [
                86.92732027174087,
                27.89993207472224
              ],
              [
                86.92711704714077,
                27.899931967409497
              ],
              [
                86.92711710762434,
                27.899841693191313
              ],
              [
                86.92701549540962,
                27.89984163941816
              ],
              [
                86.92701543483622,
                27.899931913636344
              ],
              [
                86.92691382254067,
                27.899931859791323
              ],
              [
                86.92691376188642,
                27.900022134009507
              ],
              [
                86.9270153742718,
                27.90002218785453
              ],
              [
                86.927015253134,
                27.900202736281912
              ],
              [
                86.9269136405869,
                27.90020268242791
              ],
              [
                86.92691345862416,
                27.900473505064497
              ],
              [
                86.92681184582555,
                27.90047345113863
              ],
              [
                86.92681178508147,
                27.90056372534783
              ],
              [
                86.92660855930457,
                27.90056361727152
              ],
              [
                86.92660862021035,
                27.9004733430713
              ],
              [
                86.92610055619032,
                27.900473071582454
              ],
              [
                86.92610049486234,
                27.900563345791657
              ],
              [
                86.925795656197,
                27.90056318200183
              ],
              [
                86.92579559461748,
                27.900653456202047
              ],
              [
                86.92559236867889,
                27.90065334663453
              ],
              [
                86.92559249217928,
                27.900472798225113
              ],
              [
                86.9256941049779,
                27.900472853049298
              ],
              [
                86.92569441329766,
                27.900021482003293
              ],
              [
                86.92549118853586,
                27.900021372292045
              ],
              [
                86.92549112670483,
                27.900111646501248
              ],
              [
                86.92538951423859,
                27.900111591533335
              ],
              [
                86.92538932849394,
                27.900382414151956
              ],
              [
                86.9254909412117,
                27.90038246912885
              ],
              [
                86.92549075570959,
                27.900653291738486
              ],
              [
                86.9253891427403,
                27.900653236770573
              ],
              [
                86.92538908081943,
                27.90074351097079
              ],
              [
                86.9252874677603,
                27.90074345592203
              ],
              [
                86.925287529771,
                27.900653181721815
              ],
              [
                86.92467785195522,
                27.90065284986618
              ],
              [
                86.92467791446,
                27.900562575665962
              ],
              [
                86.92457630158054,
                27.90056252009618
              ],
              [
                86.92457642676078,
                27.900381971695744
              ],
              [
                86.92467803947854,
                27.90038202726553
              ],
              [
                86.9246781644881,
                27.900201478847126
              ],
              [
                86.92457655194102,
                27.90020142327734
              ],
              [
                86.92457661453562,
                27.900111149077127
              ],
              [
                86.92467822700186,
                27.900111204646908
              ],
              [
                86.92467828950663,
                27.90002093043771
              ],
              [
                86.92457667713023,
                27.900020874867923
              ],
              [
                86.92457673971586,
                27.899930600658724
              ],
              [
                86.92437351513372,
                27.899930489294576
              ],
              [
                86.92437338961213,
                27.90011103771298
              ],
              [
                86.92447500207837,
                27.900111093426492
              ],
              [
                86.92447487672744,
                27.900291641844895
              ],
              [
                86.92427165146259,
                27.900291530328037
              ],
              [
                86.92427140007804,
                27.900652627137887
              ],
              [
                86.92406817414843,
                27.900652515324587
              ],
              [
                86.92406830017309,
                27.900471966915166
              ],
              [
                86.9241699129717,
                27.900472022862242
              ],
              [
                86.92416997590767,
                27.900381748662024
              ],
              [
                86.9240683631899,
                27.900381692714948
              ],
              [
                86.92406842620672,
                27.900291418514733
              ],
              [
                86.92396681357879,
                27.90029136249579
              ],
              [
                86.92396675048111,
                27.900381636696007
              ],
              [
                86.92386513776336,
                27.900381580605202
              ],
              [
                86.92386507458484,
                27.90047185480542
              ],
              [
                86.92376346178622,
                27.900471798633767
              ],
              [
                86.92376371485062,
                27.900110701814928
              ],
              [
                86.92366210239337,
                27.90011064557141
              ],
              [
                86.92366203904417,
                27.90020091978061
              ],
              [
                86.92356042649709,
                27.900200863465223
              ],
              [
                86.92356036306704,
                27.90029113766544
              ],
              [
                86.92325552518324,
                27.900290968261146
              ],
              [
                86.92325533411157,
                27.900561790861797
              ],
              [
                86.92345855987948,
                27.900561903878845
              ],
              [
                86.92345843283076,
                27.900742452270297
              ],
              [
                86.92335681978959,
                27.900742395802197
              ],
              [
                86.92335675617988,
                27.900832670002416
              ],
              [
                86.92295030364693,
                27.90083244336645
              ],
              [
                86.92295023970485,
                27.90092271756667
              ],
              [
                86.92274701327219,
                27.90092260379504
              ],
              [
                86.92274707738495,
                27.900832329603805
              ],
              [
                86.92244223799197,
                27.900832158393893
              ],
              [
                86.92244217362769,
                27.90092243259411
              ],
              [
                86.92234056041583,
                27.90092237537143
              ],
              [
                86.92234062486098,
                27.900832101180193
              ],
              [
                86.92223901173897,
                27.900832043885647
              ],
              [
                86.922238947204,
                27.90092231807688
              ],
              [
                86.92183249434765,
                27.9009220881441
              ],
              [
                86.921832559215,
                27.900831813952866
              ],
              [
                86.921629332962,
                27.900831698546302
              ],
              [
                86.92162926792398,
                27.900921972737535
              ],
              [
                86.92112120186476,
                27.900921682887127
              ],
              [
                86.92112113640454,
                27.90101195707836
              ],
              [
                86.92101952311184,
                27.901011898885496
              ],
              [
                86.92101945756177,
                27.90110217307673
              ],
              [
                86.92061300404966,
                27.90110193955069
              ],
              [
                86.92061293816721,
                27.90119221373294
              ],
              [
                86.92020648432272,
                27.90119197901214
              ],
              [
                86.92020661676135,
                27.901011430638654
              ],
              [
                86.92010500346865,
                27.901011371772054
              ],
              [
                86.92010487085935,
                27.90119192014554
              ],
              [
                86.91919034972496,
                27.9011913869505
              ],
              [
                86.91919028265674,
                27.901281661132753
              ],
              [
                86.91878382849784,
                27.901281422216822
              ],
              [
                86.91878389589843,
                27.90119114803457
              ],
              [
                86.91888550935282,
                27.90119120787135
              ],
              [
                86.91888564398333,
                27.90101065950685
              ],
              [
                86.91878403069963,
                27.901010599670066
              ],
              [
                86.91878396329903,
                27.901100873852318
              ],
              [
                86.91868234992549,
                27.90110081393469
              ],
              [
                86.91868228243507,
                27.90119108811694
              ],
              [
                86.91858066898068,
                27.901191028127446
              ],
              [
                86.9185806014094,
                27.901281302300713
              ],
              [
                86.91786930663581,
                27.901280880254227
              ],
              [
                86.91786923848063,
                27.90137115443648
              ],
              [
                86.9176660112305,
                27.901371033172897
              ],
              [
                86.91766614789121,
                27.901190484817377
              ],
              [
                86.91776776134559,
                27.90119054548959
              ],
              [
                86.9177678295906,
                27.901100271307342
              ],
              [
                86.91766621621707,
                27.90110021064411
              ],
              [
                86.91766628455191,
                27.901009936461858
              ],
              [
                86.91756467126821,
                27.90100987571778
              ],
              [
                86.91756460285251,
                27.90110014990003
              ],
              [
                86.91746298947898,
                27.901100089084085
              ],
              [
                86.91746292098243,
                27.901190363266338
              ],
              [
                86.91756453443682,
                27.901190424082284
              ],
              [
                86.91756432919873,
                27.90146124661107
              ],
              [
                86.91715787437506,
                27.90146100288915
              ],
              [
                86.917157805627,
                27.901551277062417
              ],
              [
                86.91705619183125,
                27.90155121595003
              ],
              [
                86.91705612300234,
                27.901641490123296
              ],
              [
                86.91695450912574,
                27.90164142893006
              ],
              [
                86.916954440207,
                27.90173170310333
              ],
              [
                86.91664959833467,
                27.90173151907446
              ],
              [
                86.91664952916439,
                27.901821793238746
              ],
              [
                86.91634468704054,
                27.90182160853614
              ],
              [
                86.91634454818794,
                27.902002156873692
              ],
              [
                86.91603970556103,
                27.90200197149735
              ],
              [
                86.91603963587872,
                27.902092245661635
              ],
              [
                86.91583640729907,
                27.90209212170311
              ],
              [
                86.91583647715207,
                27.902001847538823
              ],
              [
                86.91593809135206,
                27.90200190954953
              ],
              [
                86.9159381611242,
                27.901911635385243
              ],
              [
                86.91603977524335,
                27.901911697333066
              ],
              [
                86.91603984492566,
                27.9018214231598
              ],
              [
                86.91593823088736,
                27.901821361220957
              ],
              [
                86.91593830065054,
                27.901731087056675
              ],
              [
                86.9158366866931,
                27.901731025036987
              ],
              [
                86.91583661684908,
                27.90182129920127
              ],
              [
                86.91573500281079,
                27.90182123710972
              ],
              [
                86.91573479300925,
                27.902092059602573
              ],
              [
                86.91563317871943,
                27.902091997439157
              ],
              [
                86.91563310869576,
                27.90218227160344
              ],
              [
                86.91532826557477,
                27.902182084646064
              ],
              [
                86.91532819530855,
                27.90227235881035
              ],
              [
                86.91522658084806,
                27.902272296341504
              ],
              [
                86.91522665120411,
                27.902182022177218
              ],
              [
                86.91482019371244,
                27.90218177156522
              ],
              [
                86.91482012302401,
                27.902272045720522
              ],
              [
                86.91441366519999,
                27.902271793904784
              ],
              [
                86.91441373622978,
                27.90218151974948
              ],
              [
                86.91451535060045,
                27.902181582811213
              ],
              [
                86.91451549248934,
                27.902001034491626
              ],
              [
                86.9147187208983,
                27.902001160399497
              ],
              [
                86.91471914555889,
                27.901459515413787
              ],
              [
                86.91461753186196,
                27.901459452495786
              ],
              [
                86.91461760272107,
                27.9013691783315
              ],
              [
                86.91441437549788,
                27.901369052270915
              ],
              [
                86.91441444652767,
                27.90127877810663
              ],
              [
                86.91431283300142,
                27.90127871496405
              ],
              [
                86.91431290411207,
                27.901188440799764
              ],
              [
                86.91421129066666,
                27.901188377585317
              ],
              [
                86.9142115042501,
                27.90091755506551
              ],
              [
                86.91431311744398,
                27.90091761827996
              ],
              [
                86.91431325966525,
                27.90073706992444
              ],
              [
                86.91411003362785,
                27.90073694342368
              ],
              [
                86.91411010490017,
                27.900646669250413
              ],
              [
                86.91360204022438,
                27.900646351686976
              ],
              [
                86.9136021119279,
                27.90055607751371
              ],
              [
                86.9130940476833,
                27.900555758081776
              ],
              [
                86.91309411980005,
                27.900465483899527
              ],
              [
                86.91319573256273,
                27.900465547940424
              ],
              [
                86.91319580460762,
                27.900375273758172
              ],
              [
                86.91299257924395,
                27.900375145613495
              ],
              [
                86.91299265145054,
                27.900284871431243
              ],
              [
                86.91289103885853,
                27.900284807246617
              ],
              [
                86.91289089427468,
                27.90046535561112
              ],
              [
                86.91268766874931,
                27.900465227008304
              ],
              [
                86.9126875962912,
                27.900555501190556
              ],
              [
                86.91238275775163,
                27.900555307729377
              ],
              [
                86.91238283046127,
                27.900465033556106
              ],
              [
                86.91217960494488,
                27.90046490420769
              ],
              [
                86.91217975069654,
                27.900284355852172
              ],
              [
                86.91238297588953,
                27.900284485200586
              ],
              [
                86.91238290317091,
                27.900374759373857
              ],
              [
                86.91258612852559,
                27.90037488842583
              ],
              [
                86.91258627361249,
                27.900194340061326
              ],
              [
                86.91248466110135,
                27.900194275580255
              ],
              [
                86.91248473373012,
                27.900104001398006
              ],
              [
                86.91217989645718,
                27.900103807496652
              ],
              [
                86.91218011508916,
                27.899832984949896
              ],
              [
                86.91238333943772,
                27.899833114298314
              ],
              [
                86.91238326672809,
                27.899923388480566
              ],
              [
                86.91258649123836,
                27.899923517523558
              ],
              [
                86.91258641869939,
                27.900013791705806
              ],
              [
                86.91268803103988,
                27.900013856115013
              ],
              [
                86.91268810349798,
                27.89992358193276
              ],
              [
                86.91278971574863,
                27.89992364626112
              ],
              [
                86.91278986049417,
                27.899743097896618
              ],
              [
                86.91299308467207,
                27.899743226337737
              ]
            ],
            [
              [
                86.91299308467207,
                27.899743226337737
              ],
              [
                86.91309469676101,
                27.899743290441513
              ],
              [
                86.91309462464426,
                27.89983356463275
              ],
              [
                86.91299301246548,
                27.89983350051999
              ],
              [
                86.91299308467207,
                27.899743226337737
              ]
            ],
            [
              [
                86.91319580460762,
                27.900375273758172
              ],
              [
                86.91319609274224,
                27.90001417703815
              ],
              [
                86.91339931743218,
                27.9000143048774
              ],
              [
                86.91339924556695,
                27.900104579059647
              ],
              [
                86.91329763313665,
                27.90010451518045
              ],
              [
                86.91329756119057,
                27.9001947893627
              ],
              [
                86.9135007862129,
                27.90019491705822
              ],
              [
                86.91350071442851,
                27.900285191240467
              ],
              [
                86.91360232702051,
                27.900285254975937
              ],
              [
                86.91360218362244,
                27.900465803331457
              ],
              [
                86.91350057085977,
                27.900465739595987
              ],
              [
                86.91350064264414,
                27.90037546542272
              ],
              [
                86.91319580460762,
                27.900375273758172
              ]
            ],
            [
              [
                86.93331512127929,
                27.90038647690859
              ],
              [
                86.93321350853458,
                27.90038642770786
              ],
              [
                86.93321356396063,
                27.90029615348968
              ],
              [
                86.93331517661552,
                27.900296202690406
              ],
              [
                86.93331512127929,
                27.90038647690859
              ]
            ],
            [
              [
                86.93677294509126,
                27.895242472314973
              ],
              [
                86.93677289262965,
                27.895332746614002
              ],
              [
                86.93667128461007,
                27.89533269996449
              ],
              [
                86.93667133715253,
                27.895242425674443
              ],
              [
                86.93677294509126,
                27.895242472314973
              ]
            ],
            [
              [
                86.9379890501959,
                27.900840030366663
              ],
              [
                86.9379889987404,
                27.900930304593828
              ],
              [
                86.93788738548365,
                27.900930258833647
              ],
              [
                86.93788743702898,
                27.90083998460648
              ],
              [
                86.9379890501959,
                27.900840030366663
              ]
            ],
            [
              [
                86.94022652412994,
                27.897230048016436
              ],
              [
                86.94002330451548,
                27.897229959738993
              ],
              [
                86.94002340404882,
                27.897049411185844
              ],
              [
                86.9402266233219,
                27.897049499463286
              ],
              [
                86.94022652412994,
                27.897230048016436
              ]
            ],
            [
              [
                86.91289176173284,
                27.899382065397155
              ],
              [
                86.91289183401129,
                27.89929179120592
              ],
              [
                86.91299344567803,
                27.899291855390548
              ],
              [
                86.9129935178846,
                27.89920158119033
              ],
              [
                86.91309512946151,
                27.89920164530309
              ],
              [
                86.91309505734476,
                27.899291919494324
              ],
              [
                86.91319666902048,
                27.89929198352624
              ],
              [
                86.91319659698458,
                27.899382257717473
              ],
              [
                86.91289176173284,
                27.899382065397155
              ]
            ],
            [
              [
                86.91339967675829,
                27.899562933948175
              ],
              [
                86.91339974862352,
                27.89947265975694
              ],
              [
                86.91350136046094,
                27.899472723564273
              ],
              [
                86.91350128868554,
                27.89956299775551
              ],
              [
                86.91339967675829,
                27.899562933948175
              ]
            ],
            [
              [
                86.91380676818206,
                27.89875072096233
              ],
              [
                86.91380683970593,
                27.89866044676211
              ],
              [
                86.91390845078875,
                27.89866051026402
              ],
              [
                86.91390837934574,
                27.89875078447322
              ],
              [
                86.91380676818206,
                27.89875072096233
              ]
            ],
            [
              [
                86.91390730770951,
                27.900104897368685
              ],
              [
                86.91390737915252,
                27.90001462317745
              ],
              [
                86.91400899150197,
                27.900014686616476
              ],
              [
                86.91400906285516,
                27.899924412434224
              ],
              [
                86.91411067512377,
                27.899924475792403
              ],
              [
                86.91411060384246,
                27.900014749974655
              ],
              [
                86.91431382853239,
                27.900014876475414
              ],
              [
                86.9143136863201,
                27.900195424839914
              ],
              [
                86.9141104612888,
                27.90019529834814
              ],
              [
                86.91411053257012,
                27.90010502416589
              ],
              [
                86.91390730770951,
                27.900104897368685
              ]
            ],
            [
              [
                86.9139082364687,
                27.898931332873655
              ],
              [
                86.91390830791171,
                27.898841058673437
              ],
              [
                86.91400991915624,
                27.89884112210348
              ],
              [
                86.91400984780306,
                27.898931396303695
              ],
              [
                86.9139082364687,
                27.898931332873655
              ]
            ],
            [
              [
                86.91400934829484,
                27.899563315669287
              ],
              [
                86.914009419657,
                27.899473041478053
              ],
              [
                86.91411103149443,
                27.89947310483623
              ],
              [
                86.91411110276677,
                27.899382830644996
              ],
              [
                86.91431432627991,
                27.89938295713677
              ],
              [
                86.9143141840676,
                27.899563505528224
              ],
              [
                86.91400934829484,
                27.899563315669287
              ]
            ],
            [
              [
                86.91421328402828,
                27.89866070033855
              ],
              [
                86.91421335521976,
                27.89857042612935
              ],
              [
                86.91441657721475,
                27.89857055246841
              ],
              [
                86.91441650619394,
                27.89866082667761
              ],
              [
                86.91421328402828,
                27.89866070033855
              ]
            ],
            [
              [
                86.9143129752227,
                27.901098166626497
              ],
              [
                86.91431304633333,
                27.90100789245323
              ],
              [
                86.91451627288278,
                27.901008018657542
              ],
              [
                86.91451613099389,
                27.901188566995096
              ],
              [
                86.91441451754848,
                27.901188503933362
              ],
              [
                86.91441458857827,
                27.901098229760095
              ],
              [
                86.9143129752227,
                27.901098166626497
              ]
            ],
            [
              [
                86.91431397075367,
                27.899834328101928
              ],
              [
                86.91431404185532,
                27.89974405391069
              ],
              [
                86.9145172660422,
                27.899744180106023
              ],
              [
                86.91451733698216,
                27.89965390591479
              ],
              [
                86.91472056099835,
                27.899654031804694
              ],
              [
                86.91472034869052,
                27.899924854378394
              ],
              [
                86.91451712417127,
                27.899924728479508
              ],
              [
                86.91451719510223,
                27.899834454297256
              ],
              [
                86.91431397075367,
                27.899834328101928
              ]
            ],
            [
              [
                86.91441480165865,
                27.90082740724029
              ],
              [
                86.91441487268844,
                27.90073713306702
              ],
              [
                86.91461809872585,
                27.90073725911862
              ],
              [
                86.91461802787573,
                27.90082753329189
              ],
              [
                86.91441480165865,
                27.90082740724029
              ]
            ],
            [
              [
                86.91482061786998,
                27.901640126588493
              ],
              [
                86.91482075925582,
                27.90145957825094
              ],
              [
                86.91502398664969,
                27.901459703709655
              ],
              [
                86.9150238456052,
                27.90164025204721
              ],
              [
                86.91482061786998,
                27.901640126588493
              ]
            ],
            [
              [
                86.9148216782144,
                27.90028601396252
              ],
              [
                86.91482174890282,
                27.900195739771288
              ],
              [
                86.91502497393411,
                27.900195865221015
              ],
              [
                86.91502490341637,
                27.900286139412252
              ],
              [
                86.9148216782144,
                27.90028601396252
              ]
            ],
            [
              [
                86.9148234452814,
                27.898029158993012
              ],
              [
                86.91482351596085,
                27.897938884774828
              ],
              [
                86.91492512636995,
                27.897938947531134
              ],
              [
                86.91492505578033,
                27.89802922174932
              ],
              [
                86.9148234452814,
                27.898029158993012
              ]
            ],
            [
              [
                86.91492434981231,
                27.89893196382336
              ],
              [
                86.91492449100951,
                27.898751415422925
              ],
              [
                86.91502610218218,
                27.898751478098383
              ],
              [
                86.91502603166442,
                27.898841752307582
              ],
              [
                86.91522925417145,
                27.898841877451886
              ],
              [
                86.91522918382438,
                27.898932151652104
              ],
              [
                86.91492434981231,
                27.89893196382336
              ]
            ],
            [
              [
                86.91492470279633,
                27.898480592804304
              ],
              [
                86.91492477339492,
                27.898390318595105
              ],
              [
                86.91502638422622,
                27.898390381270563
              ],
              [
                86.91502631371746,
                27.898480655479762
              ],
              [
                86.91492470279633,
                27.898480592804304
              ]
            ],
            [
              [
                86.91502525600511,
                27.899834768474044
              ],
              [
                86.91502532652287,
                27.89974449428281
              ],
              [
                86.9151269386118,
                27.899744556895385
              ],
              [
                86.91512700904872,
                27.899654282695167
              ],
              [
                86.91522862105681,
                27.899654345235877
              ],
              [
                86.91522848036267,
                27.899834893618348
              ],
              [
                86.91502525600511,
                27.899834768474044
              ]
            ],
            [
              [
                86.91532875747426,
                27.90155016549607
              ],
              [
                86.9153289682819,
                27.901279342985248
              ],
              [
                86.91543058181713,
                27.901279405373245
              ],
              [
                86.91543044144639,
                27.90145995371978
              ],
              [
                86.91553205514332,
                27.901460016035912
              ],
              [
                86.91553191494326,
                27.901640564373466
              ],
              [
                86.91543030107565,
                27.901640502057333
              ],
              [
                86.91543037126102,
                27.901550227884066
              ],
              [
                86.91532875747426,
                27.90155016549607
              ]
            ],
            [
              [
                86.91573661119939,
                27.89974493098082
              ],
              [
                86.91573668112424,
                27.899654656789586
              ],
              [
                86.91583829313235,
                27.899654718872153
              ],
              [
                86.91583822329731,
                27.89974499307237
              ],
              [
                86.91573661119939,
                27.89974493098082
              ]
            ],
            [
              [
                86.91583773439821,
                27.900376912393046
              ],
              [
                86.91583780424222,
                27.900286638210797
              ],
              [
                86.9159394168432,
                27.9002867002215
              ],
              [
                86.91593934708004,
                27.900376974403752
              ],
              [
                86.91583773439821,
                27.900376912393046
              ]
            ],
            [
              [
                86.91604235321059,
                27.898571552392134
              ],
              [
                86.91604242288392,
                27.898481278182935
              ],
              [
                86.91614403380505,
                27.898481340040924
              ],
              [
                86.91614396422155,
                27.898571614250127
              ],
              [
                86.91604235321059,
                27.898571552392134
              ]
            ],
            [
              [
                86.91614326835958,
                27.899474356288234
              ],
              [
                86.91614333794308,
                27.89938408208802
              ],
              [
                86.9163465614652,
                27.899384205588404
              ],
              [
                86.91634649205238,
                27.89947447978862
              ],
              [
                86.91614326835958,
                27.899474356288234
              ]
            ],
            [
              [
                86.91624529721292,
                27.89893277286407
              ],
              [
                86.91624536671557,
                27.898842498663853
              ],
              [
                86.91634697797807,
                27.898842560369133
              ],
              [
                86.91634690855626,
                27.898932834578332
              ],
              [
                86.91624529721292,
                27.89893277286407
              ]
            ],
            [
              [
                86.91644928254233,
                27.897939879874603
              ],
              [
                86.9164494211973,
                27.897759331438234
              ],
              [
                86.9165510314447,
                27.89775939299978
              ],
              [
                86.91655096220256,
                27.897849667217965
              ],
              [
                86.91665257253081,
                27.897849728698663
              ],
              [
                86.91665250336952,
                27.897940002916847
              ],
              [
                86.91644928254233,
                27.897939879874603
              ]
            ],
            [
              [
                86.91655068521602,
                27.8982107640907
              ],
              [
                86.91655082370929,
                27.898030215654334
              ],
              [
                86.91665243420822,
                27.89803027713503
              ],
              [
                86.91665229588564,
                27.898210825571397
              ],
              [
                86.91655068521602,
                27.8982107640907
              ]
            ],
            [
              [
                86.91665195007018,
                27.898662196635367
              ],
              [
                86.91665201924046,
                27.898571922426168
              ],
              [
                86.91685524124443,
                27.898572045162986
              ],
              [
                86.91685517225382,
                27.898662319372185
              ],
              [
                86.91665195007018,
                27.898662196635367
              ]
            ],
            [
              [
                86.91685372328922,
                27.90055807752286
              ],
              [
                86.91685379229781,
                27.900467803340607
              ],
              [
                86.91705701785013,
                27.90046792578996
              ],
              [
                86.91705694901222,
                27.900558199981198
              ],
              [
                86.91685372328922,
                27.90055807752286
              ]
            ],
            [
              [
                86.91685468928358,
                27.899294238818626
              ],
              [
                86.9168548272738,
                27.899113690409205
              ],
              [
                86.91705805030185,
                27.899113812858563
              ],
              [
                86.91705811912178,
                27.899023538649363
              ],
              [
                86.91715973055496,
                27.89902359976175
              ],
              [
                86.91715966180689,
                27.89911387397095
              ],
              [
                86.91726127332092,
                27.899113935002493
              ],
              [
                86.91726120466268,
                27.899204209211693
              ],
              [
                86.91705798147294,
                27.89920408705878
              ],
              [
                86.91705791264401,
                27.89929436126798
              ],
              [
                86.91685468928358,
                27.899294238818626
              ]
            ],
            [
              [
                86.9170574996705,
                27.89983600645132
              ],
              [
                86.91705756849943,
                27.899745732260087
              ],
              [
                86.91715918059735,
                27.899745793372475
              ],
              [
                86.91715924934543,
                27.899655519172256
              ],
              [
                86.91736247337958,
                27.899655641172455
              ],
              [
                86.9173624048022,
                27.899745915372673
              ],
              [
                86.91746401690911,
                27.899745976260483
              ],
              [
                86.91746394841257,
                27.8998362504607
              ],
              [
                86.91726072403705,
                27.899836128604232
              ],
              [
                86.91726065537881,
                27.89992640280445
              ],
              [
                86.9171590431102,
                27.899926341763926
              ],
              [
                86.91715911184929,
                27.89983606756371
              ],
              [
                86.9170574996705,
                27.89983600645132
              ]
            ],
            [
              [
                86.91726244047501,
                27.897579273347265
              ],
              [
                86.91726257778251,
                27.89739872489293
              ],
              [
                86.91746579760357,
                27.89739884673143
              ],
              [
                86.91746566063743,
                27.897579395185765
              ],
              [
                86.91726244047501,
                27.897579273347265
              ]
            ],
            [
              [
                86.91736322770392,
                27.898662624925148
              ],
              [
                86.9173633648497,
                27.89848207649776
              ],
              [
                86.91746497577086,
                27.89848213738557
              ],
              [
                86.9174650442584,
                27.898391863167387
              ],
              [
                86.91766826593899,
                27.898391984709445
              ],
              [
                86.91766833425586,
                27.898301710500245
              ],
              [
                86.91787155576576,
                27.898301831736877
              ],
              [
                86.91787148761956,
                27.89839210595506
              ],
              [
                86.91776987677927,
                27.898392045372677
              ],
              [
                86.91776974030721,
                27.89857259380006
              ],
              [
                86.91766812929625,
                27.898572533136832
              ],
              [
                86.91766806097937,
                27.898662807355013
              ],
              [
                86.91736322770392,
                27.898662624925148
              ]
            ],
            [
              [
                86.91766724111396,
                27.899746097811526
              ],
              [
                86.91766737776568,
                27.89956554941109
              ],
              [
                86.91776898970191,
                27.899565610074323
              ],
              [
                86.9177689214569,
                27.899655884274537
              ],
              [
                86.91787053347399,
                27.899655944865906
              ],
              [
                86.91787046532778,
                27.89974621905714
              ],
              [
                86.91766724111396,
                27.899746097811526
              ]
            ],
            [
              [
                86.9176684708986,
                27.898121162063877
              ],
              [
                86.91766853921547,
                27.89803088783671
              ],
              [
                86.9177701497144,
                27.89803094849994
              ],
              [
                86.91777008147838,
                27.898121222718125
              ],
              [
                86.9176684708986,
                27.898121162063877
              ]
            ],
            [
              [
                86.91787073793952,
                27.89938512225627
              ],
              [
                86.9178708060947,
                27.89929484805605
              ],
              [
                86.91827725283352,
                27.899295089657947
              ],
              [
                86.91827732064735,
                27.899204815448744
              ],
              [
                86.91848054384607,
                27.899204935796043
              ],
              [
                86.91848047620293,
                27.899295210005246
              ],
              [
                86.91837886451823,
                27.899295149863036
              ],
              [
                86.91837879678526,
                27.89938542407224
              ],
              [
                86.91827718501072,
                27.899385363858165
              ],
              [
                86.9182771171969,
                27.89947563805838
              ],
              [
                86.9180738934951,
                27.89947551741464
              ],
              [
                86.9180739614796,
                27.899385243205437
              ],
              [
                86.91787073793952,
                27.89938512225627
              ]
            ],
            [
              [
                86.91807300965169,
                27.90064908193662
              ],
              [
                86.91807307764518,
                27.90055880775437
              ],
              [
                86.91827630336816,
                27.900558928407094
              ],
              [
                86.91827623554536,
                27.90064920259833
              ],
              [
                86.91807300965169,
                27.90064908193662
              ]
            ],
            [
              [
                86.91807566101129,
                27.89712838775982
              ],
              [
                86.91807572898679,
                27.89703811352367
              ],
              [
                86.91827894814311,
                27.897038234158433
              ],
              [
                86.91827888033828,
                27.89712850839458
              ],
              [
                86.91807566101129,
                27.89712838775982
              ]
            ],
            [
              [
                86.91817638803509,
                27.89830201304385
              ],
              [
                86.91817645592977,
                27.898211738825665
              ],
              [
                86.91827806660835,
                27.898211799111603
              ],
              [
                86.91827799879454,
                27.898302073329788
              ],
              [
                86.91817638803509,
                27.89830201304385
              ]
            ],
            [
              [
                86.9182775919116,
                27.898843718611943
              ],
              [
                86.91827765972543,
                27.898753444402743
              ],
              [
                86.91848088207975,
                27.89875356475004
              ],
              [
                86.9184808144366,
                27.89884383895924
              ],
              [
                86.9182775919116,
                27.898843718611943
              ]
            ],
            [
              [
                86.91838028682082,
                27.89739939129914
              ],
              [
                86.9183804222688,
                27.897218842835823
              ],
              [
                86.91858364175748,
                27.897218963021423
              ],
              [
                86.91858357420418,
                27.897309237257573
              ],
              [
                86.91878679386355,
                27.89730935714673
              ],
              [
                86.9187866590893,
                27.89748990561005
              ],
              [
                86.91868504909343,
                27.897489845701404
              ],
              [
                86.91868498162097,
                27.89758011992857
              ],
              [
                86.91858337153526,
                27.89758005994806
              ],
              [
                86.91858343908858,
                27.897489785720893
              ],
              [
                86.9184818290927,
                27.897489725659533
              ],
              [
                86.91848189673584,
                27.897399451432364
              ],
              [
                86.91838028682082,
                27.89739939129914
              ]
            ],
            [
              [
                86.91868342965554,
                27.899656426865953
              ],
              [
                86.91868349712801,
                27.899566152665734
              ],
              [
                86.91888672100946,
                27.899566272420145
              ],
              [
                86.91888665369869,
                27.899656546620363
              ],
              [
                86.91868342965554,
                27.899656426865953
              ]
            ],
            [
              [
                86.91878558083248,
                27.898934293127944
              ],
              [
                86.91878564822409,
                27.89884401891874
              ],
              [
                86.9188872594866,
                27.898844078755523
              ],
              [
                86.91888732679736,
                27.89875380454632
              ],
              [
                86.91898893797901,
                27.898753864302254
              ],
              [
                86.91898887075807,
                27.898844138520438
              ],
              [
                86.91909048202056,
                27.898844198204507
              ],
              [
                86.9190903477404,
                27.89902474663189
              ],
              [
                86.91888712487405,
                27.899024627182907
              ],
              [
                86.91888719218481,
                27.898934352964723
              ],
              [
                86.91878558083248,
                27.898934293127944
              ]
            ],
            [
              [
                86.91888678832022,
                27.899475998210946
              ],
              [
                86.91888685563099,
                27.899385724010727
              ],
              [
                86.91898846740553,
                27.899385783775642
              ],
              [
                86.9189884001756,
                27.89947605797586
              ],
              [
                86.91888678832022,
                27.899475998210946
              ]
            ],
            [
              [
                86.91898994631096,
                27.897399750966613
              ],
              [
                86.9189900135319,
                27.897309476739448
              ],
              [
                86.91919323319127,
                27.897309596026734
              ],
              [
                86.91919316614101,
                27.897399870262884
              ],
              [
                86.91898994631096,
                27.897399750966613
              ]
            ],
            [
              [
                86.91908967631261,
                27.89992748867
              ],
              [
                86.91908974346167,
                27.899837214469784
              ],
              [
                86.91919135564943,
                27.899837274090967
              ],
              [
                86.9191912885902,
                27.899927548291185
              ],
              [
                86.91908967631261,
                27.89992748867
              ]
            ],
            [
              [
                86.91909021346024,
                27.899205295050294
              ],
              [
                86.91909028060032,
                27.89911502084109
              ],
              [
                86.91929350363735,
                27.899115139984648
              ],
              [
                86.91929336968956,
                27.89929568840305
              ],
              [
                86.91919175800486,
                27.899295628871695
              ],
              [
                86.91919182505511,
                27.899205354662495
              ],
              [
                86.91909021346024,
                27.899205295050294
              ]
            ],
            [
              [
                86.91909054916066,
                27.898753923995304
              ],
              [
                86.91909068344081,
                27.898573375558936
              ],
              [
                86.91929390546275,
                27.898573494711478
              ],
              [
                86.91929383849335,
                27.898663768929662
              ],
              [
                86.91939544959415,
                27.89866382838915
              ],
              [
                86.91939551647373,
                27.898573554170966
              ],
              [
                86.91949712749367,
                27.89857361355859
              ],
              [
                86.91949699388725,
                27.898754161985973
              ],
              [
                86.9195986050689,
                27.898754221301733
              ],
              [
                86.91959853835101,
                27.898844495519917
              ],
              [
                86.91970014961352,
                27.898844554754827
              ],
              [
                86.91970028288758,
                27.89866400631846
              ],
              [
                86.91990350508019,
                27.898664124572683
              ],
              [
                86.91990343861384,
                27.898754398790867
              ],
              [
                86.92010666098612,
                27.89875451673966
              ],
              [
                86.92010646209013,
                27.899025339376248
              ],
              [
                86.92000485065695,
                27.899025280437783
              ],
              [
                86.92000451873844,
                27.89947665149277
              ],
              [
                86.92020774245819,
                27.899476769288853
              ],
              [
                86.92020761002856,
                27.899657317707256
              ],
              [
                86.92010599800248,
                27.899657258840655
              ],
              [
                86.92010593169783,
                27.89974753304087
              ],
              [
                86.91990270747503,
                27.899747415092076
              ],
              [
                86.91990290688305,
                27.899476592473455
              ],
              [
                86.91980129502767,
                27.899476533382277
              ],
              [
                86.91980162778162,
                27.899025162345254
              ],
              [
                86.91959840491526,
                27.899025043938316
              ],
              [
                86.91959847163314,
                27.898934769729117
              ],
              [
                86.91949686028082,
                27.898934710413357
              ],
              [
                86.91949692707954,
                27.898844436204158
              ],
              [
                86.91939531581704,
                27.898844376816534
              ],
              [
                86.9193953827056,
                27.89875410259835
              ],
              [
                86.91909054916066,
                27.898753923995304
              ]
            ],
            [
              [
                86.91909175762827,
                27.897128987951213
              ],
              [
                86.91909182476836,
                27.897038713715062
              ],
              [
                86.91919343434202,
                27.897038773318283
              ],
              [
                86.91919336729177,
                27.897129047554433
              ],
              [
                86.91909175762827,
                27.897128987951213
              ]
            ],
            [
              [
                86.9191908862258,
                27.90046919345656
              ],
              [
                86.91919095328504,
                27.900378919265325
              ],
              [
                86.91929256598483,
                27.900378978805662
              ],
              [
                86.91929249901543,
                27.900469252996896
              ],
              [
                86.9191908862258,
                27.90046919345656
              ]
            ],
            [
              [
                86.91919256267077,
                27.898212338298404
              ],
              [
                86.91919269678026,
                27.898031789853054
              ],
              [
                86.9193959177871,
                27.898031908843894
              ],
              [
                86.91939585090752,
                27.898122183071063
              ],
              [
                86.91949746149628,
                27.898122242458687
              ],
              [
                86.91949752829501,
                27.898031968231518
              ],
              [
                86.91959913880292,
                27.898032027547277
              ],
              [
                86.9195992055208,
                27.89794175332011
              ],
              [
                86.91970081594786,
                27.89794181255502
              ],
              [
                86.91970088257591,
                27.897851538327853
              ],
              [
                86.92000571359658,
                27.897851715583425
              ],
              [
                86.92000564722007,
                27.89794198981059
              ],
              [
                86.919904036793,
                27.89794193080026
              ],
              [
                86.91990397032666,
                27.898032205027427
              ],
              [
                86.91970074931083,
                27.898032086782187
              ],
              [
                86.91970061604576,
                27.898212635227537
              ],
              [
                86.91959900537616,
                27.898212575992627
              ],
              [
                86.91959893865827,
                27.89830285021081
              ],
              [
                86.9193957171394,
                27.898302731516413
              ],
              [
                86.91939578401896,
                27.89821245729823
              ],
              [
                86.91919256267077,
                27.898212338298404
              ]
            ],
            [
              [
                86.91929310179397,
                27.899656785221886
              ],
              [
                86.91929316877236,
                27.899566511021668
              ],
              [
                86.91969961653525,
                27.899566748428434
              ],
              [
                86.9196994832612,
                27.89974729683785
              ],
              [
                86.91939464693148,
                27.899747118890577
              ],
              [
                86.91939471382004,
                27.89965684469036
              ],
              [
                86.91929310179397,
                27.899656785221886
              ]
            ],
            [
              [
                86.91939672038689,
                27.896948618072972
              ],
              [
                86.91939678726646,
                27.896858343836826
              ],
              [
                86.91949839667842,
                27.896858403215465
              ],
              [
                86.9194983298797,
                27.896948677460596
              ],
              [
                86.91939672038689,
                27.896948618072972
              ]
            ],
            [
              [
                86.91959940566544,
                27.897670930638608
              ],
              [
                86.91959947238331,
                27.897580656402457
              ],
              [
                86.91980269255473,
                27.897580774800414
              ],
              [
                86.91980275910193,
                27.897490500564263
              ],
              [
                86.92000597910265,
                27.897490618665774
              ],
              [
                86.92000584634961,
                27.89767116712011
              ],
              [
                86.91990423618306,
                27.89767110811876
              ],
              [
                86.91990416971672,
                27.897761382345927
              ],
              [
                86.91970094920394,
                27.897761264100687
              ],
              [
                86.91970101584097,
                27.897670989873518
              ],
              [
                86.91959940566544,
                27.897670930638608
              ]
            ],
            [
              [
                86.9196992167041,
                27.90010839362974
              ],
              [
                86.91969934997816,
                27.899927845238285
              ],
              [
                86.92000418681992,
                27.89992802250284
              ],
              [
                86.92000425320542,
                27.899837748302623
              ],
              [
                86.92010586540216,
                27.899837807241088
              ],
              [
                86.92010573280186,
                27.90001835565051
              ],
              [
                86.919902508067,
                27.900018237692727
              ],
              [
                86.91990244160066,
                27.900108511892945
              ],
              [
                86.9196992167041,
                27.90010839362974
              ]
            ],
            [
              [
                86.91990357154653,
                27.8985738503545
              ],
              [
                86.91990370447922,
                27.89839330191813
              ],
              [
                86.92000531531951,
                27.89839336092846
              ],
              [
                86.92000538170502,
                27.898303086701294
              ],
              [
                86.92010699246445,
                27.89830314563976
              ],
              [
                86.92010705876012,
                27.898212871421574
              ],
              [
                86.92020866943872,
                27.898212930279193
              ],
              [
                86.92020886806522,
                27.897942107606674
              ],
              [
                86.92041208891933,
                27.89794222509733
              ],
              [
                86.9204120228752,
                27.898032499324497
              ],
              [
                86.92051363339209,
                27.89803255796652
              ],
              [
                86.9205135674288,
                27.898122832193685
              ],
              [
                86.92061517802655,
                27.89812289075486
              ],
              [
                86.92061504627962,
                27.898303439200212
              ],
              [
                86.92041182475177,
                27.898303321997016
              ],
              [
                86.92041175870762,
                27.89839359622418
              ],
              [
                86.92020853701806,
                27.898393478724543
              ],
              [
                86.92020847080325,
                27.898483752942727
              ],
              [
                86.92010685987312,
                27.89848369408511
              ],
              [
                86.92010679357746,
                27.898573968303296
              ],
              [
                86.91990357154653,
                27.8985738503545
              ]
            ],
            [
              [
                86.92000385489243,
                27.900379393494948
              ],
              [
                86.92000398766342,
                27.900198845103493
              ],
              [
                86.92010560019254,
                27.90019890404196
              ],
              [
                86.92010546759224,
                27.900379452433413
              ],
              [
                86.92000385489243,
                27.900379393494948
              ]
            ],
            [
              [
                86.92000604547917,
                27.897400344429624
              ],
              [
                86.92000611185568,
                27.897310070193473
              ],
              [
                86.92020933153302,
                27.897310187989554
              ],
              [
                86.92020926531819,
                27.897400462225704
              ],
              [
                86.92031087524221,
                27.897400521002474
              ],
              [
                86.92031080911721,
                27.897490795238625
              ],
              [
                86.9201075891075,
                27.897490677595254
              ],
              [
                86.92010765540317,
                27.897400403359104
              ],
              [
                86.92000604547917,
                27.897400344429624
              ]
            ],
            [
              [
                86.92010792056787,
                27.897039306414506
              ],
              [
                86.92010798686354,
                27.896949032178355
              ],
              [
                86.92020959635636,
                27.89694909103597
              ],
              [
                86.92020953015053,
                27.89703936527212
              ],
              [
                86.92010792056787,
                27.897039306414506
              ]
            ],
            [
              [
                86.92020787488784,
                27.899296220879435
              ],
              [
                86.92020794110265,
                27.899205946670232
              ],
              [
                86.92030955270651,
                27.899206005455987
              ],
              [
                86.92030948658152,
                27.899296279665187
              ],
              [
                86.92020787488784,
                27.899296220879435
              ]
            ],
            [
              [
                86.92041228704278,
                27.89767140241583
              ],
              [
                86.92041235307794,
                27.89758112817968
              ],
              [
                86.92051396317261,
                27.89758118681272
              ],
              [
                86.92051389721831,
                27.89767146104887
              ],
              [
                86.92041228704278,
                27.89767140241583
              ]
            ],
            [
              [
                86.92051152260271,
                27.900921332607048
              ],
              [
                86.92051158857498,
                27.90083105841581
              ],
              [
                86.920714814819,
                27.900831175475275
              ],
              [
                86.92071474902639,
                27.900921449666512
              ],
              [
                86.92051152260271,
                27.900921332607048
              ]
            ],
            [
              [
                86.92061544152038,
                27.89776179383721
              ],
              [
                86.92061557325832,
                27.897581245373893
              ],
              [
                86.920717183353,
                27.8975813038632
              ],
              [
                86.92071705177676,
                27.897761852326518
              ],
              [
                86.92061544152038,
                27.89776179383721
              ]
            ],
            [
              [
                86.92071560437525,
                27.8997478851086
              ],
              [
                86.92071573596047,
                27.899567336699178
              ],
              [
                86.92102057179612,
                27.899567511717947
              ],
              [
                86.92102063733721,
                27.899477237508744
              ],
              [
                86.92112224920157,
                27.899477295701608
              ],
              [
                86.92112231465282,
                27.89938702149241
              ],
              [
                86.92122392643634,
                27.899387079604423
              ],
              [
                86.92122399180674,
                27.899296805395224
              ],
              [
                86.92132560350043,
                27.899296863435374
              ],
              [
                86.92132547292132,
                27.899477411853777
              ],
              [
                86.92122386106594,
                27.899477353813626
              ],
              [
                86.92122379568656,
                27.899567628022826
              ],
              [
                86.92112218374133,
                27.89956756991081
              ],
              [
                86.92112205282986,
                27.89974811832023
              ],
              [
                86.92071560437525,
                27.8997478851086
              ]
            ],
            [
              [
                86.92081747932922,
                27.89938684669822
              ],
              [
                86.920817545032,
                27.89929657248902
              ],
              [
                86.92091915672569,
                27.899296630825614
              ],
              [
                86.92091909110376,
                27.899386905034817
              ],
              [
                86.92081747932922,
                27.89938684669822
              ]
            ],
            [
              [
                86.9208192533492,
                27.896949442609625
              ],
              [
                86.92081931905197,
                27.896859168373474
              ],
              [
                86.92102253788488,
                27.896859284965814
              ],
              [
                86.92102247235279,
                27.896949559201964
              ],
              [
                86.9208192533492,
                27.896949442609625
              ]
            ],
            [
              [
                86.92112310010377,
                27.898303730883185
              ],
              [
                86.92112316555503,
                27.898213456656016
              ],
              [
                86.92122477623361,
                27.89821351476803
              ],
              [
                86.92122484160402,
                27.89812324054985
              ],
              [
                86.92132645220177,
                27.898123298581016
              ],
              [
                86.92132632163164,
                27.89830384703535
              ],
              [
                86.92112310010377,
                27.898303730883185
              ]
            ],
            [
              [
                86.921224514761,
                27.89857461166772
              ],
              [
                86.9212245801314,
                27.89848433744055
              ],
              [
                86.92152941293972,
                27.898484511336424
              ],
              [
                86.92152921759208,
                27.898755333990977
              ],
              [
                86.92142760640145,
                27.89875527610354
              ],
              [
                86.92142767160117,
                27.898665001885355
              ],
              [
                86.92132606050036,
                27.898664943926054
              ],
              [
                86.92132612578094,
                27.898574669698885
              ],
              [
                86.921224514761,
                27.89857461166772
              ]
            ],
            [
              [
                86.92132566878999,
                27.89920658922617
              ],
              [
                86.92132573407056,
                27.89911631500799
              ],
              [
                86.92142734559357,
                27.899116372976273
              ],
              [
                86.92142728039384,
                27.899206647185476
              ],
              [
                86.92132566878999,
                27.89920658922617
              ]
            ],
            [
              [
                86.9213272355776,
                27.897040007774162
              ],
              [
                86.9213273008492,
                27.896949733529027
              ],
              [
                86.921428910351,
                27.896949791488332
              ],
              [
                86.92142884516025,
                27.897040065733464
              ],
              [
                86.9213272355776,
                27.897040007774162
              ]
            ],
            [
              [
                86.92163115393691,
                27.898304020697662
              ],
              [
                86.921631283995,
                27.898123472243327
              ],
              [
                86.92173289459274,
                27.89812352997805
              ],
              [
                86.92173276470534,
                27.898304078432385
              ],
              [
                86.92163115393691,
                27.898304020697662
              ]
            ],
            [
              [
                86.92173256986075,
                27.8985749011049
              ],
              [
                86.92173263480895,
                27.89848462688672
              ],
              [
                86.92183424574804,
                27.898484684549576
              ],
              [
                86.9218341808807,
                27.89857495876776
              ],
              [
                86.92173256986075,
                27.8985749011049
              ]
            ],
            [
              [
                86.92183398629662,
                27.898845781431294
              ],
              [
                86.92183405115499,
                27.89875550721311
              ],
              [
                86.92203727353625,
                27.898755622314248
              ],
              [
                86.92203714414292,
                27.898936170750616
              ],
              [
                86.92193553279058,
                27.898936113240474
              ],
              [
                86.92193559756811,
                27.89884583902229
              ],
              [
                86.92183398629662,
                27.898845781431294
              ]
            ],
            [
              [
                86.92193436670549,
                27.900561048970154
              ],
              [
                86.9219344962695,
                27.900380500569717
              ],
              [
                86.92213772168706,
                27.900380615536108
              ],
              [
                86.92213759245543,
                27.900561163927563
              ],
              [
                86.92193436670549,
                27.900561048970154
              ]
            ],
            [
              [
                86.9219346258425,
                27.900199952169285
              ],
              [
                86.921934690629,
                27.900109677969066
              ],
              [
                86.92203630307726,
                27.900109735488194
              ],
              [
                86.9220362383806,
                27.90020000968841
              ],
              [
                86.9219346258425,
                27.900199952169285
              ]
            ],
            [
              [
                86.92193579190065,
                27.898575016358752
              ],
              [
                86.92193585667816,
                27.898484742131586
              ],
              [
                86.92203746761727,
                27.898484799650713
              ],
              [
                86.92203740292061,
                27.898575073868898
              ],
              [
                86.92193579190065,
                27.898575016358752
              ]
            ],
            [
              [
                86.92203585017366,
                27.90074165487175
              ],
              [
                86.9220359148793,
                27.900651380680518
              ],
              [
                86.92223914079993,
                27.900651495494195
              ],
              [
                86.92223907626496,
                27.90074176968543
              ],
              [
                86.92203585017366,
                27.90074165487175
              ]
            ],
            [
              [
                86.92213836783627,
                27.899477873480034
              ],
              [
                86.92213849705892,
                27.89929732505265
              ],
              [
                86.92224010875262,
                27.899297382419064
              ],
              [
                86.92223997970063,
                27.899477930846448
              ],
              [
                86.92213836783627,
                27.899477873480034
              ]
            ],
            [
              [
                86.92224075402146,
                27.89839464022824
              ],
              [
                86.92224081853847,
                27.898304366001074
              ],
              [
                86.92254565085273,
                27.898304537642176
              ],
              [
                86.9225455223038,
                27.898485086087526
              ],
              [
                86.9223423004256,
                27.898484971740974
              ],
              [
                86.92234236487073,
                27.898394697513805
              ],
              [
                86.92224075402146,
                27.89839464022824
              ]
            ],
            [
              [
                86.92224172185736,
                27.897040526712935
              ],
              [
                86.92224178637437,
                27.896950252467803
              ],
              [
                86.92234339588515,
                27.896950309753368
              ],
              [
                86.922343331449,
                27.8970405839985
              ],
              [
                86.92224172185736,
                27.897040526712935
              ]
            ],
            [
              [
                86.92234210710815,
                27.898755794404508
              ],
              [
                86.9223421715443,
                27.898665520186324
              ],
              [
                86.92244378265408,
                27.898665577400024
              ],
              [
                86.92244384700939,
                27.89857530317286
              ],
              [
                86.92254545802935,
                27.89857536031469
              ],
              [
                86.92254539376387,
                27.89866563454186
              ],
              [
                86.92274861597446,
                27.898665748591966
              ],
              [
                86.92274855187067,
                27.898756022819136
              ],
              [
                86.9228501630613,
                27.89875607972741
              ],
              [
                86.92285009903837,
                27.898846353954575
              ],
              [
                86.92295171031884,
                27.898846410790984
              ],
              [
                86.92295164638574,
                27.89893668500917
              ],
              [
                86.92285003502442,
                27.89893662817276
              ],
              [
                86.9228499710015,
                27.899026902390943
              ],
              [
                86.92274835955934,
                27.89902684547369
              ],
              [
                86.92274842366311,
                27.898936571255504
              ],
              [
                86.92254520094049,
                27.898936457205394
              ],
              [
                86.92254532948941,
                27.898755908760045
              ],
              [
                86.92234210710815,
                27.898755794404508
              ]
            ],
            [
              [
                86.92254410824775,
                27.900471118752826
              ],
              [
                86.92254417252221,
                27.900380844552608
              ],
              [
                86.92264578523098,
                27.90038090162258
              ],
              [
                86.92264572103738,
                27.900471175822794
              ],
              [
                86.92254410824775,
                27.900471118752826
              ]
            ],
            [
              [
                86.92264719742754,
                27.89839486893033
              ],
              [
                86.92264726162114,
                27.898304594703163
              ],
              [
                86.92285048315799,
                27.89830470860954
              ],
              [
                86.92285035512111,
                27.89848525705489
              ],
              [
                86.92274874418202,
                27.898485200146617
              ],
              [
                86.92274880828579,
                27.89839492591945
              ],
              [
                86.92264719742754,
                27.89839486893033
              ]
            ],
            [
              [
                86.92274951340939,
                27.89740190935773
              ],
              [
                86.92274964160796,
                27.897221360876447
              ],
              [
                86.9229528611236,
                27.897221474621126
              ],
              [
                86.9229527332574,
                27.897402023102412
              ],
              [
                86.92274951340939,
                27.89740190935773
              ]
            ],
            [
              [
                86.92275060306582,
                27.895867247109614
              ],
              [
                86.92275066716063,
                27.895776972855497
              ],
              [
                86.92295388398131,
                27.895777086591195
              ],
              [
                86.92295382004822,
                27.895867360854293
              ],
              [
                86.92275060306582,
                27.895867247109614
              ]
            ],
            [
              [
                86.92285093128257,
                27.897672788983435
              ],
              [
                86.92285099529651,
                27.89758251474729
              ],
              [
                86.92295260540018,
                27.897582571583694
              ],
              [
                86.9229526693243,
                27.897492297338562
              ],
              [
                86.92305427933815,
                27.897492354103104
              ],
              [
                86.92305415164262,
                27.897672902584386
              ],
              [
                86.92285093128257,
                27.897672788983435
              ]
            ],
            [
              [
                86.92285189150076,
                27.896318675306436
              ],
              [
                86.9228519555147,
                27.89622840105232
              ],
              [
                86.92305517317982,
                27.896228514644285
              ],
              [
                86.92305510933654,
                27.8963187888984
              ],
              [
                86.92285189150076,
                27.896318675306436
              ]
            ],
            [
              [
                86.92305242764084,
                27.900110306538238
              ],
              [
                86.92305255535433,
                27.899929758128817
              ],
              [
                86.9231541676409,
                27.899929814821498
              ],
              [
                86.9231540400981,
                27.900110363230915
              ],
              [
                86.92305242764084,
                27.900110306538238
              ]
            ],
            [
              [
                86.92305313004255,
                27.89911729021906
              ],
              [
                86.92305338545155,
                27.89875619333734
              ],
              [
                86.92325660783281,
                27.89875630664185
              ],
              [
                86.92325648046968,
                27.8989368550872
              ],
              [
                86.92335809183099,
                27.898936911627164
              ],
              [
                86.92335802823027,
                27.89902718584535
              ],
              [
                86.92325641677913,
                27.899027129305384
              ],
              [
                86.92325635309754,
                27.89911740352357
              ],
              [
                86.92305313004255,
                27.89911729021906
              ]
            ],
            [
              [
                86.9231556343023,
                27.897853507740383
              ],
              [
                86.92315569806472,
                27.897763233504232
              ],
              [
                86.9232573083301,
                27.89776329011606
              ],
              [
                86.92325724464852,
                27.89785356435221
              ],
              [
                86.9231556343023,
                27.897853507740383
              ]
            ],
            [
              [
                86.92325667151438,
                27.89866603241468
              ],
              [
                86.92325679887753,
                27.89848548396933
              ],
              [
                86.92346002076471,
                27.89848559696841
              ],
              [
                86.92345995724484,
                27.89857587119558
              ],
              [
                86.92335834622489,
                27.89857581473646
              ],
              [
                86.92335828262416,
                27.898666088954645
              ],
              [
                86.92325667151438,
                27.89866603241468
              ]
            ],
            [
              [
                86.92335726501261,
                27.900110476391692
              ],
              [
                86.92335732861333,
                27.900020202191474
              ],
              [
                86.92345894098975,
                27.900020258659573
              ],
              [
                86.92345887746987,
                27.900110532859788
              ],
              [
                86.92335726501261,
                27.900110476391692
              ]
            ],
            [
              [
                86.92335917297139,
                27.89740224970244
              ],
              [
                86.92335923656313,
                27.897311975457306
              ],
              [
                86.92346084641528,
                27.897312031925406
              ],
              [
                86.92346122746265,
                27.896770386445624
              ],
              [
                86.92376605548296,
                27.896770555382794
              ],
              [
                86.9237659922236,
                27.89686082962793
              ],
              [
                86.92366438280264,
                27.896860773393392
              ],
              [
                86.9236641294418,
                27.897221870373926
              ],
              [
                86.92356251967949,
                27.897221814067525
              ],
              [
                86.92356245625844,
                27.897312088312656
              ],
              [
                86.9236640661016,
                27.897312144619058
              ],
              [
                86.92366400276138,
                27.897402418864193
              ],
              [
                86.92356239282839,
                27.897402362548807
              ],
              [
                86.92356232940733,
                27.89749263679394
              ],
              [
                86.92346071939349,
                27.89749258040669
              ],
              [
                86.92346078290439,
                27.897402306161556
              ],
              [
                86.92335917297139,
                27.89740224970244
              ]
            ],
            [
              [
                86.92376498010974,
                27.898305217460234
              ],
              [
                86.92376510662845,
                27.898124668996914
              ],
              [
                86.92396832783292,
                27.89812478125039
              ],
              [
                86.92396820165557,
                27.89830532971371
              ],
              [
                86.92376498010974,
                27.898305217460234
              ]
            ],
            [
              [
                86.92376624524307,
                27.896499732620445
              ],
              [
                86.92376630850244,
                27.89640945836633
              ],
              [
                86.92386791750118,
                27.896409514529
              ],
              [
                86.92386785433165,
                27.896499788783117
              ],
              [
                86.92376624524307,
                27.896499732620445
              ]
            ],
            [
              [
                86.92386798067072,
                27.896319240274885
              ],
              [
                86.92386804384024,
                27.896228966020768
              ],
              [
                86.92427447917945,
                27.896229189907885
              ],
              [
                86.92427441635127,
                27.896319464162
              ],
              [
                86.92437602526917,
                27.896319519947383
              ],
              [
                86.92437596252185,
                27.89640979421048
              ],
              [
                86.92417274451537,
                27.896409682558875
              ],
              [
                86.9241728074244,
                27.89631940830476
              ],
              [
                86.92386798067072,
                27.896319240274885
              ]
            ],
            [
              [
                86.92417224117136,
                27.897131876564856
              ],
              [
                86.92417230408935,
                27.897041602319725
              ],
              [
                86.92427391368099,
                27.89704165818595
              ],
              [
                86.92427385085281,
                27.897131932431083
              ],
              [
                86.92417224117136,
                27.897131876564856
              ]
            ],
            [
              [
                86.92437382892423,
                27.89947911823061
              ],
              [
                86.92437395443685,
                27.89929856979424
              ],
              [
                86.9244755661395,
                27.899298625507754
              ],
              [
                86.92447562881497,
                27.89920835128957
              ],
              [
                86.92457724043679,
                27.89920840693122
              ],
              [
                86.92457711525655,
                27.899388955367584
              ],
              [
                86.92447550347303,
                27.89938889972594
              ],
              [
                86.92447544079758,
                27.899479173944123
              ],
              [
                86.92437382892423,
                27.89947911823061
              ]
            ],
            [
              [
                86.92437533503065,
                27.897312536706732
              ],
              [
                86.92437539777798,
                27.897222262461597
              ],
              [
                86.92447700754029,
                27.89722231817511
              ],
              [
                86.92447694487382,
                27.897312592420246
              ],
              [
                86.92437533503065,
                27.897312536706732
              ]
            ],
            [
              [
                86.92447713287324,
                27.897041769684844
              ],
              [
                86.92447719553971,
                27.896951495430727
              ],
              [
                86.92468041456127,
                27.896951606633177
              ],
              [
                86.92468035206548,
                27.897041880878312
              ],
              [
                86.92447713287324,
                27.897041769684844
              ]
            ],
            [
              [
                86.92447738353015,
                27.896680672677363
              ],
              [
                86.92447750886309,
                27.89650012416913
              ],
              [
                86.92468072704024,
                27.896500235371576
              ],
              [
                86.92468078953604,
                27.89640996111746
              ],
              [
                86.9248840075425,
                27.896410072014483
              ],
              [
                86.92488394521739,
                27.8965003462686
              ],
              [
                86.92478233612881,
                27.896500290860512
              ],
              [
                86.92478227372285,
                27.89659056511463
              ],
              [
                86.92468066454445,
                27.896590509625693
              ],
              [
                86.92468060204865,
                27.89668078387981
              ],
              [
                86.92447738353015,
                27.896680672677363
              ]
            ],
            [
              [
                86.92457736560804,
                27.89902785849485
              ],
              [
                86.92457755337391,
                27.89875703582233
              ],
              [
                86.92467916456454,
                27.898757091383132
              ],
              [
                86.92467922706932,
                27.898666817164948
              ],
              [
                86.92488244929787,
                27.898666928070952
              ],
              [
                86.92488232462966,
                27.898847476525287
              ],
              [
                86.92478071334921,
                27.89884742110822
              ],
              [
                86.92478065092527,
                27.898937695326403
              ],
              [
                86.92467903956397,
                27.898937639837467
              ],
              [
                86.92467897705919,
                27.89902791405565
              ],
              [
                86.92457736560804,
                27.89902785849485
              ]
            ],
            [
              [
                86.92457924310496,
                27.89631963129356
              ],
              [
                86.92457930569059,
                27.896229357039445
              ],
              [
                86.92478252336467,
                27.896229468080197
              ],
              [
                86.92478246094973,
                27.896319742343294
              ],
              [
                86.92457924310496,
                27.89631963129356
              ]
            ],
            [
              [
                86.9246784145162,
                27.89984038201032
              ],
              [
                86.92467847702096,
                27.899750107801122
              ],
              [
                86.92478008914584,
                27.899750163290058
              ],
              [
                86.9247800267309,
                27.899840437508242
              ],
              [
                86.9246784145162,
                27.89984038201032
              ]
            ],
            [
              [
                86.92488251163196,
                27.898576653843786
              ],
              [
                86.92488263630015,
                27.898396105380467
              ],
              [
                86.9249842471584,
                27.898396160725675
              ],
              [
                86.92498430940267,
                27.898305886489524
              ],
              [
                86.92518753095749,
                27.89830599694637
              ],
              [
                86.92518740680134,
                27.89848654540969
              ],
              [
                86.92498418490516,
                27.89848643495284
              ],
              [
                86.9249841226609,
                27.89857670918001
              ],
              [
                86.92488251163196,
                27.898576653843786
              ]
            ],
            [
              [
                86.92498281536962,
                27.900472467725937
              ],
              [
                86.92498287762287,
                27.900382193525722
              ],
              [
                86.92508449034062,
                27.900382248790077
              ],
              [
                86.92508442816823,
                27.900472522999276
              ],
              [
                86.92498281536962,
                27.900472467725937
              ]
            ],
            [
              [
                86.92498437165592,
                27.898215612253374
              ],
              [
                86.92498443390019,
                27.898125338026205
              ],
              [
                86.92508604450693,
                27.898125393290563
              ],
              [
                86.9250859823435,
                27.89821566751773
              ],
              [
                86.92498437165592,
                27.898215612253374
              ]
            ],
            [
              [
                86.92498574103877,
                27.896229578833488
              ],
              [
                86.92498580327404,
                27.896139304570386
              ],
              [
                86.92508741203024,
                27.896139359834745
              ],
              [
                86.92508747418468,
                27.896049085571644
              ],
              [
                86.92529069152638,
                27.896049195866794
              ],
              [
                86.92529062953365,
                27.896139470129896
              ],
              [
                86.92518902078643,
                27.89613941501825
              ],
              [
                86.92518895871285,
                27.896229689281352
              ],
              [
                86.92498574103877,
                27.896229578833488
              ]
            ],
            [
              [
                86.92518821382083,
                27.897312980312783
              ],
              [
                86.92518833796801,
                27.897132431822516
              ],
              [
                86.92549316701239,
                27.897132596932867
              ],
              [
                86.92549310519034,
                27.897222871178002
              ],
              [
                86.92528988565674,
                27.897222761179293
              ],
              [
                86.925289823664,
                27.89731303542443
              ],
              [
                86.92518821382083,
                27.897312980312783
              ]
            ],
            [
              [
                86.92538994764875,
                27.899479672032996
              ],
              [
                86.92539000956064,
                27.89938939781481
              ],
              [
                86.92549162135315,
                27.899389452782724
              ],
              [
                86.92549168318419,
                27.89929917856454
              ],
              [
                86.92559329488687,
                27.89929923346059
              ],
              [
                86.92559317139546,
                27.899479781896957
              ],
              [
                86.92538994764875,
                27.899479672032996
              ]
            ],
            [
              [
                86.92539081442419,
                27.898215832870623
              ],
              [
                86.92539087633608,
                27.898125558634472
              ],
              [
                86.92549248694282,
                27.898125613602385
              ],
              [
                86.92549242512075,
                27.898215887838536
              ],
              [
                86.92539081442419,
                27.898215832870623
              ]
            ],
            [
              [
                86.92559354186967,
                27.898938136569885
              ],
              [
                86.92559360361088,
                27.89884786234272
              ],
              [
                86.92589843747024,
                27.89884802657272
              ],
              [
                86.92589837598055,
                27.898938300799887
              ],
              [
                86.92559354186967,
                27.898938136569885
              ]
            ],
            [
              [
                86.92569472160845,
                27.899570110939322
              ],
              [
                86.92569484493815,
                27.89938956249397
              ],
              [
                86.92579645672167,
                27.899389617246285
              ],
              [
                86.92579633357164,
                27.899570165682654
              ],
              [
                86.92569472160845,
                27.899570110939322
              ]
            ],
            [
              [
                86.92569638637532,
                27.89713270663513
              ],
              [
                86.92569644803568,
                27.897042432389995
              ],
              [
                86.9257980576273,
                27.897042487124345
              ],
              [
                86.9257982423389,
                27.89677166437098
              ],
              [
                86.92569663298981,
                27.896771609627645
              ],
              [
                86.92569669464119,
                27.89668133537353
              ],
              [
                86.92589991316868,
                27.896681444779347
              ],
              [
                86.9258997901983,
                27.89686199328758
              ],
              [
                86.92600139962823,
                27.896862047869217
              ],
              [
                86.92600146102808,
                27.8967717736151
              ],
              [
                86.92610307037717,
                27.896771828133858
              ],
              [
                86.92610282511015,
                27.89713292514134
              ],
              [
                86.92569638637532,
                27.89713270663513
              ]
            ],
            [
              [
                86.9257961488331,
                27.899840988328222
              ],
              [
                86.92579621041261,
                27.89975071411004
              ],
              [
                86.92599943467135,
                27.899750823372127
              ],
              [
                86.92599931185369,
                27.899931371808496
              ],
              [
                86.92589769955812,
                27.899931317208893
              ],
              [
                86.9258977610478,
                27.899841042999693
              ],
              [
                86.9257961488331,
                27.899840988328222
              ]
            ],
            [
              [
                86.92590028207084,
                27.896139799218716
              ],
              [
                86.92590040503224,
                27.895959250692517
              ],
              [
                86.92610362220327,
                27.895959359792908
              ],
              [
                86.92610356089325,
                27.89604963405601
              ],
              [
                86.9260019522179,
                27.896049579546236
              ],
              [
                86.92600189082704,
                27.896139853809338
              ],
              [
                86.92590028207084,
                27.896139799218716
              ]
            ],
            [
              [
                86.92600047859456,
                27.898216161537235
              ],
              [
                86.92600060140325,
                27.898035613064934
              ],
              [
                86.92610221192912,
                27.89803566758369
              ],
              [
                86.92610215061012,
                27.898125941819842
              ],
              [
                86.92620376121684,
                27.898125996257747
              ],
              [
                86.92620369997869,
                27.898216270502882
              ],
              [
                86.92600047859456,
                27.898216161537235
              ]
            ],
            [
              [
                86.92620321008245,
                27.898938464347168
              ],
              [
                86.9262032713206,
                27.89884819012
              ],
              [
                86.92630488261005,
                27.89884824448604
              ],
              [
                86.92630494376735,
                27.898757970258874
              ],
              [
                86.92640655496697,
                27.89875802455305
              ],
              [
                86.92640649389949,
                27.898848298780216
              ],
              [
                86.9266097164694,
                27.89884840714399
              ],
              [
                86.92660965557262,
                27.898938681371156
              ],
              [
                86.9267112669429,
                27.898938735440755
              ],
              [
                86.92671120612697,
                27.89902900966792
              ],
              [
                86.92640637175556,
                27.89902884723455
              ],
              [
                86.92640643282304,
                27.898938573007385
              ],
              [
                86.92620321008245,
                27.898938464347168
              ]
            ],
            [
              [
                86.92620345503506,
                27.898577367429514
              ],
              [
                86.92620351627322,
                27.89848709320235
              ],
              [
                86.92640673816939,
                27.898487201862565
              ],
              [
                86.92640667710191,
                27.89857747608973
              ],
              [
                86.92620345503506,
                27.898577367429514
              ]
            ],
            [
              [
                86.92620437356244,
                27.897223253833364
              ],
              [
                86.92620449602977,
                27.89704270532513
              ],
              [
                86.92630610563037,
                27.89704275969117
              ],
              [
                86.92630598333373,
                27.89722330819042
              ],
              [
                86.92620437356244,
                27.897223253833364
              ]
            ],
            [
              [
                86.9263045156842,
                27.89938988984006
              ],
              [
                86.92630457684149,
                27.899299615612893
              ],
              [
                86.92640618854416,
                27.89929966990707
              ],
              [
                86.9264061274767,
                27.899389944134235
              ],
              [
                86.9263045156842,
                27.89938988984006
              ]
            ],
            [
              [
                86.9263055552865,
                27.897855227906355
              ],
              [
                86.92630567758314,
                27.89767467942507
              ],
              [
                86.92640728777664,
                27.897674733719246
              ],
              [
                86.9264071656417,
                27.89785528220053
              ],
              [
                86.9263055552865,
                27.897855227906355
              ]
            ],
            [
              [
                86.92650712938499,
                27.900292740502454
              ],
              [
                86.92650725136721,
                27.900112192084052
              ],
              [
                86.92660886383345,
                27.900112246234496
              ],
              [
                86.9266087420219,
                27.9002927946529
              ],
              [
                86.92650712938499,
                27.900292740502454
              ]
            ],
            [
              [
                86.92650767828258,
                27.89948027257473
              ],
              [
                86.9265077392692,
                27.899389998347562
              ],
              [
                86.9266093510617,
                27.89939005249801
              ],
              [
                86.92660941196748,
                27.89929977827084
              ],
              [
                86.92671102367015,
                27.89929983234044
              ],
              [
                86.9267109628542,
                27.899390106567605
              ],
              [
                86.9268125746467,
                27.899390160556354
              ],
              [
                86.92681251391161,
                27.89948043478352
              ],
              [
                86.92691412579394,
                27.899480488700405
              ],
              [
                86.9269140651397,
                27.89957076291859
              ],
              [
                86.92701567710287,
                27.899570816763607
              ],
              [
                86.92701561653845,
                27.899661090990772
              ],
              [
                86.92660916835335,
                27.89966087515256
              ],
              [
                86.92660929015592,
                27.899480326716194
              ],
              [
                86.92650767828258,
                27.89948027257473
              ]
            ],
            [
              [
                86.92671236159399,
                27.897313799154116
              ],
              [
                86.92671242240992,
                27.8972235249
              ],
              [
                86.92681403218121,
                27.89722357888875
              ],
              [
                86.92681397144612,
                27.897313853142865
              ],
              [
                86.92671236159399,
                27.897313799154116
              ]
            ],
            [
              [
                86.92681470015948,
                27.896230562066517
              ],
              [
                86.92681476087661,
                27.896140287803416
              ],
              [
                86.92691636964179,
                27.896140341711316
              ],
              [
                86.92691630899652,
                27.8962306159834
              ],
              [
                86.92681470015948,
                27.896230562066517
              ]
            ],
            [
              [
                86.9269141864392,
                27.89939021448222
              ],
              [
                86.92691424709345,
                27.899299940255055
              ],
              [
                86.9270158588051,
                27.899299994100073
              ],
              [
                86.92701579823171,
                27.899390268327238
              ],
              [
                86.9269141864392,
                27.89939021448222
              ]
            ],
            [
              [
                86.92691430773871,
                27.89920966603687
              ],
              [
                86.92691436839297,
                27.899119391809702
              ],
              [
                86.92701597993394,
                27.89911944565472
              ],
              [
                86.92701591936952,
                27.89920971988189
              ],
              [
                86.92691430773871,
                27.89920966603687
              ]
            ],
            [
              [
                86.92732105579944,
                27.898758509822965
              ],
              [
                86.92732117641623,
                27.898577961350664
              ],
              [
                86.92762600952999,
                27.898578121762824
              ],
              [
                86.92762594946862,
                27.898668395989993
              ],
              [
                86.92742272723109,
                27.89866828913539
              ],
              [
                86.92742266699905,
                27.898758563362556
              ],
              [
                86.92732105579944,
                27.898758509822965
              ]
            ],
            [
              [
                86.92742375102306,
                27.897133627004052
              ],
              [
                86.92742387146018,
                27.89695307849582
              ],
              [
                86.92762709049971,
                27.896953185350423
              ],
              [
                86.92762697039495,
                27.897133733858656
              ],
              [
                86.9277285800854,
                27.89713378717367
              ],
              [
                86.9277284001798,
                27.897404609927037
              ],
              [
                86.92793162006375,
                27.897404716341462
              ],
              [
                86.9279315602629,
                27.897494990586598
              ],
              [
                86.92803317029471,
                27.89749504367703
              ],
              [
                86.92803305085471,
                27.89767559217628
              ],
              [
                86.9278298304677,
                27.897675485914565
              ],
              [
                86.927829770586,
                27.8977657601597
              ],
              [
                86.92762655002832,
                27.89776565360154
              ],
              [
                86.9276266100807,
                27.897675379356407
              ],
              [
                86.9275249998872,
                27.89767532596953
              ],
              [
                86.9275253607135,
                27.89713368047178
              ],
              [
                86.92742375102306,
                27.897133627004052
              ]
            ],
            [
              [
                86.92762606958236,
                27.898487847526674
              ],
              [
                86.92762612964371,
                27.898397573290524
              ],
              [
                86.92772774051096,
                27.898397626605536
              ],
              [
                86.92772768053943,
                27.898487900841687
              ],
              [
                86.92762606958236,
                27.898487847526674
              ]
            ],
            [
              [
                86.9277290598217,
                27.896411593113786
              ],
              [
                86.92772911978425,
                27.89632131885069
              ],
              [
                86.92783072872011,
                27.896321372084852
              ],
              [
                86.92783084847451,
                27.896140823558653
              ],
              [
                86.92793245723969,
                27.89614087672095
              ],
              [
                86.92793239743885,
                27.89623115098405
              ],
              [
                86.92803400628488,
                27.896231204074482
              ],
              [
                86.92803388686283,
                27.89641175260068
              ],
              [
                86.9277290598217,
                27.896411593113786
              ]
            ],
            [
              [
                86.92782965081363,
                27.897946308649967
              ],
              [
                86.92782971069532,
                27.897856034404832
              ],
              [
                86.9279313210595,
                27.897856087576116
              ],
              [
                86.92793126125866,
                27.897946361821248
              ],
              [
                86.92782965081363,
                27.897946308649967
              ]
            ],
            [
              [
                86.92783018977585,
                27.897133840416817
              ],
              [
                86.92783024965755,
                27.8970435661627
              ],
              [
                86.92793185926715,
                27.897043619324997
              ],
              [
                86.9279317994663,
                27.897133893579113
              ],
              [
                86.92783018977585,
                27.897133840416817
              ]
            ],
            [
              [
                86.92783036942095,
                27.896863017654468
              ],
              [
                86.92783042931163,
                27.896772743391367
              ],
              [
                86.9279320386607,
                27.896772796562647
              ],
              [
                86.92793221805427,
                27.89650197377335
              ],
              [
                86.92823704534693,
                27.89650213282007
              ],
              [
                86.9282369858066,
                27.89659240708317
              ],
              [
                86.92813537661921,
                27.89659235414545
              ],
              [
                86.92813531698904,
                27.896682628399567
              ],
              [
                86.9280337077208,
                27.89668257538998
              ],
              [
                86.92803364800979,
                27.896772849644098
              ],
              [
                86.92813525735887,
                27.896772902662665
              ],
              [
                86.92813519772871,
                27.896863176925766
              ],
              [
                86.92823680716762,
                27.896863229863484
              ],
              [
                86.92823674762728,
                27.8969535041176
              ],
              [
                86.927931919059,
                27.89695334507088
              ],
              [
                86.92793197885986,
                27.896863070816764
              ],
              [
                86.92783036942095,
                27.896863017654468
              ]
            ],
            [
              [
                86.92833633529088,
                27.900022881039515
              ],
              [
                86.9283364542368,
                27.899842332603146
              ],
              [
                86.92853967867521,
                27.89984243811926
              ],
              [
                86.92853961937742,
                27.899932712337446
              ],
              [
                86.92843800707287,
                27.89993265961532
              ],
              [
                86.92843794768525,
                27.900022933833505
              ],
              [
                86.92833633529088,
                27.900022881039515
              ]
            ],
            [
              [
                86.92833835714706,
                27.89695355698346
              ],
              [
                86.92833847606603,
                27.89677300846624
              ],
              [
                86.9284400854241,
                27.89677306126023
              ],
              [
                86.92843996666682,
                27.896953609777444
              ],
              [
                86.92833835714706,
                27.89695355698346
              ]
            ],
            [
              [
                86.92854181335979,
                27.896592565456153
              ],
              [
                86.9285418726486,
                27.896502291193055
              ],
              [
                86.92864348174615,
                27.896502343825347
              ],
              [
                86.92864342253819,
                27.896592618088448
              ],
              [
                86.92854181335979,
                27.896592565456153
              ]
            ],
            [
              [
                86.92854246555464,
                27.895599548499174
              ],
              [
                86.92854252484345,
                27.89550927421811
              ],
              [
                86.92864413301575,
                27.895509326859386
              ],
              [
                86.92864407380779,
                27.89559960113147
              ],
              [
                86.92854246555464,
                27.895599548499174
              ]
            ],
            [
              [
                86.92864135011584,
                27.899752216551335
              ],
              [
                86.92864146854973,
                27.899571668105985
              ],
              [
                86.92884469248509,
                27.89957177317294
              ],
              [
                86.92884463342983,
                27.899662047391125
              ],
              [
                86.92894624548285,
                27.899662099816805
              ],
              [
                86.92894618651744,
                27.89975237403499
              ],
              [
                86.92864135011584,
                27.899752216551335
              ]
            ],
            [
              [
                86.92874497260745,
                27.896682944920958
              ],
              [
                86.92874503172558,
                27.896592670657856
              ],
              [
                86.92884664091297,
                27.89659272314642
              ],
              [
                86.92884658187569,
                27.89668299740952
              ],
              [
                86.92874497260745,
                27.896682944920958
              ]
            ],
            [
              [
                86.92884551912378,
                27.89830793392972
              ],
              [
                86.92884563721631,
                27.89812738543945
              ],
              [
                86.92894724783203,
                27.89812743786513
              ],
              [
                86.92894712991017,
                27.898307986346417
              ],
              [
                86.92884551912378,
                27.89830793392972
              ]
            ],
            [
              [
                86.9289467171882,
                27.898939905999466
              ],
              [
                86.92894677614464,
                27.898849631763316
              ],
              [
                86.92914999873251,
                27.898849736381116
              ],
              [
                86.92914993994675,
                27.898940010617267
              ],
              [
                86.9289467171882,
                27.898939905999466
              ]
            ],
            [
              [
                86.92894754262316,
                27.89767606663048
              ],
              [
                86.9289476015796,
                27.89758579238535
              ],
              [
                86.92904921169226,
                27.89758584473018
              ],
              [
                86.92904915282566,
                27.897676118975312
              ],
              [
                86.92894754262316,
                27.89767606663048
              ]
            ],
            [
              [
                86.92915193875217,
                27.895870686022217
              ],
              [
                86.92915199752893,
                27.895780411750135
              ],
              [
                86.92925360596173,
                27.895780463942252
              ],
              [
                86.92925354725683,
                27.895870738214334
              ],
              [
                86.92915193875217,
                27.895870686022217
              ]
            ],
            [
              [
                86.9294551838511,
                27.89830824731599
              ],
              [
                86.92945524239431,
                27.898217973070857
              ],
              [
                86.92955685309985,
                27.898218025047377
              ],
              [
                86.92955679464649,
                27.898308299283528
              ],
              [
                86.9294551838511,
                27.89830824731599
              ]
            ],
            [
              [
                86.92945641309676,
                27.896412487988524
              ],
              [
                86.92945653015623,
                27.89623193945334
              ],
              [
                86.92976135671228,
                27.896232095122397
              ],
              [
                86.92976129842958,
                27.89632236939448
              ],
              [
                86.92986290736545,
                27.896322421128456
              ],
              [
                86.92986284917258,
                27.89641269540054
              ],
              [
                86.92976124015587,
                27.89641264365758
              ],
              [
                86.92976118187318,
                27.896502917920678
              ],
              [
                86.92965957276664,
                27.896502866105852
              ],
              [
                86.92965951440308,
                27.896593140377938
              ],
              [
                86.9295579052157,
                27.896593088482263
              ],
              [
                86.92955802211347,
                27.896412539956064
              ],
              [
                86.92945641309676,
                27.896412487988524
              ]
            ],
            [
              [
                86.92955843124219,
                27.895780620060467
              ],
              [
                86.92955848968657,
                27.8956903457794
              ],
              [
                86.92966009803853,
                27.895690397675075
              ],
              [
                86.92966003967499,
                27.895780671947158
              ],
              [
                86.92955843124219,
                27.895780620060467
              ]
            ],
            [
              [
                86.9298625581903,
                27.896864066716038
              ],
              [
                86.929862674585,
                27.89668351819882
              ],
              [
                86.92996428385324,
                27.896683569860933
              ],
              [
                86.92996434196526,
                27.896593295597835
              ],
              [
                86.93016756034902,
                27.89659339870646
              ],
              [
                86.93016744445735,
                27.896773947232663
              ],
              [
                86.92996422574123,
                27.896773844124034
              ],
              [
                86.92996416762921,
                27.896864118387132
              ],
              [
                86.9298625581903,
                27.896864066716038
              ]
            ],
            [
              [
                86.92996474874037,
                27.89596137571122
              ],
              [
                86.92996486496442,
                27.895780827167055
              ],
              [
                86.93016808182104,
                27.8957809302667
              ],
              [
                86.9301680238797,
                27.895871204547767
              ],
              [
                86.93047284942065,
                27.89587135864477
              ],
              [
                86.93047290711047,
                27.895781084363705
              ],
              [
                86.93067612397607,
                27.89578118671775
              ],
              [
                86.93067623901433,
                27.8956006381646
              ],
              [
                86.9309810638007,
                27.89560079113871
              ],
              [
                86.9309811210683,
                27.89551051685764
              ],
              [
                86.93118433743085,
                27.8955106184571
              ],
              [
                86.93118428033392,
                27.895600892738166
              ],
              [
                86.93108267206283,
                27.89560084197437
              ],
              [
                86.93108261488506,
                27.895691116255435
              ],
              [
                86.93087939819013,
                27.89569101449428
              ],
              [
                86.9308792261358,
                27.895961837328496
              ],
              [
                86.93067600893782,
                27.895961735270895
              ],
              [
                86.93067595141869,
                27.896052009542977
              ],
              [
                86.93057434273436,
                27.89605195840189
              ],
              [
                86.93057440033434,
                27.895961684129805
              ],
              [
                86.93047279173983,
                27.89596163291685
              ],
              [
                86.93047273405003,
                27.896051907188934
              ],
              [
                86.93026951668136,
                27.896051804529463
              ],
              [
                86.93026957454185,
                27.89596153025738
              ],
              [
                86.92996474874037,
                27.89596137571122
              ]
            ],
            [
              [
                86.93006537086792,
                27.897496089783147
              ],
              [
                86.93006548693026,
                27.897315541274914
              ],
              [
                86.93016709679138,
                27.897315592793294
              ],
              [
                86.9301671547417,
                27.897225318530193
              ],
              [
                86.93037037430226,
                27.897225421342377
              ],
              [
                86.93037031652261,
                27.897315695596497
              ],
              [
                86.93047192638373,
                27.897315746890296
              ],
              [
                86.93047186869393,
                27.897406021153397
              ],
              [
                86.93037025874297,
                27.897405969859594
              ],
              [
                86.93037020097232,
                27.89749624411371
              ],
              [
                86.93026859094051,
                27.89749619273906
              ],
              [
                86.93026853307104,
                27.897586466993175
              ],
              [
                86.93016692295839,
                27.897586415555644
              ],
              [
                86.93016698090871,
                27.897496141301527
              ],
              [
                86.93006537086792,
                27.897496089783147
              ]
            ],
            [
              [
                86.93026835948957,
                27.897857289746543
              ],
              [
                86.93026841735006,
                27.89776701550141
              ],
              [
                86.9303700276334,
                27.89776706686708
              ],
              [
                86.93036996986274,
                27.89785734111221
              ],
              [
                86.93026835948957,
                27.897857289746543
              ]
            ],
            [
              [
                86.93087750549373,
                27.898670065041824
              ],
              [
                86.93087756285115,
                27.898579790805673
              ],
              [
                86.93097917389805,
                27.898579841722185
              ],
              [
                86.93097923117463,
                27.898489567486035
              ],
              [
                86.9310808421317,
                27.89848961833068
              ],
              [
                86.9310807277582,
                27.898670166811964
              ],
              [
                86.93087750549373,
                27.898670065041824
              ]
            ],
            [
              [
                86.93087865261539,
                27.896864580022374
              ],
              [
                86.93087876732127,
                27.896684031487194
              ],
              [
                86.93118359515293,
                27.896684184021126
              ],
              [
                86.93118353804702,
                27.896774458284227
              ],
              [
                86.93108192868895,
                27.896774407511447
              ],
              [
                86.9310818715022,
                27.896864681774545
              ],
              [
                86.93087865261539,
                27.896864580022374
              ]
            ],
            [
              [
                86.93128526143724,
                27.896593960440978
              ],
              [
                86.9312853184533,
                27.896503686177876
              ],
              [
                86.93159014578191,
                27.896503837804513
              ],
              [
                86.93159008901736,
                27.896594112067614
              ],
              [
                86.93128526143724,
                27.896593960440978
              ]
            ],
            [
              [
                86.93128566054075,
                27.895962040545378
              ],
              [
                86.93128571755682,
                27.895871766264314
              ],
              [
                86.93138732607048,
                27.89587181688438
              ],
              [
                86.93138726914424,
                27.895962091156463
              ],
              [
                86.93128566054075,
                27.895962040545378
              ]
            ],
            [
              [
                86.93138584582655,
                27.89821894768904
              ],
              [
                86.93138590276178,
                27.898128673434922
              ],
              [
                86.93148751339545,
                27.898128723983124
              ],
              [
                86.93148745654108,
                27.898218998228256
              ],
              [
                86.93138584582655,
                27.89821894768904
              ]
            ],
            [
              [
                86.93138652904024,
                27.897135656648622
              ],
              [
                86.93138658597546,
                27.897045382385524
              ],
              [
                86.93148819558506,
                27.89704543292474
              ],
              [
                86.93148813873967,
                27.897135707187843
              ],
              [
                86.93138652904024,
                27.897135656648622
              ]
            ],
            [
              [
                86.93138772457212,
                27.895239896916916
              ],
              [
                86.93138778149836,
                27.895149622626867
              ],
              [
                86.93148938933827,
                27.895149673166085
              ],
              [
                86.93148933250187,
                27.895239947456133
              ],
              [
                86.93138772457212,
                27.895239896916916
              ]
            ],
            [
              [
                86.93148870721154,
                27.896232964520912
              ],
              [
                86.93148876405694,
                27.89614269024883
              ],
              [
                86.9315903728311,
                27.896142740716183
              ],
              [
                86.93159031606656,
                27.896233014988265
              ],
              [
                86.93148870721154,
                27.896232964520912
              ]
            ],
            [
              [
                86.93158906724662,
                27.898219048704593
              ],
              [
                86.93158912402014,
                27.898128774459458
              ],
              [
                86.93179234526953,
                27.898128875169586
              ],
              [
                86.93179228866668,
                27.898219149423703
              ],
              [
                86.93158906724662,
                27.898219048704593
              ]
            ],
            [
              [
                86.93169050791006,
                27.89848992183548
              ],
              [
                86.93169056459375,
                27.89839964759035
              ],
              [
                86.93179217546997,
                27.89839969791397
              ],
              [
                86.9317921188761,
                27.8984899721591
              ],
              [
                86.93169050791006,
                27.89848992183548
              ]
            ],
            [
              [
                86.93169090468693,
                27.897858002101582
              ],
              [
                86.93169096137063,
                27.897767727847462
              ],
              [
                86.93179257166294,
                27.897767778171087
              ],
              [
                86.9317925150601,
                27.897858052425203
              ],
              [
                86.93169090468693,
                27.897858002101582
              ]
            ],
            [
              [
                86.93209740253091,
                27.897767928683812
              ],
              [
                86.93209745887324,
                27.897677654429696
              ],
              [
                86.93219906907574,
                27.89767770444789
              ],
              [
                86.93219901282323,
                27.897767978702007
              ],
              [
                86.93209740253091,
                27.897767928683812
              ]
            ],
            [
              [
                86.93209852936862,
                27.895962443376902
              ],
              [
                86.93209864204431,
                27.895781894823752
              ],
              [
                86.93220025047711,
                27.895781944832965
              ],
              [
                86.9322001379721,
                27.895962493395096
              ],
              [
                86.93209852936862,
                27.895962443376902
              ]
            ],
            [
              [
                86.93209886739568,
                27.895420797690505
              ],
              [
                86.93209892372903,
                27.895330523409438
              ],
              [
                86.9322005317486,
                27.89533057341865
              ],
              [
                86.9322004754961,
                27.8954208477087
              ],
              [
                86.93209886739568,
                27.895420797690505
              ]
            ],
            [
              [
                86.93230006133611,
                27.89867077112662
              ],
              [
                86.93230022987802,
                27.898399948400204
              ],
              [
                86.93270667340087,
                27.898400147439922
              ],
              [
                86.93270656171335,
                27.89858069593019
              ],
              [
                86.93250333961954,
                27.898580596558553
              ],
              [
                86.93250328360958,
                27.898670870803684
              ],
              [
                86.93230006133611,
                27.89867077112662
              ]
            ],
            [
              [
                86.93270762265064,
                27.896865485075022
              ],
              [
                86.93270767848094,
                27.896775210811924
              ],
              [
                86.93280928784799,
                27.89677526038096
              ],
              [
                86.93280923209853,
                27.896865534653045
              ],
              [
                86.93270762265064,
                27.896865485075022
              ]
            ],
            [
              [
                86.9329098951623,
                27.89840024650613
              ],
              [
                86.9329099508309,
                27.898309972260996
              ],
              [
                86.93301156163525,
                27.898310021686303
              ],
              [
                86.9330115060475,
                27.898400295931438
              ],
              [
                86.9329098951623,
                27.89840024650613
              ]
            ],
            [
              [
                86.933011172521,
                27.898941941393254
              ],
              [
                86.93301128369652,
                27.89876139291197
              ],
              [
                86.93331611735823,
                27.89876154072975
              ],
              [
                86.93331606202202,
                27.898851814974886
              ],
              [
                86.93341767332045,
                27.898851864094766
              ],
              [
                86.93341761807406,
                27.898942138339898
              ],
              [
                86.93351922946232,
                27.898942187387913
              ],
              [
                86.93351911913123,
                27.899122735869195
              ],
              [
                86.93331589601335,
                27.89912263769232
              ],
              [
                86.93331595134957,
                27.89903236345617
              ],
              [
                86.93311272840236,
                27.899032264982846
              ],
              [
                86.93311278390927,
                27.898941990737715
              ],
              [
                86.933011172521,
                27.898941941393254
              ]
            ],
            [
              [
                86.93341817057389,
                27.898039395870597
              ],
              [
                86.93341822582926,
                27.897949121625462
              ],
              [
                86.93362144674627,
                27.897949219640644
              ],
              [
                86.93362133658586,
                27.898129768148877
              ],
              [
                86.93351972596118,
                27.89812971917273
              ],
              [
                86.93351978112672,
                27.898039444918613
              ],
              [
                86.93341817057389,
                27.898039395870597
              ]
            ],
            [
              [
                86.93341828107565,
                27.897858847371346
              ],
              [
                86.93341833632203,
                27.897768573108248
              ],
              [
                86.93351994661435,
                27.897768622156264
              ],
              [
                86.93351989144881,
                27.89785889641038
              ],
              [
                86.93341828107565,
                27.897858847371346
              ]
            ],
            [
              [
                86.93412769519026,
                27.90092851314654
              ],
              [
                86.93412780452421,
                27.90074796471017
              ],
              [
                86.9342294176013,
                27.900748013246147
              ],
              [
                86.93422947219193,
                27.900657739027963
              ],
              [
                86.93433108517918,
                27.900657787474106
              ],
              [
                86.93433113967997,
                27.900567513255922
              ],
              [
                86.93453436550179,
                27.900567609941596
              ],
              [
                86.93453431117167,
                27.90065788415978
              ],
              [
                86.93443269817543,
                27.900657835857366
              ],
              [
                86.93443258934454,
                27.900838384293735
              ],
              [
                86.93422936301967,
                27.90083828746433
              ],
              [
                86.93422930843803,
                27.90092856167353
              ],
              [
                86.93412769519026,
                27.90092851314654
              ]
            ],
            [
              [
                86.93412851517245,
                27.899574399774966
              ],
              [
                86.93412856983494,
                27.899484125538816
              ],
              [
                86.93423018172625,
                27.899484174065808
              ],
              [
                86.93423023630788,
                27.899393899829658
              ],
              [
                86.93433184811836,
                27.899393948284782
              ],
              [
                86.93433173913475,
                27.899574496757083
              ],
              [
                86.9344333511159,
                27.89957454513136
              ],
              [
                86.93443324229398,
                27.899755093594678
              ],
              [
                86.93433163014215,
                27.899755045220402
              ],
              [
                86.93433168464294,
                27.899664770984252
              ],
              [
                86.93423007257196,
                27.89966472253811
              ],
              [
                86.9342301271536,
                27.89957444830196
              ],
              [
                86.93412851517245,
                27.899574399774966
              ]
            ],
            [
              [
                86.93412966303973,
                27.897678640609197
              ],
              [
                86.9341297723557,
                27.897498092091983
              ],
              [
                86.93423138239649,
                27.89749814060999
              ],
              [
                86.93423132782384,
                27.897588414873088
              ],
              [
                86.93433293795447,
                27.897588463319234
              ],
              [
                86.93433288346266,
                27.897678737582332
              ],
              [
                86.93412966303973,
                27.897678640609197
              ]
            ],
            [
              [
                86.93453420251146,
                27.90083843259615
              ],
              [
                86.93453425684157,
                27.900748158377965
              ],
              [
                86.93463586991867,
                27.90074820660851
              ],
              [
                86.93463581567839,
                27.900838480826696
              ],
              [
                86.93453420251146,
                27.90083843259615
              ]
            ],
            [
              [
                86.93463619538727,
                27.90020656127246
              ],
              [
                86.93463635810811,
                27.89993573859096
              ],
              [
                86.93483958275313,
                27.89993583481849
              ],
              [
                86.93483952868353,
                27.90002610904566
              ],
              [
                86.93494114108688,
                27.900026157051627
              ],
              [
                86.9349410331004,
                27.900206705505962
              ],
              [
                86.93463619538727,
                27.90020656127246
              ]
            ],
            [
              [
                86.93463690052884,
                27.899032996229455
              ],
              [
                86.93463700900041,
                27.89885244774817
              ],
              [
                86.93484023162422,
                27.898852543975703
              ],
              [
                86.93484017755462,
                27.898942818211854
              ],
              [
                86.93473856615738,
                27.898942770143
              ],
              [
                86.93473851199795,
                27.899033044379152
              ],
              [
                86.93463690052884,
                27.899032996229455
              ]
            ],
            [
              [
                86.93473807874948,
                27.89975523827734
              ],
              [
                86.93473818705934,
                27.89957468981402
              ],
              [
                86.93494141103062,
                27.89957478588884
              ],
              [
                86.93494130305312,
                27.899755334361142
              ],
              [
                86.93473807874948,
                27.89975523827734
              ]
            ],
            [
              [
                86.9349430305763,
                27.89686655831026
              ],
              [
                86.93494308455607,
                27.896776284038175
              ],
              [
                86.93504469392312,
                27.896776331954314
              ],
              [
                86.9350446400242,
                27.896866606226396
              ],
              [
                86.9349430305763,
                27.89686655831026
              ]
            ],
            [
              [
                86.9351442044304,
                27.900297075520488
              ],
              [
                86.93514425824847,
                27.90020680129332
              ],
              [
                86.93524587082251,
                27.900206849065725
              ],
              [
                86.93524581708529,
                27.900297123292894
              ],
              [
                86.9351442044304,
                27.900297075520488
              ]
            ],
            [
              [
                86.93534748340554,
                27.900206896775252
              ],
              [
                86.93534753705292,
                27.900116622548083
              ],
              [
                86.93544914954612,
                27.900116670167776
              ],
              [
                86.93544909597956,
                27.900206944403926
              ],
              [
                86.93534748340554,
                27.900206896775252
              ]
            ],
            [
              [
                86.93544856027823,
                27.901109686621698
              ],
              [
                86.9354486674203,
                27.900929138185333
              ],
              [
                86.93555028066807,
                27.900929185742143
              ],
              [
                86.93555017369668,
                27.901109734169527
              ],
              [
                86.93544856027823,
                27.901109686621698
              ]
            ],
            [
              [
                86.93545054224023,
                27.897769539821258
              ],
              [
                86.93545059580677,
                27.897679265558157
              ],
              [
                86.9356538162297,
                27.897679360581947
              ],
              [
                86.93565376283384,
                27.897769634845048
              ],
              [
                86.93545054224023,
                27.897769539821258
              ]
            ],
            [
              [
                86.93555161774749,
                27.89867232991025
              ],
              [
                86.93555167123318,
                27.898582055665116
              ],
              [
                86.93585650440083,
                27.898582197859444
              ],
              [
                86.93585655763499,
                27.898491923614312
              ],
              [
                86.93595816860105,
                27.898491970865695
              ],
              [
                86.9359581154657,
                27.898582245110827
              ],
              [
                86.93605972652159,
                27.898582292290346
              ],
              [
                86.9360596734581,
                27.89867256653548
              ],
              [
                86.93595806232138,
                27.898672519364943
              ],
              [
                86.93595800917704,
                27.89876279361008
              ],
              [
                86.93585639795047,
                27.898762746358695
              ],
              [
                86.93585645117565,
                27.89867247211356
              ],
              [
                86.93555161774749,
                27.89867232991025
              ]
            ],
            [
              [
                86.93555225949494,
                27.89758903885187
              ],
              [
                86.93555236644836,
                27.89740849032567
              ],
              [
                86.93575558636824,
                27.897408585196747
              ],
              [
                86.93575547975618,
                27.897589133722946
              ],
              [
                86.93555225949494,
                27.89758903885187
              ]
            ],
            [
              [
                86.9355525268785,
                27.89713766752739
              ],
              [
                86.93555258035519,
                27.897047393255303
              ],
              [
                86.93565418997377,
                27.897047440731267
              ],
              [
                86.9356541365869,
                27.89713771499437
              ],
              [
                86.9355525268785,
                27.89713766752739
              ]
            ],
            [
              [
                86.935755053281,
                27.898311327782828
              ],
              [
                86.93575510658704,
                27.89822105352871
              ],
              [
                86.93585671731054,
                27.89822110085196
              ],
              [
                86.93585666408536,
                27.898311375106076
              ],
              [
                86.935755053281,
                27.898311327782828
              ]
            ],
            [
              [
                86.93585554627572,
                27.90020713416405
              ],
              [
                86.93585559950988,
                27.90011685993688
              ],
              [
                86.93605882449626,
                27.900116954367782
              ],
              [
                86.93605877143277,
                27.900207228603932
              ],
              [
                86.93585554627572,
                27.90020713416405
              ]
            ],
            [
              [
                86.93595923140684,
                27.8966864856037
              ],
              [
                86.93595933767755,
                27.896505937050552
              ],
              [
                86.93606094679306,
                27.89650598423007
              ],
              [
                86.93606089374755,
                27.896596258502154
              ],
              [
                86.93616250294392,
                27.896596305600823
              ],
              [
                86.93616244997925,
                27.896686579872906
              ],
              [
                86.93595923140684,
                27.8966864856037
              ]
            ],
            [
              [
                86.93616133757747,
                27.898582339389016
              ],
              [
                86.93616139055112,
                27.898492065143884
              ],
              [
                86.93626300152616,
                27.89849211217069
              ],
              [
                86.93626305441896,
                27.898401837916573
              ],
              [
                86.93636466530417,
                27.89840188486253
              ],
              [
                86.93636450689525,
                27.898672707615894
              ],
              [
                86.93626289574954,
                27.898672660669938
              ],
              [
                86.93626294864234,
                27.89858238641582
              ],
              [
                86.93616133757747,
                27.898582339389016
              ]
            ],
            [
              [
                86.93616186730502,
                27.897679596829885
              ],
              [
                86.93616192027866,
                27.897589322566784
              ],
              [
                86.93626353040928,
                27.89758936959359
              ],
              [
                86.93626347752546,
                27.89767964385669
              ],
              [
                86.93616186730502,
                27.897679596829885
              ]
            ],
            [
              [
                86.93626395349781,
                27.896867175443877
              ],
              [
                86.93626400638163,
                27.896776901171794
              ],
              [
                86.93636561575767,
                27.89677694811775
              ],
              [
                86.93636556295469,
                27.896867222389833
              ],
              [
                86.93626395349781,
                27.896867175443877
              ]
            ],
            [
              [
                86.93646553808861,
                27.89966577116849
              ],
              [
                86.93646564353287,
                27.89948522269619
              ],
              [
                86.93656725544216,
                27.899485269498413
              ],
              [
                86.9365671501596,
                27.899665817970714
              ],
              [
                86.93646553808861,
                27.89966577116849
              ]
            ],
            [
              [
                86.93646601259671,
                27.898853302989238
              ],
              [
                86.93646606531884,
                27.898763028744103
              ],
              [
                86.93656767654541,
                27.89876307554633
              ],
              [
                86.93656762390412,
                27.898853349791462
              ],
              [
                86.93646601259671,
                27.898853302989238
              ]
            ],
            [
              [
                86.93656730807444,
                27.89939499525328
              ],
              [
                86.93656736071571,
                27.89930472101713
              ],
              [
                86.93666897245433,
                27.89930476774749
              ],
              [
                86.93666891989389,
                27.89939504198364
              ],
              [
                86.93656730807444,
                27.89939499525328
              ]
            ],
            [
              [
                86.93666839433453,
                27.90029778432718
              ],
              [
                86.93666844689497,
                27.90020751010001
              ],
              [
                86.936770059469,
                27.900207556758506
              ],
              [
                86.9367700069984,
                27.900297830985675
              ],
              [
                86.93666839433453,
                27.90029778432718
              ]
            ],
            [
              [
                86.93687277214688,
                27.89831184424225
              ],
              [
                86.93687282452765,
                27.898221569988134
              ],
              [
                86.93697443525116,
                27.898221616484935
              ],
              [
                86.93697448755107,
                27.89813134223082
              ],
              [
                86.93707609819373,
                27.898131388655752
              ],
              [
                86.93707599376458,
                27.898311937172966
              ],
              [
                86.93687277214688,
                27.89831184424225
              ]
            ],
            [
              [
                86.9369734938437,
                27.899846552906318
              ],
              [
                86.9369735461436,
                27.899756278679153
              ],
              [
                86.93707515830441,
                27.899756325104086
              ],
              [
                86.93707521052349,
                27.899666050867935
              ],
              [
                86.93697359845251,
                27.899666004434017
              ],
              [
                86.93697370305233,
                27.899485455961717
              ],
              [
                86.93717692686192,
                27.89948554873972
              ],
              [
                86.93717687473269,
                27.899575822984854
              ],
              [
                86.93727848671384,
                27.89957586926606
              ],
              [
                86.93727843466544,
                27.899666143502206
              ],
              [
                86.93717682259447,
                27.899666097221004
              ],
              [
                86.93717671832701,
                27.899846645693305
              ],
              [
                86.9369734938437,
                27.899846552906318
              ]
            ],
            [
              [
                86.93717802160282,
                27.897589789439206
              ],
              [
                86.9371781258613,
                27.89740924090402
              ],
              [
                86.93738134579016,
                27.897409333376597
              ],
              [
                86.93738124187304,
                27.89758988191178
              ],
              [
                86.93717802160282,
                27.897589789439206
              ]
            ],
            [
              [
                86.93717828224003,
                27.897138418096755
              ],
              [
                86.93717833436925,
                27.897048143824673
              ],
              [
                86.93738155362438,
                27.89704823629725
              ],
              [
                86.93738150166583,
                27.89713851056933
              ],
              [
                86.93717828224003,
                27.897138418096755
              ]
            ],
            [
              [
                86.9373791113297,
                27.901291125800554
              ],
              [
                86.93737916329724,
                27.90120085158237
              ],
              [
                86.9375823903138,
                27.901200943776466
              ],
              [
                86.9375822867111,
                27.901381492203853
              ],
              [
                86.93748067304112,
                27.901381446147226
              ],
              [
                86.93748072491884,
                27.901291171929042
              ],
              [
                86.9373791113297,
                27.901291125800554
              ]
            ],
            [
              [
                86.93758384063486,
                27.89867326519121
              ],
              [
                86.93758389243172,
                27.898582990937093
              ],
              [
                86.93768550349658,
                27.898583036921853
              ],
              [
                86.93768545178057,
                27.898673311166984
              ],
              [
                86.93758384063486,
                27.89867326519121
              ]
            ],
            [
              [
                86.93758409960118,
                27.898221893920628
              ],
              [
                86.93758415139804,
                27.89813161966651
              ],
              [
                86.93768576203172,
                27.898131665642286
              ],
              [
                86.93768581374773,
                27.898041391379188
              ],
              [
                86.93788903485338,
                27.89804148310616
              ],
              [
                86.93788898331704,
                27.89813175736926
              ],
              [
                86.93809220460236,
                27.89813184879979
              ],
              [
                86.93809210186204,
                27.898312397317007
              ],
              [
                86.93788888023536,
                27.898312305886474
              ],
              [
                86.93788882869902,
                27.898402580140594
              ],
              [
                86.93778721780482,
                27.898402534308545
              ],
              [
                86.937787269431,
                27.89831226005443
              ],
              [
                86.93768565861767,
                27.89831221415052
              ],
              [
                86.93768571032469,
                27.898221939896402
              ],
              [
                86.93758409960118,
                27.898221893920628
              ]
            ],
            [
              [
                86.93768638251605,
                27.897048374449156
              ],
              [
                86.93768643422308,
                27.896958100177073
              ],
              [
                86.93788965330752,
                27.896958191895063
              ],
              [
                86.93788955023483,
                27.897138740448213
              ],
              [
                86.93778794052642,
                27.897138694625152
              ],
              [
                86.93778799214361,
                27.897048420344085
              ],
              [
                86.93768638251605,
                27.897048374449156
              ]
            ],
            [
              [
                86.9379895133493,
                27.900027562304192
              ],
              [
                86.93798956481378,
                27.899937288068042
              ],
              [
                86.93809117713629,
                27.899937333747374
              ],
              [
                86.93809112576163,
                27.900027607983525
              ],
              [
                86.9379895133493,
                27.900027562304192
              ]
            ],
            [
              [
                86.93799090268371,
                27.89759015754186
              ],
              [
                86.93799095413921,
                27.89749988327876
              ],
              [
                86.93809256418898,
                27.89749992894911
              ],
              [
                86.93809251282332,
                27.897590203221192
              ],
              [
                86.93799090268371,
                27.89759015754186
              ]
            ],
            [
              [
                86.93819309721263,
                27.899395733919974
              ],
              [
                86.93819314849745,
                27.89930545967484
              ],
              [
                86.93839637197465,
                27.899305550656212
              ],
              [
                86.93839632086052,
                27.899395824901344
              ],
              [
                86.93819309721263,
                27.899395733919974
              ]
            ],
            [
              [
                86.93829547709164,
                27.898041665661793
              ],
              [
                86.93829552828663,
                27.897951391407677
              ],
              [
                86.9383971387676,
                27.897951436853447
              ],
              [
                86.93839708764447,
                27.898041711116544
              ],
              [
                86.93829547709164,
                27.898041665661793
              ]
            ],
            [
              [
                86.9384997698515,
                27.896145996740778
              ],
              [
                86.93849982087582,
                27.89605572245971
              ],
              [
                86.9386014295871,
                27.896055767752767
              ],
              [
                86.93860137864364,
                27.896146042042815
              ],
              [
                86.9384997698515,
                27.896145996740778
              ]
            ],
            [
              [
                86.93860092013453,
                27.89695851057241
              ],
              [
                86.93860102202144,
                27.89677796201926
              ],
              [
                86.9392106783046,
                27.896778232241484
              ],
              [
                86.9392105269834,
                27.897049055075698
              ],
              [
                86.93890569808275,
                27.897048920301454
              ],
              [
                86.93890574877467,
                27.89695864602039
              ],
              [
                86.93860092013453,
                27.89695851057241
              ]
            ],
            [
              [
                86.93880337753744,
                27.89831271496129
              ],
              [
                86.93880352988273,
                27.898041892180974
              ],
              [
                86.93900675099738,
                27.898041982255048
              ],
              [
                86.93900664977521,
                27.898222530781247
              ],
              [
                86.9389050390517,
                27.89822248577565
              ],
              [
                86.93890498835079,
                27.898312760038753
              ],
              [
                86.93880337753744,
                27.89831271496129
              ]
            ],
            [
              [
                86.93941394733538,
                27.896688047441604
              ],
              [
                86.9394139976051,
                27.896597773160536
              ],
              [
                86.93951560681944,
                27.89659781778884
              ],
              [
                86.93951555663057,
                27.896688092069905
              ],
              [
                86.93941394733538,
                27.896688047441604
              ]
            ],
            [
              [
                86.93982033458776,
                27.896778499777742
              ],
              [
                86.93982038451612,
                27.896688225496675
              ],
              [
                86.94002360311548,
                27.896688314070563
              ],
              [
                86.94002355334882,
                27.896778588351626
              ],
              [
                86.93982033458776,
                27.896778499777742
              ]
            ],
            [
              [
                86.92701725171482,
                27.897223686650648
              ],
              [
                86.92701737283467,
                27.897043138142415
              ],
              [
                86.92691576323406,
                27.897043084306382
              ],
              [
                86.92691582387035,
                27.896952810052266
              ],
              [
                86.92661099532003,
                27.896952648086017
              ],
              [
                86.92661105621683,
                27.8968623738319
              ],
              [
                86.92650944678688,
                27.896862319690438
              ],
              [
                86.92650969069746,
                27.89650122266499
              ],
              [
                86.92661129979501,
                27.89650127679747
              ],
              [
                86.92661142157961,
                27.89632072828025
              ],
              [
                86.92681463943337,
                27.896320836329615
              ],
              [
                86.92681433581178,
                27.896772207627148
              ],
              [
                86.92691594516087,
                27.896772261535048
              ],
              [
                86.92691588451561,
                27.89686253579815
              ],
              [
                86.92701749394554,
                27.896862589634182
              ],
              [
                86.92701755450996,
                27.896772315380066
              ],
              [
                86.92722077320812,
                27.896772422827556
              ],
              [
                86.92722065242964,
                27.896952971344774
              ],
              [
                86.92711904290987,
                27.89695291765247
              ],
              [
                86.9271189219607,
                27.897133466160703
              ],
              [
                86.92732214133261,
                27.897133573464462
              ],
              [
                86.9273220207248,
                27.897314121972695
              ],
              [
                86.92711880101153,
                27.89731401465995
              ],
              [
                86.92711886148612,
                27.89722374041482
              ],
              [
                86.92701725171482,
                27.897223686650648
              ]
            ],
            [
              [
                86.93392556536699,
                27.899122931315652
              ],
              [
                86.93402717692594,
                27.899122979995358
              ],
              [
                86.93402712217362,
                27.89921325423151
              ],
              [
                86.93392551053383,
                27.899213205560784
              ],
              [
                86.93392556536699,
                27.899122931315652
              ]
            ],
            [
              [
                86.92752403763882,
                27.899119713747933
              ],
              [
                86.9275239774966,
                27.8992099879751
              ],
              [
                86.9274223658658,
                27.899209934507375
              ],
              [
                86.92742230564275,
                27.89930020873454
              ],
              [
                86.9273206939311,
                27.89930015518597
              ],
              [
                86.92732081455686,
                27.899119606731634
              ],
              [
                86.92752403763882,
                27.899119713747933
              ]
            ],
            [
              [
                86.92864318570635,
                27.89695371513186
              ],
              [
                86.92874479523509,
                27.896953767701273
              ],
              [
                86.92874485435323,
                27.896863493438172
              ],
              [
                86.92894807323106,
                27.896863598343433
              ],
              [
                86.92894789636176,
                27.89713442112375
              ],
              [
                86.92864306729042,
                27.89713426364908
              ],
              [
                86.92864318570635,
                27.89695371513186
              ]
            ],
            [
              [
                86.93656862397158,
                27.8971381388824
              ],
              [
                86.936568518707,
                27.89731868741758
              ],
              [
                86.93646690882791,
                27.897318640615357
              ],
              [
                86.93646701426317,
                27.897138092080173
              ],
              [
                86.93656862397158,
                27.8971381388824
              ]
            ],
            [
              [
                86.92152804544335,
                27.900380269747608
              ],
              [
                86.92132482003476,
                27.900380153891884
              ],
              [
                86.92132488532431,
                27.900289879691666
              ],
              [
                86.92142649794327,
                27.900289937659952
              ],
              [
                86.92142656315197,
                27.900199663459734
              ],
              [
                86.92152817569009,
                27.90019972134717
              ],
              [
                86.92152824080895,
                27.900109447146953
              ],
              [
                86.92162985326621,
                27.90010950497151
              ],
              [
                86.92162972319015,
                27.900290053371943
              ],
              [
                86.9215281105712,
                27.90028999554739
              ],
              [
                86.92152804544335,
                27.900380269747608
              ]
            ],
            [
              [
                86.93656862397158,
                27.8971381388824
              ],
              [
                86.93656872923617,
                27.896957590338236
              ],
              [
                86.93677194832061,
                27.896957683709125
              ],
              [
                86.93677189585901,
                27.897047957981208
              ],
              [
                86.93667028623145,
                27.897047911331693
              ],
              [
                86.93667023368899,
                27.89713818560378
              ],
              [
                86.93656862397158,
                27.8971381388824
              ]
            ],
            [
              [
                86.92061465102988,
                27.8988450845183
              ],
              [
                86.92041142849591,
                27.898844967315103
              ],
              [
                86.92041149454005,
                27.89875469309692
              ],
              [
                86.92030988334942,
                27.89875463438303
              ],
              [
                86.92030994948338,
                27.898664360173832
              ],
              [
                86.92041156058418,
                27.898664418878734
              ],
              [
                86.92041169267246,
                27.898483870442366
              ],
              [
                86.92091974733205,
                27.898484162879924
              ],
              [
                86.92091968171012,
                27.89857443709811
              ],
              [
                86.92081807069016,
                27.898574378761513
              ],
              [
                86.92081800498738,
                27.898664652979697
              ],
              [
                86.9207163938866,
                27.898664594571237
              ],
              [
                86.9207164596792,
                27.898574320353056
              ],
              [
                86.92061484865924,
                27.898574261863747
              ],
              [
                86.92061465102988,
                27.8988450845183
              ]
            ],
            [
              [
                86.92447531544667,
                27.899659722371506
              ],
              [
                86.92447537812212,
                27.899569448162303
              ],
              [
                86.92457699007632,
                27.899569503803953
              ],
              [
                86.92457705267093,
                27.89947922958577
              ],
              [
                86.9246786645353,
                27.899479285155554
              ],
              [
                86.92467872704007,
                27.89938901093737
              ],
              [
                86.92478033883258,
                27.899389066435287
              ],
              [
                86.9247802139937,
                27.89956961486267
              ],
              [
                86.92467860203053,
                27.899569559373738
              ],
              [
                86.92467853952574,
                27.899659833582938
              ],
              [
                86.92447531544667,
                27.899659722371506
              ]
            ],
            [
              [
                86.93677268279218,
                27.8956938437742
              ],
              [
                86.93667107443123,
                27.89569379713367
              ],
              [
                86.93667112697369,
                27.895603522843622
              ],
              [
                86.93677273525378,
                27.89560356948415
              ],
              [
                86.93677268279218,
                27.8956938437742
              ]
            ],
            [
              [
                86.93189508612755,
                27.896323440213248
              ],
              [
                86.93189502961455,
                27.89641371448533
              ],
              [
                86.93179342058886,
                27.896413664242555
              ],
              [
                86.93179347718272,
                27.896323389970473
              ],
              [
                86.93189508612755,
                27.896323440213248
              ]
            ],
            [
              [
                86.93463679204828,
                27.899213544710737
              ],
              [
                86.93453518039951,
                27.899213496489175
              ],
              [
                86.93453523472064,
                27.89912322224404
              ],
              [
                86.93463684628857,
                27.899123270474586
              ],
              [
                86.93463679204828,
                27.899213544710737
              ]
            ],
            [
              [
                86.92792994555016,
                27.899932394881805
              ],
              [
                86.92793000536,
                27.89984212066362
              ],
              [
                86.9280316175747,
                27.899842173763037
              ],
              [
                86.92803155785471,
                27.89993244798122
              ],
              [
                86.92792994555016,
                27.899932394881805
              ]
            ],
            [
              [
                86.92701725171482,
                27.897223686650648
              ],
              [
                86.9270171911594,
                27.897313960895783
              ],
              [
                86.92691558130724,
                27.897313907059747
              ],
              [
                86.92691564194352,
                27.89722363280563
              ],
              [
                86.92701725171482,
                27.897223686650648
              ]
            ],
            [
              [
                86.92864318570635,
                27.89695371513186
              ],
              [
                86.92854157618657,
                27.89695366249059
              ],
              [
                86.92854163548438,
                27.896863388236472
              ],
              [
                86.92864324491431,
                27.896863440877745
              ],
              [
                86.92864318570635,
                27.89695371513186
              ]
            ],
            [
              [
                86.92112270738728,
                27.898845376210254
              ],
              [
                86.92112277283853,
                27.89875510199207
              ],
              [
                86.92132599521082,
                27.898755218144235
              ],
              [
                86.92132592993025,
                27.89884549236242
              ],
              [
                86.92112270738728,
                27.898845376210254
              ]
            ],
            [
              [
                86.93677268279218,
                27.8956938437742
              ],
              [
                86.93687429115312,
                27.895693890351847
              ],
              [
                86.93687423878133,
                27.895784164632914
              ],
              [
                86.93707745567389,
                27.895784257554645
              ],
              [
                86.93707729905262,
                27.89605508041581
              ],
              [
                86.93717890774593,
                27.896055126759897
              ],
              [
                86.93717885562569,
                27.896145401049946
              ],
              [
                86.9376868995504,
                27.896145631656463
              ],
              [
                86.93768695125743,
                27.896055357375396
              ],
              [
                86.93799177736432,
                27.896055494844585
              ],
              [
                86.93799162301579,
                27.896326317696765
              ],
              [
                86.93809323196962,
                27.896326363367116
              ],
              [
                86.93809312923828,
                27.89650691193823
              ],
              [
                86.9386011748608,
                27.896507139176062
              ],
              [
                86.9386010729739,
                27.896687687738197
              ],
              [
                86.93849946367871,
                27.89668764244514
              ],
              [
                86.93849941264541,
                27.896777916717223
              ],
              [
                86.93839780326938,
                27.896777871343318
              ],
              [
                86.9383977010411,
                27.896958419896468
              ],
              [
                86.93819448194768,
                27.89695832892408
              ],
              [
                86.9381945845173,
                27.89677778037093
              ],
              [
                86.93799136575626,
                27.896777689093113
              ],
              [
                86.93799141721176,
                27.89668741482103
              ],
              [
                86.93778819862139,
                27.89668732324677
              ],
              [
                86.93778825024756,
                27.896597048965702
              ],
              [
                86.93717859499748,
                27.896596772455275
              ],
              [
                86.93717854287722,
                27.896687046727358
              ],
              [
                86.93677210571444,
                27.896686860883893
              ],
              [
                86.93677215817605,
                27.89659658661181
              ],
              [
                86.9366705489707,
                27.896596539962296
              ],
              [
                86.93667049642823,
                27.896686814234382
              ],
              [
                86.93656888713305,
                27.896686767513003
              ],
              [
                86.93656893976534,
                27.89659649324092
              ],
              [
                86.93636572135463,
                27.896596399573586
              ],
              [
                86.93636582696058,
                27.896415851011454
              ],
              [
                86.93656904502993,
                27.896415944678786
              ],
              [
                86.93656909766221,
                27.896325670406704
              ],
              [
                86.93646748870839,
                27.89632562360448
              ],
              [
                86.93646754142154,
                27.896235349323412
              ],
              [
                86.93636593255754,
                27.89623530244932
              ],
              [
                86.93636598535153,
                27.896145028168256
              ],
              [
                86.93646759413467,
                27.896145075042345
              ],
              [
                86.93646764684782,
                27.89605480076128
              ],
              [
                86.9366708642524,
                27.896054894275903
              ],
              [
                86.93667081170096,
                27.89614516856595
              ],
              [
                86.93677242048412,
                27.89614521520648
              ],
              [
                86.93677247294572,
                27.896054940925413
              ],
              [
                86.93687408164803,
                27.89605498749408
              ],
              [
                86.93687418640057,
                27.895874438922963
              ],
              [
                86.93677257786895,
                27.895874392354298
              ],
              [
                86.93677268279218,
                27.8956938437742
              ]
            ],
            [
              [
                86.92752403763882,
                27.899119713747933
              ],
              [
                86.92752409778102,
                27.899029439520767
              ],
              [
                86.9278289321614,
                27.899029599483768
              ],
              [
                86.92782887227072,
                27.899119873710937
              ],
              [
                86.92793048381169,
                27.899119926882218
              ],
              [
                86.92793054362153,
                27.899029652655052
              ],
              [
                86.92803215508165,
                27.899029705745484
              ],
              [
                86.92803239396166,
                27.89866860881885
              ],
              [
                86.92813400508042,
                27.89866866183742
              ],
              [
                86.92813394544127,
                27.89875893607357
              ],
              [
                86.92823555664987,
                27.89875898902027
              ],
              [
                86.92823543755122,
                27.89893953748359
              ],
              [
                86.92833704892152,
                27.898939590349443
              ],
              [
                86.92833698946203,
                27.899029864585593
              ],
              [
                86.92843860092216,
                27.899029917379583
              ],
              [
                86.9284386603008,
                27.898939643143432
              ],
              [
                86.92854027168008,
                27.898939695865558
              ],
              [
                86.92854033097787,
                27.89884942163839
              ],
              [
                86.92864194226732,
                27.898849474279665
              ],
              [
                86.92864170540852,
                27.899210571197315
              ],
              [
                86.92884492867013,
                27.89921067626427
              ],
              [
                86.92884486962387,
                27.89930095049144
              ],
              [
                86.92874325791222,
                27.899300898002878
              ],
              [
                86.92874319877612,
                27.899391172230043
              ],
              [
                86.92843836338065,
                27.899391014288252
              ],
              [
                86.92843812583914,
                27.89975211117895
              ],
              [
                86.92833651370528,
                27.899752058384962
              ],
              [
                86.92833657317375,
                27.899661784157797
              ],
              [
                86.92823496112972,
                27.899661731291943
              ],
              [
                86.92823508023734,
                27.89948118284659
              ],
              [
                86.92803185647267,
                27.89948107688132
              ],
              [
                86.92803173702369,
                27.899661625317687
              ],
              [
                86.92793012497067,
                27.899661572227256
              ],
              [
                86.92793006516982,
                27.89975184644544
              ],
              [
                86.92782845303596,
                27.899751793274156
              ],
              [
                86.92782851292664,
                27.89966151905597
              ],
              [
                86.92762528882959,
                27.899661412488832
              ],
              [
                86.92762564917979,
                27.899119767143794
              ],
              [
                86.92752403763882,
                27.899119713747933
              ]
            ],
            [
              [
                86.92152804544335,
                27.900380269747608
              ],
              [
                86.92183288356969,
                27.900380442978726
              ],
              [
                86.92183268895867,
                27.900651265570396
              ],
              [
                86.92132462416609,
                27.900650976474573
              ],
              [
                86.92132468945564,
                27.900560702283336
              ],
              [
                86.92142630232613,
                27.900560760251622
              ],
              [
                86.92142636753483,
                27.900470486051404
              ],
              [
                86.92152798032447,
                27.900470543947826
              ],
              [
                86.92152804544335,
                27.900380269747608
              ]
            ],
            [
              [
                86.93189508612755,
                27.896323440213248
              ],
              [
                86.93189525564864,
                27.896052617397
              ],
              [
                86.93199686433297,
                27.896052667558923
              ],
              [
                86.93199680790978,
                27.89614294183999
              ],
              [
                86.93209841668396,
                27.896142991930052
              ],
              [
                86.93209836034161,
                27.896233266202135
              ],
              [
                86.93219996920561,
                27.89623331622033
              ],
              [
                86.93219991294413,
                27.89632359049241
              ],
              [
                86.93189508612755,
                27.896323440213248
              ]
            ],
            [
              [
                86.93392556536699,
                27.899122931315652
              ],
              [
                86.93382395380806,
                27.899122882564082
              ],
              [
                86.93382400872207,
                27.899032608327932
              ],
              [
                86.93392562019118,
                27.899032657079502
              ],
              [
                86.93392556536699,
                27.899122931315652
              ]
            ],
            [
              [
                86.93463679204828,
                27.899213544710737
              ],
              [
                86.93473840368807,
                27.899213592860438
              ],
              [
                86.93473834953762,
                27.89930386710557
              ],
              [
                86.934636737808,
                27.89930381895587
              ],
              [
                86.93463679204828,
                27.899213544710737
              ]
            ],
            [
              [
                86.92792994555016,
                27.899932394881805
              ],
              [
                86.92792982593949,
                27.900112943309193
              ],
              [
                86.92782821346425,
                27.90011289013791
              ],
              [
                86.92782815357357,
                27.900203164356093
              ],
              [
                86.9277265410175,
                27.900203111103963
              ],
              [
                86.92772660099801,
                27.900112836894763
              ],
              [
                86.9276249885228,
                27.90011278357077
              ],
              [
                86.92762504858416,
                27.900022509352585
              ],
              [
                86.92782827335493,
                27.90002261592871
              ],
              [
                86.92782833324561,
                27.899932341710524
              ],
              [
                86.92792994555016,
                27.899932394881805
              ]
            ],
            [
              [
                86.92112270738728,
                27.898845376210254
              ],
              [
                86.9211225764758,
                27.899025924637638
              ],
              [
                86.9208177421583,
                27.899025749852434
              ],
              [
                86.92081767645553,
                27.899116024061634
              ],
              [
                86.92071606492352,
                27.899115965653174
              ],
              [
                86.9207159991399,
                27.899206239862377
              ],
              [
                86.92061438752707,
                27.899206181373067
              ],
              [
                86.9206143216536,
                27.89929645558227
              ],
              [
                86.92041109826623,
                27.899296338379074
              ],
              [
                86.92041129640762,
                27.899025515742487
              ],
              [
                86.92061451928296,
                27.899025632945683
              ],
              [
                86.92061465102988,
                27.8988450845183
              ],
              [
                86.92112270738728,
                27.898845376210254
              ]
            ],
            [
              [
                86.92437351513372,
                27.899930489294576
              ],
              [
                86.92417029055159,
                27.899930377625004
              ],
              [
                86.92417035347857,
                27.899840103415805
              ],
              [
                86.9242719656843,
                27.899840159291013
              ],
              [
                86.92427209136758,
                27.89965961086363
              ],
              [
                86.92447531544667,
                27.899659722371506
              ],
              [
                86.9244752527712,
                27.89974999658969
              ],
              [
                86.92437364064632,
                27.899749940867192
              ],
              [
                86.92437351513372,
                27.899930489294576
              ]
            ]
          ],
          [
            [
              [
                86.9153314977491,
                27.898029472019957
              ],
              [
                86.91543310824802,
                27.89802953439897
              ],
              [
                86.91543303807164,
                27.898119808617153
              ],
              [
                86.91533142749186,
                27.89811974623814
              ],
              [
                86.9153314977491,
                27.898029472019957
              ]
            ]
          ],
          [
            [
              [
                86.91990496724102,
                27.896678091512122
              ],
              [
                86.91980335799974,
                27.89667803242993
              ],
              [
                86.91980329145254,
                27.89676830667506
              ],
              [
                86.91970168213041,
                27.896768247521
              ],
              [
                86.91970181537751,
                27.896587699030732
              ],
              [
                86.91990503369838,
                27.89658781726699
              ],
              [
                86.91990496724102,
                27.896678091512122
              ]
            ]
          ],
          [
            [
              [
                86.93839499162338,
                27.90174295483464
              ],
              [
                86.93829337761204,
                27.901742909370903
              ],
              [
                86.938293428825,
                27.901652635161703
              ],
              [
                86.9383950427555,
                27.901652680616454
              ],
              [
                86.93839499162338,
                27.90174295483464
              ]
            ]
          ]
        ]
      },
      "id": "+17853+5149",
      "properties": {
        "area_m2": 1274485.6995951412,
        "count": 12715,
        "image_id": "COPERNICUS/S1_GRD/S1A_IW_GRDH_1SDV_20210919T001138_20210919T001203_039743_04B33F_A712",
        "lake_id": "imja-tsho",
        "observed_at": "2021-09-19T00:11:38Z",
        "water": 1
      }
    }
  ]
}
