{
  "type": "FeatureCollection",
  "features": [
    {
      "type": "Feature",
      "geometry": {
        "geodesic": false,
        "type": "MultiPolygon",
        "coordinates": [
          [
            [
              [
                86.92007971242592,
                27.896971963095318
              ],
              [
                86.92007957979864,
                27.897152511576603
              ],
              [
                86.91987636041775,
                27.897152393591874
              ],
              [
                86.91987642690206,
                27.897062119355724
              ],
              [
                86.91997803651167,
                27.897062178384022
              ],
              [
                86.91997810290614,
                27.896971904147872
              ],
              [
                86.92007971242592,
                27.896971963095318
              ]
            ]
          ],
          [
            [
              [
                86.92373506062324,
                27.900675278687785
              ],
              [
                86.92383667361051,
                27.900675334886387
              ],
              [
                86.92383661040505,
                27.900765609077624
              ],
              [
                86.92373499732795,
                27.900765552888004
              ],
              [
                86.92373506062324,
                27.900675278687785
              ]
            ]
          ],
          [
            [
              [
                86.92759659467211,
                27.900316264451238
              ],
              [
                86.92759653459278,
                27.900406538660437
              ],
              [
                86.92749492184807,
                27.900406485237628
              ],
              [
                86.92749498201722,
                27.900316211028425
              ],
              [
                86.92759659467211,
                27.900316264451238
              ]
            ]
          ],
          [
            [
              [
                86.93196644744931,
                27.899506022539803
              ],
              [
                86.93196639099918,
                27.899596296766973
              ],
              [
                86.93186477900007,
                27.899596246578096
              ],
              [
                86.93186483554003,
                27.899505972341945
              ],
              [
                86.93196644744931,
                27.899506022539803
              ]
            ]
          ],
          [
            [
              [
                86.93491313903641,
                27.899597719851094
              ],
              [
                86.93511636304362,
                27.899597815674387
              ],
              [
                86.9351163091986,
                27.899688089901552
              ],
              [
                86.93491308502071,
                27.899687994087245
              ],
              [
                86.93491313903641,
                27.899597719851094
              ]
            ]
          ],
          [
            [
              [
                86.91936851270306,
                27.89688127461006
              ],
              [
                86.91977495044075,
                27.89688151177428
              ],
              [
                86.91977468417113,
                27.897242608718877
              ],
              [
                86.91987629394242,
                27.897242667828024
              ],
              [
                86.9198762274581,
                27.897332942064175
              ],
              [
                86.91997783731024,
                27.89733300109247
              ],
              [
                86.91997777090678,
                27.89742327532862
              ],
              [
                86.91977455103182,
                27.897423157191177
              ],
              [
                86.91977421817906,
                27.897874528335997
              ],
              [
                86.91997743890742,
                27.89787464647344
              ],
              [
                86.91997737250395,
                27.89796492070061
              ],
              [
                86.92007898294898,
                27.89796497965704
              ],
              [
                86.92007885031273,
                27.898145528111375
              ],
              [
                86.91987562908132,
                27.89814541011766
              ],
              [
                86.919875562597,
                27.89823568434483
              ],
              [
                86.92018039469565,
                27.898235861214125
              ],
              [
                86.92018052716122,
                27.898055312768772
              ],
              [
                86.92028213769609,
                27.898055371572493
              ],
              [
                86.92028220384803,
                27.897965097345324
              ],
              [
                86.92038381429306,
                27.897965156077177
              ],
              [
                86.92038388035516,
                27.89787488185001
              ],
              [
                86.92028226999098,
                27.89787482311816
              ],
              [
                86.92028233614292,
                27.89778454889099
              ],
              [
                86.92007911558524,
                27.897784431202705
              ],
              [
                86.92007924822148,
                27.89760388274837
              ],
              [
                86.92038407855047,
                27.897604059159526
              ],
              [
                86.92038421067467,
                27.89742351069621
              ],
              [
                86.92018099079073,
                27.897423393160636
              ],
              [
                86.92018132194568,
                27.896972021979884
              ],
              [
                86.92007971242592,
                27.896971963095318
              ],
              [
                86.92008004399408,
                27.89652059188762
              ],
              [
                86.9202832621892,
                27.89652070956692
              ],
              [
                86.92028332833215,
                27.896430435321786
              ],
              [
                86.92038493734886,
                27.896430494044658
              ],
              [
                86.92038500340198,
                27.896340219799523
              ],
              [
                86.92048661233784,
                27.896340278450527
              ],
              [
                86.92048654635659,
                27.896430552704647
              ],
              [
                86.92068976439,
                27.896430669782077
              ],
              [
                86.92068983020057,
                27.896340395536942
              ],
              [
                86.92089304805434,
                27.89634051231793
              ],
              [
                86.92089311369423,
                27.896250238063814
              ],
              [
                86.92129954908732,
                27.896250470727473
              ],
              [
                86.92129961438586,
                27.896160196473357
              ],
              [
                86.92140122315105,
                27.896160254450624
              ],
              [
                86.92140135357744,
                27.89597970594239
              ],
              [
                86.92180778796443,
                27.895979937105864
              ],
              [
                86.9218077230881,
                27.89607021135998
              ],
              [
                86.92190933177243,
                27.896070268959956
              ],
              [
                86.92190939655893,
                27.89597999470584
              ],
              [
                86.92201100516242,
                27.89598005223395
              ],
              [
                86.92201106986806,
                27.895889777979832
              ],
              [
                86.92221428689537,
                27.895889892811475
              ],
              [
                86.92221422235141,
                27.89598016706559
              ],
              [
                86.92241743954939,
                27.895980281600792
              ],
              [
                86.92241750392267,
                27.895890007346676
              ],
              [
                86.92262072094998,
                27.895890121576446
              ],
              [
                86.92262065674738,
                27.895980395830563
              ],
              [
                86.92282387394536,
                27.89598050976389
              ],
              [
                86.92282393798627,
                27.895890235509775
              ],
              [
                86.92272232946362,
                27.89589017857455
              ],
              [
                86.92272239358537,
                27.895799904320434
              ],
              [
                86.92262078515256,
                27.895799847313345
              ],
              [
                86.92262084935516,
                27.895709573050247
              ],
              [
                86.9233321077919,
                27.89570997050086
              ],
              [
                86.9233321714016,
                27.895619696237762
              ],
              [
                86.92363699619696,
                27.895619865453412
              ],
              [
                86.92363705955513,
                27.89552959119031
              ],
              [
                86.92424670864278,
                27.895529927582437
              ],
              [
                86.9242467714979,
                27.895439653319336
              ],
              [
                86.92444998768977,
                27.89543976485416
              ],
              [
                86.92445005037422,
                27.895349490582078
              ],
              [
                86.92495809045414,
                27.895349768107604
              ],
              [
                86.92495815271637,
                27.89525949383552
              ],
              [
                86.92566940824257,
                27.895259879212777
              ],
              [
                86.92566946991191,
                27.895169604940694
              ],
              [
                86.92597429345861,
                27.895169768982047
              ],
              [
                86.9259742320408,
                27.89526004325413
              ],
              [
                86.92607583997953,
                27.89526009778187
              ],
              [
                86.92607596264448,
                27.895079549237703
              ],
              [
                86.92617757041253,
                27.895079603693574
              ],
              [
                86.9261775091564,
                27.895169877965657
              ],
              [
                86.92648233271208,
                27.895170040884118
              ],
              [
                86.92648227171648,
                27.8952603151562
              ],
              [
                86.9267870955237,
                27.895260477400925
              ],
              [
                86.92678715626776,
                27.895170203128842
              ],
              [
                86.92729519553022,
                27.89517047203054
              ],
              [
                86.92729513520835,
                27.895260746311603
              ],
              [
                86.92790478284074,
                27.89526106652507
              ],
              [
                86.92790484265956,
                27.895170792244006
              ],
              [
                86.9282096662332,
                27.895170951344625
              ],
              [
                86.9282097257915,
                27.895080677063557
              ],
              [
                86.92881937242674,
                27.895080993234608
              ],
              [
                86.9288193133715,
                27.89517126751567
              ],
              [
                86.92912413694515,
                27.895171424595084
              ],
              [
                86.92912419574887,
                27.895081150305035
              ],
              [
                86.92973384240209,
                27.895081462433662
              ],
              [
                86.92973378410143,
                27.89517173671473
              ],
              [
                86.93003860768405,
                27.89517189177293
              ],
              [
                86.93003866573319,
                27.89508161748288
              ],
              [
                86.93054670461835,
                27.895081874410035
              ],
              [
                86.93054676224529,
                27.894991600119987
              ],
              [
                86.93064836994147,
                27.894991651279042
              ],
              [
                86.93064842747856,
                27.89490137698899
              ],
              [
                86.93085164270025,
                27.894901479082524
              ],
              [
                86.93085158532485,
                27.894991753372572
              ],
              [
                86.93095319302104,
                27.89499180430705
              ],
              [
                86.9309532503066,
                27.894901530017002
              ],
              [
                86.93105485792194,
                27.894901580879612
              ],
              [
                86.93105480071722,
                27.89499185516966
              ],
              [
                86.9312580161096,
                27.894991956661322
              ],
              [
                86.93125807314362,
                27.894901682371273
              ],
              [
                86.93176611120235,
                27.89490193479787
              ],
              [
                86.93176616781417,
                27.89481166050782
              ],
              [
                86.93207099039968,
                27.89481181106546
              ],
              [
                86.93207093403937,
                27.894902085355508
              ],
              [
                86.93237575688538,
                27.894902235239414
              ],
              [
                86.93237581299415,
                27.894811960949365
              ],
              [
                86.93268063557966,
                27.89481211015055
              ],
              [
                86.9326806914369,
                27.8947218358605
              ],
              [
                86.93298551377087,
                27.894721984396934
              ],
              [
                86.93298545817413,
                27.894812258686983
              ],
              [
                86.93359510337208,
                27.894812553729654
              ],
              [
                86.93359515846576,
                27.894722279439605
              ],
              [
                86.93400158826235,
                27.894722474634534
              ],
              [
                86.93400164301467,
                27.8946322003355
              ],
              [
                86.93450967985167,
                27.894632442647065
              ],
              [
                86.93450962551259,
                27.8947227169461
              ],
              [
                86.93461123296623,
                27.89472276518563
              ],
              [
                86.93461117871696,
                27.89481303948466
              ],
              [
                86.93522082393288,
                27.89481332734081
              ],
              [
                86.93522077018667,
                27.894903601639843
              ],
              [
                86.93552559305066,
                27.89490374455282
              ],
              [
                86.93552564654533,
                27.89481347025379
              ],
              [
                86.93562725407982,
                27.894813517747718
              ],
              [
                86.93562714726114,
                27.8949940663368
              ],
              [
                86.93583036268046,
                27.894994161091095
              ],
              [
                86.93583030943732,
                27.895084435390128
              ],
              [
                86.93674477957435,
                27.89508485807442
              ],
              [
                86.93674472708578,
                27.895175132373453
              ],
              [
                86.93735437435885,
                27.89517541079729
              ],
              [
                86.93735432238232,
                27.89526568508734
              ],
              [
                86.93877683390184,
                27.89526632425663
              ],
              [
                86.93877673231135,
                27.895446872854695
              ],
              [
                86.93887834044772,
                27.89544691794114
              ],
              [
                86.93887828972883,
                27.895537192240173
              ],
              [
                86.93897989795504,
                27.895537237263735
              ],
              [
                86.93897999920415,
                27.895356688665668
              ],
              [
                86.93908160725965,
                27.895356733608384
              ],
              [
                86.93908155671146,
                27.895447007907414
              ],
              [
                86.93928477299316,
                27.895447097568265
              ],
              [
                86.93928467223812,
                27.895627646157344
              ],
              [
                86.9394878888522,
                27.89562773552175
              ],
              [
                86.93948778843851,
                27.89580828411083
              ],
              [
                86.93958939690725,
                27.895808328685234
              ],
              [
                86.93958934678126,
                27.895898602975286
              ],
              [
                86.93969095534881,
                27.89589864746884
              ],
              [
                86.93969115550243,
                27.89553755029068
              ],
              [
                86.93958954727624,
                27.895537505797122
              ],
              [
                86.93958964751924,
                27.89535695720804
              ],
              [
                86.93969125557476,
                27.895357001701598
              ],
              [
                86.9396912055386,
                27.895447276000628
              ],
              [
                86.93979281367496,
                27.895447320413336
              ],
              [
                86.93979276371964,
                27.89553759471237
              ],
              [
                86.93989437194584,
                27.895537639053213
              ],
              [
                86.93989427220589,
                27.895718187651276
              ],
              [
                86.93999588059377,
                27.895718231920252
              ],
              [
                86.93999583080914,
                27.8958085062103
              ],
              [
                86.94009743928686,
                27.895808550407413
              ],
              [
                86.94009738958307,
                27.895898824697465
              ],
              [
                86.94019899814164,
                27.89589886882271
              ],
              [
                86.94019879966787,
                27.896259965982907
              ],
              [
                86.94040201746772,
                27.89626005399984
              ],
              [
                86.94040191856321,
                27.896440602570955
              ],
              [
                86.94030030950158,
                27.89644055859842
              ],
              [
                86.94030021042639,
                27.896621107169537
              ],
              [
                86.94009699196178,
                27.89662101899989
              ],
              [
                86.940096942258,
                27.89671129328096
              ],
              [
                86.94030016089329,
                27.8967113814506
              ],
              [
                86.94030006181809,
                27.896891930012735
              ],
              [
                86.94040167131091,
                27.896891973985266
              ],
              [
                86.9404015724064,
                27.897072522538416
              ],
              [
                86.94029996275188,
                27.89707247856588
              ],
              [
                86.94029986367669,
                27.89725302711903
              ],
              [
                86.94040147350188,
                27.897253071091566
              ],
              [
                86.94040142404963,
                27.897343345363648
              ],
              [
                86.94019820422857,
                27.897343257346716
              ],
              [
                86.94019815460562,
                27.8974335316188
              ],
              [
                86.94009654460976,
                27.89743348749355
              ],
              [
                86.94009649490597,
                27.897523761765637
              ],
              [
                86.93999488482925,
                27.89752371756852
              ],
              [
                86.939994785251,
                27.897704266103705
              ],
              [
                86.9398931750036,
                27.89770422183473
              ],
              [
                86.93989307524569,
                27.897884770369913
              ],
              [
                86.93999468566376,
                27.89788481463889
              ],
              [
                86.9399945362919,
                27.89815563743717
              ],
              [
                86.93989292562229,
                27.89815559315921
              ],
              [
                86.93989287574783,
                27.89824586742231
              ],
              [
                86.93979126499737,
                27.898245823072486
              ],
              [
                86.93979131495269,
                27.898155548809385
              ],
              [
                86.93958809362245,
                27.898155459885157
              ],
              [
                86.93958814374844,
                27.898065185622055
              ],
              [
                86.93948653316866,
                27.898065141047653
              ],
              [
                86.93948648295284,
                27.89815541531075
              ],
              [
                86.9392832616226,
                27.898155325937363
              ],
              [
                86.9392832112361,
                27.89824560020046
              ],
              [
                86.93918160048565,
                27.89824555540148
              ],
              [
                86.93918155001829,
                27.898335829655597
              ],
              [
                86.93907993918698,
                27.89833578478475
              ],
              [
                86.9390798380816,
                27.898516333301963
              ],
              [
                86.93918144908359,
                27.89851637817281
              ],
              [
                86.93918134814888,
                27.898696926681044
              ],
              [
                86.93907973697621,
                27.898696881810196
              ],
              [
                86.93907968642802,
                27.898787156064312
              ],
              [
                86.93897807516552,
                27.898787111112618
              ],
              [
                86.93897802452749,
                27.898877385366735
              ],
              [
                86.93887641319313,
                27.898877340343173
              ],
              [
                86.93887636246527,
                27.898967614588305
              ],
              [
                86.93877475105005,
                27.89896756949288
              ],
              [
                86.93877470024134,
                27.89905784373801
              ],
              [
                86.93867308872731,
                27.899057798561735
              ],
              [
                86.93867303783776,
                27.89914807281585
              ],
              [
                86.93857142625187,
                27.899148027558727
              ],
              [
                86.93857122234327,
                27.89950912453926
              ],
              [
                86.93846961041602,
                27.899509079210272
              ],
              [
                86.93846955935578,
                27.899599353455407
              ],
              [
                86.9383679473387,
                27.89959930805455
              ],
              [
                86.93836784504754,
                27.899779856535837
              ],
              [
                86.93826623286877,
                27.89977981105413
              ],
              [
                86.93826613040692,
                27.899960359535417
              ],
              [
                86.93836774275638,
                27.899960405008137
              ],
              [
                86.93836764046522,
                27.900140953480435
              ],
              [
                86.93826602794508,
                27.900140907998733
              ],
              [
                86.93826597671416,
                27.900231182234883
              ],
              [
                86.93816436411318,
                27.900231136681317
              ],
              [
                86.9381643128014,
                27.900321410917467
              ],
              [
                86.93796108741977,
                27.90032131958575
              ],
              [
                86.93796103593732,
                27.90041159381292
              ],
              [
                86.93806264870899,
                27.9004116395192
              ],
              [
                86.93806249451316,
                27.900682462200702
              ],
              [
                86.93816410753637,
                27.900682507826133
              ],
              [
                86.93816405621561,
                27.900772782053302
              ],
              [
                86.93806244311156,
                27.900772736427868
              ],
              [
                86.93806234030836,
                27.900953284873218
              ],
              [
                86.93816395358309,
                27.900953330498652
              ],
              [
                86.93816390226233,
                27.90104360472582
              ],
              [
                86.93806228890676,
                27.901043559091402
              ],
              [
                86.93806223750516,
                27.90113383331857
              ],
              [
                86.93816385095057,
                27.901133878944
              ],
              [
                86.93816364567654,
                27.90149497581674
              ],
              [
                86.93826525945433,
                27.90149502137031
              ],
              [
                86.93826515699249,
                27.901675569797693
              ],
              [
                86.93836677094095,
                27.901675615279395
              ],
              [
                86.93836661749073,
                27.90194643791598
              ],
              [
                86.93826500328176,
                27.90194639243428
              ],
              [
                86.93826505452165,
                27.901856118225076
              ],
              [
                86.93816344039354,
                27.90185607267151
              ],
              [
                86.93816338908177,
                27.90194634688071
              ],
              [
                86.93735047544592,
                27.901945979739253
              ],
              [
                86.93735042345145,
                27.902036253948452
              ],
              [
                86.9371471948718,
                27.902036161412997
              ],
              [
                86.93714724703698,
                27.901945887203794
              ],
              [
                86.93704563283698,
                27.901945840823778
              ],
              [
                86.93704558059096,
                27.902036115032978
              ],
              [
                86.93694396630114,
                27.902036068581094
              ],
              [
                86.93694401862801,
                27.901945794371894
              ],
              [
                86.93684240442802,
                27.90194574783916
              ],
              [
                86.93684287616931,
                27.901133279929407
              ],
              [
                86.93643642239668,
                27.901133093070843
              ],
              [
                86.93643626414048,
                27.90140391571641
              ],
              [
                86.93653787783741,
                27.901403962545587
              ],
              [
                86.93653782516918,
                27.90149423675479
              ],
              [
                86.93663943894697,
                27.9014942835121
              ],
              [
                86.93663928119382,
                27.901765106139703
              ],
              [
                86.93653766716452,
                27.901765059391373
              ],
              [
                86.93653761449629,
                27.901855333600576
              ],
              [
                86.93633438625801,
                27.901855239861376
              ],
              [
                86.93633443909691,
                27.901764965661158
              ],
              [
                86.9359279829707,
                27.901764777293426
              ],
              [
                86.93592803614199,
                27.901674503084227
              ],
              [
                86.93572480825405,
                27.901674408455694
              ],
              [
                86.935724861596,
                27.90158413424649
              ],
              [
                86.93552163386977,
                27.90158403931253
              ],
              [
                86.9355216873824,
                27.901493765103332
              ],
              [
                86.93562330116019,
                27.901493812606244
              ],
              [
                86.93562340801479,
                27.90131326417886
              ],
              [
                86.93552179440769,
                27.90131321667595
              ],
              [
                86.93552174089506,
                27.901403490894133
              ],
              [
                86.93521689981324,
                27.901403347936238
              ],
              [
                86.93521695357741,
                27.901313073727035
              ],
              [
                86.93511533997031,
                27.901313025918697
              ],
              [
                86.93511539382432,
                27.901222751709497
              ],
              [
                86.93501378029806,
                27.90122270382929
              ],
              [
                86.9350138342329,
                27.90113242962009
              ],
              [
                86.93491222078751,
                27.90113238166802
              ],
              [
                86.93491216677181,
                27.901222655886205
              ],
              [
                86.93460732621102,
                27.901222511580837
              ],
              [
                86.93460738047825,
                27.901132237362653
              ],
              [
                86.93470899391467,
                27.9011322855393
              ],
              [
                86.93470904810104,
                27.9010420113301
              ],
              [
                86.93440420804332,
                27.901041866575575
              ],
              [
                86.93440426248122,
                27.90095159235739
              ],
              [
                86.93501394209363,
                27.900951881183722
              ],
              [
                86.93501388815878,
                27.901042155401907
              ],
              [
                86.9353187282255,
                27.90104229880896
              ],
              [
                86.93531883558315,
                27.90086175037259
              ],
              [
                86.93542044876804,
                27.900861798019232
              ],
              [
                86.93542050236154,
                27.900771523801048
              ],
              [
                86.93552211546557,
                27.900771571375827
              ],
              [
                86.93552216897821,
                27.900681297157643
              ],
              [
                86.93562378199243,
                27.900681344660555
              ],
              [
                86.93562410253827,
                27.900139699306536
              ],
              [
                86.93572571504943,
                27.9001397467286
              ],
              [
                86.93572582172436,
                27.899959198274264
              ],
              [
                86.93562420938389,
                27.89995915084322
              ],
              [
                86.9356242628067,
                27.89986887661605
              ],
              [
                86.93592909958558,
                27.899869018666646
              ],
              [
                86.93592915275686,
                27.899778744430495
              ],
              [
                86.93603076493564,
                27.89977879162798
              ],
              [
                86.93603081801709,
                27.89968851739183
              ],
              [
                86.93643726639084,
                27.89968870543617
              ],
              [
                86.93643721364177,
                27.89977897967232
              ],
              [
                86.93653882582055,
                27.899779026501495
              ],
              [
                86.9365388784798,
                27.899688752265345
              ],
              [
                86.93664049056873,
                27.899688799013674
              ],
              [
                86.93664054315612,
                27.899598524777524
              ],
              [
                86.93653893113904,
                27.899598478029194
              ],
              [
                86.93653898380725,
                27.899508203793044
              ],
              [
                86.93633575995275,
                27.89950811006283
              ],
              [
                86.93633581279167,
                27.89941783582668
              ],
              [
                86.93572614175817,
                27.899417552857365
              ],
              [
                86.9357260884162,
                27.899507827102497
              ],
              [
                86.93552286457069,
                27.899507732177522
              ],
              [
                86.93552291807435,
                27.89941745794137
              ],
              [
                86.93542130623693,
                27.899417410366592
              ],
              [
                86.93542135983041,
                27.89932713613044
              ],
              [
                86.93531974807385,
                27.8993270884838
              ],
              [
                86.93531964072517,
                27.899507636956102
              ],
              [
                86.9352180288069,
                27.89950758922861
              ],
              [
                86.93521819008144,
                27.899236766520158
              ],
              [
                86.9351165784147,
                27.899236718720804
              ],
              [
                86.93511663225974,
                27.89914644447567
              ],
              [
                86.93481179750206,
                27.899146300637426
              ],
              [
                86.9348117434145,
                27.899236574882558
              ],
              [
                86.93501496674797,
                27.899236670849582
              ],
              [
                86.93501491282211,
                27.899326945085733
              ],
              [
                86.9351165245697,
                27.899326992956954
              ],
              [
                86.93511647072468,
                27.899417267202086
              ],
              [
                86.93491324705882,
                27.899417171378794
              ],
              [
                86.93491313903641,
                27.899597719851094
              ],
              [
                86.9346083030211,
                27.89959757555471
              ],
              [
                86.93460803169394,
                27.900048946708512
              ],
              [
                86.93470964411527,
                27.90004899488516
              ],
              [
                86.93470969830165,
                27.899958720657995
              ],
              [
                86.93481131064212,
                27.899958768753795
              ],
              [
                86.93481120244903,
                27.90013931720813
              ],
              [
                86.93470958993788,
                27.90013926911233
              ],
              [
                86.9347095357515,
                27.900229543339496
              ],
              [
                86.9344046979665,
                27.900229398593954
              ],
              [
                86.9344047524044,
                27.900139124366788
              ],
              [
                86.9342015273821,
                27.900139027492468
              ],
              [
                86.9342014727825,
                27.900229301719634
              ],
              [
                86.9340998601905,
                27.900229253174675
              ],
              [
                86.93409980550106,
                27.90031952739286
              ],
              [
                86.93430303085574,
                27.900319624419893
              ],
              [
                86.934302976337,
                27.900409898647062
              ],
              [
                86.93470942738773,
                27.90041009179383
              ],
              [
                86.93470948156512,
                27.900319817566665
              ],
              [
                86.93481109424695,
                27.900319865662464
              ],
              [
                86.93481087785179,
                27.900680962553167
              ],
              [
                86.93450603880017,
                27.900680818032203
              ],
              [
                86.93450609315722,
                27.90059054381402
              ],
              [
                86.93460770609059,
                27.90059059206253
              ],
              [
                86.93460776035782,
                27.900500317835366
              ],
              [
                86.93440453466177,
                27.900500221266473
              ],
              [
                86.93440442578596,
                27.90068076970284
              ],
              [
                86.93430281277175,
                27.900680721310597
              ],
              [
                86.934302758253,
                27.90077099552878
              ],
              [
                86.93420114514895,
                27.900770947046706
              ],
              [
                86.93420098133217,
                27.901041769701255
              ],
              [
                86.93409936798558,
                27.901041721147315
              ],
              [
                86.93409942267502,
                27.900951446938116
              ],
              [
                86.93389619613455,
                27.900951349605652
              ],
              [
                86.93389614127445,
                27.901041623823836
              ],
              [
                86.93379452792786,
                27.901041575045316
              ],
              [
                86.93379458286881,
                27.900951300836116
              ],
              [
                86.93369296960307,
                27.90095125198573
              ],
              [
                86.93369291457228,
                27.90104152619493
              ],
              [
                86.93359130122569,
                27.90104147727268
              ],
              [
                86.93359135633733,
                27.90095120306348
              ],
              [
                86.93348974307159,
                27.900951154060383
              ],
              [
                86.93348985346556,
                27.900770605632996
              ],
              [
                86.93298178798128,
                27.900770359512574
              ],
              [
                86.93298173235759,
                27.900860633721777
              ],
              [
                86.93227044009929,
                27.90086028601088
              ],
              [
                86.93227049630687,
                27.900770011792694
              ],
              [
                86.932473722497,
                27.900770111514674
              ],
              [
                86.93247377854289,
                27.90067983729649
              ],
              [
                86.93257539154811,
                27.900679887045193
              ],
              [
                86.93257550346023,
                27.900499338617806
              ],
              [
                86.93267711630376,
                27.90049938828566
              ],
              [
                86.93267717216999,
                27.900409114067475
              ],
              [
                86.93288039768638,
                27.900409213187583
              ],
              [
                86.93288034199082,
                27.900499487405767
              ],
              [
                86.93298195482538,
                27.900499536858025
              ],
              [
                86.93298189921067,
                27.90058981107621
              ],
              [
                86.93308351214404,
                27.900589860447617
              ],
              [
                86.93308362320276,
                27.90040931201125
              ],
              [
                86.93298201044905,
                27.90040926263984
              ],
              [
                86.93298212167846,
                27.90022871419449
              ],
              [
                86.93257567131943,
                27.90022851595427
              ],
              [
                86.93257561536336,
                27.900318790172456
              ],
              [
                86.93247400269051,
                27.900318740423756
              ],
              [
                86.93247405872742,
                27.900228466205572
              ],
              [
                86.9323724461444,
                27.900228416385005
              ],
              [
                86.93237250226215,
                27.90013814215784
              ],
              [
                86.93247411476433,
                27.900138191987388
              ],
              [
                86.93247417080124,
                27.90004791776022
              ],
              [
                86.93257578322256,
                27.90004796750892
              ],
              [
                86.93257583917863,
                27.899957693281753
              ],
              [
                86.93247422683815,
                27.899957643533053
              ],
              [
                86.93247428287505,
                27.899867369305888
              ],
              [
                86.9323726706244,
                27.89986731948532
              ],
              [
                86.93237278286891,
                27.899686771030986
              ],
              [
                86.93227117078894,
                27.899686721138554
              ],
              [
                86.93227122698754,
                27.899596446902404
              ],
              [
                86.93237283898667,
                27.89959649680382
              ],
              [
                86.93237289510442,
                27.89950622256767
              ],
              [
                86.93247450702269,
                27.899506272388233
              ],
              [
                86.93247439494887,
                27.899686820851553
              ],
              [
                86.93277923119774,
                27.899686969864092
              ],
              [
                86.93277939855388,
                27.899416147173607
              ],
              [
                86.93288101038232,
                27.899416196688744
              ],
              [
                86.93288106607787,
                27.89932592246158
              ],
              [
                86.93277945433027,
                27.899325872937457
              ],
              [
                86.93277951011565,
                27.899235598701306
              ],
              [
                86.93257628679116,
                27.899235499437467
              ],
              [
                86.93257634273823,
                27.899145225201316
              ],
              [
                86.93247473116134,
                27.899145175452617
              ],
              [
                86.93247467512442,
                27.899235449688767
              ],
              [
                86.93237306346667,
                27.8992353998682
              ],
              [
                86.93237300734891,
                27.89932567410435
              ],
              [
                86.93227139560132,
                27.899325624211922
              ],
              [
                86.93227128319513,
                27.89950617267524
              ],
              [
                86.93196644744931,
                27.899506022539803
              ],
              [
                86.93196661682666,
                27.899235199840337
              ],
              [
                86.93176339350217,
                27.899235099381738
              ],
              [
                86.93176333688136,
                27.899325373608907
              ],
              [
                86.93166172513376,
                27.899325323267316
              ],
              [
                86.93166155500184,
                27.8995961459578
              ],
              [
                86.9315599430117,
                27.899596095535365
              ],
              [
                86.93155982941974,
                27.8997766439897
              ],
              [
                86.93145821724994,
                27.899776593495396
              ],
              [
                86.9314581603776,
                27.899866867722565
              ],
              [
                86.93135654812696,
                27.899866817156397
              ],
              [
                86.93135643419363,
                27.900047365601747
              ],
              [
                86.9312548217813,
                27.900047314954733
              ],
              [
                86.93125476472929,
                27.900137589172918
              ],
              [
                86.93135637723145,
                27.90013763981993
              ],
              [
                86.93135632026929,
                27.900227914038116
              ],
              [
                86.93166115802732,
                27.900228065530005
              ],
              [
                86.93166121473797,
                27.90013779131182
              ],
              [
                86.93176282724015,
                27.90013784165341
              ],
              [
                86.93176288386994,
                27.900047567435227
              ],
              [
                86.93186449629127,
                27.90004761770495
              ],
              [
                86.9318647224601,
                27.899686520805265
              ],
              [
                86.93206794662004,
                27.899686621120132
              ],
              [
                86.93206789025075,
                27.899776895347298
              ],
              [
                86.93216950241155,
                27.899776945392443
              ],
              [
                86.93216944612313,
                27.899867219619612
              ],
              [
                86.93227105837377,
                27.89986726959289
              ],
              [
                86.93227100216617,
                27.899957543820058
              ],
              [
                86.93237261450665,
                27.899957593712486
              ],
              [
                86.93237255838889,
                27.900047867939655
              ],
              [
                86.93227094596757,
                27.900047818038242
              ],
              [
                86.93227088975999,
                27.900138092265408
              ],
              [
                86.93206766474665,
                27.900137992246982
              ],
              [
                86.93206760837738,
                27.900228266465167
              ],
              [
                86.93196599578538,
                27.900228216348157
              ],
              [
                86.93196593932626,
                27.90031849056634
              ],
              [
                86.93186432665341,
                27.900318440368483
              ],
              [
                86.93186427011344,
                27.900408714586668
              ],
              [
                86.93196588286715,
                27.900408764784526
              ],
              [
                86.93196582640803,
                27.90049903900271
              ],
              [
                86.93216905209509,
                27.90049913917385
              ],
              [
                86.93216893950924,
                27.900679687610214
              ],
              [
                86.93196571348979,
                27.90067958743908
              ],
              [
                86.93196565703067,
                27.90076986164828
              ],
              [
                86.9313559784693,
                27.900769559338237
              ],
              [
                86.93135603544046,
                27.900679285129037
              ],
              [
                86.93125442242625,
                27.90067923448202
              ],
              [
                86.93125436537424,
                27.90076950869122
              ],
              [
                86.93115275228817,
                27.90076945797234
              ],
              [
                86.93115286655387,
                27.900588909544954
              ],
              [
                86.93105125363847,
                27.900588858745227
              ],
              [
                86.9310511964158,
                27.90067913296341
              ],
              [
                86.93094958341057,
                27.900679082091816
              ],
              [
                86.93094952610703,
                27.900769356301016
              ],
              [
                86.93084791301197,
                27.900769305357557
              ],
              [
                86.93084808517409,
                27.90049848271199
              ],
              [
                86.93044163382692,
                27.90049827817458
              ],
              [
                86.93044169155266,
                27.900408003965378
              ],
              [
                86.93023846604525,
                27.900407901243028
              ],
              [
                86.9302385818381,
                27.90022735281564
              ],
              [
                86.93034019442112,
                27.90022740420826
              ],
              [
                86.93034036784088,
                27.899956581544725
              ],
              [
                86.9302387555094,
                27.899956530152107
              ],
              [
                86.93023863972553,
                27.900137078597457
              ],
              [
                86.93013702723235,
                27.900137027123993
              ],
              [
                86.93013696925507,
                27.900227301342177
              ],
              [
                86.93003535667205,
                27.900227249796846
              ],
              [
                86.93003524054684,
                27.900407798233214
              ],
              [
                86.92983201503944,
                27.900407694917973
              ],
              [
                86.92983213150602,
                27.900227146481605
              ],
              [
                86.92962890633997,
                27.90022704286992
              ],
              [
                86.92962896473945,
                27.900136768651734
              ],
              [
                86.92952735223729,
                27.90013671672911
              ],
              [
                86.92952729375696,
                27.900226990947296
              ],
              [
                86.9293240685999,
                27.900226886886454
              ],
              [
                86.9293240099399,
                27.900317161095654
              ],
              [
                86.9290191719483,
                27.900317004438453
              ],
              [
                86.92901911304577,
                27.900407278656637
              ],
              [
                86.92881588754736,
                27.90040717384121
              ],
              [
                86.92881594662057,
                27.900316899623025
              ],
              [
                86.92861272129284,
                27.900316794511152
              ],
              [
                86.92861278053672,
                27.900226520301953
              ],
              [
                86.9285111679537,
                27.900226467624744
              ],
              [
                86.92851110862897,
                27.90031674184293
              ],
              [
                86.92830788331021,
                27.9003166362819
              ],
              [
                86.92830794280563,
                27.900226362063716
              ],
              [
                86.92820633022261,
                27.90022630917091
              ],
              [
                86.92820644938413,
                27.900045760743527
              ],
              [
                86.92800322455945,
                27.90004565473334
              ],
              [
                86.9280032843064,
                27.899955380515156
              ],
              [
                86.92729199804884,
                27.899955007112442
              ],
              [
                86.927291937709,
                27.900045281330627
              ],
              [
                86.92719032530565,
                27.90004522769222
              ],
              [
                86.92719026488496,
                27.90013550190142
              ],
              [
                86.92698703989858,
                27.900135394391047
              ],
              [
                86.92698710048995,
                27.900045120181847
              ],
              [
                86.92688548808658,
                27.90004506630988
              ],
              [
                86.92688524537976,
                27.900406163155665
              ],
              [
                86.92678363264403,
                27.900406109211833
              ],
              [
                86.92678351111994,
                27.900586657630235
              ],
              [
                86.92647867239171,
                27.90058649534958
              ],
              [
                86.92647879441887,
                27.90040594694016
              ],
              [
                86.92668201989932,
                27.900406055196136
              ],
              [
                86.92668208074221,
                27.900315780986933
              ],
              [
                86.92658046808732,
                27.900315726890387
              ],
              [
                86.92658052901106,
                27.900225452681187
              ],
              [
                86.92637730387197,
                27.9002253442725
              ],
              [
                86.92637724276857,
                27.9003156184817
              ],
              [
                86.92627563011368,
                27.900315564169556
              ],
              [
                86.9262754465699,
                27.900586386788177
              ],
              [
                86.92597060784168,
                27.900586223384625
              ],
              [
                86.92597066927746,
                27.900495949184407
              ],
              [
                86.9258690564519,
                27.900495894566838
              ],
              [
                86.92586899492629,
                27.900586168767056
              ],
              [
                86.92566576911345,
                27.90058605930734
              ],
              [
                86.92566570742615,
                27.90067633350756
              ],
              [
                86.9255640944299,
                27.900676278665408
              ],
              [
                86.92556415620705,
                27.90058600446519
              ],
              [
                86.92485286586215,
                27.900585618468096
              ],
              [
                86.92485280349212,
                27.9006758926773
              ],
              [
                86.9246495775176,
                27.900675781717393
              ],
              [
                86.92464964004932,
                27.900585507517174
              ],
              [
                86.92434480133008,
                27.90058534051138
              ],
              [
                86.92434473854682,
                27.9006756147116
              ],
              [
                86.92403989958504,
                27.900675447041053
              ],
              [
                86.92403996261982,
                27.900585172840835
              ],
              [
                86.92393834971341,
                27.900585116794943
              ],
              [
                86.92393841283803,
                27.900494842594725
              ],
              [
                86.9240400256546,
                27.900494898640616
              ],
              [
                86.92404015173315,
                27.9003143502312
              ],
              [
                86.92414176438804,
                27.90031440619624
              ],
              [
                86.92414182733299,
                27.900224131996023
              ],
              [
                86.92383698963783,
                27.900223963876318
              ],
              [
                86.92383680002143,
                27.900494786485954
              ],
              [
                86.92373518720485,
                27.900494730296334
              ],
              [
                86.92373506062324,
                27.900675278687785
              ],
              [
                86.92363344763599,
                27.900675222426297
              ],
              [
                86.92363338425984,
                27.900765496626516
              ],
              [
                86.92332854504653,
                27.900765327374934
              ],
              [
                86.92332848141886,
                27.900855601575152
              ],
              [
                86.92312525511196,
                27.90085548836946
              ],
              [
                86.9231251913136,
                27.900945762560692
              ],
              [
                86.92271873835844,
                27.90094553524201
              ],
              [
                86.92271880249815,
                27.900855261050776
              ],
              [
                86.9226171893492,
                27.900855204034706
              ],
              [
                86.92261725356077,
                27.90076492984347
              ],
              [
                86.92251564049266,
                27.900764872755534
              ],
              [
                86.92251557619126,
                27.900855146946768
              ],
              [
                86.92200751043748,
                27.900854860366227
              ],
              [
                86.92200744571386,
                27.90094513455746
              ],
              [
                86.92119453983948,
                27.900944672140685
              ],
              [
                86.92119447444212,
                27.90103494633192
              ],
              [
                86.92088963449218,
                27.901034771690444
              ],
              [
                86.92088976579893,
                27.900854223307977
              ],
              [
                86.92109299209685,
                27.900854339810486
              ],
              [
                86.92109305757505,
                27.900764065619253
              ],
              [
                86.92129628370229,
                27.900764181825316
              ],
              [
                86.92129634901879,
                27.900673907634083
              ],
              [
                86.92099151008395,
                27.900673733217186
              ],
              [
                86.92099144451592,
                27.90076400740842
              ],
              [
                86.92068660532955,
                27.90076383231779
              ],
              [
                86.92068647368146,
                27.900944380691275
              ],
              [
                86.92078808691126,
                27.900944439135667
              ],
              [
                86.92078795544282,
                27.901124987509153
              ],
              [
                86.92027988844038,
                27.901124694559556
              ],
              [
                86.9202799546013,
                27.901034420377304
              ],
              [
                86.92017834129065,
                27.9010343615646
              ],
              [
                86.92017847377419,
                27.900853813191116
              ],
              [
                86.91997524748525,
                27.900853695332152
              ],
              [
                86.9199751810728,
                27.900943969523386
              ],
              [
                86.919873567843,
                27.900943910486106
              ],
              [
                86.9198734348564,
                27.90112445885959
              ],
              [
                86.91977182145591,
                27.901124399741462
              ],
              [
                86.91977175487278,
                27.901214673923715
              ],
              [
                86.91946691442878,
                27.901214496138135
              ],
              [
                86.91946684759412,
                27.901304770311405
              ],
              [
                86.91906039334539,
                27.901304532212936
              ],
              [
                86.91906032616937,
                27.901394806386207
              ],
              [
                86.91895871252633,
                27.90139474667519
              ],
              [
                86.9189587797832,
                27.90130447249294
              ],
              [
                86.91875555264986,
                27.901304352846324
              ],
              [
                86.91875562007739,
                27.901214078664076
              ],
              [
                86.9185523931237,
                27.901213958712034
              ],
              [
                86.91855232552548,
                27.901304232894287
              ],
              [
                86.91824748484791,
                27.90130405240478
              ],
              [
                86.91824755268868,
                27.901213778222527
              ],
              [
                86.91814593921633,
                27.901213717909638
              ],
              [
                86.91814587128573,
                27.90130399209189
              ],
              [
                86.91804425772355,
                27.901303931698155
              ],
              [
                86.91804418971209,
                27.901394205880404
              ],
              [
                86.91794257606907,
                27.901394145414802
              ],
              [
                86.91794250796778,
                27.901484419588073
              ],
              [
                86.91773928051104,
                27.90148429844127
              ],
              [
                86.91773934877402,
                27.901394024268004
              ],
              [
                86.91763773513098,
                27.901393963577824
              ],
              [
                86.91763766677818,
                27.90148423775109
              ],
              [
                86.91753605305429,
                27.901484176989047
              ],
              [
                86.91753598461165,
                27.901574451162315
              ],
              [
                86.91723114317949,
                27.90157426842702
              ],
              [
                86.91723107449431,
                27.901664542591305
              ],
              [
                86.91712946059975,
                27.901664481532816
              ],
              [
                86.91712939181575,
                27.901754755706083
              ],
              [
                86.91682454988054,
                27.90175457206349
              ],
              [
                86.91682448085399,
                27.901844846236756
              ],
              [
                86.91631641054576,
                27.901844538662587
              ],
              [
                86.916316341097,
                27.901934812835854
              ],
              [
                86.91621472695091,
                27.901934751094647
              ],
              [
                86.91621465741233,
                27.90202502525893
              ],
              [
                86.91590981473152,
                27.90202483959513
              ],
              [
                86.9159097449414,
                27.902115113759415
              ],
              [
                86.91540167338451,
                27.90211480281656
              ],
              [
                86.91540160317219,
                27.902205076980845
              ],
              [
                86.91529998877456,
                27.9022050145659
              ],
              [
                86.9152999184814,
                27.902295288721202
              ],
              [
                86.91509668952446,
                27.902295163675713
              ],
              [
                86.91509675998832,
                27.902204889511427
              ],
              [
                86.91469030241582,
                27.902204638513155
              ],
              [
                86.9146902316106,
                27.902294912668456
              ],
              [
                86.91448700265367,
                27.90229478671567
              ],
              [
                86.91448714459646,
                27.90211423840507
              ],
              [
                86.91458875890426,
                27.9021143014129
              ],
              [
                86.91458890067638,
                27.901933753093314
              ],
              [
                86.91469051481349,
                27.901933816029285
              ],
              [
                86.91469058561869,
                27.901843541865
              ],
              [
                86.91479219967495,
                27.901843604729102
              ],
              [
                86.91479241182108,
                27.901572782236247
              ],
              [
                86.91469079801635,
                27.901572719372144
              ],
              [
                86.91469086881258,
                27.901482445207858
              ],
              [
                86.9143860276589,
                27.901482256175374
              ],
              [
                86.91438624082014,
                27.901211433664553
              ],
              [
                86.91428462735678,
                27.901211370504004
              ],
              [
                86.91428491188915,
                27.90085027381093
              ],
              [
                86.91448813814216,
                27.90085040006016
              ],
              [
                86.91448820910907,
                27.90076012587791
              ],
              [
                86.91418336998558,
                27.90075993640525
              ],
              [
                86.91418344120402,
                27.90066966223198
              ],
              [
                86.91387860233206,
                27.9006694720766
              ],
              [
                86.9138785308621,
                27.900759746258853
              ],
              [
                86.91377691782094,
                27.900759682721013
              ],
              [
                86.91377698937175,
                27.900669408547746
              ],
              [
                86.9135737634601,
                27.90066928125647
              ],
              [
                86.9135738351816,
                27.900579007083202
              ],
              [
                86.91347222231111,
                27.90057894332078
              ],
              [
                86.91347229412244,
                27.900488669147514
              ],
              [
                86.91296423019224,
                27.900488349239474
              ],
              [
                86.91296415796769,
                27.900578623412745
              ],
              [
                86.91265931935625,
                27.90057843056242
              ],
              [
                86.91265939184132,
                27.90048815638915
              ],
              [
                86.91255777905168,
                27.90048809196198
              ],
              [
                86.91255785162657,
                27.900397817779726
              ],
              [
                86.91265946431739,
                27.90039788221588
              ],
              [
                86.91265960928752,
                27.90021733386036
              ],
              [
                86.91245638422029,
                27.900217204916185
              ],
              [
                86.91245631157354,
                27.900307479098437
              ],
              [
                86.91235469895457,
                27.90030741451855
              ],
              [
                86.91235462622697,
                27.90039768869182
              ],
              [
                86.91245623892678,
                27.90039775328069
              ],
              [
                86.91245609362427,
                27.900578301627224
              ],
              [
                86.91215125502181,
                27.900578107654006
              ],
              [
                86.9121513279201,
                27.90048783348074
              ],
              [
                86.91225294070973,
                27.90048789821334
              ],
              [
                86.9122530863446,
                27.90030734985782
              ],
              [
                86.91215147373464,
                27.9003072851342
              ],
              [
                86.9121516195402,
                27.90012673677868
              ],
              [
                86.91235484442775,
                27.90012686616303
              ],
              [
                86.91235498989195,
                27.89994631779853
              ],
              [
                86.91245660216954,
                27.899946382378417
              ],
              [
                86.9124566748163,
                27.899856108196165
              ],
              [
                86.91276151139755,
                27.899856301486665
              ],
              [
                86.91276165618801,
                27.89967575311318
              ],
              [
                86.91266004416194,
                27.89967568875787
              ],
              [
                86.91266018912307,
                27.899495140384385
              ],
              [
                86.91276180097846,
                27.89949520473071
              ],
              [
                86.91276194576892,
                27.899314656357223
              ],
              [
                86.91255872239053,
                27.899314527574745
              ],
              [
                86.91255879494746,
                27.899224253383508
              ],
              [
                86.91266040655131,
                27.89922431781068
              ],
              [
                86.91266047902738,
                27.899134043610463
              ],
              [
                86.9127620905504,
                27.89913410796577
              ],
              [
                86.91276216294563,
                27.899043833774538
              ],
              [
                86.9128637743788,
                27.899043898048994
              ],
              [
                86.9128638466842,
                27.89895362385776
              ],
              [
                86.91306706938886,
                27.8989537521821
              ],
              [
                86.91306692511044,
                27.89913430057355
              ],
              [
                86.91316853663345,
                27.899134364632413
              ],
              [
                86.91316875279506,
                27.898863542040743
              ],
              [
                86.91327036406653,
                27.898863606018757
              ],
              [
                86.91327043603057,
                27.898773331818543
              ],
              [
                86.9133720472212,
                27.898773395715708
              ],
              [
                86.91337197532903,
                27.898863669915926
              ],
              [
                86.91357519787199,
                27.898863797494663
              ],
              [
                86.91357541301849,
                27.898592974894008
              ],
              [
                86.91327057997661,
                27.898592783418106
              ],
              [
                86.91327065194065,
                27.898502509208907
              ],
              [
                86.91316904101053,
                27.89850244523089
              ],
              [
                86.9131691130644,
                27.898412171030675
              ],
              [
                86.91306750221513,
                27.898412106980793
              ],
              [
                86.91306757434984,
                27.898321832771593
              ],
              [
                86.91327079587771,
                27.898321960799485
              ],
              [
                86.91327072391367,
                27.89841223500869
              ],
              [
                86.91347394560323,
                27.898412362731154
              ],
              [
                86.91347387380088,
                27.898502636940353
              ],
              [
                86.91398192846945,
                27.89850295495295
              ],
              [
                86.91398185708933,
                27.898593229153168
              ],
              [
                86.91408346810029,
                27.89859329252931
              ],
              [
                86.91408353939957,
                27.89850301832909
              ],
              [
                86.9141851503297,
                27.898503081624387
              ],
              [
                86.91418522153914,
                27.89841280742417
              ],
              [
                86.91428683238841,
                27.8984128706476
              ],
              [
                86.91428690351702,
                27.898322596438398
              ],
              [
                86.9141852927486,
                27.89832253321497
              ],
              [
                86.91418536395805,
                27.898232259005766
              ],
              [
                86.91388053192227,
                27.898232068877338
              ],
              [
                86.91388060338326,
                27.89814179466814
              ],
              [
                86.91408382456976,
                27.89814192149229
              ],
              [
                86.91408389586904,
                27.89805164728309
              ],
              [
                86.91418550637695,
                27.898051710587367
              ],
              [
                86.91418557758641,
                27.897961436369183
              ],
              [
                86.91428718801347,
                27.897961499601596
              ],
              [
                86.91428711689386,
                27.898051773810796
              ],
              [
                86.91479516946036,
                27.898052088823018
              ],
              [
                86.91479509875397,
                27.898142363032218
              ],
              [
                86.91509993055618,
                27.898142551139436
              ],
              [
                86.91510035324048,
                27.89760090583932
              ],
              [
                86.91530357342984,
                27.897601030866838
              ],
              [
                86.91530350315463,
                27.897691305085022
              ],
              [
                86.91540511333018,
                27.897691367490985
              ],
              [
                86.9154049027471,
                27.897962190136553
              ],
              [
                86.91581134447333,
                27.89796243899684
              ],
              [
                86.91581141433531,
                27.897872164778654
              ],
              [
                86.91611624538294,
                27.897872350640085
              ],
              [
                86.91611645419633,
                27.89760152797655
              ],
              [
                86.91601484410164,
                27.897601466100593
              ],
              [
                86.91601491379294,
                27.89751119188241
              ],
              [
                86.91591330377909,
                27.897511129925604
              ],
              [
                86.91591344332339,
                27.897330581480254
              ],
              [
                86.9161166630097,
                27.897330705304032
              ],
              [
                86.91611659340825,
                27.897420979531198
              ],
              [
                86.91631981326523,
                27.897421103058534
              ],
              [
                86.91631988269603,
                27.897330828831368
              ],
              [
                86.91652310239132,
                27.89733095206226
              ],
              [
                86.91652317165143,
                27.89724067783509
              ],
              [
                86.91703122046299,
                27.897240984591793
              ],
              [
                86.91703128930988,
                27.897150710364627
              ],
              [
                86.91733611834528,
                27.897150893513146
              ],
              [
                86.91733618693165,
                27.89706061928598
              ],
              [
                86.91774262531614,
                27.89706086244196
              ],
              [
                86.91774269357013,
                27.89697058820581
              ],
              [
                86.91784430308091,
                27.89697064880616
              ],
              [
                86.91784437125406,
                27.89688037457899
              ],
              [
                86.91855563725461,
                27.89688079668836
              ],
              [
                86.91855570483487,
                27.89679052245221
              ],
              [
                86.91886053287314,
                27.89679070223205
              ],
              [
                86.91886060019289,
                27.8967004279959
              ],
              [
                86.91947025577535,
                27.896700785534364
              ],
              [
                86.91947018895867,
                27.896791059770514
              ],
              [
                86.91936857960958,
                27.89679100037391
              ],
              [
                86.91936851270306,
                27.89688127461006
              ]
            ],
            [
              [
                86.91936851270306,
                27.89688127461006
              ],
              [
                86.91936844579654,
                27.89697154884621
              ],
              [
                86.91926683628576,
                27.896971489368752
              ],
              [
                86.91926690327313,
                27.896881215132606
              ],
              [
                86.91936851270306,
                27.89688127461006
              ]
            ],
            [
              [
                86.92018039469565,
                27.898235861214125
              ],
              [
                86.92028200539221,
                27.898235920026828
              ],
              [
                86.92028187309732,
                27.898416468463193
              ],
              [
                86.92018026223009,
                27.898416409659475
              ],
              [
                86.92018039469565,
                27.898235861214125
              ]
            ],
            [
              [
                86.92129634901879,
                27.900673907634083
              ],
              [
                86.9212964143353,
                27.900583633433865
              ],
              [
                86.92139802723273,
                27.900583691429098
              ],
              [
                86.92139796199707,
                27.900673965620335
              ],
              [
                86.92129634901879,
                27.900673907634083
              ]
            ],
            [
              [
                86.93348985346556,
                27.900770605632996
              ],
              [
                86.93348990865805,
                27.900680331414815
              ],
              [
                86.93359152167227,
                27.90068038040893
              ],
              [
                86.93359146656063,
                27.900770654627113
              ],
              [
                86.93348985346556,
                27.900770605632996
              ]
            ],
            [
              [
                86.9340998601905,
                27.900229253174675
              ],
              [
                86.9339982475985,
                27.90022920454887
              ],
              [
                86.93399819281923,
                27.900319478776037
              ],
              [
                86.93389658014637,
                27.900319430078365
              ],
              [
                86.93389663500649,
                27.9002291558512
              ],
              [
                86.9336934098135,
                27.900229058231275
              ],
              [
                86.9336934648443,
                27.90013878400411
              ],
              [
                86.93359185233314,
                27.90013873508186
              ],
              [
                86.93359190744478,
                27.90004846085469
              ],
              [
                86.93399835713906,
                27.900048656094537
              ],
              [
                86.93399830236878,
                27.900138930321702
              ],
              [
                86.93409991487992,
                27.90013897894751
              ],
              [
                86.9340998601905,
                27.900229253174675
              ]
            ],
            [
              [
                86.91296480801559,
                27.899766155781464
              ],
              [
                86.91296488024014,
                27.89967588159023
              ],
              [
                86.9130664922662,
                27.899675945720958
              ],
              [
                86.9130664201225,
                27.89976621991219
              ],
              [
                86.91296480801559,
                27.899766155781464
              ]
            ],
            [
              [
                86.91367573461466,
                27.90021797404475
              ],
              [
                86.91367587788696,
                27.900037425680246
              ],
              [
                86.9138791026218,
                27.900037552809827
              ],
              [
                86.91387895968188,
                27.900218101183313
              ],
              [
                86.91367573461466,
                27.90021797404475
              ]
            ],
            [
              [
                86.91418372606879,
                27.90030856551196
              ],
              [
                86.91418379728721,
                27.900218291329708
              ],
              [
                86.91428540982533,
                27.90021835456212
              ],
              [
                86.91428533868773,
                27.900308628744373
              ],
              [
                86.91418372606879,
                27.90030856551196
              ]
            ],
            [
              [
                86.91438851428545,
                27.89832265958996
              ],
              [
                86.91438858532422,
                27.898232385380762
              ],
              [
                86.91449019600282,
                27.898232448460462
              ],
              [
                86.91449012504489,
                27.89832272266966
              ],
              [
                86.91438851428545,
                27.89832265958996
              ]
            ],
            [
              [
                86.91448792525041,
                27.901121222579967
              ],
              [
                86.91448799621733,
                27.901030948406696
              ],
              [
                86.9146912228027,
                27.9010310743505
              ],
              [
                86.91469115200648,
                27.90112134852377
              ],
              [
                86.91448792525041,
                27.901121222579967
              ]
            ],
            [
              [
                86.91448927354979,
                27.89940601309024
              ],
              [
                86.91448934450771,
                27.899315738899006
              ],
              [
                86.9146925678951,
                27.899315864833827
              ],
              [
                86.91469242631162,
                27.89949641322528
              ],
              [
                86.91459081445623,
                27.899496350289308
              ],
              [
                86.91459088533331,
                27.899406076098074
              ],
              [
                86.91448927354979,
                27.89940601309024
              ]
            ],
            [
              [
                86.915198726274,
                27.901753581266647
              ],
              [
                86.915198796657,
                27.90166330709338
              ],
              [
                86.91530041054257,
                27.901663369580188
              ],
              [
                86.9153003402494,
                27.90175364375346
              ],
              [
                86.915198726274,
                27.901753581266647
              ]
            ],
            [
              [
                86.91520048563346,
                27.899496726755277
              ],
              [
                86.91520055600748,
                27.89940645255506
              ],
              [
                86.91530216778202,
                27.89940651503289
              ],
              [
                86.91530209749783,
                27.899496789233105
              ],
              [
                86.91520048563346,
                27.899496726755277
              ]
            ],
            [
              [
                86.91520125968479,
                27.898503710534918
              ],
              [
                86.91520133005882,
                27.89841343632572
              ],
              [
                86.91550616261561,
                27.898413623534623
              ],
              [
                86.9155060925021,
                27.898503897743822
              ],
              [
                86.915404481563,
                27.89850383541871
              ],
              [
                86.91540441136864,
                27.898594109618926
              ],
              [
                86.91530280033972,
                27.898594047221945
              ],
              [
                86.9153028706239,
                27.898503773012745
              ],
              [
                86.91520125968479,
                27.898503710534918
              ]
            ],
            [
              [
                86.9160131714745,
                27.89976804708548
              ],
              [
                86.9160132411748,
                27.899677772894247
              ],
              [
                86.91611485320983,
                27.899677834779187
              ],
              [
                86.9161147835904,
                27.89976810897042
              ],
              [
                86.9160131714745,
                27.89976804708548
              ]
            ],
            [
              [
                86.91601428658022,
                27.898323659837082
              ],
              [
                86.91601435627152,
                27.898233385627883
              ],
              [
                86.9161159669591,
                27.898233447503838
              ],
              [
                86.91611589734865,
                27.898323721722022
              ],
              [
                86.91601428658022,
                27.898323659837082
              ]
            ],
            [
              [
                86.91611360014086,
                27.901302770095644
              ],
              [
                86.9161136697603,
                27.901212495922376
              ],
              [
                86.91621528322366,
                27.901212557735448
              ],
              [
                86.91621521369407,
                27.90130283190872
              ],
              [
                86.91611360014086,
                27.901302770095644
              ]
            ],
            [
              [
                86.91611513165165,
                27.8993167379873
              ],
              [
                86.9161152012621,
                27.89922646378708
              ],
              [
                86.91621681287494,
                27.89922652559117
              ],
              [
                86.91621674335431,
                27.89931679979139
              ],
              [
                86.91611513165165,
                27.8993167379873
              ]
            ],
            [
              [
                86.91631918833424,
                27.898233571040155
              ],
              [
                86.91631925777402,
                27.89814329682197
              ],
              [
                86.91642086837176,
                27.89814335847335
              ],
              [
                86.91642079902182,
                27.898233632691532
              ],
              [
                86.91631918833424,
                27.898233571040155
              ]
            ],
            [
              [
                86.91641816333782,
                27.901664051994377
              ],
              [
                86.91641823270574,
                27.90157377782111
              ],
              [
                86.91651984651945,
                27.901573839409604
              ],
              [
                86.91651991579752,
                27.901483565236337
              ],
              [
                86.91682475696916,
                27.901483749552668
              ],
              [
                86.9168248259957,
                27.9013934753794
              ],
              [
                86.91702805328177,
                27.90139359787367
              ],
              [
                86.9170278467052,
                27.901664420393477
              ],
              [
                86.91641816333782,
                27.901664051994377
              ]
            ],
            [
              [
                86.9164186488952,
                27.901032132772517
              ],
              [
                86.91641871826312,
                27.90094185859925
              ],
              [
                86.91662194469578,
                27.900941981695393
              ],
              [
                86.91662187549855,
                27.90103225586866
              ],
              [
                86.9164186488952,
                27.901032132772517
              ]
            ],
            [
              [
                86.91662353608825,
                27.898865675252082
              ],
              [
                86.9166236052765,
                27.898775401042883
              ],
              [
                86.91672521647611,
                27.898775462469683
              ],
              [
                86.91672514736871,
                27.898865736678882
              ],
              [
                86.91662353608825,
                27.898865675252082
              ]
            ],
            [
              [
                86.91692706011409,
                27.900581069049156
              ],
              [
                86.91692712905979,
                27.90049079485792
              ],
              [
                86.9170287418584,
                27.900490856069123
              ],
              [
                86.91702867300253,
                27.90058113026036
              ],
              [
                86.91692706011409,
                27.900581069049156
              ]
            ],
            [
              [
                86.91743594673939,
                27.899498084028824
              ],
              [
                86.9174360152539,
                27.899407809828606
              ],
              [
                86.91753762703742,
                27.899407870662518
              ],
              [
                86.91753755860375,
                27.899498144862736
              ],
              [
                86.91743594673939,
                27.899498084028824
              ]
            ],
            [
              [
                86.91753735331177,
                27.899768967454406
              ],
              [
                86.91753742174542,
                27.89967869326317
              ],
              [
                86.91763903378946,
                27.899678754016232
              ],
              [
                86.91763896543665,
                27.89976902821645
              ],
              [
                86.91753735331177,
                27.899768967454406
              ]
            ],
            [
              [
                86.91753920085884,
                27.89733156370717
              ],
              [
                86.91753926928352,
                27.89724128948
              ],
              [
                86.91794570834175,
                27.897241532034112
              ],
              [
                86.91794564024944,
                27.897331806270262
              ],
              [
                86.91784403040629,
                27.897331745741777
              ],
              [
                86.91784396223314,
                27.897422019968946
              ],
              [
                86.91764074236715,
                27.897421898687398
              ],
              [
                86.91764081070201,
                27.897331624460232
              ],
              [
                86.91753920085884,
                27.89733156370717
              ]
            ],
            [
              [
                86.91773955358092,
                27.901123201730233
              ],
              [
                86.91773962185287,
                27.90103292754798
              ],
              [
                86.91784123515455,
                27.901032988166296
              ],
              [
                86.91784116697242,
                27.901123262339567
              ],
              [
                86.91773955358092,
                27.901123201730233
              ]
            ],
            [
              [
                86.91794482319577,
                27.89841509694237
              ],
              [
                86.91794489128806,
                27.898324822724184
              ],
              [
                86.91804650206547,
                27.898324883180802
              ],
              [
                86.918046434063,
                27.898415157398986
              ],
              [
                86.91794482319577,
                27.89841509694237
              ]
            ],
            [
              [
                86.9183518764052,
                27.897602870320096
              ],
              [
                86.91835194415614,
                27.897512596083946
              ],
              [
                86.91845355417895,
                27.89751265624412
              ],
              [
                86.91845348650887,
                27.897602930471287
              ],
              [
                86.9183518764052,
                27.897602870320096
              ]
            ],
            [
              [
                86.91855293386459,
                27.900491765227073
              ],
              [
                86.91855300145383,
                27.90040149104482
              ],
              [
                86.9186546141716,
                27.900401551052283
              ],
              [
                86.9186545466632,
                27.900491825243517
              ],
              [
                86.91855293386459,
                27.900491765227073
              ]
            ],
            [
              [
                86.918655019204,
                27.89985990588691
              ],
              [
                86.91865508671239,
                27.89976963168669
              ],
              [
                86.91875669883727,
                27.89976969162229
              ],
              [
                86.9187566314187,
                27.899859965813523
              ],
              [
                86.918655019204,
                27.89985990588691
              ]
            ],
            [
              [
                86.91865650422696,
                27.897873873230594
              ],
              [
                86.91865657172637,
                27.897783599003425
              ],
              [
                86.91875818200072,
                27.897783658939023
              ],
              [
                86.91875811458216,
                27.897873933157207
              ],
              [
                86.91865650422696,
                27.897873873230594
              ]
            ],
            [
              [
                86.91875717076721,
                27.899137772193814
              ],
              [
                86.91875737302288,
                27.89886694955723
              ],
              [
                86.91885898430336,
                27.89886700942096
              ],
              [
                86.91885891697463,
                27.89895728363016
              ],
              [
                86.91896052834491,
                27.89895734341304
              ],
              [
                86.91896046109703,
                27.899047617622244
              ],
              [
                86.91906207254817,
                27.89904767733326
              ],
              [
                86.91906200539013,
                27.89913795154246
              ],
              [
                86.91875717076721,
                27.899137772193814
              ]
            ],
            [
              [
                86.91875838423844,
                27.897512836248538
              ],
              [
                86.9187585190576,
                27.897332287794203
              ],
              [
                86.91886012890974,
                27.897332347648952
              ],
              [
                86.91886006159,
                27.897422621876117
              ],
              [
                86.91896167152298,
                27.897422681659
              ],
              [
                86.9189615370362,
                27.897603230113333
              ],
              [
                86.91885992693253,
                27.897603170339433
              ],
              [
                86.91885999426127,
                27.897512896103283
              ],
              [
                86.91875838423844,
                27.897512836248538
              ]
            ],
            [
              [
                86.91885730089645,
                27.901123864345553
              ],
              [
                86.91885743558086,
                27.90094331598105
              ],
              [
                86.91895904880168,
                27.900943375763934
              ],
              [
                86.91895891428794,
                27.90112392413742
              ],
              [
                86.91885730089645,
                27.901123864345553
              ]
            ],
            [
              [
                86.91936556862743,
                27.900853339985574
              ],
              [
                86.91936563554293,
                27.90076306579434
              ],
              [
                86.91956886166119,
                27.900763184542637
              ],
              [
                86.91956872816256,
                27.900943732916122
              ],
              [
                86.91946711493274,
                27.9009436735824
              ],
              [
                86.9194671817674,
                27.900853399391163
              ],
              [
                86.91936556862743,
                27.900853339985574
              ]
            ],
            [
              [
                86.91936824508595,
                27.89724237155466
              ],
              [
                86.91936831199247,
                27.89715209731851
              ],
              [
                86.91946992167394,
                27.8971521567241
              ],
              [
                86.91946985485724,
                27.89724243096025
              ],
              [
                86.91936824508595,
                27.89724237155466
              ]
            ],
            [
              [
                86.91946865203104,
                27.898867366986376
              ],
              [
                86.9194687856824,
                27.89868681855899
              ],
              [
                86.9197736190387,
                27.898686996335584
              ],
              [
                86.9197734858904,
                27.89886754476297
              ],
              [
                86.91987509717985,
                27.898867603872116
              ],
              [
                86.91987483122463,
                27.899228700717902
              ],
              [
                86.91967160797199,
                27.899228582427746
              ],
              [
                86.91967174129097,
                27.899048034009343
              ],
              [
                86.91977335274211,
                27.899048093190356
              ],
              [
                86.91977341931626,
                27.898957818981156
              ],
              [
                86.91957019657566,
                27.898957700538283
              ],
              [
                86.91957026331151,
                27.8988674263201
              ],
              [
                86.91946865203104,
                27.898867366986376
              ]
            ],
            [
              [
                86.9195706637625,
                27.89832578101998
              ],
              [
                86.91957073050732,
                27.898235506801797
              ],
              [
                86.91977395190044,
                27.89823562523568
              ],
              [
                86.9197738853263,
                27.89832589946285
              ],
              [
                86.9195706637625,
                27.89832578101998
              ]
            ],
            [
              [
                86.92058538769085,
                27.90022212863616
              ],
              [
                86.92058558540106,
                27.899951306035504
              ],
              [
                86.9206871977056,
                27.89995136455176
              ],
              [
                86.92068713188604,
                27.90004163875198
              ],
              [
                86.92078874427143,
                27.90004169718739
              ],
              [
                86.920788612803,
                27.900222245587823
              ],
              [
                86.92058538769085,
                27.90022212863616
              ]
            ],
            [
              [
                86.9205859149121,
                27.89949993501645
              ],
              [
                86.9205859808125,
                27.89940966080725
              ],
              [
                86.92078920440649,
                27.899409777749934
              ],
              [
                86.92078913867677,
                27.899500051959134
              ],
              [
                86.9205859149121,
                27.89949993501645
              ]
            ],
            [
              [
                86.92058663980761,
                27.898506918661344
              ],
              [
                86.92058670569904,
                27.89841664444316
              ],
              [
                86.92068831657525,
                27.89841670295043
              ],
              [
                86.9206882507557,
                27.898506977168616
              ],
              [
                86.92058663980761,
                27.898506918661344
              ]
            ],
            [
              [
                86.92058690339128,
                27.89814582177064
              ],
              [
                86.92058696929169,
                27.89805554754347
              ],
              [
                86.92068857982655,
                27.898055606050747
              ],
              [
                86.920688514007,
                27.898145880277916
              ],
              [
                86.92058690339128,
                27.89814582177064
              ]
            ],
            [
              [
                86.92058729876679,
                27.897604176398655
              ],
              [
                86.9205873646672,
                27.897513902162505
              ],
              [
                86.92079058471283,
                27.897514019105188
              ],
              [
                86.92079051899209,
                27.897604293332353
              ],
              [
                86.92058729876679,
                27.897604176398655
              ]
            ],
            [
              [
                86.92078834986611,
                27.90058334237073
              ],
              [
                86.92078841559584,
                27.900493068179493
              ],
              [
                86.92089002840343,
                27.900493126534055
              ],
              [
                86.92088996275456,
                27.900583400734273
              ],
              [
                86.92078834986611,
                27.90058334237073
              ]
            ],
            [
              [
                86.92078881001015,
                27.899951422987172
              ],
              [
                86.92078887573987,
                27.89986114877797
              ],
              [
                86.92089048796358,
                27.899861207141516
              ],
              [
                86.92089055361245,
                27.899770932941298
              ],
              [
                86.92099216574631,
                27.899770991223992
              ],
              [
                86.92099210017828,
                27.899861265433195
              ],
              [
                86.92109371240197,
                27.899861323644025
              ],
              [
                86.9210935814366,
                27.900041872044458
              ],
              [
                86.92089035666581,
                27.900041755550934
              ],
              [
                86.92089042231468,
                27.899951481350715
              ],
              [
                86.92078881001015,
                27.899951422987172
              ]
            ],
            [
              [
                86.92150263652367,
                27.896431135109392
              ],
              [
                86.92150270165153,
                27.896340860855275
              ],
              [
                86.92160431058738,
                27.896340918688814
              ],
              [
                86.92160424554038,
                27.89643119293395
              ],
              [
                86.92150263652367,
                27.896431135109392
              ]
            ],
            [
              [
                86.92160203374442,
                27.899500516747462
              ],
              [
                86.9216020988004,
                27.89941024253826
              ],
              [
                86.92170371060189,
                27.899410300299934
              ],
              [
                86.92170364562675,
                27.899500574509133
              ],
              [
                86.92160203374442,
                27.899500516747462
              ]
            ],
            [
              [
                86.92241666707011,
                27.897063572605273
              ],
              [
                86.92241673144339,
                27.89697329836014
              ],
              [
                86.92251834097213,
                27.896973355519943
              ],
              [
                86.92251827667971,
                27.897063629765075
              ],
              [
                86.92241666707011,
                27.897063572605273
              ]
            ],
            [
              [
                86.9225186624163,
                27.89652198427631
              ],
              [
                86.92251872670872,
                27.896431710031177
              ],
              [
                86.92262033572543,
                27.89643176711013
              ],
              [
                86.92262027152283,
                27.89652204135526
              ],
              [
                86.9225186624163,
                27.89652198427631
              ]
            ],
            [
              [
                86.92271944383239,
                27.8999525190486
              ],
              [
                86.92271950796311,
                27.899862244839397
              ],
              [
                86.92282112018681,
                27.899862301783603
              ],
              [
                86.92282105613693,
                27.899952575992806
              ],
              [
                86.92271944383239,
                27.8999525190486
              ]
            ],
            [
              [
                86.9227208546635,
                27.897966486230587
              ],
              [
                86.92272091878523,
                27.897876211994436
              ],
              [
                86.92292413953156,
                27.897876325793014
              ],
              [
                86.92292407557152,
                27.897966600020183
              ],
              [
                86.9227208546635,
                27.897966486230587
              ]
            ],
            [
              [
                86.92272123941193,
                27.897424840813684
              ],
              [
                86.92272130353368,
                27.897334566577534
              ],
              [
                86.9228229133948,
                27.897334623503774
              ],
              [
                86.9228228493539,
                27.897424897748905
              ],
              [
                86.92272123941193,
                27.897424840813684
              ]
            ],
            [
              [
                86.92282054374688,
                27.90067476960353
              ],
              [
                86.92282067184664,
                27.900494221203093
              ],
              [
                86.92292228466322,
                27.90049427806645
              ],
              [
                86.92292215673413,
                27.900674826466886
              ],
              [
                86.92282054374688,
                27.90067476960353
              ]
            ],
            [
              [
                86.92282086399628,
                27.900223398602442
              ],
              [
                86.92282099209604,
                27.900042850193024
              ],
              [
                86.92292260449041,
                27.90004290705638
              ],
              [
                86.92292247656133,
                27.9002234554658
              ],
              [
                86.92282086399628,
                27.900223398602442
              ]
            ],
            [
              [
                86.92282214490403,
                27.898417914310627
              ],
              [
                86.92282220895392,
                27.89832764008346
              ],
              [
                86.9229238197403,
                27.89832769694682
              ],
              [
                86.92292375578026,
                27.898417971173984
              ],
              [
                86.92282214490403,
                27.898417914310627
              ]
            ],
            [
              [
                86.9230246640302,
                27.899411044383466
              ],
              [
                86.9230247279094,
                27.899320770165282
              ],
              [
                86.92312633963003,
                27.899320826875925
              ],
              [
                86.92312627583168,
                27.89941110109411
              ],
              [
                86.9230246640302,
                27.899411044383466
              ]
            ],
            [
              [
                86.92302504728742,
                27.898869399074364
              ],
              [
                86.92302511116662,
                27.89877912485618
              ],
              [
                86.9232283335928,
                27.898779238196617
              ],
              [
                86.92322820617576,
                27.89895978664197
              ],
              [
                86.92312659479649,
                27.89895973000319
              ],
              [
                86.92312665858586,
                27.898869455785007
              ],
              [
                86.92302504728742,
                27.898869399074364
              ]
            ],
            [
              [
                86.92302523891604,
                27.898598576410826
              ],
              [
                86.92302536665647,
                27.898418027956495
              ],
              [
                86.9232285884179,
                27.898418141296933
              ],
              [
                86.92322846100086,
                27.898598689751267
              ],
              [
                86.92302523891604,
                27.898598576410826
              ]
            ],
            [
              [
                86.92312844461631,
                27.896341777127883
              ],
              [
                86.92312850840567,
                27.896251502873767
              ],
              [
                86.92323011726069,
                27.89625155950356
              ],
              [
                86.92323005356116,
                27.896341833757678
              ],
              [
                86.92312844461631,
                27.896341777127883
              ]
            ],
            [
              [
                86.92343161955682,
                27.89868907702243
              ],
              [
                86.92343168309466,
                27.898598802795263
              ],
              [
                86.92353329414156,
                27.898598859209464
              ],
              [
                86.92353323069356,
                27.89868913343663
              ],
              [
                86.92343161955682,
                27.89868907702243
              ]
            ],
            [
              [
                86.92343200077488,
                27.898147431659428
              ],
              [
                86.92343206431272,
                27.898057157423278
              ],
              [
                86.92353367485657,
                27.898057213837475
              ],
              [
                86.92353361139958,
                27.898147488064645
              ],
              [
                86.92343200077488,
                27.898147431659428
              ]
            ],
            [
              [
                86.92414277158812,
                27.898870018777163
              ],
              [
                86.92414289747802,
                27.89868947033181
              ],
              [
                86.92424450861475,
                27.898689526216003
              ],
              [
                86.92424438288654,
                27.898870074661357
              ],
              [
                86.92414277158812,
                27.898870018777163
              ]
            ],
            [
              [
                86.92424387997372,
                27.89959226841581
              ],
              [
                86.92424400570192,
                27.899411719988425
              ],
              [
                86.92444722932287,
                27.899411831532234
              ],
              [
                86.92444716662045,
                27.89950210575042
              ],
              [
                86.92434555472914,
                27.899502050009954
              ],
              [
                86.92434549194589,
                27.899592324228138
              ],
              [
                86.92424387997372,
                27.89959226841581
              ]
            ],
            [
              [
                86.92424413143013,
                27.899231171552056
              ],
              [
                86.92424419429423,
                27.899140897333872
              ],
              [
                86.92434580585318,
                27.8991409531462
              ],
              [
                86.92434574306992,
                27.899231227364385
              ],
              [
                86.92424413143013,
                27.899231171552056
              ]
            ],
            [
              [
                86.92434605696823,
                27.8987798562555
              ],
              [
                86.92434611975149,
                27.898689582028332
              ],
              [
                86.92444773087924,
                27.898689637759812
              ],
              [
                86.92444766818582,
                27.89877991198698
              ],
              [
                86.92434605696823,
                27.8987798562555
              ]
            ],
            [
              [
                86.92454959245728,
                27.89832859651076
              ],
              [
                86.92454965506089,
                27.898238322274608
              ],
              [
                86.92465126577541,
                27.89823837786236
              ],
              [
                86.92465120325267,
                27.89832865209851
              ],
              [
                86.92454959245728,
                27.89832859651076
              ]
            ],
            [
              [
                86.92465295382661,
                27.895800973153925
              ],
              [
                86.92465301634037,
                27.895710698890827
              ],
              [
                86.92485623304428,
                27.89571080982378
              ],
              [
                86.92485617070119,
                27.89580108408688
              ],
              [
                86.92465295382661,
                27.895800973153925
              ]
            ],
            [
              [
                86.92475144029041,
                27.90031474041444
              ],
              [
                86.92475156518317,
                27.900134192005023
              ],
              [
                86.92495479015159,
                27.900134302812212
              ],
              [
                86.92495466560017,
                27.900314851221633
              ],
              [
                86.92475144029041,
                27.90031474041444
              ]
            ],
            [
              [
                86.92475425009485,
                27.89625239996734
              ],
              [
                86.92475431252775,
                27.896162125704244
              ],
              [
                86.92485592130193,
                27.896162181139278
              ],
              [
                86.92485585895884,
                27.89625245540238
              ],
              [
                86.92475425009485,
                27.89625239996734
              ]
            ],
            [
              [
                86.924855048391,
                27.89742602066996
              ],
              [
                86.92485511074305,
                27.89733574642483
              ],
              [
                86.92495672061317,
                27.897335801779015
              ],
              [
                86.92495665834196,
                27.89742607602415
              ],
              [
                86.924855048391,
                27.89742602066996
              ]
            ],
            [
              [
                86.92485542250338,
                27.896884375181195
              ],
              [
                86.92485548485544,
                27.89679410093606
              ],
              [
                86.92495709422249,
                27.896794156290248
              ],
              [
                86.92495703195128,
                27.896884430544365
              ],
              [
                86.92485542250338,
                27.896884375181195
              ]
            ],
            [
              [
                86.92505808174876,
                27.897696954041873
              ],
              [
                86.92505814393014,
                27.897606679796738
              ],
              [
                86.92515975405178,
                27.897606735007194
              ],
              [
                86.92515969195124,
                27.89769700925233
              ],
              [
                86.92505808174876,
                27.897696954041873
              ]
            ],
            [
              [
                86.92505957411096,
                27.89553037192511
              ],
              [
                86.92505963629233,
                27.895440097653026
              ],
              [
                86.92516124439277,
                27.895440152854498
              ],
              [
                86.92516118229223,
                27.895530427126584
              ],
              [
                86.92505957411096,
                27.89553037192511
              ]
            ],
            [
              [
                86.92526055794443,
                27.89878035518879
              ],
              [
                86.92526061996412,
                27.898690080961625
              ],
              [
                86.92536223110085,
                27.898690136028353
              ],
              [
                86.92536216916201,
                27.89878041025552
              ],
              [
                86.92526055794443,
                27.89878035518879
              ]
            ],
            [
              [
                86.92536105427189,
                27.900405346146897
              ],
              [
                86.92536111621074,
                27.900315071937698
              ],
              [
                86.92546272886561,
                27.900315126932558
              ],
              [
                86.92546279072361,
                27.90022485272336
              ],
              [
                86.92556440329764,
                27.900224907637373
              ],
              [
                86.92556427975234,
                27.900405456055772
              ],
              [
                86.92536105427189,
                27.900405346146897
              ]
            ],
            [
              [
                86.92536297430404,
                27.897606845203534
              ],
              [
                86.92536303623389,
                27.8975165709584
              ],
              [
                86.92546464627468,
                27.897516625944277
              ],
              [
                86.92546458442567,
                27.89760690018941
              ],
              [
                86.92536297430404,
                27.897606845203534
              ]
            ],
            [
              [
                86.92556489746089,
                27.899502713936815
              ],
              [
                86.92556495922904,
                27.89941243971863
              ],
              [
                86.92566657103951,
                27.899412494560778
              ],
              [
                86.9256665093522,
                27.899502768778962
              ],
              [
                86.92556489746089,
                27.899502713936815
              ]
            ],
            [
              [
                86.92556539160616,
                27.898780520155412
              ],
              [
                86.92556545337432,
                27.898690245928243
              ],
              [
                86.92566706451105,
                27.89869030076141
              ],
              [
                86.92566700282373,
                27.898780574988574
              ],
              [
                86.92556539160616,
                27.898780520155412
              ]
            ],
            [
              [
                86.92586948707729,
                27.89986397509345
              ],
              [
                86.92586954859392,
                27.89977370088425
              ],
              [
                86.9261743850494,
                27.899773864503395
              ],
              [
                86.9261742012541,
                27.90004468713998
              ],
              [
                86.92597097644739,
                27.900044578138406
              ],
              [
                86.92597109931896,
                27.89986402971102
              ],
              [
                86.92586948707729,
                27.89986397509345
              ]
            ],
            [
              [
                86.9258699176937,
                27.899232055566163
              ],
              [
                86.92586997921035,
                27.89914178134798
              ],
              [
                86.92597159076928,
                27.899141835956566
              ],
              [
                86.92597152934248,
                27.899232110183732
              ],
              [
                86.9258699176937,
                27.899232055566163
              ]
            ],
            [
              [
                86.92617456883573,
                27.899503041848842
              ],
              [
                86.92617463010085,
                27.89941276763066
              ],
              [
                86.92627624192029,
                27.89941282202365
              ],
              [
                86.92627618073604,
                27.899503096241833
              ],
              [
                86.92617456883573,
                27.899503041848842
              ]
            ],
            [
              [
                86.92627642545509,
                27.89914199935113
              ],
              [
                86.92627654780563,
                27.89896145090578
              ],
              [
                86.92647977059113,
                27.8989615594582
              ],
              [
                86.92647958756838,
                27.89923238213072
              ],
              [
                86.9263779759196,
                27.89923232789044
              ],
              [
                86.92637803701403,
                27.899142053672257
              ],
              [
                86.92627642545509,
                27.89914199935113
              ]
            ],
            [
              [
                86.92648007563206,
                27.898510188304396
              ],
              [
                86.92648013663664,
                27.89841991407723
              ],
              [
                86.92668335841604,
                27.898420022324224
              ],
              [
                86.92668329757315,
                27.89851029656037
              ],
              [
                86.92678490854819,
                27.89851035057607
              ],
              [
                86.92678484779512,
                27.898600624803237
              ],
              [
                86.92658162568335,
                27.898600516699975
              ],
              [
                86.9265816866071,
                27.89851024247281
              ],
              [
                86.92648007563206,
                27.898510188304396
              ]
            ],
            [
              [
                86.9265809555042,
                27.89959353318085
              ],
              [
                86.92658101643694,
                27.899503258962664
              ],
              [
                86.92668262832825,
                27.89950331305023
              ],
              [
                86.92668268917114,
                27.899413038832044
              ],
              [
                86.9267843009906,
                27.89941309284774
              ],
              [
                86.92678436174367,
                27.899322818629557
              ],
              [
                86.92698758520291,
                27.899322926436376
              ],
              [
                86.92698740343779,
                27.89959374909991
              ],
              [
                86.9265809555042,
                27.89959353318085
              ]
            ],
            [
              [
                86.92658253950356,
                27.89724640309484
              ],
              [
                86.92658260041831,
                27.897156128840724
              ],
              [
                86.92668421012672,
                27.89715618292829
              ],
              [
                86.92668414929281,
                27.897246457182405
              ],
              [
                86.92658253950356,
                27.89724640309484
              ]
            ],
            [
              [
                86.9267844225057,
                27.89923254440239
              ],
              [
                86.92678454401184,
                27.899051995948057
              ],
              [
                86.92688615548992,
                27.89905204989189
              ],
              [
                86.92688609481772,
                27.899142324119058
              ],
              [
                86.92698770638565,
                27.89914237798204
              ],
              [
                86.92698764579427,
                27.899232652209207
              ],
              [
                86.9267844225057,
                27.89923254440239
              ]
            ],
            [
              [
                86.92688651952321,
                27.89851040451092
              ],
              [
                86.92688670153088,
                27.898239581802468
              ],
              [
                86.9270899229689,
                27.898239689456574
              ],
              [
                86.9270897414643,
                27.898510512165025
              ],
              [
                86.92688651952321,
                27.89851040451092
              ]
            ],
            [
              [
                86.92688718687266,
                27.89751738786835
              ],
              [
                86.92688724754487,
                27.89742711362322
              ],
              [
                86.92698885750481,
                27.897427167486203
              ],
              [
                86.92698879692243,
                27.897517441731335
              ],
              [
                86.92688718687266,
                27.89751738786835
              ]
            ],
            [
              [
                86.927089136431,
                27.89941325444568
              ],
              [
                86.92708919694151,
                27.89932298021851
              ],
              [
                86.92729242040075,
                27.89932308757617
              ],
              [
                86.9272923600699,
                27.899413361803337
              ],
              [
                86.92739397188036,
                27.899413415369878
              ],
              [
                86.92739385138036,
                27.899593963815228
              ],
              [
                86.92729223939921,
                27.89959391024869
              ],
              [
                86.92729217905936,
                27.899684184466874
              ],
              [
                86.92719056698839,
                27.899684130819484
              ],
              [
                86.92719074825044,
                27.89941330816493
              ],
              [
                86.927089136431,
                27.89941325444568
              ]
            ],
            [
              [
                86.92709095144109,
                27.89670502724439
              ],
              [
                86.92709101193364,
                27.896614752990274
              ],
              [
                86.927192621139,
                27.896614806700544
              ],
              [
                86.92719256072729,
                27.89670508095466
              ],
              [
                86.92709095144109,
                27.89670502724439
              ]
            ],
            [
              [
                86.92719105034489,
                27.89896193703808
              ],
              [
                86.92719111076558,
                27.89887166280193
              ],
              [
                86.92729272207299,
                27.898871716449317
              ],
              [
                86.92729266174214,
                27.898961990676487
              ],
              [
                86.92719105034489,
                27.89896193703808
              ]
            ],
            [
              [
                86.9271918961806,
                27.897698097722994
              ],
              [
                86.9271919565923,
                27.89760782347786
              ],
              [
                86.92739517685354,
                27.89760793067382
              ],
              [
                86.92739511661252,
                27.897698204918957
              ],
              [
                86.9271918961806,
                27.897698097722994
              ]
            ],
            [
              [
                86.9271923190715,
                27.897066177980108
              ],
              [
                86.92719237949218,
                27.89697590372599
              ],
              [
                86.92739559856766,
                27.896976010921957
              ],
              [
                86.92739553832662,
                27.897066285176074
              ],
              [
                86.9271923190715,
                27.897066177980108
              ]
            ],
            [
              [
                86.92739457438043,
                27.898510673080242
              ],
              [
                86.92739469488043,
                27.89833012460794
              ],
              [
                86.9274963056848,
                27.898330178093634
              ],
              [
                86.92749636584497,
                27.898239903857483
              ],
              [
                86.92759797656848,
                27.898239957271308
              ],
              [
                86.9275977963305,
                27.898510779988744
              ],
              [
                86.92739457438043,
                27.898510673080242
              ]
            ],
            [
              [
                86.927396562433,
                27.895531622694392
              ],
              [
                86.92739662267402,
                27.89544134842231
              ],
              [
                86.92749823078343,
                27.89544140189902
              ],
              [
                86.92749817062325,
                27.895531676171103
              ],
              [
                86.927396562433,
                27.895531622694392
              ]
            ],
            [
              [
                86.92749540320133,
                27.899684291519105
              ],
              [
                86.92749552353067,
                27.899503743082736
              ],
              [
                86.92759713543096,
                27.899503796496564
              ],
              [
                86.92759719551927,
                27.89941352227838
              ],
              [
                86.9278004191492,
                27.899413628881454
              ],
              [
                86.92780029932291,
                27.899594177326804
              ],
              [
                86.92769868733278,
                27.899594124065693
              ],
              [
                86.92769862733431,
                27.899684398283878
              ],
              [
                86.92749540320133,
                27.899684291519105
              ]
            ],
            [
              [
                86.92759755600422,
                27.89887187691538
              ],
              [
                86.92759767617184,
                27.89869132845206
              ],
              [
                86.92769928730858,
                27.898691381794023
              ],
              [
                86.92769922731908,
                27.89878165602119
              ],
              [
                86.92780083854565,
                27.898781709291285
              ],
              [
                86.92780071871937,
                27.8989622577546
              ],
              [
                86.92769910732213,
                27.898962204484505
              ],
              [
                86.92769916732061,
                27.89887193025734
              ],
              [
                86.92759755600422,
                27.89887187691538
              ]
            ],
            [
              [
                86.92759923817145,
                27.896344197997742
              ],
              [
                86.92759929824179,
                27.896253923734644
              ],
              [
                86.92770090710579,
                27.896253977076604
              ],
              [
                86.92770084711628,
                27.896344251339706
              ],
              [
                86.92759923817145,
                27.896344197997742
              ]
            ],
            [
              [
                86.92780215654486,
                27.89679567589835
              ],
              [
                86.9278022164535,
                27.896705401644233
              ],
              [
                86.9279038257397,
                27.8967054548245
              ],
              [
                86.9279037659119,
                27.896795729087597
              ],
              [
                86.92780215654486,
                27.89679567589835
              ]
            ],
            [
              [
                86.92790227028883,
                27.899052585171017
              ],
              [
                86.92790238994442,
                27.8988720367077
              ],
              [
                86.92810561256822,
                27.8988721428706
              ],
              [
                86.92810543358789,
                27.8991429655521
              ],
              [
                86.92800382201996,
                27.89914291251557
              ],
              [
                86.92800388176691,
                27.8990526382884
              ],
              [
                86.92790227028883,
                27.899052585171017
              ]
            ],
            [
              [
                86.92790280873002,
                27.898240117063633
              ],
              [
                86.92790286855782,
                27.898149842827483
              ],
              [
                86.92800447920048,
                27.89814989593588
              ],
              [
                86.92800441945353,
                27.898240170181015
              ],
              [
                86.92790280873002,
                27.898240117063633
              ]
            ],
            [
              [
                86.92810513528433,
                27.899594336678955
              ],
              [
                86.92810525460754,
                27.899413788233602
              ],
              [
                86.92830847824645,
                27.899413894091076
              ],
              [
                86.92830853773289,
                27.89932361986391
              ],
              [
                86.92841014947149,
                27.899323672684847
              ],
              [
                86.92841020887708,
                27.89923339845768
              ],
              [
                86.92851182053484,
                27.89923345119777
              ],
              [
                86.92851193917534,
                27.89905290274344
              ],
              [
                86.9287151621405,
                27.89905300799904
              ],
              [
                86.92871510298644,
                27.899143282226206
              ],
              [
                86.92881671455437,
                27.899143334741716
              ],
              [
                86.92881659641692,
                27.899323883205035
              ],
              [
                86.92871498467832,
                27.89932383068054
              ],
              [
                86.92871492552426,
                27.899414104907706
              ],
              [
                86.92881653734372,
                27.8994141574322
              ],
              [
                86.9288164782705,
                27.899504431650385
              ],
              [
                86.92891809017979,
                27.89950448409403
              ],
              [
                86.92891803118742,
                27.8995947583212
              ],
              [
                86.92881641919729,
                27.899594705877554
              ],
              [
                86.92881630105984,
                27.899775254322904
              ],
              [
                86.92871468889903,
                27.899775201807394
              ],
              [
                86.92871480721614,
                27.89959465336204
              ],
              [
                86.928613195226,
                27.89959460076568
              ],
              [
                86.92861325446091,
                27.899504326547497
              ],
              [
                86.92841003065134,
                27.8995042211302
              ],
              [
                86.92840997124574,
                27.899594495357366
              ],
              [
                86.92851158323587,
                27.899594548097458
              ],
              [
                86.92851146458639,
                27.899775096542808
              ],
              [
                86.92840985242557,
                27.899775043802716
              ],
              [
                86.92840991184015,
                27.89968476957555
              ],
              [
                86.9282066876982,
                27.89968466387079
              ],
              [
                86.92820674727446,
                27.899594389643624
              ],
              [
                86.92810513528433,
                27.899594336678955
              ]
            ],
            [
              [
                86.92830806178749,
                27.900045813636332
              ],
              [
                86.92830818077833,
                27.899865265199963
              ],
              [
                86.92840979302,
                27.8998653180209
              ],
              [
                86.92840967419983,
                27.90004586645727
              ],
              [
                86.92830806178749,
                27.900045813636332
              ]
            ],
            [
              [
                86.92830877570559,
                27.89896252295524
              ],
              [
                86.92830883519203,
                27.89887224871909
              ],
              [
                86.92841044650842,
                27.898872301540028
              ],
              [
                86.92841038710284,
                27.898962575767197
              ],
              [
                86.92830877570559,
                27.89896252295524
              ]
            ],
            [
              [
                86.92841187218868,
                27.896705719629878
              ],
              [
                86.92841193158529,
                27.896615445366777
              ],
              [
                86.92851354079065,
                27.89661549810687
              ],
              [
                86.92851348147488,
                27.896705772369966
              ],
              [
                86.92841187218868,
                27.896705719629878
              ]
            ],
            [
              [
                86.92871457059091,
                27.89995575024376
              ],
              [
                86.92871462974497,
                27.899865476025578
              ],
              [
                86.92881624198664,
                27.89986552854109
              ],
              [
                86.92881618291342,
                27.899955802759273
              ],
              [
                86.92871457059091,
                27.89995575024376
              ]
            ],
            [
              [
                86.92871528044863,
                27.89887245953572
              ],
              [
                86.92871533960269,
                27.89878218529957
              ],
              [
                86.92881695082926,
                27.898782237824065
              ],
              [
                86.92881689176502,
                27.898872512051234
              ],
              [
                86.92871528044863,
                27.89887245953572
              ]
            ],
            [
              [
                86.92881765964493,
                27.89769894692738
              ],
              [
                86.92881771870915,
                27.897608672682246
              ],
              [
                86.92891932883978,
                27.89760872511691
              ],
              [
                86.9289192698564,
                27.897698999362042
              ],
              [
                86.92881765964493,
                27.89769894692738
              ]
            ],
            [
              [
                86.92881825028724,
                27.896796204386213
              ],
              [
                86.92881830934247,
                27.896705930123115
              ],
              [
                86.92891991863766,
                27.89670598256676
              ],
              [
                86.92891985966327,
                27.896796256820878
              ],
              [
                86.92881825028724,
                27.896796204386213
              ]
            ],
            [
              [
                86.92891814916317,
                27.899414209866865
              ],
              [
                86.92891820815554,
                27.89932393564868
              ],
              [
                86.92901981988516,
                27.899323988011478
              ],
              [
                86.92901976098261,
                27.899414262238647
              ],
              [
                86.92891814916317,
                27.899414209866865
              ]
            ],
            [
              [
                86.92891862104818,
                27.89869201602258
              ],
              [
                86.92891873901495,
                27.89851146755028
              ],
              [
                86.92902034998998,
                27.89851151992206
              ],
              [
                86.92902029109644,
                27.89860179415821
              ],
              [
                86.92922351321718,
                27.898601898659226
              ],
              [
                86.92922339575348,
                27.898782447131527
              ],
              [
                86.92912178452691,
                27.898782394921444
              ],
              [
                86.92912184333962,
                27.898692120685293
              ],
              [
                86.92891862104818,
                27.89869201602258
              ]
            ],
            [
              [
                86.92912137281105,
                27.89941431452958
              ],
              [
                86.92912149044544,
                27.899233766075245
              ],
              [
                86.92922310209421,
                27.899233818294313
              ],
              [
                86.92922327828977,
                27.898962995603828
              ],
              [
                86.92952811249049,
                27.89896315180289
              ],
              [
                86.92952805401914,
                27.899053426030058
              ],
              [
                86.92962966549725,
                27.89905347795268
              ],
              [
                86.92962960710675,
                27.899143752179846
              ],
              [
                86.92952799553882,
                27.899143700266208
              ],
              [
                86.9295279370585,
                27.899233974493374
              ],
              [
                86.92932471375197,
                27.899233870432532
              ],
              [
                86.92932465510097,
                27.899324144659698
              ],
              [
                86.92942626683957,
                27.899324196735034
              ],
              [
                86.9294262082694,
                27.899414470962203
              ],
              [
                86.92932459644996,
                27.899414418886867
              ],
              [
                86.92932453779895,
                27.899504693114032
              ],
              [
                86.92922292589866,
                27.899504640975813
              ],
              [
                86.92922298463051,
                27.899414366748648
              ],
              [
                86.92912137281105,
                27.89941431452958
              ]
            ],
            [
              [
                86.92932424455292,
                27.8999560642319
              ],
              [
                86.92932436185492,
                27.89977551578655
              ],
              [
                86.92942597400675,
                27.899775567852906
              ],
              [
                86.92942603257691,
                27.89968529363472
              ],
              [
                86.92952764464789,
                27.89968534562921
              ],
              [
                86.9295277031372,
                27.899595071402043
              ],
              [
                86.92973092711746,
                27.89959517516644
              ],
              [
                86.92973086879883,
                27.89968544939361
              ],
              [
                86.9298324808788,
                27.899685501154533
              ],
              [
                86.92983259733639,
                27.899504952709183
              ],
              [
                86.93003582115496,
                27.899505056024424
              ],
              [
                86.93003576308786,
                27.899595330242608
              ],
              [
                86.93013737508697,
                27.89959538178794
              ],
              [
                86.93013731710971,
                27.899685656015105
              ],
              [
                86.93003570502974,
                27.899685604469774
              ],
              [
                86.93003564697162,
                27.899775878696943
              ],
              [
                86.93013725913244,
                27.899775930242274
              ],
              [
                86.93013720115516,
                27.89986620446046
              ],
              [
                86.93003558891351,
                27.899866152915127
              ],
              [
                86.93003553085539,
                27.899956427142293
              ],
              [
                86.9299339185239,
                27.899956375516116
              ],
              [
                86.92993386037595,
                27.90004664974328
              ],
              [
                86.9298322479636,
                27.900046598045236
              ],
              [
                86.9298323644212,
                27.899866049608868
              ],
              [
                86.92973075217954,
                27.89986599783896
              ],
              [
                86.92973081048919,
                27.899775723611793
              ],
              [
                86.92962919832837,
                27.899775671770016
              ],
              [
                86.92962913992889,
                27.8998659459882
              ],
              [
                86.92942591544558,
                27.89986584208007
              ],
              [
                86.92942585687543,
                27.899956116298256
              ],
              [
                86.92932424455292,
                27.8999560642319
              ]
            ],
            [
              [
                86.9295289311791,
                27.89769931242492
              ],
              [
                86.92952904813077,
                27.89751876392567
              ],
              [
                86.92963065818054,
                27.89751881583931
              ],
              [
                86.92963054139956,
                27.89769936433856
              ],
              [
                86.9295289311791,
                27.89769931242492
              ]
            ],
            [
              [
                86.92963007425764,
                27.898421558299628
              ],
              [
                86.92963019104761,
                27.898241009818346
              ],
              [
                86.92993502322712,
                27.898241165110107
              ],
              [
                86.92993496508815,
                27.89833143935524
              ],
              [
                86.92983335427482,
                27.89833138766618
              ],
              [
                86.929833296055,
                27.89842166190233
              ],
              [
                86.92963007425764,
                27.898421558299628
              ]
            ],
            [
              [
                86.93003611144555,
                27.899053684870623
              ],
              [
                86.93003622756177,
                27.898873136407303
              ],
              [
                86.93023945019456,
                27.898873239417117
              ],
              [
                86.9302393344197,
                27.899053787880437
              ],
              [
                86.93003611144555,
                27.899053684870623
              ]
            ],
            [
              [
                86.93023892918967,
                27.899685707488572
              ],
              [
                86.93023910286097,
                27.899414884807072
              ],
              [
                86.93044232650885,
                27.89941498752044
              ],
              [
                86.9304421533406,
                27.89968581020194
              ],
              [
                86.93023892918967,
                27.899685707488572
              ]
            ],
            [
              [
                86.93024031849714,
                27.8975191257491
              ],
              [
                86.93024037638457,
                27.897428851494983
              ],
              [
                86.9303419863535,
                27.8974289028876
              ],
              [
                86.93034192854691,
                27.897519177132736
              ],
              [
                86.93024031849714,
                27.8975191257491
              ]
            ],
            [
              [
                86.93034273773135,
                27.896255337476287
              ],
              [
                86.93034279552896,
                27.896165063204204
              ],
              [
                86.9304444043121,
                27.896165114515973
              ],
              [
                86.93044434660433,
                27.896255388788056
              ],
              [
                86.93034273773135,
                27.896255337476287
              ]
            ],
            [
              [
                86.93044417346304,
                27.896526211586337
              ],
              [
                86.93044423117979,
                27.89643593732324
              ],
              [
                86.93054584022346,
                27.896435988563145
              ],
              [
                86.93054578259652,
                27.896526262826242
              ],
              [
                86.93044417346304,
                27.896526211586337
              ]
            ],
            [
              [
                86.93064503217018,
                27.900227557945936
              ],
              [
                86.93064520483536,
                27.8999567352824
              ],
              [
                86.93074681716685,
                27.899956786378574
              ],
              [
                86.9307466447532,
                27.900227609042112
              ],
              [
                86.93064503217018,
                27.900227557945936
              ]
            ],
            [
              [
                86.93064572281294,
                27.899144267237897
              ],
              [
                86.93064583792305,
                27.898963718765597
              ],
              [
                86.93084906072653,
                27.898963820877096
              ],
              [
                86.93084917549528,
                27.898783272404795
              ],
              [
                86.93105239796638,
                27.89878337421985
              ],
              [
                86.93105216911158,
                27.89914447116445
              ],
              [
                86.93095055753467,
                27.899144420292856
              ],
              [
                86.93095050023113,
                27.899234694529007
              ],
              [
                86.9307472769246,
                27.89923459256124
              ],
              [
                86.93074733438984,
                27.89914431833407
              ],
              [
                86.93064572281294,
                27.899144267237897
              ]
            ],
            [
              [
                86.93084871642922,
                27.899505466276032
              ],
              [
                86.93084877381361,
                27.899415192039882
              ],
              [
                86.93095038563305,
                27.89941524298334
              ],
              [
                86.93095044293659,
                27.899324968756172
              ],
              [
                86.93105205467519,
                27.899325019627767
              ],
              [
                86.9310519974615,
                27.899415293854936
              ],
              [
                86.93125522111836,
                27.899415395373545
              ],
              [
                86.93125516406636,
                27.899505669600714
              ],
              [
                86.93115355215708,
                27.899505618881832
              ],
              [
                86.93115349502423,
                27.899595893108998
              ],
              [
                86.9310518830341,
                27.899595842318252
              ],
              [
                86.9310519402478,
                27.899505568082102
              ],
              [
                86.93084871642922,
                27.899505466276032
              ]
            ],
            [
              [
                86.93085020833328,
                27.897158335938496
              ],
              [
                86.93085026571767,
                27.897068061675395
              ],
              [
                86.93105348498177,
                27.897068163481467
              ],
              [
                86.93105342777706,
                27.897158437735584
              ],
              [
                86.93085020833328,
                27.897158335938496
              ]
            ],
            [
              [
                86.93095009913337,
                27.899866614119176
              ],
              [
                86.93095021373145,
                27.899686065673826
              ],
              [
                86.93105182581141,
                27.89968611654542
              ],
              [
                86.93105171137503,
                27.89986666499077
              ],
              [
                86.93095009913337,
                27.899866614119176
              ]
            ],
            [
              [
                86.93105399985117,
                27.89625569508662
              ],
              [
                86.9310540570559,
                27.896165420814537
              ],
              [
                86.93115566584802,
                27.896165471596298
              ],
              [
                86.93115560872415,
                27.89625574586838
              ],
              [
                86.93105399985117,
                27.89625569508662
              ]
            ],
            [
              [
                86.93115332362567,
                27.899866715790502
              ],
              [
                86.93115343789137,
                27.899686167336167
              ],
              [
                86.93125504997134,
                27.899686218055045
              ],
              [
                86.93125510702335,
                27.89959594382788
              ],
              [
                86.93135671901348,
                27.899595994474897
              ],
              [
                86.93135660508914,
                27.899776542929228
              ],
              [
                86.93125499292832,
                27.899776492282214
              ],
              [
                86.93125493587631,
                27.89986676650938
              ],
              [
                86.93115332362567,
                27.899866715790502
              ]
            ],
            [
              [
                86.9312565331258,
                27.897339087762425
              ],
              [
                86.93125659016883,
                27.897248813499328
              ],
              [
                86.93135819997605,
                27.89724886413736
              ],
              [
                86.93135814301388,
                27.897339138400458
              ],
              [
                86.9312565331258,
                27.897339087762425
              ]
            ],
            [
              [
                86.9313574595217,
                27.898422429404942
              ],
              [
                86.9313575164749,
                27.898332155159807
              ],
              [
                86.93145912729722,
                27.89833220573496
              ],
              [
                86.9314590704159,
                27.89842247997111
              ],
              [
                86.9313574595217,
                27.898422429404942
              ]
            ],
            [
              [
                86.9314607196958,
                27.895804526413084
              ],
              [
                86.93146077656816,
                27.895714252132016
              ],
              [
                86.93156238493808,
                27.895714302617336
              ],
              [
                86.93156232815556,
                27.895804576898403
              ],
              [
                86.9314607196958,
                27.895804526413084
              ]
            ],
            [
              [
                86.93176248747035,
                27.900679486962513
              ],
              [
                86.93176260072994,
                27.90049893853513
              ],
              [
                86.9318642135645,
                27.900498988804852
              ],
              [
                86.93186410047558,
                27.90067953724122
              ],
              [
                86.93176248747035,
                27.900679486962513
              ]
            ],
            [
              [
                86.93176458257516,
                27.897339340206987
              ],
              [
                86.931764639187,
                27.89724906595287
              ],
              [
                86.93186624899421,
                27.89724911621361
              ],
              [
                86.93186619246323,
                27.89733939047671
              ],
              [
                86.93176458257516,
                27.897339340206987
              ]
            ],
            [
              [
                86.93176554506609,
                27.89580467764446
              ],
              [
                86.93176560167792,
                27.895714403363396
              ],
              [
                86.93186721004784,
                27.895714453624134
              ],
              [
                86.93186715351686,
                27.8958047279052
              ],
              [
                86.93176554506609,
                27.89580467764446
              ]
            ],
            [
              [
                86.93247540355931,
                27.898061884537967
              ],
              [
                86.93247545958722,
                27.897971610283847
              ],
              [
                86.93257707006819,
                27.89797166003255
              ],
              [
                86.93257701412111,
                27.89806193427768
              ],
              [
                86.93247540355931,
                27.898061884537967
              ]
            ],
            [
              [
                86.93257734980357,
                27.897520288752983
              ],
              [
                86.93257740575065,
                27.897430014498866
              ],
              [
                86.93267901571957,
                27.89743006416672
              ],
              [
                86.93267895986233,
                27.897520338420836
              ],
              [
                86.93257734980357,
                27.897520288752983
              ]
            ],
            [
              [
                86.9326780660476,
                27.89896472639687
              ],
              [
                86.93267817778005,
                27.898784177915584
              ],
              [
                86.93288140026013,
                27.89878427702671
              ],
              [
                86.93288128886904,
                27.898964825507992
              ],
              [
                86.9326780660476,
                27.89896472639687
              ]
            ],
            [
              [
                86.93277906385059,
                27.899957792545592
              ],
              [
                86.93277911963597,
                27.899867518327408
              ],
              [
                86.93298234413726,
                27.899867617294802
              ],
              [
                86.93298228852255,
                27.89995789152197
              ],
              [
                86.93277906385059,
                27.899957792545592
              ]
            ],
            [
              [
                86.93277990057737,
                27.898603679021306
              ],
              [
                86.93278006791554,
                27.898332856285904
              ],
              [
                86.9329832895602,
                27.8983329552533
              ],
              [
                86.93298312272508,
                27.8986037779887
              ],
              [
                86.93277990057737,
                27.898603679021306
              ]
            ],
            [
              [
                86.93298262221074,
                27.899416246141
              ],
              [
                86.93298267782545,
                27.89932597190485
              ],
              [
                86.93308428957303,
                27.89932602127626
              ],
              [
                86.93308423404817,
                27.89941629551241
              ],
              [
                86.93298262221074,
                27.899416246141
              ]
            ],
            [
              [
                86.93298473534475,
                27.895985824412705
              ],
              [
                86.93298479095046,
                27.89589555013164
              ],
              [
                86.93308639949106,
                27.895895599494064
              ],
              [
                86.93308634397518,
                27.895985873775132
              ],
              [
                86.93298473534475,
                27.895985824412705
              ]
            ],
            [
              [
                86.93308512248198,
                27.897971907617226
              ],
              [
                86.93308517800685,
                27.89788163336311
              ],
              [
                86.93318678840697,
                27.89788168265367
              ],
              [
                86.93318673296295,
                27.897971956907785
              ],
              [
                86.93308512248198,
                27.897971907617226
              ]
            ],
            [
              [
                86.93328906305733,
                27.896798440742113
              ],
              [
                86.93328911841152,
                27.89670816647003
              ],
              [
                86.93339072771569,
                27.896708215607877
              ],
              [
                86.93339067245134,
                27.89679848987996
              ],
              [
                86.93328906305733,
                27.896798440742113
              ]
            ],
            [
              [
                86.9336942901984,
                27.898784670488805
              ],
              [
                86.93369445526385,
                27.898513847753403
              ],
              [
                86.93379606624787,
                27.898513896603788
              ],
              [
                86.93379612118882,
                27.89842362234967
              ],
              [
                86.93399934299516,
                27.898423719816883
              ],
              [
                86.93399923346358,
                27.89860426830715
              ],
              [
                86.93410084453744,
                27.898604316932953
              ],
              [
                86.93410078985698,
                27.89869459117809
              ],
              [
                86.9339991786933,
                27.89869454255228
              ],
              [
                86.93399912392302,
                27.898784816797416
              ],
              [
                86.9336942901984,
                27.898784670488805
              ]
            ],
            [
              [
                86.93379721986435,
                27.89661813715056
              ],
              [
                86.93379727479633,
                27.89652786287848
              ],
              [
                86.93389888392981,
                27.896527911648015
              ],
              [
                86.93389882907869,
                27.896618185920097
              ],
              [
                86.93379721986435,
                27.89661813715056
              ]
            ],
            [
              [
                86.93379754944725,
                27.896076491500096
              ],
              [
                86.93379760437024,
                27.89598621721903
              ],
              [
                86.93389921300067,
                27.89598626598857
              ],
              [
                86.93389915815852,
                27.896076540269632
              ],
              [
                86.93379754944725,
                27.896076491500096
              ]
            ],
            [
              [
                86.9338963607149,
                27.900680526960084
              ],
              [
                86.93389647042615,
                27.900499978514734
              ],
              [
                86.93409969612219,
                27.90050007583821
              ],
              [
                86.93409958674332,
                27.900680624283563
              ],
              [
                86.9338963607149,
                27.900680526960084
              ]
            ],
            [
              [
                86.93420158199069,
                27.9000487532653
              ],
              [
                86.93420169119888,
                27.899868204810964
              ],
              [
                86.93440491570915,
                27.899868301685284
              ],
              [
                86.93440480684232,
                27.90004885013962
              ],
              [
                86.93420158199069,
                27.9000487532653
              ]
            ],
            [
              [
                86.93420256481049,
                27.898423816978664
              ],
              [
                86.93420261941009,
                27.89833354273353
              ],
              [
                86.93430423023241,
                27.898333591197638
              ],
              [
                86.93430417572264,
                27.898423865451754
              ],
              [
                86.93420256481049,
                27.898423816978664
              ]
            ],
            [
              [
                86.9342027832089,
                27.898062719980164
              ],
              [
                86.9342028378085,
                27.897972445726047
              ],
              [
                86.93450766926037,
                27.89797259090278
              ],
              [
                86.93450761492129,
                27.898062865156895
              ],
              [
                86.9342027832089,
                27.898062719980164
              ]
            ],
            [
              [
                86.93430384862808,
                27.898965510922555
              ],
              [
                86.93430395765661,
                27.898784962441272
              ],
              [
                86.93450718014567,
                27.898785059153894
              ],
              [
                86.9345070714585,
                27.89896560764416
              ],
              [
                86.93430384862808,
                27.898965510922555
              ]
            ],
            [
              [
                86.93430564752241,
                27.895986460294164
              ],
              [
                86.93430570203218,
                27.895896186013097
              ],
              [
                86.93440731058176,
                27.895896234405342
              ],
              [
                86.93440725615284,
                27.89598650868641
              ],
              [
                86.93430564752241,
                27.895986460294164
              ]
            ],
            [
              [
                86.93450679970914,
                27.899416978833898
              ],
              [
                86.93450701711043,
                27.89905588188031
              ],
              [
                86.93460862860648,
                27.899055930128828
              ],
              [
                86.93460857433926,
                27.89914620437396
              ],
              [
                86.93471018592516,
                27.899146252541627
              ],
              [
                86.93471013174775,
                27.899236526777777
              ],
              [
                86.93460852008101,
                27.89923647861011
              ],
              [
                86.93460841154656,
                27.89941702708241
              ],
              [
                86.93450679970914,
                27.899416978833898
              ]
            ],
            [
              [
                86.93450723449375,
                27.898694784908763
              ],
              [
                86.93450734318989,
                27.898514236418496
              ],
              [
                86.93460895418289,
                27.898514284658027
              ],
              [
                86.93460900844114,
                27.898424010412892
              ],
              [
                86.93481223025647,
                27.89842410667636
              ],
              [
                86.93481233844956,
                27.898243558177107
              ],
              [
                86.935117170665,
                27.898243702015353
              ],
              [
                86.93511706298393,
                27.8984242505146
              ],
              [
                86.93501545208078,
                27.89842420264338
              ],
              [
                86.9350153981549,
                27.898514476897496
              ],
              [
                86.9349137871619,
                27.898514428945425
              ],
              [
                86.93491367913948,
                27.898694977444677
              ],
              [
                86.93511690146686,
                27.898695073258985
              ],
              [
                86.93511695530289,
                27.898604799013853
              ],
              [
                86.93521856638573,
                27.898604846813207
              ],
              [
                86.93521862014092,
                27.89851457255909
              ],
              [
                86.93532023113391,
                27.8985146202776
              ],
              [
                86.93532012378523,
                27.89869516877685
              ],
              [
                86.93521851263054,
                27.898695121058342
              ],
              [
                86.93521840511117,
                27.89887566954861
              ],
              [
                86.93491357111708,
                27.898875525934944
              ],
              [
                86.93491362513278,
                27.89878525168981
              ],
              [
                86.9346087913902,
                27.89878510740241
              ],
              [
                86.93460884565742,
                27.898694833157275
              ],
              [
                86.93450723449375,
                27.898694784908763
              ]
            ],
            [
              [
                86.93491486728722,
                27.89670894372835
              ],
              [
                86.93491492129394,
                27.896618669456267
              ],
              [
                86.93501653051726,
                27.896618717399353
              ],
              [
                86.93501647660037,
                27.896708991671435
              ],
              [
                86.93491486728722,
                27.89670894372835
              ]
            ],
            [
              [
                86.93501636875762,
                27.8968895402156
              ],
              [
                86.93501642267451,
                27.896799265943518
              ],
              [
                86.9351180320685,
                27.89679931381474
              ],
              [
                86.93511797823247,
                27.89688958808682
              ],
              [
                86.93501636875762,
                27.8968895402156
              ]
            ],
            [
              [
                86.93531862086783,
                27.901222847236344
              ],
              [
                86.93531867455116,
                27.90113257302714
              ],
              [
                86.93542028798757,
                27.901132620673785
              ],
              [
                86.93542023439409,
                27.90122289489197
              ],
              [
                86.93531862086783,
                27.901222847236344
              ]
            ],
            [
              [
                86.9353203384736,
                27.89833407177835
              ],
              [
                86.93532039214794,
                27.898243797524234
              ],
              [
                86.93542200288941,
                27.898243845170875
              ],
              [
                86.93542194930491,
                27.89833411942499
              ],
              [
                86.9353203384736,
                27.89833407177835
              ]
            ],
            [
              [
                86.93532130452186,
                27.896709135051537
              ],
              [
                86.93532135818721,
                27.896618860779455
              ],
              [
                86.93542296741053,
                27.896618908417114
              ],
              [
                86.93542291382603,
                27.89670918269818
              ],
              [
                86.93532130452186,
                27.896709135051537
              ]
            ],
            [
              [
                86.9354216277799,
                27.898875764913758
              ],
              [
                86.9354216813644,
                27.898785490668626
              ],
              [
                86.93552329260893,
                27.898785538243402
              ],
              [
                86.93552323910528,
                27.898875812488537
              ],
              [
                86.9354216277799,
                27.898875764913758
              ]
            ],
            [
              [
                86.93542350321967,
                27.895716165615436
              ],
              [
                86.93542355680418,
                27.895625891325388
              ],
              [
                86.93552516509325,
                27.895625938891182
              ],
              [
                86.93552511159858,
                27.89571621318123
              ],
              [
                86.93542350321967,
                27.895716165615436
              ]
            ],
            [
              [
                86.93562501069908,
                27.898605037247066
              ],
              [
                86.93562506411291,
                27.89851476299295
              ],
              [
                86.9362347300889,
                27.898515046402437
              ],
              [
                86.93623478299966,
                27.89842477214832
              ],
              [
                86.93643800482397,
                27.898424866013286
              ],
              [
                86.9364378993348,
                27.89860541452152
              ],
              [
                86.9361330660953,
                27.8986052736028
              ],
              [
                86.93613301309469,
                27.898695547856917
              ],
              [
                86.93572656843996,
                27.898695358914264
              ],
              [
                86.93572662177294,
                27.89860508466913
              ],
              [
                86.93562501069908,
                27.898605037247066
              ]
            ],
            [
              [
                86.93572699511277,
                27.897973164890313
              ],
              [
                86.93572704844576,
                27.897882890636197
              ],
              [
                86.93582865885485,
                27.89788293797741
              ],
              [
                86.93582860560272,
                27.89797321224051
              ],
              [
                86.93572699511277,
                27.897973164890313
              ]
            ],
            [
              [
                86.93582796660411,
                27.899056503244996
              ],
              [
                86.93582801985623,
                27.89896622899986
              ],
              [
                86.93613285410187,
                27.898966370592316
              ],
              [
                86.93613280111025,
                27.89905664483745
              ],
              [
                86.93582796660411,
                27.899056503244996
              ]
            ],
            [
              [
                86.935828712098,
                27.897792663723294
              ],
              [
                86.93582881859328,
                27.897612115197095
              ],
              [
                86.93603203889943,
                27.89761220966393
              ],
              [
                86.93603198581798,
                27.89770248392703
              ],
              [
                86.9361335960564,
                27.897702531043667
              ],
              [
                86.936133649057,
                27.89761225678057
              ],
              [
                86.93643847951174,
                27.897612397690303
              ],
              [
                86.93643853225183,
                27.897522123427205
              ],
              [
                86.93623531211635,
                27.89752202956224
              ],
              [
                86.93623536502712,
                27.897431755299138
              ],
              [
                86.93613375504023,
                27.897431708254366
              ],
              [
                86.93613380804084,
                27.89734143399127
              ],
              [
                86.9362354179379,
                27.89734148103604
              ],
              [
                86.9362355766702,
                27.897070658228774
              ],
              [
                86.93643879596127,
                27.89707075209374
              ],
              [
                86.93643874322117,
                27.897161026365822
              ],
              [
                86.93674357241827,
                27.897161166592838
              ],
              [
                86.93674372988396,
                27.896890343776587
              ],
              [
                86.93684533935881,
                27.896890390372203
              ],
              [
                86.93684539176652,
                27.89680011610012
              ],
              [
                86.93704861055453,
                27.896800209066768
              ],
              [
                86.93704866279155,
                27.8967099347857
              ],
              [
                86.93725188140888,
                27.896710027455907
              ],
              [
                86.93725182935151,
                27.89680030172799
              ],
              [
                86.9373534387455,
                27.89680034794631
              ],
              [
                86.93735338676001,
                27.896890622218393
              ],
              [
                86.93745499624383,
                27.89689066836485
              ],
              [
                86.93745494434816,
                27.896980942645914
              ],
              [
                86.93786138261586,
                27.896981126477154
              ],
              [
                86.93786133105257,
                27.89707140074924
              ],
              [
                86.93775972139805,
                27.897071354899225
              ],
              [
                86.93775966975392,
                27.89716162917131
              ],
              [
                86.93735323082146,
                27.897161445043626
              ],
              [
                86.93735317883595,
                27.897251719315708
              ],
              [
                86.93714995920352,
                27.897251626798216
              ],
              [
                86.93714990704734,
                27.897341901061317
              ],
              [
                86.93725151695338,
                27.897341947360488
              ],
              [
                86.93725136075432,
                27.89761277015877
              ],
              [
                86.93714975059676,
                27.8976127238596
              ],
              [
                86.93714980274396,
                27.8975224495965
              ],
              [
                86.93674336246403,
                27.897522263663202
              ],
              [
                86.93674341495259,
                27.897431989400104
              ],
              [
                86.9365401949788,
                27.897431895984298
              ],
              [
                86.93654014232855,
                27.897522170247395
              ],
              [
                86.93664175239628,
                27.897522216995725
              ],
              [
                86.9366416998179,
                27.897612491258823
              ],
              [
                86.93674330997545,
                27.897612537926303
              ],
              [
                86.93674320499834,
                27.897793086452502
              ],
              [
                86.93653998435082,
                27.897792993036695
              ],
              [
                86.93654003701006,
                27.897702718773594
              ],
              [
                86.93643842677164,
                27.897702671953404
              ],
              [
                86.9364382158023,
                27.898063768996817
              ],
              [
                86.93633660522252,
                27.898063722095777
              ],
              [
                86.93633649957167,
                27.898244270612995
              ],
              [
                86.93623488883019,
                27.898244223640088
              ],
              [
                86.93623483591942,
                27.898334497894204
              ],
              [
                86.93613322508811,
                27.898334450849433
              ],
              [
                86.93613333108034,
                27.8981539023412
              ],
              [
                86.9360317204197,
                27.89815385521558
              ],
              [
                86.93603187966406,
                27.89788303244425
              ],
              [
                86.93593026925497,
                27.897882985246763
              ],
              [
                86.93593032242624,
                27.897792710992647
              ],
              [
                86.935828712098,
                27.897792663723294
              ]
            ],
            [
              [
                86.93613221810364,
                27.900049661453068
              ],
              [
                86.93613227110423,
                27.899959387216917
              ],
              [
                86.93633549579417,
                27.89995948124358
              ],
              [
                86.93633544296425,
                27.90004975547973
              ],
              [
                86.93613221810364,
                27.900049661453068
              ]
            ],
            [
              [
                86.93623446552606,
                27.898966417646072
              ],
              [
                86.93623451843683,
                27.898876143391956
              ],
              [
                86.93633612977119,
                27.89887619036486
              ],
              [
                86.93633607694127,
                27.898966464618976
              ],
              [
                86.93623446552606,
                27.898966417646072
              ]
            ],
            [
              [
                86.93654066888503,
                27.896619427544532
              ],
              [
                86.93654077419454,
                27.896438878991386
              ],
              [
                86.93664238325616,
                27.896438925730727
              ],
              [
                86.93664233068675,
                27.896529200011795
              ],
              [
                86.93674393982923,
                27.896529246679275
              ],
              [
                86.93674388734065,
                27.896619520951358
              ],
              [
                86.93654066888503,
                27.896619427544532
              ]
            ],
            [
              [
                86.93674205016913,
                27.899779119926286
              ],
              [
                86.93674220765277,
                27.89950829720885
              ],
              [
                86.93704704343453,
                27.89950843678908
              ],
              [
                86.93704693895147,
                27.89968898526138
              ],
              [
                86.93694532685355,
                27.899688938809497
              ],
              [
                86.93694527452668,
                27.899779213045647
              ],
              [
                86.93674205016913,
                27.899779119926286
              ]
            ],
            [
              [
                86.93674268009475,
                27.898695829011633
              ],
              [
                86.93674273258331,
                27.8986055547665
              ],
              [
                86.93684434366615,
                27.898605601362114
              ],
              [
                86.93684429125844,
                27.89869587560725
              ],
              [
                86.93674268009475,
                27.898695829011633
              ]
            ],
            [
              [
                86.93694459426845,
                27.900952778016787
              ],
              [
                86.93694469892218,
                27.900772229571434
              ],
              [
                86.93714792513924,
                27.900772322403338
              ],
              [
                86.93714797729544,
                27.90068204817617
              ],
              [
                86.93735120334182,
                27.900682140711627
              ],
              [
                86.93735099537285,
                27.901043237593345
              ],
              [
                86.93704615529715,
                27.901043098686852
              ],
              [
                86.93704620754318,
                27.90095282446867
              ],
              [
                86.93694459426845,
                27.900952778016787
              ]
            ],
            [
              [
                86.93704652101029,
                27.900411179123633
              ],
              [
                86.93704667773936,
                27.90014035643315
              ],
              [
                86.9371482902505,
                27.900140402813168
              ],
              [
                86.93714813378196,
                27.900411225503653
              ],
              [
                86.93704652101029,
                27.900411179123633
              ]
            ],
            [
              [
                86.93714855104042,
                27.899689031641397
              ],
              [
                86.93714865536178,
                27.899508483160115
              ],
              [
                86.93725026728005,
                27.899508529459286
              ],
              [
                86.93725031935539,
                27.899418255223136
              ],
              [
                86.93735193120177,
                27.899418301441457
              ],
              [
                86.9373518792073,
                27.89950857568659
              ],
              [
                86.93745349113455,
                27.899508621833046
              ],
              [
                86.93745338732523,
                27.89968917031433
              ],
              [
                86.93714855104042,
                27.899689031641397
              ]
            ],
            [
              [
                86.93725193347524,
                27.89661975317484
              ],
              [
                86.93725198554158,
                27.896529478893775
              ],
              [
                86.93735359468405,
                27.896529525112097
              ],
              [
                86.93735354270754,
                27.89661979939316
              ],
              [
                86.93725193347524,
                27.89661975317484
              ]
            ],
            [
              [
                86.9374545291648,
                27.89770313679563
              ],
              [
                86.93745458106048,
                27.897612862523548
              ],
              [
                86.93755619121805,
                27.897612908598138
              ],
              [
                86.93755613940321,
                27.89770318286124
              ],
              [
                86.9374545291648,
                27.89770313679563
              ]
            ],
            [
              [
                86.93755588032909,
                27.898154554167753
              ],
              [
                86.93755593214392,
                27.898064279913637
              ],
              [
                86.9376575427237,
                27.898064325907377
              ],
              [
                86.93765749098972,
                27.89815460017048
              ],
              [
                86.93755588032909,
                27.898154554167753
              ]
            ],
            [
              [
                86.9376554215408,
                27.901765569562592
              ],
              [
                86.93765547327477,
                27.901675295344408
              ],
              [
                86.93775708723221,
                27.90167534127527
              ],
              [
                86.9377570355701,
                27.901765615484468
              ],
              [
                86.9376554215408,
                27.901765569562592
              ]
            ],
            [
              [
                86.93765666325507,
                27.89959898814651
              ],
              [
                86.93765676672302,
                27.89941843966523
              ],
              [
                86.93775837856943,
                27.89941848559609
              ],
              [
                86.93775843022254,
                27.899328211350955
              ],
              [
                86.93786004197912,
                27.899328257200967
              ],
              [
                86.93785993884354,
                27.899508805682252
              ],
              [
                86.9377583269163,
                27.89950875983224
              ],
              [
                86.93775827526316,
                27.899599034077372
              ],
              [
                86.93765666325507,
                27.89959898814651
              ]
            ],
            [
              [
                86.9377584818667,
                27.899237937105823
              ],
              [
                86.93775853351983,
                27.89914766286069
              ],
              [
                86.93786014510572,
                27.8991477087107
              ],
              [
                86.93786009354241,
                27.899237982955835
              ],
              [
                86.9377584818667,
                27.899237937105823
              ]
            ],
            [
              [
                86.93785968100909,
                27.899960176871986
              ],
              [
                86.93785973258137,
                27.89986990264482
              ],
              [
                86.937961344841,
                27.899869948413983
              ],
              [
                86.93796129335855,
                27.899960222650133
              ],
              [
                86.93785968100909,
                27.899960176871986
              ]
            ],
            [
              [
                86.93786153728779,
                27.89671030364294
              ],
              [
                86.93786158885109,
                27.896620029370858
              ],
              [
                86.9379631980834,
                27.89662007514002
              ],
              [
                86.93796314660993,
                27.896710349412103
              ],
              [
                86.93786153728779,
                27.89671030364294
              ]
            ],
            [
              [
                86.93806311130542,
                27.89959917140283
              ],
              [
                86.93806321409964,
                27.899418622921548
              ],
              [
                86.93816482594605,
                27.89941866854698
              ],
              [
                86.93816472331352,
                27.899599217028264
              ],
              [
                86.93806311130542,
                27.89959917140283
              ]
            ],
            [
              [
                86.93826833309397,
                27.896078566293994
              ],
              [
                86.9382683843159,
                27.895988292012927
              ],
              [
                86.93847160159474,
                27.895988382868534
              ],
              [
                86.93847149949222,
                27.89616893144863
              ],
              [
                86.93836989068213,
                27.89616888605676
              ],
              [
                86.93836994182321,
                27.89607861176671
              ],
              [
                86.93826833309397,
                27.896078566293994
              ]
            ],
            [
              [
                86.93836963500362,
                27.896620257462093
              ],
              [
                86.93836968613573,
                27.89652998319001
              ],
              [
                86.93847129528719,
                27.89653002858188
              ],
              [
                86.93847124423593,
                27.896620302862946
              ],
              [
                86.93836963500362,
                27.896620257462093
              ]
            ],
            [
              [
                86.9318676622867,
                27.89499225934866
              ],
              [
                86.93186771881768,
                27.894901985058606
              ],
              [
                86.93196932642404,
                27.894902035247483
              ],
              [
                86.93196926998289,
                27.894992309537532
              ],
              [
                86.9318676622867,
                27.89499225934866
              ]
            ],
            [
              [
                86.92881866371887,
                27.896164284535534
              ],
              [
                86.92881860465465,
                27.896254558807616
              ],
              [
                86.92871699579065,
                27.896254506292106
              ],
              [
                86.92871705493573,
                27.896164232029005
              ],
              [
                86.92881866371887,
                27.896164284535534
              ]
            ],
            [
              [
                86.9318676622867,
                27.89499225934866
              ],
              [
                86.93186760575573,
                27.895082533638707
              ],
              [
                86.93176599797869,
                27.895082483377966
              ],
              [
                86.93176605459051,
                27.894992209087917
              ],
              [
                86.9318676622867,
                27.89499225934866
              ]
            ],
            [
              [
                86.93379551687417,
                27.89941663901021
              ],
              [
                86.93399874054002,
                27.899416736477416
              ],
              [
                86.93399868576974,
                27.899507010713567
              ],
              [
                86.9337954619332,
                27.89950691324636
              ],
              [
                86.93379551687417,
                27.89941663901021
              ]
            ],
            [
              [
                86.93796376428253,
                27.895627057994396
              ],
              [
                86.93806537258958,
                27.895627103691695
              ],
              [
                86.93806532119696,
                27.895717377981743
              ],
              [
                86.93796371281805,
                27.895717332284445
              ],
              [
                86.93796376428253,
                27.895627057994396
              ]
            ],
            [
              [
                86.92881872277412,
                27.896074010272432
              ],
              [
                86.92871711408081,
                27.896073957756922
              ],
              [
                86.92871717322589,
                27.89598368349382
              ],
              [
                86.92881878183834,
                27.89598373600035
              ],
              [
                86.92881872277412,
                27.896074010272432
              ]
            ],
            [
              [
                86.93420201880548,
                27.89932655941203
              ],
              [
                86.93430363056204,
                27.899326607885122
              ],
              [
                86.93430357604329,
                27.899416882121272
              ],
              [
                86.93420196420587,
                27.899416833648182
              ],
              [
                86.93420201880548,
                27.89932655941203
              ]
            ],
            [
              [
                86.93796376428253,
                27.895627057994396
              ],
              [
                86.93786215598448,
                27.895627012225233
              ],
              [
                86.9378622075388,
                27.895536737935185
              ],
              [
                86.937963815756,
                27.895536783704348
              ],
              [
                86.93796376428253,
                27.895627057994396
              ]
            ],
            [
              [
                86.93379551687417,
                27.89941663901021
              ],
              [
                86.93369390503675,
                27.899416590159824
              ],
              [
                86.93369396005856,
                27.899326315923673
              ],
              [
                86.93379557181512,
                27.89932636477406
              ],
              [
                86.93379551687417,
                27.89941663901021
              ]
            ],
            [
              [
                86.93420201880548,
                27.89932655941203
              ],
              [
                86.93410040705788,
                27.899326510867073
              ],
              [
                86.93410046174732,
                27.899236236621938
              ],
              [
                86.93420207341406,
                27.89923628517588
              ],
              [
                86.93420201880548,
                27.89932655941203
              ]
            ],
            [
              [
                86.92881866371887,
                27.896164284535534
              ],
              [
                86.92881872277412,
                27.896074010272432
              ],
              [
                86.92902194017871,
                27.896074115060912
              ],
              [
                86.92902188128517,
                27.896164389332995
              ],
              [
                86.92881866371887,
                27.896164284535534
              ]
            ]
          ],
          [
            [
              [
                86.92007911558524,
                27.897784431202705
              ],
              [
                86.9200790492716,
                27.89787470542987
              ],
              [
                86.91997743890742,
                27.89787464647344
              ],
              [
                86.91997750531088,
                27.897784372246274
              ],
              [
                86.92007911558524,
                27.897784431202705
              ]
            ]
          ],
          [
            [
              [
                86.92800322455945,
                27.90004565473334
              ],
              [
                86.92800310506556,
                27.900226203160724
              ],
              [
                86.92790149249151,
                27.90022615004334
              ],
              [
                86.92790143265474,
                27.900316424252544
              ],
              [
                86.92759659467211,
                27.900316264451238
              ],
              [
                86.92759671484873,
                27.90013571602385
              ],
              [
                86.92790155231931,
                27.900135875825157
              ],
              [
                86.92790161215609,
                27.900045601615957
              ],
              [
                86.92800322455945,
                27.90004565473334
              ]
            ]
          ],
          [
            [
              [
                86.93003524054684,
                27.900407798233214
              ],
              [
                86.93023846604525,
                27.900407901243028
              ],
              [
                86.93023840815782,
                27.900498175461212
              ],
              [
                86.93003518247974,
                27.900498072442414
              ],
              [
                86.93003524054684,
                27.900407798233214
              ]
            ]
          ]
        ]
      },
      "id": "+17855+5151",
      "properties": {
        "area_m2": 1376424.5090703117,
        "count": 13732,
        "image_id": "COPERNICUS/S1_GRD/S1A_IW_GRDH_1SDV_20211001T001139_20211001T001204_039918_04B945_6E1A",
        "lake_id": "imja-tsho",
        "observed_at": "2021-10-01T00:11:39Z",
        "water": 1
      }
    }
  ]
}
