{
  "type": "FeatureCollection",
  "features": [
    {
      "type": "Feature",
      "geometry": {
        "geodesic": false,
        "type": "MultiPolygon",
        "coordinates": [
          [
            [
              [
                86.92821339170838,
                27.898602497386364
              ],
              [
                86.92861983594987,
                27.898602708481473
              ],
              [
                86.92861977672395,
                27.89869298270864
              ],
              [
                86.9282133321321,
                27.898692771622514
              ],
              [
                86.92821339170838,
                27.898602497386364
              ]
            ]
          ],
          [
            [
              [
                86.92943313435212,
                27.89797120738046
              ],
              [
                86.9295347448241,
                27.897971259365967
              ],
              [
                86.92953462788141,
                27.898151807856234
              ],
              [
                86.92943301723875,
                27.898151755861743
              ],
              [
                86.92943295868656,
                27.89824203010688
              ],
              [
                86.92933134796306,
                27.898241978049505
              ],
              [
                86.92933146523812,
                27.898061429559238
              ],
              [
                86.92943307579992,
                27.898061481625593
              ],
              [
                86.92943313435212,
                27.89797120738046
              ]
            ]
          ],
          [
            [
              [
                86.931873255557,
                27.895625303440916
              ],
              [
                86.931873199035,
                27.895715577721983
              ],
              [
                86.93207641577483,
                27.8957156780099
              ],
              [
                86.93207652848645,
                27.89553512944777
              ],
              [
                86.9322797449029,
                27.895535229439243
              ],
              [
                86.93227968871328,
                27.895625503720307
              ],
              [
                86.93238129700235,
                27.895625553603757
              ],
              [
                86.93238124089358,
                27.89571582788482
              ],
              [
                86.93227963252366,
                27.895715778001374
              ],
              [
                86.93227957633404,
                27.895806052282442
              ],
              [
                86.93177153404426,
                27.89580580174231
              ],
              [
                86.93177164726791,
                27.895625253180174
              ],
              [
                86.931873255557,
                27.895625303440916
              ]
            ]
          ],
          [
            [
              [
                86.931873255557,
                27.895625303440916
              ],
              [
                86.93187331207899,
                27.89553502915985
              ],
              [
                86.93177170387975,
                27.89553497889911
              ],
              [
                86.93177176048259,
                27.895444704618043
              ],
              [
                86.93167015236419,
                27.895444654285438
              ],
              [
                86.93167020905688,
                27.895354380004374
              ],
              [
                86.93146699299076,
                27.89535427911458
              ],
              [
                86.9314669361274,
                27.89544455339565
              ],
              [
                86.93126371989062,
                27.895444452209414
              ],
              [
                86.93126366285658,
                27.89553472649048
              ],
              [
                86.9313652710648,
                27.89553477711953
              ],
              [
                86.9313652141206,
                27.895625051400597
              ],
              [
                86.93116199754246,
                27.89562495006165
              ],
              [
                86.93116188331268,
                27.895805498623783
              ],
              [
                86.93106027485294,
                27.89580544784202
              ],
              [
                86.9310602176572,
                27.8958957221141
              ],
              [
                86.9309586091166,
                27.895895671260472
              ],
              [
                86.93095855183103,
                27.895985945532555
              ],
              [
                86.93106016045249,
                27.89598599639517
              ],
              [
                86.93106010325675,
                27.89607627066725
              ],
              [
                86.93095849454546,
                27.896076219804637
              ],
              [
                86.9309584372599,
                27.896166494085705
              ],
              [
                86.93075521967565,
                27.896166392144888
              ],
              [
                86.9307552771319,
                27.896076117872802
              ],
              [
                86.93065366842958,
                27.896076066785614
              ],
              [
                86.93065355334642,
                27.89625661532978
              ],
              [
                86.9307551622194,
                27.89625666641697
              ],
              [
                86.93075510477213,
                27.89634694068007
              ],
              [
                86.93085671372596,
                27.89634699168641
              ],
              [
                86.93085665635955,
                27.896437265958493
              ],
              [
                86.9309582654032,
                27.89643731689297
              ],
              [
                86.93095820811764,
                27.896527591165054
              ],
              [
                86.93075498985964,
                27.896527489215252
              ],
              [
                86.93075504731588,
                27.89643721495215
              ],
              [
                86.9302470020976,
                27.896436958788566
              ],
              [
                86.93024694421915,
                27.896527233051664
              ],
              [
                86.93045016247714,
                27.89652733574707
              ],
              [
                86.93045010476936,
                27.896617610010168
              ],
              [
                86.93055171397472,
                27.896617661241088
              ],
              [
                86.93055165635678,
                27.896707935513174
              ],
              [
                86.9304500470616,
                27.89670788427327
              ],
              [
                86.93044998934484,
                27.896798158536367
              ],
              [
                86.93024677058378,
                27.89679805584995
              ],
              [
                86.93024671270533,
                27.896888330113047
              ],
              [
                86.93014510324845,
                27.896888278648564
              ],
              [
                86.93014498732086,
                27.897068827174763
              ],
              [
                86.93004337768431,
                27.897068775638417
              ],
              [
                86.93004331964416,
                27.897159049892533
              ],
              [
                86.92994170992677,
                27.89715899828432
              ],
              [
                86.9299416517878,
                27.897249272538435
              ],
              [
                86.92973843219131,
                27.89724916909743
              ],
              [
                86.92973837389066,
                27.897339443351548
              ],
              [
                86.92963676400258,
                27.897339391518756
              ],
              [
                86.92963670562106,
                27.897429665772872
              ],
              [
                86.92983992555891,
                27.897429769366592
              ],
              [
                86.92983998377873,
                27.897339495112476
              ],
              [
                86.93014481343397,
                27.897339649946097
              ],
              [
                86.93014469750638,
                27.89752019845433
              ],
              [
                86.93004308744763,
                27.897520146917984
              ],
              [
                86.93004302939849,
                27.8976104211721
              ],
              [
                86.9299414192589,
                27.897610369554904
              ],
              [
                86.92994124485996,
                27.89788119230827
              ],
              [
                86.92983963446883,
                27.89788114061921
              ],
              [
                86.92983969268865,
                27.897790866374073
              ],
              [
                86.92973808237836,
                27.89779081461315
              ],
              [
                86.929738140688,
                27.897700540368014
              ],
              [
                86.92953492023813,
                27.897700436621584
              ],
              [
                86.92953486176678,
                27.897790710866715
              ],
              [
                86.92943325146548,
                27.89779065888121
              ],
              [
                86.92943313435212,
                27.89797120738046
              ],
              [
                86.92933152388014,
                27.897971155314107
              ],
              [
                86.92933158252215,
                27.89788088106897
              ],
              [
                86.92922997213103,
                27.897880828939737
              ],
              [
                86.92922985468529,
                27.898061377430004
              ],
              [
                86.92912824412348,
                27.89806132521992
              ],
              [
                86.92912818531077,
                27.89815159945607
              ],
              [
                86.9290265746771,
                27.89815154717412
              ],
              [
                86.92902669245521,
                27.897970998683853
              ],
              [
                86.92912830293618,
                27.897971050974785
              ],
              [
                86.9291283617399,
                27.897880776729654
              ],
              [
                86.92902675134877,
                27.89788072443872
              ],
              [
                86.92902681024232,
                27.897790450193586
              ],
              [
                86.92892519994102,
                27.89779039783079
              ],
              [
                86.92892531788982,
                27.897609849340522
              ],
              [
                86.92902692802942,
                27.897609901694338
              ],
              [
                86.92902698692296,
                27.897519627449203
              ],
              [
                86.92872215676466,
                27.897519470145212
              ],
              [
                86.9287220976196,
                27.89760974439933
              ],
              [
                86.92841726721875,
                27.897609586421606
              ],
              [
                86.92841720782215,
                27.897699860666737
              ],
              [
                86.9283155976017,
                27.89769980785478
              ],
              [
                86.92831565708813,
                27.89760953360965
              ],
              [
                86.92801082668728,
                27.89760937473361
              ],
              [
                86.92801076694933,
                27.89769964897874
              ],
              [
                86.92790915672887,
                27.897699595870343
              ],
              [
                86.92790909691006,
                27.897789870115474
              ],
              [
                86.92780748660876,
                27.89778981693521
              ],
              [
                86.9278074267091,
                27.897880091180344
              ],
              [
                86.92770581631797,
                27.89788003791923
              ],
              [
                86.92770575632846,
                27.897970312164365
              ],
              [
                86.92760414586547,
                27.897970258831386
              ],
              [
                86.92760408578614,
                27.898060533076517
              ],
              [
                86.92780730690079,
                27.898060639661626
              ],
              [
                86.92780724699215,
                27.89815091390676
              ],
              [
                86.92770563635847,
                27.898150860645647
              ],
              [
                86.9277055163705,
                27.898331409126932
              ],
              [
                86.92750229476178,
                27.898331302380125
              ],
              [
                86.92750235492196,
                27.898241028143975
              ],
              [
                86.92729913347493,
                27.898240921100726
              ],
              [
                86.92729901282222,
                27.898421469573027
              ],
              [
                86.9274006237164,
                27.898421523130583
              ],
              [
                86.92740056346639,
                27.898511797366734
              ],
              [
                86.92750217444143,
                27.898511850852426
              ],
              [
                86.9275022346016,
                27.898421576616276
              ],
              [
                86.92801028905457,
                27.89842184291286
              ],
              [
                86.9280102293256,
                27.89851211714901
              ],
              [
                86.92821345127567,
                27.898512223150213
              ],
              [
                86.92821339170838,
                27.898602497386364
              ],
              [
                86.92780694746688,
                27.898602285096494
              ],
              [
                86.92780700736654,
                27.898512010860344
              ],
              [
                86.92760378541647,
                27.898511904266254
              ],
              [
                86.92760372534612,
                27.89860217849342
              ],
              [
                86.92740050322537,
                27.898602071602884
              ],
              [
                86.92740044298435,
                27.898692345839034
              ],
              [
                86.92729883183863,
                27.898692292272496
              ],
              [
                86.92729871117692,
                27.898872840735812
              ],
              [
                86.92740032249331,
                27.89887289429337
              ],
              [
                86.92740026224331,
                27.89896316852952
              ],
              [
                86.92709542806057,
                27.898963007623287
              ],
              [
                86.92709530706648,
                27.89914355607762
              ],
              [
                86.92719691862541,
                27.89914360978789
              ],
              [
                86.92719685821372,
                27.899233884006076
              ],
              [
                86.9268920232674,
                27.899233722650685
              ],
              [
                86.92689190193195,
                27.899414271096035
              ],
              [
                86.92668867830203,
                27.89941416315447
              ],
              [
                86.92668855662522,
                27.899594711590836
              ],
              [
                86.92658694464407,
                27.899594657503275
              ],
              [
                86.9265868227966,
                27.899775205939644
              ],
              [
                86.9266884349574,
                27.899775260027205
              ],
              [
                86.9266883132806,
                27.899955808454592
              ],
              [
                86.92648508863559,
                27.8999557002076
              ],
              [
                86.92648502763099,
                27.9000459744168
              ],
              [
                86.92638341521865,
                27.900045920185505
              ],
              [
                86.92638335413321,
                27.900136194394708
              ],
              [
                86.92648496661742,
                27.900136248634983
              ],
              [
                86.92648484460824,
                27.900316797053385
              ],
              [
                86.92638323194437,
                27.900316742813107
              ],
              [
                86.92638317084995,
                27.90040701702231
              ],
              [
                86.92658639633937,
                27.900407125422014
              ],
              [
                86.9265862744919,
                27.900587673840416
              ],
              [
                86.92617982284827,
                27.90058745673558
              ],
              [
                86.9261799453695,
                27.90040690832616
              ],
              [
                86.92607833262477,
                27.900406853861305
              ],
              [
                86.92607820993287,
                27.900587402270723
              ],
              [
                86.92597659702646,
                27.900587347734003
              ],
              [
                86.92597671988904,
                27.900406799324582
              ],
              [
                86.92587510714432,
                27.900406744707013
              ],
              [
                86.92587516866095,
                27.900316470497813
              ],
              [
                86.92577355600606,
                27.90031641581736
              ],
              [
                86.92577361760355,
                27.90022614160816
              ],
              [
                86.92567200502951,
                27.90022608684686
              ],
              [
                86.92567212839515,
                27.90004553842846
              ],
              [
                86.9257737407985,
                27.90004559318976
              ],
              [
                86.92577380239598,
                27.899955318971575
              ],
              [
                86.92567219007348,
                27.899955264210277
              ],
              [
                86.9256722517518,
                27.899864990001074
              ],
              [
                86.92546902728645,
                27.899864880253897
              ],
              [
                86.92546890358844,
                27.9000454286723
              ],
              [
                86.9255705159918,
                27.90004548358631
              ],
              [
                86.92557039245547,
                27.900226032004714
              ],
              [
                86.92536716731638,
                27.90022592210482
              ],
              [
                86.92536698150884,
                27.90049674472344
              ],
              [
                86.92546859433442,
                27.9004967997183
              ],
              [
                86.92546853247643,
                27.90058707391852
              ],
              [
                86.9252653066636,
                27.900586963865916
              ],
              [
                86.92526536868328,
                27.900496689665697
              ],
              [
                86.92516375585772,
                27.900496634527105
              ],
              [
                86.92516381796725,
                27.900406360326887
              ],
              [
                86.92506220522252,
                27.900406305107445
              ],
              [
                86.92506226741288,
                27.90031603090723
              ],
              [
                86.92496065475801,
                27.900315975615925
              ],
              [
                86.92496046793538,
                27.900586798234542
              ],
              [
                86.92455401630971,
                27.900586576332703
              ],
              [
                86.9245540789223,
                27.900496302132485
              ],
              [
                86.92465569174786,
                27.900496357720233
              ],
              [
                86.9246557542706,
                27.900406083511033
              ],
              [
                86.92475736700634,
                27.900406139026916
              ],
              [
                86.92475742944823,
                27.900315864817717
              ],
              [
                86.92435097883768,
                27.900315642322987
              ],
              [
                86.9243509160634,
                27.900405916532186
              ],
              [
                86.92414769058296,
                27.900405804826683
              ],
              [
                86.92414775353689,
                27.900315530626465
              ],
              [
                86.924046140882,
                27.900315474661422
              ],
              [
                86.92404607784722,
                27.90040574887062
              ],
              [
                86.92384285238474,
                27.900405636724944
              ],
              [
                86.92384266277733,
                27.900676459325595
              ],
              [
                86.92374104979007,
                27.900676403135975
              ],
              [
                86.92374117636268,
                27.90049585473554
              ],
              [
                86.92353795072054,
                27.900495742140702
              ],
              [
                86.92353788726355,
                27.90058601634092
              ],
              [
                86.92363950016997,
                27.900586072674272
              ],
              [
                86.9236394368028,
                27.900676346874487
              ],
              [
                86.92333459784102,
                27.90067617764087
              ],
              [
                86.9233346614597,
                27.900585903440653
              ],
              [
                86.92313143565586,
                27.900585790243944
              ],
              [
                86.92313137186649,
                27.900676064444163
              ],
              [
                86.92302975887922,
                27.90067600773352
              ],
              [
                86.92302982275842,
                27.9005857335333
              ],
              [
                86.92292820985202,
                27.900585676750794
              ],
              [
                86.92292814589197,
                27.900675950951012
              ],
              [
                86.92282653290471,
                27.90067589408765
              ],
              [
                86.92282640481393,
                27.900856442479103
              ],
              [
                86.92262317850702,
                27.900856328527812
              ],
              [
                86.92262337115073,
                27.900585505945124
              ],
              [
                86.92242014535589,
                27.900585391697387
              ],
              [
                86.92241995220013,
                27.900856214280072
              ],
              [
                86.92231833905117,
                27.900856157048405
              ],
              [
                86.92231840352325,
                27.900765882857172
              ],
              [
                86.92221679045515,
                27.900765825544656
              ],
              [
                86.92221685499909,
                27.900675551344438
              ],
              [
                86.92211524202082,
                27.90067549396006
              ],
              [
                86.92211504811048,
                27.900946316542747
              ],
              [
                86.9216069819345,
                27.900946028488967
              ],
              [
                86.9216069168785,
                27.9010363026802
              ],
              [
                86.92150530355886,
                27.90103624484666
              ],
              [
                86.9215053686957,
                27.900945970655428
              ],
              [
                86.9214037554659,
                27.900945912741044
              ],
              [
                86.92140369023923,
                27.901036186932277
              ],
              [
                86.92099723696965,
                27.901035954538113
              ],
              [
                86.92099717140162,
                27.901126228729346
              ],
              [
                86.92089555800113,
                27.901126170446652
              ],
              [
                86.92089562365001,
                27.90103589625542
              ],
              [
                86.92048917038045,
                27.90103566237005
              ],
              [
                86.92048910439918,
                27.9011259365523
              ],
              [
                86.92018426419773,
                27.901125760347757
              ],
              [
                86.9201843304395,
                27.901035486165508
              ],
              [
                86.92008271712884,
                27.90103542728094
              ],
              [
                86.92008278345146,
                27.900945153089705
              ],
              [
                86.91987955699184,
                27.900945035095994
              ],
              [
                86.91987942400525,
                27.90112558346948
              ],
              [
                86.91977781060476,
                27.90112552436033
              ],
              [
                86.91977774403061,
                27.901215798542584
              ],
              [
                86.91937129010527,
                27.901215561351417
              ],
              [
                86.91937122318977,
                27.90130583553367
              ],
              [
                86.91916799605642,
                27.901305716488928
              ],
              [
                86.9191680631426,
                27.901215442315657
              ],
              [
                86.91886322269859,
                27.901215263182607
              ],
              [
                86.91886329003631,
                27.901124989000355
              ],
              [
                86.9187616766448,
                27.90112492914561
              ],
              [
                86.91876160922624,
                27.90121520332786
              ],
              [
                86.91835515530988,
                27.90121496313632
              ],
              [
                86.91835508754995,
                27.90130523731857
              ],
              [
                86.9179486333102,
                27.90130499593227
              ],
              [
                86.91794856520893,
                27.901395270114524
              ],
              [
                86.91774533792287,
                27.901395148967723
              ],
              [
                86.91774526965989,
                27.901485423149975
              ],
              [
                86.91754204220314,
                27.90148530170673
              ],
              [
                86.91754197376949,
                27.90157557588
              ],
              [
                86.91733874614206,
                27.90157545413133
              ],
              [
                86.91733867753771,
                27.901665728304597
              ],
              [
                86.9171354497486,
                27.901665606268466
              ],
              [
                86.91713538097358,
                27.901755880432752
              ],
              [
                86.91652569710315,
                27.90175551250976
              ],
              [
                86.91652548926893,
                27.9020263350116
              ],
              [
                86.916423875042,
                27.902026273423104
              ],
              [
                86.91642394440092,
                27.901935999258818
              ],
              [
                86.91622071610874,
                27.90193587586623
              ],
              [
                86.91622064657915,
                27.902026150030515
              ],
              [
                86.9161190323522,
                27.902026088226425
              ],
              [
                86.91611896273277,
                27.902116362390707
              ],
              [
                86.91540766254234,
                27.902115927624077
              ],
              [
                86.915407592339,
                27.902206201788363
              ],
              [
                86.91500113474854,
                27.902205951697386
              ],
              [
                86.91500120529322,
                27.902115677542085
              ],
              [
                86.91489959098544,
                27.902115614830695
              ],
              [
                86.91489966161099,
                27.902025340675394
              ],
              [
                86.91500127583792,
                27.9020254033778
              ],
              [
                86.91500134638262,
                27.901935129213516
              ],
              [
                86.91510296052871,
                27.90193519185304
              ],
              [
                86.91510324235718,
                27.901574095186916
              ],
              [
                86.91500162855245,
                27.901574032556375
              ],
              [
                86.91500169908815,
                27.90148375839209
              ],
              [
                86.91479847164938,
                27.901483632897445
              ],
              [
                86.91479854236476,
                27.90139335873316
              ],
              [
                86.9146969287307,
                27.90139329587804
              ],
              [
                86.91469699951796,
                27.90130302170477
              ],
              [
                86.91459538597374,
                27.901302958777784
              ],
              [
                86.91459552772788,
                27.90112241043125
              ],
              [
                86.91449391434537,
                27.901122347423414
              ],
              [
                86.9144939853033,
                27.901032073250146
              ],
              [
                86.9143923720106,
                27.901032010170447
              ],
              [
                86.91439244304938,
                27.90094173599718
              ],
              [
                86.91449405626122,
                27.90094179907688
              ],
              [
                86.91449419818605,
                27.90076125073034
              ],
              [
                86.91439258514488,
                27.900761187650645
              ],
              [
                86.91439265618367,
                27.900670913468392
              ],
              [
                86.91398620435139,
                27.900670660403993
              ],
              [
                86.91398627573153,
                27.900580386230725
              ],
              [
                86.91378304999056,
                27.900580259244876
              ],
              [
                86.91378312153239,
                27.90048998507161
              ],
              [
                86.91368150875174,
                27.900489921470886
              ],
              [
                86.9136814371111,
                27.900580195644153
              ],
              [
                86.91357982424061,
                27.900580131962585
              ],
              [
                86.91357989596212,
                27.900489857789314
              ],
              [
                86.91347828317248,
                27.90048979403588
              ],
              [
                86.91347835497481,
                27.90039951985363
              ],
              [
                86.91307190416663,
                27.900399264094283
              ],
              [
                86.91307197630135,
                27.900308989921015
              ],
              [
                86.91297036368239,
                27.900308925790288
              ],
              [
                86.9129705081315,
                27.90012837743477
              ],
              [
                86.91276728323494,
                27.900128248957717
              ],
              [
                86.91276706605824,
                27.900399071495485
              ],
              [
                86.91286867875804,
                27.900399135769945
              ],
              [
                86.91286853414725,
                27.900579684125464
              ],
              [
                86.91266530840629,
                27.9005795554957
              ],
              [
                86.91266538088236,
                27.900489281313448
              ],
              [
                86.91256376809274,
                27.900489216886275
              ],
              [
                86.91256369553581,
                27.900579491068527
              ],
              [
                86.91246208266533,
                27.90057942656051
              ],
              [
                86.91246215531208,
                27.900489152387237
              ],
              [
                86.91236054253143,
                27.90048908780735
              ],
              [
                86.91236061525903,
                27.900398813634084
              ],
              [
                86.91246222795884,
                27.90039887821397
              ],
              [
                86.9124623006056,
                27.900308604031718
              ],
              [
                86.91256391321556,
                27.90030866853974
              ],
              [
                86.9125640583384,
                27.900128120175236
              ],
              [
                86.91246244589013,
                27.9001280556762
              ],
              [
                86.91246259118364,
                27.899947507311698
              ],
              [
                86.91286904029401,
                27.899947764867672
              ],
              [
                86.91286911259941,
                27.899857490676435
              ],
              [
                86.91297072479615,
                27.89985755487903
              ],
              [
                86.91297094146081,
                27.899586732323293
              ],
              [
                86.9128693295156,
                27.8995866681207
              ],
              [
                86.91286961873719,
                27.89922557135576
              ],
              [
                86.91297123034104,
                27.899225635558356
              ],
              [
                86.91297130255661,
                27.899135361358137
              ],
              [
                86.91307291407962,
                27.899135425488865
              ],
              [
                86.91307298621435,
                27.899045151288647
              ],
              [
                86.91317459765649,
                27.89904521533853
              ],
              [
                86.91317466970139,
                27.89895494113831
              ],
              [
                86.91358111511968,
                27.898955196583245
              ],
              [
                86.9135812585447,
                27.89877464818281
              ],
              [
                86.91368286972634,
                27.898774711855395
              ],
              [
                86.91368301298068,
                27.898594163454963
              ],
              [
                86.91378462400064,
                27.898594227055682
              ],
              [
                86.91378469554246,
                27.898503952846482
              ],
              [
                86.91368308461234,
                27.898503889254744
              ],
              [
                86.91368315623502,
                27.89841361504554
              ],
              [
                86.91347993453648,
                27.898413487628503
              ],
              [
                86.91348000632983,
                27.898323213419303
              ],
              [
                86.9136832278577,
                27.898323340836342
              ],
              [
                86.91368329948936,
                27.898233066627142
              ],
              [
                86.91378491016795,
                27.89823313022786
              ],
              [
                86.91378498170978,
                27.898142856018662
              ],
              [
                86.91398820290527,
                27.898142982986545
              ],
              [
                86.91398791741169,
                27.898504079814366
              ],
              [
                86.91429275021103,
                27.898504269709232
              ],
              [
                86.91429282133964,
                27.898413995509014
              ],
              [
                86.91439443218891,
                27.898414058651596
              ],
              [
                86.91439457425747,
                27.898233510233194
              ],
              [
                86.91429296357887,
                27.898233447090615
              ],
              [
                86.9142930346985,
                27.89814317288141
              ],
              [
                86.91439464529624,
                27.898143236023994
              ],
              [
                86.91439471632603,
                27.89805296181479
              ],
              [
                86.91449632684292,
                27.89805302488551
              ],
              [
                86.91449646874081,
                27.897872476458126
              ],
              [
                86.91469968943323,
                27.897872602374978
              ],
              [
                86.9146997602115,
                27.89778232816578
              ],
              [
                86.91500459099862,
                27.89778251647961
              ],
              [
                86.9150048025878,
                27.897511693816075
              ],
              [
                86.91520802260649,
                27.897511818987326
              ],
              [
                86.91520795225044,
                27.89760209320551
              ],
              [
                86.9155127825345,
                27.89760228039645
              ],
              [
                86.91551285263903,
                27.897512006178264
              ],
              [
                86.91561446265287,
                27.897512068422532
              ],
              [
                86.91561453266756,
                27.897421794204348
              ],
              [
                86.91612258231454,
                27.897422104311765
              ],
              [
                86.91612265191601,
                27.8973318300846
              ],
              [
                86.91622426175917,
                27.89733189187971
              ],
              [
                86.91622433127081,
                27.89724161765254
              ],
              [
                86.91642755079543,
                27.897241741018178
              ],
              [
                86.91642748144548,
                27.897332015245347
              ],
              [
                86.91652909129763,
                27.89733207682486
              ],
              [
                86.91652916055774,
                27.89724180259769
              ],
              [
                86.91703720936928,
                27.897242109327447
              ],
              [
                86.91703727820719,
                27.897151835100278
              ],
              [
                86.91734210725157,
                27.897152018239815
              ],
              [
                86.91734217583794,
                27.89706174401265
              ],
              [
                86.91764700462183,
                27.897061926478447
              ],
              [
                86.91764707295667,
                27.8969716522423
              ],
              [
                86.917951901498,
                27.896971834034364
              ],
              [
                86.91795196957233,
                27.896881559798214
              ],
              [
                86.91856162616091,
                27.896881921361132
              ],
              [
                86.91856169373219,
                27.89679164712498
              ],
              [
                86.91917134981772,
                27.89679200598397
              ],
              [
                86.91917141688593,
                27.89670173174782
              ],
              [
                86.91978107247739,
                27.896702087911862
              ],
              [
                86.91978113903357,
                27.89661181366673
              ],
              [
                86.92018757576515,
                27.89661204960924
              ],
              [
                86.92018764198896,
                27.896521775364107
              ],
              [
                86.92039086019305,
                27.89652189288171
              ],
              [
                86.92039092624617,
                27.89643161863658
              ],
              [
                86.92069575328732,
                27.89643179435603
              ],
              [
                86.92069581908892,
                27.896341520110898
              ],
              [
                86.92089903696063,
                27.8963416368829
              ],
              [
                86.92089910259155,
                27.896251362637766
              ],
              [
                86.92130553798465,
                27.896251595274478
              ],
              [
                86.92130560328319,
                27.896161321029343
              ],
              [
                86.92150882081354,
                27.896161436894047
              ],
              [
                86.92150888593243,
                27.89607116263993
              ],
              [
                86.92181371197643,
                27.89607133588902
              ],
              [
                86.92181377685276,
                27.895981061634902
              ],
              [
                86.92222021124873,
                27.895981291576664
              ],
              [
                86.9222202757837,
                27.895891017322548
              ],
              [
                86.92252510132465,
                27.8958911889906
              ],
              [
                86.92252516560809,
                27.895800914736483
              ],
              [
                86.92282999090651,
                27.895801085730795
              ],
              [
                86.92283005493842,
                27.895710811467698
              ],
              [
                86.92293166328139,
                27.895710868322073
              ],
              [
                86.92293172722347,
                27.895620594058972
              ],
              [
                86.92303333549458,
                27.895620650832498
              ],
              [
                86.92303327163334,
                27.895710925095596
              ],
              [
                86.92333809668023,
                27.895711094967016
              ],
              [
                86.92333816028095,
                27.89562082070392
              ],
              [
                86.92415102641388,
                27.89562127040055
              ],
              [
                86.92415108934985,
                27.89553099613745
              ],
              [
                86.92445591390265,
                27.895531163538504
              ],
              [
                86.92445597657812,
                27.89544088926642
              ],
              [
                86.92496401708024,
                27.895441166764993
              ],
              [
                86.92496407933349,
                27.89535089249291
              ],
              [
                86.92526890339224,
                27.895351058097333
              ],
              [
                86.92526896539395,
                27.89526078382525
              ],
              [
                86.9253705733237,
                27.895260838874012
              ],
              [
                86.92537051140283,
                27.895351113146095
              ],
              [
                86.92547211942241,
                27.89535116812299
              ],
              [
                86.92547218126244,
                27.895260893850907
              ],
              [
                86.92608182886786,
                27.895261222131243
              ],
              [
                86.92608189019585,
                27.89517094785916
              ],
              [
                86.92648832160941,
                27.895171165206545
              ],
              [
                86.92648838259603,
                27.895080890934462
              ],
              [
                86.92658999036408,
                27.895080945084906
              ],
              [
                86.9265899294583,
                27.89517121935699
              ],
              [
                86.92699636087187,
                27.895171435222153
              ],
              [
                86.92699630029847,
                27.895261709494235
              ],
              [
                86.92730112411466,
                27.895261870598098
              ],
              [
                86.92730118443653,
                27.895171596326016
              ],
              [
                86.92811404728161,
                27.8951720226395
              ],
              [
                86.92811398764246,
                27.895262296920567
              ],
              [
                86.92831720351992,
                27.89526240275109
              ],
              [
                86.92831726299738,
                27.895172128479008
              ],
              [
                86.92943494945204,
                27.895172705188436
              ],
              [
                86.92943500799525,
                27.89508243090737
              ],
              [
                86.92984143910338,
                27.895082638373285
              ],
              [
                86.92984138089255,
                27.895172912654353
              ],
              [
                86.9301462044752,
                27.895173067470008
              ],
              [
                86.93014626243449,
                27.89508279318894
              ],
              [
                86.93106073244576,
                27.895083253584506
              ],
              [
                86.93106067525002,
                27.895173527874558
              ],
              [
                86.93116228311689,
                27.895173578647338
              ],
              [
                86.93116234023178,
                27.89508330436627
              ],
              [
                86.9312639480088,
                27.895083355067186
              ],
              [
                86.93126400504285,
                27.89499308078612
              ],
              [
                86.93167043582758,
                27.894993282853157
              ],
              [
                86.93167049252025,
                27.89490300856311
              ],
              [
                86.9325849610583,
                27.894903458843647
              ],
              [
                86.93258484919109,
                27.89508400743273
              ],
              [
                86.93248324140507,
                27.895083957701992
              ],
              [
                86.93248318538613,
                27.89517423198306
              ],
              [
                86.932584793253,
                27.895174281722777
              ],
              [
                86.9325847373239,
                27.89526455600384
              ],
              [
                86.93217830550608,
                27.895264356622764
              ],
              [
                86.93217824923562,
                27.895354630912813
              ],
              [
                86.93207664119807,
                27.895354580876653
              ],
              [
                86.93207658484675,
                27.8954448551667
              ],
              [
                86.93197497672836,
                27.895444805058677
              ],
              [
                86.93197486384607,
                27.895625353620808
              ],
              [
                86.931873255557,
                27.895625303440916
              ]
            ],
            [
              [
                86.92496065475801,
                27.900315975615925
              ],
              [
                86.92485904210312,
                27.90031592025275
              ],
              [
                86.92485910446416,
                27.900225646052533
              ],
              [
                86.92445265418598,
                27.90022542385425
              ],
              [
                86.92445277957283,
                27.90004487543585
              ],
              [
                86.92465600437056,
                27.900044986683213
              ],
              [
                86.92465594184782,
                27.900135260892412
              ],
              [
                86.92496077930043,
                27.900135427206504
              ],
              [
                86.92496065475801,
                27.900315975615925
              ]
            ],
            [
              [
                86.91317366097417,
                27.900218779788645
              ],
              [
                86.91317373302803,
                27.900128505606393
              ],
              [
                86.91327534547631,
                27.900128569584407
              ],
              [
                86.91327527351227,
                27.90021884376666
              ],
              [
                86.91317366097417,
                27.900218779788645
              ]
            ],
            [
              [
                86.91337731734951,
                27.899677262561333
              ],
              [
                86.91337746111589,
                27.899496714178863
              ],
              [
                86.91347907298025,
                27.899496778004163
              ],
              [
                86.91347892937557,
                27.899677326386634
              ],
              [
                86.91337731734951,
                27.899677262561333
              ]
            ],
            [
              [
                86.9134784985795,
                27.90021897149811
              ],
              [
                86.91347857038184,
                27.900128697315857
              ],
              [
                86.91358018283012,
                27.900128761069293
              ],
              [
                86.91358011110862,
                27.900219035251546
              ],
              [
                86.9134784985795,
                27.90021897149811
              ]
            ],
            [
              [
                86.91347936017165,
                27.899135681230245
              ],
              [
                86.91347943196502,
                27.899045407030027
              ],
              [
                86.91358104340718,
                27.899045470783463
              ],
              [
                86.91358097169466,
                27.89913574498368
              ],
              [
                86.91347936017165,
                27.899135681230245
              ]
            ],
            [
              [
                86.91368258321766,
                27.89913580865627
              ],
              [
                86.91368265484932,
                27.89904553445605
              ],
              [
                86.9137842662825,
                27.899045598056773
              ],
              [
                86.91378419474069,
                27.899135872256988
              ],
              [
                86.91368258321766,
                27.89913580865627
              ]
            ],
            [
              [
                86.91429203899686,
                27.89940701171141
              ],
              [
                86.91429211011648,
                27.899316737520174
              ],
              [
                86.91449533350385,
                27.899316863742456
              ],
              [
                86.91449526255491,
                27.899407137942674
              ],
              [
                86.91429203899686,
                27.89940701171141
              ]
            ],
            [
              [
                86.91500254556166,
                27.90040046827694
              ],
              [
                86.9150026866331,
                27.900219919912438
              ],
              [
                86.9151042991712,
                27.90021998254298
              ],
              [
                86.91510415827045,
                27.90040053090748
              ],
              [
                86.91500254556166,
                27.90040046827694
              ]
            ],
            [
              [
                86.91500360357944,
                27.899046355399438
              ],
              [
                86.91500367411516,
                27.89895608119922
              ],
              [
                86.91520689683779,
                27.898956206379456
              ],
              [
                86.91520682647274,
                27.899046480579674
              ],
              [
                86.91500360357944,
                27.899046355399438
              ]
            ],
            [
              [
                86.91520731901004,
                27.898414561142218
              ],
              [
                86.91520738936609,
                27.898324286933015
              ],
              [
                86.91530900013451,
                27.89832434940186
              ],
              [
                86.91530892985931,
                27.89841462361106
              ],
              [
                86.91520731901004,
                27.898414561142218
              ]
            ],
            [
              [
                86.91530611851874,
                27.902025591053828
              ],
              [
                86.91530618881191,
                27.901935316889546
              ],
              [
                86.91540780294902,
                27.90193537929551
              ],
              [
                86.91540773274568,
                27.90202565345979
              ],
              [
                86.91530611851874,
                27.902025591053828
              ]
            ],
            [
              [
                86.91530815679612,
                27.89940763984939
              ],
              [
                86.91530822707132,
                27.89931736564917
              ],
              [
                86.915409838774,
                27.899317428055134
              ],
              [
                86.91540976857964,
                27.899407702246368
              ],
              [
                86.91530815679612,
                27.89940763984939
              ]
            ],
            [
              [
                86.91540787316134,
                27.901845105131223
              ],
              [
                86.91540801356801,
                27.90166455680265
              ],
              [
                86.9155096274536,
                27.90166461913675
              ],
              [
                86.91550948721759,
                27.901845167465318
              ],
              [
                86.91540787316134,
                27.901845105131223
              ]
            ],
            [
              [
                86.91551180102624,
                27.898866119370176
              ],
              [
                86.91551187113076,
                27.898775845169958
              ],
              [
                86.91561348233039,
                27.898775907414226
              ],
              [
                86.91561355235406,
                27.898685633214008
              ],
              [
                86.91571516346384,
                27.89868569538641
              ],
              [
                86.91571502357819,
                27.898866243795826
              ],
              [
                86.91551180102624,
                27.898866119370176
              ]
            ],
            [
              [
                86.91571383453214,
                27.900400905109695
              ],
              [
                86.91571390447497,
                27.90031063091846
              ],
              [
                86.9158155171029,
                27.90031069302798
              ],
              [
                86.91581544724093,
                27.90040096721023
              ],
              [
                86.91571383453214,
                27.900400905109695
              ]
            ],
            [
              [
                86.91601978771929,
                27.898956704082057
              ],
              [
                86.91601985741059,
                27.898866429872854
              ],
              [
                86.91612146869105,
                27.898866491748812
              ],
              [
                86.91612139908959,
                27.89895676595801
              ],
              [
                86.91601978771929,
                27.898956704082057
              ]
            ],
            [
              [
                86.91642429120452,
                27.901484628410444
              ],
              [
                86.91642436056344,
                27.901394354237173
              ],
              [
                86.91652597420648,
                27.90139441582567
              ],
              [
                86.9165259049284,
                27.901484689998938
              ],
              [
                86.91642429120452,
                27.901484628410444
              ]
            ],
            [
              [
                86.91672989254852,
                27.900491796964552
              ],
              [
                86.91672996164694,
                27.9004015227823
              ],
              [
                86.9168315743647,
                27.900401584137235
              ],
              [
                86.91683150534713,
                27.900491858319487
              ],
              [
                86.91672989254852,
                27.900491796964552
              ]
            ],
            [
              [
                86.91733908914578,
                27.901124083256004
              ],
              [
                86.91733915775012,
                27.901033809073752
              ],
              [
                86.91744077105179,
                27.90103386997953
              ],
              [
                86.91744070253729,
                27.90112414416178
              ],
              [
                86.91733908914578,
                27.901124083256004
              ]
            ],
            [
              [
                86.91774540618584,
                27.901304874794455
              ],
              [
                86.91774547444882,
                27.901214600612203
              ],
              [
                86.91784708792117,
                27.901214661221534
              ],
              [
                86.91784701974802,
                27.901304935403786
              ],
              [
                86.91774540618584,
                27.901304874794455
              ]
            ],
            [
              [
                86.91774759045742,
                27.898416100513252
              ],
              [
                86.91774765871142,
                27.89832582629507
              ],
              [
                86.91784926948883,
                27.898325886895417
              ],
              [
                86.91784920131568,
                27.8984161611136
              ],
              [
                86.91774759045742,
                27.898416100513252
              ]
            ],
            [
              [
                86.91815213213003,
                27.900944020053622
              ],
              [
                86.91815220005165,
                27.90085374587137
              ],
              [
                86.91825381319163,
                27.900853806175274
              ],
              [
                86.91825374535085,
                27.900944080366507
              ],
              [
                86.91815213213003,
                27.900944020053622
              ]
            ],
            [
              [
                86.91815355848402,
                27.899048261947865
              ],
              [
                86.91815362640564,
                27.898957987738665
              ],
              [
                86.91825523777594,
                27.89895804804257
              ],
              [
                86.91825516993516,
                27.89904832225177
              ],
              [
                86.91815355848402,
                27.899048261947865
              ]
            ],
            [
              [
                86.91825550910309,
                27.898596951196783
              ],
              [
                86.91825557693487,
                27.8985066769786
              ],
              [
                86.91835718788296,
                27.89850673721064
              ],
              [
                86.91835712014101,
                27.898597011419838
              ],
              [
                86.91825550910309,
                27.898596951196783
              ]
            ],
            [
              [
                86.91866114327081,
                27.89968048215026
              ],
              [
                86.91866121077022,
                27.899590207950045
              ],
              [
                86.91876282273341,
                27.899590267876658
              ],
              [
                86.91876275531484,
                27.899680542076872
              ],
              [
                86.91866114327081,
                27.89968048215026
              ]
            ],
            [
              [
                86.91876329462741,
                27.898958348430217
              ],
              [
                86.918763362037,
                27.898868074221017
              ],
              [
                86.91886497332644,
                27.898868134075762
              ],
              [
                86.91886490599771,
                27.898958408284965
              ],
              [
                86.91876329462741,
                27.898958348430217
              ]
            ],
            [
              [
                86.91886477134024,
                27.899138956703364
              ],
              [
                86.91886483866898,
                27.899048682494165
              ],
              [
                86.91896645012012,
                27.899048742277046
              ],
              [
                86.91896638288122,
                27.89913901648625
              ],
              [
                86.91886477134024,
                27.899138956703364
              ]
            ],
            [
              [
                86.91957518450721,
                27.90031293821432
              ],
              [
                86.91957525124306,
                27.900222664014102
              ],
              [
                86.91967686379913,
                27.90022272327596
              ],
              [
                86.91967679714413,
                27.900312997467193
              ],
              [
                86.91957518450721,
                27.90031293821432
              ]
            ],
            [
              [
                86.91957558494921,
                27.899771293021995
              ],
              [
                86.91957571842988,
                27.89959074462156
              ],
              [
                86.91977894235626,
                27.899590863055447
              ],
              [
                86.91977880921695,
                27.899771411464865
              ],
              [
                86.91957558494921,
                27.899771293021995
              ]
            ],
            [
              [
                86.91998170146734,
                27.900222900594414
              ],
              [
                86.91998176787081,
                27.90013262640318
              ],
              [
                86.92008338033705,
                27.900132685359612
              ],
              [
                86.92008331402342,
                27.900222959550845
              ],
              [
                86.91998170146734,
                27.900222900594414
              ]
            ],
            [
              [
                86.9199828966938,
                27.89859796486473
              ],
              [
                86.91998296309725,
                27.898507690646547
              ],
              [
                86.92008457404535,
                27.89850774960298
              ],
              [
                86.92008450773172,
                27.898598023821165
              ],
              [
                86.9199828966938,
                27.89859796486473
              ]
            ],
            [
              [
                86.92018532398518,
                27.899681373234106
              ],
              [
                86.92018539021797,
                27.899591099024907
              ],
              [
                86.92028700218115,
                27.89959115783761
              ],
              [
                86.9202869360382,
                27.899681432037827
              ],
              [
                86.92018532398518,
                27.899681373234106
              ]
            ],
            [
              [
                86.92069272609956,
                27.900584408509275
              ],
              [
                86.92069279191014,
                27.90049413431804
              ],
              [
                86.92079440472672,
                27.900494192744468
              ],
              [
                86.92079433899698,
                27.900584466944682
              ],
              [
                86.92069272609956,
                27.900584408509275
              ]
            ],
            [
              [
                86.92069476623645,
                27.897785907943202
              ],
              [
                86.92069483203805,
                27.897695633716033
              ],
              [
                86.92079644224053,
                27.89769569214246
              ],
              [
                86.92079637651081,
                27.89778596636963
              ],
              [
                86.92069476623645,
                27.897785907943202
              ]
            ],
            [
              [
                86.92099848262752,
                27.899320744751943
              ],
              [
                86.92099861374562,
                27.89914019633354
              ],
              [
                86.92110022529559,
                27.89914025453539
              ],
              [
                86.92110009434816,
                27.899320802962773
              ],
              [
                86.92099848262752,
                27.899320744751943
              ]
            ],
            [
              [
                86.92099881041379,
                27.898869373687972
              ],
              [
                86.92099887597284,
                27.898779099469788
              ],
              [
                86.92110048718143,
                27.898779157671637
              ],
              [
                86.92110042171223,
                27.89886943188982
              ],
              [
                86.92099881041379,
                27.898869373687972
              ]
            ],
            [
              [
                86.9210993741149,
                27.900313819210083
              ],
              [
                86.9210994395931,
                27.900223545009865
              ],
              [
                86.92120105214917,
                27.90022360313985
              ],
              [
                86.92120098675183,
                27.900313877340064
              ],
              [
                86.9210993741149,
                27.900313819210083
              ]
            ],
            [
              [
                86.92140629907257,
                27.897425218420512
              ],
              [
                86.92140642949897,
                27.897244669948215
              ],
              [
                86.92150803927026,
                27.897244727853618
              ],
              [
                86.92150790901455,
                27.897425276325915
              ],
              [
                86.92140629907257,
                27.897425218420512
              ]
            ],
            [
              [
                86.92160984418258,
                27.896973962951755
              ],
              [
                86.9216099092296,
                27.896883688715604
              ],
              [
                86.92181312811641,
                27.896883804140135
              ],
              [
                86.92181306324008,
                27.896974078385266
              ],
              [
                86.92160984418258,
                27.896973962951755
              ]
            ],
            [
              [
                86.92170995954352,
                27.899050327983186
              ],
              [
                86.92171008947585,
                27.898869779546818
              ],
              [
                86.92201492337114,
                27.898869952364713
              ],
              [
                86.9220148586565,
                27.898960226582897
              ],
              [
                86.92211647003577,
                27.89896028403914
              ],
              [
                86.922116405402,
                27.899050558257326
              ],
              [
                86.92201479394187,
                27.89905050080108
              ],
              [
                86.92201472922723,
                27.89914077501028
              ],
              [
                86.92181150612733,
                27.89914065987321
              ],
              [
                86.92181157101264,
                27.89905038566401
              ],
              [
                86.92170995954352,
                27.899050327983186
              ]
            ],
            [
              [
                86.92181040306802,
                27.90067532135776
              ],
              [
                86.92181059773294,
                27.90040449876609
              ],
              [
                86.9219122104597,
                27.90040455637505
              ],
              [
                86.92191201605527,
                27.90067537896672
              ],
              [
                86.92181040306802,
                27.90067532135776
              ]
            ],
            [
              [
                86.92181254422046,
                27.897696272292436
              ],
              [
                86.92181260909679,
                27.897605998056285
              ],
              [
                86.92191421920944,
                27.89760605565626
              ],
              [
                86.92191415442295,
                27.897696329892412
              ],
              [
                86.92181254422046,
                27.897696272292436
              ]
            ],
            [
              [
                86.92201408206294,
                27.90004351711127
              ],
              [
                86.92201414678655,
                27.899953242902072
              ],
              [
                86.9221157590911,
                27.899953300358316
              ],
              [
                86.92211569445732,
                27.90004357456752
              ],
              [
                86.92201408206294,
                27.90004351711127
              ]
            ],
            [
              [
                86.9222198885649,
                27.896432662847246
              ],
              [
                86.92221995309987,
                27.896342388602115
              ],
              [
                86.92232156203573,
                27.896342445896664
              ],
              [
                86.92232149759059,
                27.89643272015078
              ],
              [
                86.9222198885649,
                27.896432662847246
              ]
            ],
            [
              [
                86.9224202741114,
                27.90040484329695
              ],
              [
                86.92242033849367,
                27.900314569096732
              ],
              [
                86.92262356379446,
                27.900314683344472
              ],
              [
                86.92262349957389,
                27.90040495754469
              ],
              [
                86.9224202741114,
                27.90040484329695
              ]
            ],
            [
              [
                86.92252240121348,
                27.899682706828063
              ],
              [
                86.92252246550592,
                27.89959243261886
              ],
              [
                86.92262407747808,
                27.899592489697813
              ],
              [
                86.9226240132665,
                27.899682763907016
              ],
              [
                86.92252240121348,
                27.899682706828063
              ]
            ],
            [
              [
                86.92282787779048,
                27.898780135694437
              ],
              [
                86.92282794182239,
                27.89868986146727
              ],
              [
                86.92292955295913,
                27.898689918321644
              ],
              [
                86.92292948899907,
                27.89878019254881
              ],
              [
                86.92282787779048,
                27.898780135694437
              ]
            ],
            [
              [
                86.92323381302857,
                27.899502556408248
              ],
              [
                86.92323387672812,
                27.899412282199048
              ],
              [
                86.92333548853858,
                27.899412338756978
              ],
              [
                86.9233354249199,
                27.899502612966177
              ],
              [
                86.92323381302857,
                27.899502556408248
              ]
            ],
            [
              [
                86.92384601205603,
                27.89589192511506
              ],
              [
                86.92384607524353,
                27.895801650851958
              ],
              [
                86.92394768367633,
                27.895801706951747
              ],
              [
                86.92394762057867,
                27.89589198121485
              ],
              [
                86.92384601205603,
                27.89589192511506
              ]
            ],
            [
              [
                86.92414951595063,
                27.897787852445447
              ],
              [
                86.92414957889558,
                27.897697578200315
              ],
              [
                86.92425118909806,
                27.89769763408451
              ],
              [
                86.92425112624294,
                27.89778790832066
              ],
              [
                86.92414951595063,
                27.897787852445447
              ]
            ],
            [
              [
                86.92415014533726,
                27.896885110003097
              ],
              [
                86.92415020827323,
                27.896794835757962
              ],
              [
                86.9242518176313,
                27.896794891633174
              ],
              [
                86.92425175478516,
                27.89688516588729
              ],
              [
                86.92415014533726,
                27.896885110003097
              ]
            ],
            [
              [
                86.9243519204877,
                27.898961529122094
              ],
              [
                86.92435198326196,
                27.898871254894924
              ],
              [
                86.92445359456937,
                27.898871310626404
              ],
              [
                86.92445353187595,
                27.898961584853573
              ],
              [
                86.9243519204877,
                27.898961529122094
              ]
            ],
            [
              [
                86.92435223435905,
                27.89851015799524
              ],
              [
                86.92435229713332,
                27.89841988375909
              ],
              [
                86.92445390801852,
                27.89841993949057
              ],
              [
                86.9244538453251,
                27.89851021372672
              ],
              [
                86.92435223435905,
                27.89851015799524
              ]
            ],
            [
              [
                86.92435367806848,
                27.896433850429037
              ],
              [
                86.92435374083378,
                27.896343576165936
              ],
              [
                86.92445534976964,
                27.896343631897416
              ],
              [
                86.92445528709418,
                27.896433906151533
              ],
              [
                86.92435367806848,
                27.896433850429037
              ]
            ],
            [
              [
                86.92455545629116,
                27.89851026937735
              ],
              [
                86.92455551889475,
                27.898419995150185
              ],
              [
                86.92465712977994,
                27.898420050737936
              ],
              [
                86.9246570672572,
                27.898510324965102
              ],
              [
                86.92455545629116,
                27.89851026937735
              ]
            ],
            [
              [
                86.92496084158063,
                27.900045152997304
              ],
              [
                86.92496096612307,
                27.89986460456992
              ],
              [
                86.92506257835574,
                27.899864659861226
              ],
              [
                86.92506251616537,
                27.899954934070426
              ],
              [
                86.92536735311494,
                27.899955099477218
              ],
              [
                86.92536729118508,
                27.90004537368642
              ],
              [
                86.92496084158063,
                27.900045152997304
              ]
            ],
            [
              [
                86.92496221149348,
                27.89805912009844
              ],
              [
                86.92496227375571,
                27.89796884586229
              ],
              [
                86.9250638842187,
                27.897968901144615
              ],
              [
                86.92506394640009,
                27.897878626908465
              ],
              [
                86.9252671671554,
                27.897878737239548
              ],
              [
                86.9252671051447,
                27.89796901148468
              ],
              [
                86.92536871560769,
                27.89796906653344
              ],
              [
                86.92536865367784,
                27.898059340769592
              ],
              [
                86.92496221149348,
                27.89805912009844
              ]
            ],
            [
              [
                86.92506313802413,
                27.89905219189757
              ],
              [
                86.9250632002145,
                27.898961917679387
              ],
              [
                86.92516481160276,
                27.898961972889843
              ],
              [
                86.92516474950222,
                27.899052247108028
              ],
              [
                86.92506313802413,
                27.89905219189757
              ]
            ],
            [
              [
                86.92587535320186,
                27.90004564787021
              ],
              [
                86.92587547622614,
                27.89986509945181
              ],
              [
                86.92597708845882,
                27.899865154060397
              ],
              [
                86.92597696560522,
                27.90004570248778
              ],
              [
                86.92587535320186,
                27.90004564787021
              ]
            ],
            [
              [
                86.92587590680662,
                27.899233179924522
              ],
              [
                86.92587609133855,
                27.898962357252003
              ],
              [
                86.92607931412405,
                27.89896246639731
              ],
              [
                86.92607925277811,
                27.899052740615495
              ],
              [
                86.9261808642562,
                27.89905279508035
              ],
              [
                86.92618080300008,
                27.899143069307517
              ],
              [
                86.92607919144113,
                27.89914301484266
              ],
              [
                86.92607906875821,
                27.899323563288014
              ],
              [
                86.9259774570286,
                27.89932350875129
              ],
              [
                86.9259775184554,
                27.899233234533106
              ],
              [
                86.92587590680662,
                27.899233179924522
              ]
            ],
            [
              [
                86.92597684274264,
                27.900226250906183
              ],
              [
                86.92597690417843,
                27.90013597669698
              ],
              [
                86.92607851666263,
                27.900136031233703
              ],
              [
                86.92607863935453,
                27.899955482806316
              ],
              [
                86.92628186399057,
                27.89995559165518
              ],
              [
                86.92628161928948,
                27.90031668850097
              ],
              [
                86.92607839397073,
                27.900316579652102
              ],
              [
                86.92607845531668,
                27.900226305442903
              ],
              [
                86.92597684274264,
                27.900226250906183
              ]
            ],
            [
              [
                86.92607980483777,
                27.89824027254404
              ],
              [
                86.92607986618371,
                27.89814999830789
              ],
              [
                86.92628308745107,
                27.898150107156752
              ],
              [
                86.9262830262758,
                27.898240381392903
              ],
              [
                86.92607980483777,
                27.89824027254404
              ]
            ],
            [
              [
                86.9261831305799,
                27.89571264793855
              ],
              [
                86.92618319181805,
                27.895622373675447
              ],
              [
                86.92628480009813,
                27.895622428050473
              ],
              [
                86.92628473893186,
                27.895712702322555
              ],
              [
                86.9261831305799,
                27.89571264793855
              ]
            ],
            [
              [
                86.92628204751638,
                27.89968476900961
              ],
              [
                86.92628210869165,
                27.899594494791426
              ],
              [
                86.9263837206728,
                27.89959454910357
              ],
              [
                86.92638365958736,
                27.899684823321753
              ],
              [
                86.92628204751638,
                27.89968476900961
              ]
            ],
            [
              [
                86.92628278159268,
                27.898601478319538
              ],
              [
                86.92628284276795,
                27.898511204092372
              ],
              [
                86.92648606470904,
                27.898511312635808
              ],
              [
                86.92648600370444,
                27.898601586862974
              ],
              [
                86.92628278159268,
                27.898601478319538
              ]
            ],
            [
              [
                86.92668873913594,
                27.899323888927302
              ],
              [
                86.92668879997883,
                27.899233614709118
              ],
              [
                86.92679041161863,
                27.899233668715834
              ],
              [
                86.92679035086556,
                27.899323942943003
              ],
              [
                86.92668873913594,
                27.899323888927302
              ]
            ],
            [
              [
                86.92668946915185,
                27.898240598174347
              ],
              [
                86.92668952998577,
                27.898150323938196
              ],
              [
                86.9268927512621,
                27.898150431879763
              ],
              [
                86.92689281192534,
                27.898060157634628
              ],
              [
                86.92729925412766,
                27.898060372619444
              ],
              [
                86.9272991938058,
                27.898150646864575
              ],
              [
                86.92719758316314,
                27.89815059322617
              ],
              [
                86.92719752276041,
                27.89824086746232
              ],
              [
                86.9270959120369,
                27.898240813761035
              ],
              [
                86.92709579104282,
                27.898421362233332
              ],
              [
                86.92699418015762,
                27.898421308442213
              ],
              [
                86.9269943013134,
                27.898240759969916
              ],
              [
                86.92668946915185,
                27.898240598174347
              ]
            ],
            [
              [
                86.92668965165359,
                27.897969775456914
              ],
              [
                86.9266897124875,
                27.89787950121178
              ],
              [
                86.92689293325179,
                27.897879609153346
              ],
              [
                86.92689287258857,
                27.897969883398478
              ],
              [
                86.92668965165359,
                27.897969775456914
              ]
            ],
            [
              [
                86.92679077612802,
                27.898692023352833
              ],
              [
                86.92679083688108,
                27.898601749116683
              ],
              [
                86.92689244793696,
                27.89860180305153
              ],
              [
                86.9268925086002,
                27.898511528824365
              ],
              [
                86.92699411957523,
                27.898511582678363
              ],
              [
                86.92699405899285,
                27.898601856914514
              ],
              [
                86.92709567004873,
                27.89860191069665
              ],
              [
                86.92709560955619,
                27.898692184932802
              ],
              [
                86.92719722069292,
                27.898692238643072
              ],
              [
                86.92719716028121,
                27.89878251287024
              ],
              [
                86.92709554905466,
                27.898782459159968
              ],
              [
                86.9270954885621,
                27.898872733387137
              ],
              [
                86.9269938772457,
                27.898872679605
              ],
              [
                86.92699393782809,
                27.898782405377833
              ],
              [
                86.92689232660152,
                27.898782351514846
              ],
              [
                86.92689238726476,
                27.89869207728768
              ],
              [
                86.92679077612802,
                27.898692023352833
              ]
            ],
            [
              [
                86.92689305457826,
                27.89769906067206
              ],
              [
                86.9268931152415,
                27.89760878642693
              ],
              [
                86.92699472537211,
                27.89760884028093
              ],
              [
                86.92699466478973,
                27.897699114526063
              ],
              [
                86.92689305457826,
                27.89769906067206
              ]
            ],
            [
              [
                86.92689317589574,
                27.897518512181794
              ],
              [
                86.92689323655897,
                27.897428237927677
              ],
              [
                86.92699484651891,
                27.897428291790664
              ],
              [
                86.92699478594551,
                27.897518566035796
              ],
              [
                86.92689317589574,
                27.897518512181794
              ]
            ],
            [
              [
                86.92709609352355,
                27.897969991034618
              ],
              [
                86.92709621450865,
                27.897789442553332
              ],
              [
                86.92719782480995,
                27.897789496263602
              ],
              [
                86.92719788522164,
                27.89769922201847
              ],
              [
                86.92729949543312,
                27.89769927564789
              ],
              [
                86.92729931445852,
                27.897970098383293
              ],
              [
                86.92709609352355,
                27.897969991034618
              ]
            ],
            [
              [
                86.92719891213974,
                27.89616455968052
              ],
              [
                86.92719897255145,
                27.896074285417424
              ],
              [
                86.92730058124476,
                27.896074339046844
              ],
              [
                86.9273005209229,
                27.896164613309946
              ],
              [
                86.92719891213974,
                27.89616455968052
              ]
            ],
            [
              [
                86.92740134660868,
                27.897338232215933
              ],
              [
                86.9274014068497,
                27.897247957970798
              ],
              [
                86.92750301664795,
                27.89724801144751
              ],
              [
                86.92750307679913,
                27.897157737193393
              ],
              [
                86.92760468650755,
                27.897157790607217
              ],
              [
                86.92760456636685,
                27.89733833910647
              ],
              [
                86.92740134660868,
                27.897338232215933
              ]
            ],
            [
              [
                86.92780874453761,
                27.895894057526895
              ],
              [
                86.92780880443728,
                27.895803783263798
              ],
              [
                86.92791041287907,
                27.895803836444063
              ],
              [
                86.92791035306924,
                27.89589411070716
              ],
              [
                86.92780874453761,
                27.895894057526895
              ]
            ],
            [
              [
                86.92790939600413,
                27.897338498880824
              ],
              [
                86.92790945582294,
                27.897248224626708
              ],
              [
                86.92821428521768,
                27.897248383727327
              ],
              [
                86.9282142256504,
                27.897338657972462
              ],
              [
                86.92790939600413,
                27.897338498880824
              ]
            ],
            [
              [
                86.92791065213636,
                27.89544273934675
              ],
              [
                86.9279107119462,
                27.89535246506568
              ],
              [
                86.92801231997475,
                27.895352518174082
              ],
              [
                86.92801226024577,
                27.895442792446165
              ],
              [
                86.92791065213636,
                27.89544273934675
              ]
            ],
            [
              [
                86.92801130455508,
                27.896887180718643
              ],
              [
                86.92801136428407,
                27.896796906455542
              ],
              [
                86.9281129736601,
                27.896796959492075
              ],
              [
                86.92811291401198,
                27.89688723374619
              ],
              [
                86.92801130455508,
                27.896887180718643
              ]
            ],
            [
              [
                86.92831696561909,
                27.895623499857386
              ],
              [
                86.928317084574,
                27.89544295131322
              ],
              [
                86.92841869268341,
                27.895443004116196
              ],
              [
                86.92841857389918,
                27.895623552669342
              ],
              [
                86.92831696561909,
                27.895623499857386
              ]
            ],
            [
              [
                86.92902716359464,
                27.897248804686853
              ],
              [
                86.92902722248819,
                27.897158530432737
              ],
              [
                86.92953527105719,
                27.89715879109688
              ],
              [
                86.92953521258585,
                27.897249065359983
              ],
              [
                86.92923038319113,
                27.897248909178888
              ],
              [
                86.92923032446825,
                27.897339183433004
              ],
              [
                86.92912871458915,
                27.89733913122292
              ],
              [
                86.92912877339288,
                27.897248856968805
              ],
              [
                86.92902716359464,
                27.897248804686853
              ]
            ],
            [
              [
                86.92912847935632,
                27.897700228230402
              ],
              [
                86.92912853816902,
                27.89760995398527
              ],
              [
                86.92943336856986,
                27.89761011038196
              ],
              [
                86.92943331001767,
                27.897700384636078
              ],
              [
                86.92912847935632,
                27.897700228230402
              ]
            ],
            [
              [
                86.92963717269112,
                27.89670747171299
              ],
              [
                86.92963723108161,
                27.896617197449892
              ],
              [
                86.92973884028697,
                27.896617249282684
              ],
              [
                86.9297387819863,
                27.896707523545782
              ],
              [
                86.92963717269112,
                27.89670747171299
              ]
            ],
            [
              [
                86.92984021664002,
                27.896978398087025
              ],
              [
                86.92984027485085,
                27.896888123823924
              ],
              [
                86.93004349378258,
                27.8968882271212
              ],
              [
                86.93004343573345,
                27.896978501375315
              ],
              [
                86.92984021664002,
                27.896978398087025
              ]
            ],
            [
              [
                86.92984033307066,
                27.896797849560826
              ],
              [
                86.92984039128149,
                27.896707575297725
              ],
              [
                86.92994200057667,
                27.89670762698679
              ],
              [
                86.92994194244669,
                27.896797901249887
              ],
              [
                86.92984033307066,
                27.896797849560826
              ]
            ],
            [
              [
                86.92994234935657,
                27.89616598138124
              ],
              [
                86.92994240748655,
                27.89607570710916
              ],
              [
                86.93004401618884,
                27.89607575871737
              ],
              [
                86.9300439581487,
                27.896166032989452
              ],
              [
                86.92994234935657,
                27.89616598138124
              ]
            ],
            [
              [
                86.93014562489115,
                27.896075810253716
              ],
              [
                86.93014568285045,
                27.895985535981634
              ],
              [
                86.9302472914719,
                27.895985587437135
              ],
              [
                86.93024723360243,
                27.896075861709217
              ],
              [
                86.93014562489115,
                27.896075810253716
              ]
            ],
            [
              [
                86.93167026574955,
                27.895264105714322
              ],
              [
                86.9316703791349,
                27.89508355714321
              ],
              [
                86.93197520248397,
                27.895083707916445
              ],
              [
                86.93197508961066,
                27.89526425648756
              ],
              [
                86.93167026574955,
                27.895264105714322
              ]
            ],
            [
              [
                86.92496121520793,
                27.89950350771515
              ],
              [
                86.92475799141631,
                27.89950339691694
              ],
              [
                86.92475805384922,
                27.89941312270774
              ],
              [
                86.92496127747016,
                27.899413233496965
              ],
              [
                86.92496121520793,
                27.89950350771515
              ]
            ],
            [
              [
                86.91611951965231,
                27.901394169040497
              ],
              [
                86.91611958926276,
                27.901303894867226
              ],
              [
                86.91622120281596,
                27.9013039566803
              ],
              [
                86.91622113328636,
                27.90139423085357
              ],
              [
                86.91611951965231,
                27.901394169040497
              ]
            ],
            [
              [
                86.92608011153159,
                27.897788901354307
              ],
              [
                86.92608023420551,
                27.89760835287302
              ],
              [
                86.92618184433614,
                27.897608407328896
              ],
              [
                86.92618172183289,
                27.897788955810178
              ],
              [
                86.92608011153159,
                27.897788901354307
              ]
            ],
            [
              [
                86.92608011153159,
                27.897788901354307
              ],
              [
                86.92608005019461,
                27.89787917559944
              ],
              [
                86.92597843981247,
                27.89787912106272
              ],
              [
                86.92597850123927,
                27.89778884682657
              ],
              [
                86.92608011153159,
                27.897788901354307
              ]
            ],
            [
              [
                86.92496121520793,
                27.89950350771515
              ],
              [
                86.92516443899954,
                27.89950361820793
              ],
              [
                86.92516450110008,
                27.899413343989746
              ],
              [
                86.92526611291055,
                27.89941339912834
              ],
              [
                86.92526605089085,
                27.899503673346523
              ],
              [
                86.92546927468248,
                27.899503783390145
              ],
              [
                86.92546921283348,
                27.89959405760833
              ],
              [
                86.92536760085233,
                27.89959400262245
              ],
              [
                86.92536753892247,
                27.899684276840635
              ],
              [
                86.92526592686048,
                27.899684221773907
              ],
              [
                86.92526598887117,
                27.899593947564707
              ],
              [
                86.92516437689002,
                27.899593892426115
              ],
              [
                86.92516431478948,
                27.8996841666443
              ],
              [
                86.92496109066549,
                27.899684056142533
              ],
              [
                86.92496121520793,
                27.89950350771515
              ]
            ],
            [
              [
                86.91611951965231,
                27.901394169040497
              ],
              [
                86.91611945003288,
                27.901484443213764
              ],
              [
                86.916017836309,
                27.901484381337806
              ],
              [
                86.91601790600929,
                27.90139410716454
              ],
              [
                86.91611951965231,
                27.901394169040497
              ]
            ]
          ],
          [
            [
              [
                86.9236394368028,
                27.900676346874487
              ],
              [
                86.92374104979007,
                27.900676403135975
              ],
              [
                86.92374098650376,
                27.900766677336193
              ],
              [
                86.92363937342665,
                27.900766621074705
              ],
              [
                86.9236394368028,
                27.900676346874487
              ]
            ]
          ]
        ]
      },
      "id": "+7148+4698",
      "properties": {
        "area_m2": 773311.4526103954,
        "count": 7715,
        "image_id": "COPERNICUS/S1_GRD/S1A_IW_GRDH_1SDV_20211029T121358_20211029T121423_040334_04C7A8_C4DB",
        "lake_id": "imja-tsho",
        "observed_at": "2021-10-29T12:13:58Z",
        "water": 1
      }
    }
  ]
}
