{
  "type": "FeatureCollection",
  "features": [
    {
      "type": "Feature",
      "geometry": {
        "geodesic": false,
        "type": "MultiPolygon",
        "coordinates": [
          [
            [
              [
                86.91313844694317,
                27.898316415768733
              ],
              [
                86.91303683618372,
                27.898316351700885
              ],
              [
                86.91303690834539,
                27.898226077491685
              ],
              [
                86.913138519015,
                27.898226141568514
              ],
              [
                86.91313844694317,
                27.898316415768733
              ]
            ]
          ],
          [
            [
              [
                86.93437433939249,
                27.8995920026672
              ],
              [
                86.93437428493662,
                27.89968227690335
              ],
              [
                86.93427267284767,
                27.899682228484156
              ],
              [
                86.93427272739338,
                27.899591954248006
              ],
              [
                86.93437433939249,
                27.8995920026672
              ]
            ]
          ],
          [
            [
              [
                86.93437542852791,
                27.89778651775555
              ],
              [
                86.9344770388382,
                27.897786566093895
              ],
              [
                86.93447698447216,
                27.897876840356993
              ],
              [
                86.93457859486328,
                27.897876888623475
              ],
              [
                86.93457848629289,
                27.89805743713171
              ],
              [
                86.9343752651603,
                27.898057340517898
              ],
              [
                86.93437542852791,
                27.89778651775555
              ]
            ]
          ],
          [
            [
              [
                86.91313844694317,
                27.898316415768733
              ],
              [
                86.91354488997194,
                27.898316671321464
              ],
              [
                86.91354481823248,
                27.898406945521682
              ],
              [
                86.91364642907277,
                27.89840700922122
              ],
              [
                86.91364628575555,
                27.898587557630638
              ],
              [
                86.91395111878846,
                27.89858774828009
              ],
              [
                86.91395119019555,
                27.89849747407987
              ],
              [
                86.91405280112566,
                27.898497537473983
              ],
              [
                86.91405287244291,
                27.898407263273764
              ],
              [
                86.91415448329218,
                27.898407326596008
              ],
              [
                86.914154625756,
                27.898226778177605
              ],
              [
                86.9140530150864,
                27.89822671485536
              ],
              [
                86.9140531577209,
                27.89804616643696
              ],
              [
                86.91425637873672,
                27.898046293009585
              ],
              [
                86.91425630758117,
                27.898136567218785
              ],
              [
                86.91435791817891,
                27.8981366303973
              ],
              [
                86.91435798924464,
                27.898046356179115
              ],
              [
                86.91456121026046,
                27.898046482302583
              ],
              [
                86.9145612811555,
                27.89795620809338
              ],
              [
                86.91476450200064,
                27.89795633391142
              ],
              [
                86.91476464345835,
                27.897775785484033
              ],
              [
                86.91486625371473,
                27.897775848285256
              ],
              [
                86.91486632435824,
                27.897685574067072
              ],
              [
                86.9149679345248,
                27.897685636787443
              ],
              [
                86.91496800508746,
                27.897595362569263
              ],
              [
                86.91517122525887,
                27.897595487794412
              ],
              [
                86.91517108448389,
                27.89777603623078
              ],
              [
                86.91527269474027,
                27.897776098726574
              ],
              [
                86.91527262443812,
                27.89786637294476
              ],
              [
                86.91537423477534,
                27.897866435368687
              ],
              [
                86.91537430499665,
                27.897776161150503
              ],
              [
                86.91547591525304,
                27.897776223502568
              ],
              [
                86.91547605552496,
                27.8975956750662
              ],
              [
                86.91567927570536,
                27.897595799536763
              ],
              [
                86.91567920574457,
                27.897686073754947
              ],
              [
                86.9157808159201,
                27.897686135882434
              ],
              [
                86.91578088580005,
                27.89759586166425
              ],
              [
                86.91588249589473,
                27.897595923710888
              ],
              [
                86.91588263548394,
                27.897415375265535
              ],
              [
                86.91628907517998,
                27.89741562270648
              ],
              [
                86.9162891446377,
                27.897325348488295
              ],
              [
                86.91669558400136,
                27.897325594734482
              ],
              [
                86.91669565312672,
                27.897235320498332
              ],
              [
                86.91679726288005,
                27.897235381880215
              ],
              [
                86.91679733191557,
                27.897145107644064
              ],
              [
                86.91761020930439,
                27.897145595941303
              ],
              [
                86.91761027767517,
                27.897055321714138
              ],
              [
                86.91781349685843,
                27.897055443031615
              ],
              [
                86.91781363324066,
                27.8968748945683
              ],
              [
                86.91801685209154,
                27.896875015589334
              ],
              [
                86.91801678406212,
                27.896965289825484
              ],
              [
                86.91832161258549,
                27.89696547080008
              ],
              [
                86.91832168036338,
                27.89687519656393
              ],
              [
                86.91852489920527,
                27.896875316839363
              ],
              [
                86.91852496681248,
                27.896785042603213
              ],
              [
                86.91872818549268,
                27.89678516257322
              ],
              [
                86.91872811805615,
                27.89687543680937
              ],
              [
                86.91882972748608,
                27.896875496691067
              ],
              [
                86.91882979483279,
                27.896785222445935
              ],
              [
                86.91893140418188,
                27.896785282246782
              ],
              [
                86.91893153871357,
                27.8966047337655
              ],
              [
                86.91903314788298,
                27.896604793494483
              ],
              [
                86.919033215068,
                27.896514519249347
              ],
              [
                86.91913482415657,
                27.896514578897484
              ],
              [
                86.91913468995725,
                27.896695127378766
              ],
              [
                86.9192362992165,
                27.896695186955036
              ],
              [
                86.91923623220218,
                27.89678546120017
              ],
              [
                86.91933784155127,
                27.89678552069559
              ],
              [
                86.91933790847575,
                27.89669524645944
              ],
              [
                86.91954112699426,
                27.896695365234688
              ],
              [
                86.91954119375706,
                27.896605090989553
              ],
              [
                86.92004923963111,
                27.89660538661613
              ],
              [
                86.9200493059717,
                27.896515112371
              ],
              [
                86.9203541332464,
                27.89651528885402
              ],
              [
                86.92035419933545,
                27.896425014599902
              ],
              [
                86.9205574173509,
                27.896425131883944
              ],
              [
                86.92055748326928,
                27.896334857629828
              ],
              [
                86.9209639189768,
                27.896335091281635
              ],
              [
                86.92096398455381,
                27.8962448170365
              ],
              [
                86.92126881108291,
                27.89624499148933
              ],
              [
                86.92126887640839,
                27.896154717235213
              ],
              [
                86.92137048516459,
                27.896154775230446
              ],
              [
                86.92137055040924,
                27.89606450097633
              ],
              [
                86.92177698511063,
                27.896064732229632
              ],
              [
                86.9217770500139,
                27.895974457975516
              ],
              [
                86.92218348437395,
                27.895974688034062
              ],
              [
                86.92218354894484,
                27.89588441377096
              ],
              [
                86.92238676596317,
                27.895884528351075
              ],
              [
                86.9223868303544,
                27.895794254087978
              ],
              [
                86.92279326405867,
                27.895794482349892
              ],
              [
                86.9227933921764,
                27.89561393382369
              ],
              [
                86.92319982520692,
                27.895614160872878
              ],
              [
                86.92319976148941,
                27.89570443513598
              ],
              [
                86.92350458651833,
                27.895704604648074
              ],
              [
                86.92350464998431,
                27.89561433037599
              ],
              [
                86.92370786650856,
                27.89561444300676
              ],
              [
                86.92370792980385,
                27.89552416874366
              ],
              [
                86.92401275433869,
                27.895524337123877
              ],
              [
                86.92401281738246,
                27.895434062851795
              ],
              [
                86.92452085784866,
                27.895434341985304
              ],
              [
                86.92452092047023,
                27.895344067722203
              ],
              [
                86.92462252848082,
                27.895344123318935
              ],
              [
                86.9246224659401,
                27.895434397591018
              ],
              [
                86.92482568213198,
                27.89543450856889
              ],
              [
                86.92482574450202,
                27.895344234296807
              ],
              [
                86.92543539256559,
                27.89534456544277
              ],
              [
                86.92543545443256,
                27.895254291170687
              ],
              [
                86.9257402782218,
                27.895254455724082
              ],
              [
                86.92574033982827,
                27.895164181451996
              ],
              [
                86.92614677121487,
                27.895164399814476
              ],
              [
                86.9261467099318,
                27.89525467408656
              ],
              [
                86.92624831786155,
                27.895254728488535
              ],
              [
                86.92624844024802,
                27.895074179935385
              ],
              [
                86.9263500480071,
                27.895074234265493
              ],
              [
                86.92634998690369,
                27.895164508546557
              ],
              [
                86.92665481044139,
                27.895164671078742
              ],
              [
                86.92665474958952,
                27.89525494535981
              ],
              [
                86.92726439717698,
                27.89525526840297
              ],
              [
                86.92726445752581,
                27.895164994130887
              ],
              [
                86.9274676732236,
                27.89516510121007
              ],
              [
                86.92746761304547,
                27.895255375491132
              ],
              [
                86.92797565272114,
                27.895255641886532
              ],
              [
                86.92797571247708,
                27.895165367605465
              ],
              [
                86.9290933988509,
                27.89516594709069
              ],
              [
                86.92909345768156,
                27.89507567280962
              ],
              [
                86.92960149653081,
                27.895075933213256
              ],
              [
                86.92960143812235,
                27.895166207503305
              ],
              [
                86.9300078695359,
                27.89516641447515
              ],
              [
                86.93000792761198,
                27.89507614019408
              ],
              [
                86.93021114315707,
                27.895076243230843
              ],
              [
                86.93021120106248,
                27.89498596894978
              ],
              [
                86.93071923949849,
                27.894986225230145
              ],
              [
                86.93071929698168,
                27.894895950940096
              ],
              [
                86.93234501869232,
                27.89489675847164
              ],
              [
                86.93234507482804,
                27.894806484172605
              ],
              [
                86.93264989740456,
                27.89480663345464
              ],
              [
                86.93264984152036,
                27.894896907744688
              ],
              [
                86.9327514491357,
                27.89489695734966
              ],
              [
                86.93275139334133,
                27.89498723164869
              ],
              [
                86.93285300102853,
                27.894987281181795
              ],
              [
                86.93285311245556,
                27.894806732592716
              ],
              [
                86.93315793503209,
                27.89480688074287
              ],
              [
                86.93315787957908,
                27.894897155041903
              ],
              [
                86.93325948718544,
                27.894897204269583
              ],
              [
                86.93325954255758,
                27.89480692997953
              ],
              [
                86.93336115009207,
                27.894806979135346
              ],
              [
                86.9333612053744,
                27.894716704845294
              ],
              [
                86.93417406493165,
                27.894717095423797
              ],
              [
                86.93417401031408,
                27.894807369713845
              ],
              [
                86.93427561784857,
                27.894807418204906
              ],
              [
                86.9342756723763,
                27.894717143905872
              ],
              [
                86.93437727982096,
                27.894717192316083
              ],
              [
                86.93437733426785,
                27.894626918017053
              ],
              [
                86.93468215635029,
                27.894627062798527
              ],
              [
                86.93468210215494,
                27.894717337097557
              ],
              [
                86.93478370960858,
                27.894717385211326
              ],
              [
                86.93478365549406,
                27.894807659510356
              ],
              [
                86.93508847808855,
                27.894807803393515
              ],
              [
                86.93508842423454,
                27.894898077683564
              ],
              [
                86.93529163946522,
                27.89489817323736
              ],
              [
                86.9352915857819,
                27.89498844752741
              ],
              [
                86.93539319347808,
                27.89498849519202
              ],
              [
                86.93539281825178,
                27.89562041523135
              ],
              [
                86.93529120996271,
                27.895620367575724
              ],
              [
                86.93529115627041,
                27.895710641856788
              ],
              [
                86.93539276464931,
                27.895710689521398
              ],
              [
                86.93539271103786,
                27.895800963811446
              ],
              [
                86.93498627720783,
                27.895800772703854
              ],
              [
                86.93498622326399,
                27.895891046993903
              ],
              [
                86.9348846147144,
                27.895890999023866
              ],
              [
                86.93488456068972,
                27.895981273304933
              ],
              [
                86.9347829520593,
                27.895981225272013
              ],
              [
                86.93478284383926,
                27.896161773834145
              ],
              [
                86.93488445263138,
                27.896161821867064
              ],
              [
                86.9348843986067,
                27.89625209614813
              ],
              [
                86.93498600748866,
                27.896252144118165
              ],
              [
                86.93498595354482,
                27.896342418390248
              ],
              [
                86.93478273561023,
                27.896342322387294
              ],
              [
                86.93478257327567,
                27.896613145212527
              ],
              [
                86.93468096406133,
                27.89661309709876
              ],
              [
                86.93468085566163,
                27.896793645642926
              ],
              [
                86.93457924627661,
                27.896793597457293
              ],
              [
                86.93457919199142,
                27.896883871729376
              ],
              [
                86.93427436358483,
                27.896883726705358
              ],
              [
                86.93427430904812,
                27.89697400097744
              ],
              [
                86.9340710899457,
                27.896973903923456
              ],
              [
                86.93407092583249,
                27.897244726721738
              ],
              [
                86.93427414543795,
                27.897244823775722
              ],
              [
                86.93427419997468,
                27.897154549512624
              ],
              [
                86.93437580970105,
                27.89715459792283
              ],
              [
                86.93437553743067,
                27.89760596923833
              ],
              [
                86.93447714757926,
                27.897606017576678
              ],
              [
                86.93447709320424,
                27.89769629183978
              ],
              [
                86.93437548298378,
                27.897696243492447
              ],
              [
                86.93437542852791,
                27.89778651775555
              ],
              [
                86.93427381821763,
                27.897786469336353
              ],
              [
                86.93427387275435,
                27.897696195082236
              ],
              [
                86.9338674318456,
                27.897696000668844
              ],
              [
                86.93386732208944,
                27.897876549177077
              ],
              [
                86.93407054288068,
                27.89787664653649
              ],
              [
                86.93407015992888,
                27.898508566297338
              ],
              [
                86.93396854893587,
                27.898508517653564
              ],
              [
                86.9339684393504,
                27.89868906614383
              ],
              [
                86.93386682819569,
                27.898689017428193
              ],
              [
                86.93386677331762,
                27.89877929167333
              ],
              [
                86.93376516208207,
                27.89877924287684
              ],
              [
                86.93376505215522,
                27.89895979136711
              ],
              [
                86.93386666356145,
                27.89895984015461
              ],
              [
                86.93386660868337,
                27.899050114399746
              ],
              [
                86.93447627763277,
                27.899050405588643
              ],
              [
                86.93447644075785,
                27.898779582862225
              ],
              [
                86.9345780519934,
                27.898779631128708
              ],
              [
                86.93457821485795,
                27.898508808384324
              ],
              [
                86.93467982584197,
                27.89850885657894
              ],
              [
                86.93467966323792,
                27.898779679323322
              ],
              [
                86.93478127447347,
                27.898779727437088
              ],
              [
                86.93478116623547,
                27.898960275927355
              ],
              [
                86.93488277764169,
                27.898960323969256
              ],
              [
                86.93488272360803,
                27.89905059821439
              ],
              [
                86.93498433510408,
                27.899050646184428
              ],
              [
                86.93498422719846,
                27.89923119466571
              ],
              [
                86.93478100387395,
                27.89923109865377
              ],
              [
                86.93478105799745,
                27.89914082440864
              ],
              [
                86.93457783484364,
                27.899140728100257
              ],
              [
                86.93457767197009,
                27.899411550808708
              ],
              [
                86.93447606014166,
                27.89941150254223
              ],
              [
                86.9344759513916,
                27.89959205101453
              ],
              [
                86.93437433939249,
                27.8995920026672
              ],
              [
                86.93437444831322,
                27.8994114541949
              ],
              [
                86.9342728364848,
                27.899411405775705
              ],
              [
                86.93427289102151,
                27.899321131539555
              ],
              [
                86.93417127928291,
                27.899321083048495
              ],
              [
                86.93417133390946,
                27.899230808812344
              ],
              [
                86.93396811058496,
                27.899230711596665
              ],
              [
                86.9339681653822,
                27.899140437360515
              ],
              [
                86.93386655380529,
                27.899140388635896
              ],
              [
                86.9338664989272,
                27.899230662881028
              ],
              [
                86.93376488726047,
                27.89923061408454
              ],
              [
                86.93376477733362,
                27.89941116255684
              ],
              [
                86.93386638916206,
                27.89941121135333
              ],
              [
                86.9338662794059,
                27.899591759816644
              ],
              [
                86.93366305540768,
                27.89959166215181
              ],
              [
                86.93366289026139,
                27.89986248484229
              ],
              [
                86.9341709515146,
                27.89986272844743
              ],
              [
                86.93417084225251,
                27.900043276901766
              ],
              [
                86.93427245467385,
                27.900043325401807
              ],
              [
                86.93427240012814,
                27.900133599628976
              ],
              [
                86.93447562514146,
                27.900133696395496
              ],
              [
                86.93447557075746,
                27.900223970622665
              ],
              [
                86.93406912040741,
                27.90022377678419
              ],
              [
                86.93406906569102,
                27.90031405101136
              ],
              [
                86.93396745301817,
                27.900314002367587
              ],
              [
                86.93396739822094,
                27.90040427658577
              ],
              [
                86.93386578546725,
                27.900404227870133
              ],
              [
                86.93386573058018,
                27.900494502088318
              ],
              [
                86.93376411774562,
                27.90049445329183
              ],
              [
                86.9337640078098,
                27.9006750017282
              ],
              [
                86.93396723382925,
                27.900675099249305
              ],
              [
                86.9339671242258,
                27.900855647685674
              ],
              [
                86.93366228468909,
                27.900855501296217
              ],
              [
                86.93366222964033,
                27.900945775505416
              ],
              [
                86.93345900311783,
                27.90094567753515
              ],
              [
                86.93345905833728,
                27.900855403325952
              ],
              [
                86.93315421880955,
                27.900855255804615
              ],
              [
                86.93315432976047,
                27.90067470737723
              ],
              [
                86.93305271675524,
                27.900674658050736
              ],
              [
                86.93305266119444,
                27.90076493226892
              ],
              [
                86.93295104809938,
                27.900764882870565
              ],
              [
                86.93295099245773,
                27.90085515708875
              ],
              [
                86.93234131341127,
                27.900854859135535
              ],
              [
                86.93234125725758,
                27.90094513335372
              ],
              [
                86.93213803074406,
                27.90094503343411
              ],
              [
                86.93213808705944,
                27.900854759215925
              ],
              [
                86.93203647389252,
                27.900854709152814
              ],
              [
                86.93203653028876,
                27.90076443493463
              ],
              [
                86.93173169103052,
                27.90076428426919
              ],
              [
                86.93173163437378,
                27.900854558487374
              ],
              [
                86.93142679485504,
                27.9008544071482
              ],
              [
                86.93142685176332,
                27.900764132939
              ],
              [
                86.93102039941901,
                27.90076393010839
              ],
              [
                86.93102045665965,
                27.900673655890206
              ],
              [
                86.93112206966488,
                27.900673706716887
              ],
              [
                86.93112212682469,
                27.900583432498703
              ],
              [
                86.9309189009849,
                27.90058333078246
              ],
              [
                86.9309188436634,
                27.900673605000645
              ],
              [
                86.93081723065818,
                27.900673554030238
              ],
              [
                86.9308172880695,
                27.900583279821035
              ],
              [
                86.93071567515412,
                27.90058322876978
              ],
              [
                86.93071573265527,
                27.900492954560576
              ],
              [
                86.93051250698618,
                27.900492852242465
              ],
              [
                86.93051244932332,
                27.90058312646065
              ],
              [
                86.93041083640793,
                27.900583075193797
              ],
              [
                86.93041089416062,
                27.900492800975613
              ],
              [
                86.93020766849152,
                27.900492698217327
              ],
              [
                86.93020772641489,
                27.900402423999143
              ],
              [
                86.93010611367016,
                27.900402372507713
              ],
              [
                86.9301061716654,
                27.90031209828953
              ],
              [
                86.9296997210189,
                27.900311891569213
              ],
              [
                86.92969966268232,
                27.900402165787398
              ],
              [
                86.92949643719288,
                27.9004020619691
              ],
              [
                86.92949661271471,
                27.90013123932353
              ],
              [
                86.92929338773732,
                27.900131135217773
              ],
              [
                86.92929332905936,
                27.900221409435957
              ],
              [
                86.92919171648532,
                27.900221357261806
              ],
              [
                86.92919165771754,
                27.90031163147999
              ],
              [
                86.9288868197439,
                27.900311474526344
              ],
              [
                86.92888687875423,
                27.900221200317144
              ],
              [
                86.92817559074496,
                27.900220831468886
              ],
              [
                86.92817547152953,
                27.900401379896273
              ],
              [
                86.92797224604908,
                27.90040127384117
              ],
              [
                86.92797242537078,
                27.900130451204586
              ],
              [
                86.92787081288657,
                27.900130398060252
              ],
              [
                86.92787075302284,
                27.900220672278436
              ],
              [
                86.92776914045778,
                27.90022061906224
              ],
              [
                86.9277690805132,
                27.90031089327144
              ],
              [
                86.92746424254855,
                27.90031073317369
              ],
              [
                86.92746418235244,
                27.90040100738289
              ],
              [
                86.92715934413626,
                27.900400846611404
              ],
              [
                86.92715928368862,
                27.900491120820604
              ],
              [
                86.92675283239535,
                27.9004909054046
              ],
              [
                86.92675277160635,
                27.900581179613802
              ],
              [
                86.92665115869994,
                27.900581125571154
              ],
              [
                86.92665109783009,
                27.900671399780354
              ],
              [
                86.92654948484284,
                27.900671345656857
              ],
              [
                86.9265496067532,
                27.90049079724744
              ],
              [
                86.92644799393662,
                27.900490743061063
              ],
              [
                86.9264479328961,
                27.900581017261278
              ],
              [
                86.92604148127043,
                27.9005807997522
              ],
              [
                86.92604141989754,
                27.900671073952417
              ],
              [
                86.92563496794848,
                27.900670855248578
              ],
              [
                86.92563502966274,
                27.900580581039378
              ],
              [
                86.9253301909525,
                27.900580416225473
              ],
              [
                86.9253301289867,
                27.900670690425688
              ],
              [
                86.92522851599944,
                27.900670635332013
              ],
              [
                86.92522857805506,
                27.900580361131794
              ],
              [
                86.92482212644737,
                27.900580140020473
              ],
              [
                86.92482218883536,
                27.900489865820255
              ],
              [
                86.9246189632022,
                27.900489754815435
              ],
              [
                86.92461890064352,
                27.900580029024635
              ],
              [
                86.92441567484866,
                27.90057991771439
              ],
              [
                86.9244156121193,
                27.900670191914607
              ],
              [
                86.92380593422268,
                27.9006698562052
              ],
              [
                86.92380587099028,
                27.90076013040542
              ],
              [
                86.92319619259958,
                27.900759792001068
              ],
              [
                86.92319612885512,
                27.9008500661923
              ],
              [
                86.92309451571515,
                27.900850009535556
              ],
              [
                86.92309457953147,
                27.90075973533534
              ],
              [
                86.9227897403451,
                27.90075956489798
              ],
              [
                86.92278967626827,
                27.900849839089215
              ],
              [
                86.92268806311931,
                27.900849782127043
              ],
              [
                86.92268799896164,
                27.900940056318277
              ],
              [
                86.92238315926323,
                27.900939884982602
              ],
              [
                86.92238328809063,
                27.90075933659115
              ],
              [
                86.92197683584513,
                27.900759107098544
              ],
              [
                86.92197677109456,
                27.90084938128978
              ],
              [
                86.92207838424353,
                27.900849438772976
              ],
              [
                86.92207831957381,
                27.90093971296421
              ],
              [
                86.92126541374434,
                27.900939250969643
              ],
              [
                86.92126534840088,
                27.901029525151895
              ],
              [
                86.92065566853695,
                27.90102917550962
              ],
              [
                86.92065560269043,
                27.90111944969187
              ],
              [
                86.91994430893195,
                27.901119038362285
              ],
              [
                86.91994424249255,
                27.901209312544538
              ],
              [
                86.91974101554784,
                27.90120919434421
              ],
              [
                86.91974108214893,
                27.90111892016196
              ],
              [
                86.91953785536593,
                27.90111880166519
              ],
              [
                86.91953778859416,
                27.901209075847444
              ],
              [
                86.91933456164047,
                27.901208957045245
              ],
              [
                86.919334494698,
                27.901299231227497
              ],
              [
                86.91902965402043,
                27.90129905247174
              ],
              [
                86.91902972122341,
                27.901208778289487
              ],
              [
                86.91831842690796,
                27.901208358560655
              ],
              [
                86.91831835912109,
                27.901298632742904
              ],
              [
                86.9179119048993,
                27.901298391248808
              ],
              [
                86.91791183678005,
                27.90138866543106
              ],
              [
                86.91760699585994,
                27.901388483522215
              ],
              [
                86.91760692748018,
                27.901478757695482
              ],
              [
                86.9174037000414,
                27.90147863605461
              ],
              [
                86.91740363149096,
                27.901568910227876
              ],
              [
                86.91720040388151,
                27.901568788281576
              ],
              [
                86.91720033516039,
                27.901659062445862
              ],
              [
                86.91689549349466,
                27.901658878964966
              ],
              [
                86.91689542452202,
                27.901749153138233
              ],
              [
                86.91659058260478,
                27.9017489689836
              ],
              [
                86.9165905133806,
                27.901839243147887
              ],
              [
                86.91638728526809,
                27.901839119997845
              ],
              [
                86.91638735466294,
                27.90174884583356
              ],
              [
                86.91628574068754,
                27.90174878414625
              ],
              [
                86.91628567121182,
                27.901839058319517
              ],
              [
                86.91618405715558,
                27.90183899655136
              ],
              [
                86.91618398759903,
                27.901929270724626
              ],
              [
                86.91587914517872,
                27.901929084988957
              ],
              [
                86.91587907537064,
                27.902019359153243
              ],
              [
                86.9157774611437,
                27.902019297097624
              ],
              [
                86.9157773912458,
                27.902109571252925
              ],
              [
                86.915675776938,
                27.902109509116457
              ],
              [
                86.91567570695925,
                27.902199783280743
              ],
              [
                86.91486279184119,
                27.90219928349405
              ],
              [
                86.91486272117972,
                27.902289557658335
              ],
              [
                86.91465949223176,
                27.902289431957076
              ],
              [
                86.91465956306392,
                27.902199157801775
              ],
              [
                86.9145579486753,
                27.902199094838856
              ],
              [
                86.9145580195883,
                27.902108820683555
              ],
              [
                86.9146596338871,
                27.90210888363749
              ],
              [
                86.91465970471926,
                27.902018609482187
              ],
              [
                86.91476131893721,
                27.902018672364257
              ],
              [
                86.9147615311642,
                27.901747849880387
              ],
              [
                86.91486314513062,
                27.901747912681607
              ],
              [
                86.91486321578313,
                27.901657638517325
              ],
              [
                86.91476160189754,
                27.90165757570712
              ],
              [
                86.9147617433822,
                27.901477027378547
              ],
              [
                86.91455851595241,
                27.90147690153356
              ],
              [
                86.91455858686541,
                27.901386627369273
              ],
              [
                86.91445697324035,
                27.90138656433449
              ],
              [
                86.91445711521908,
                27.901206015996937
              ],
              [
                86.91466034213684,
                27.901206141985657
              ],
              [
                86.91466062542955,
                27.900845045292584
              ],
              [
                86.91455901230754,
                27.900844982329666
              ],
              [
                86.91455894140351,
                27.900935256502933
              ],
              [
                86.91445732820065,
                27.90093519347713
              ],
              [
                86.91445718621294,
                27.90111574182367
              ],
              [
                86.9143555728394,
                27.901115678717023
              ],
              [
                86.91435571498882,
                27.900935130370485
              ],
              [
                86.91425410178596,
                27.90093506718299
              ],
              [
                86.91425424410605,
                27.90075451883645
              ],
              [
                86.91415263106488,
                27.90075445557709
              ],
              [
                86.91415270231026,
                27.90066418140382
              ],
              [
                86.91374625050494,
                27.900663927629754
              ],
              [
                86.91374632208272,
                27.900573653456483
              ],
              [
                86.91333987061876,
                27.900573398478674
              ],
              [
                86.91333994253787,
                27.900483124305406
              ],
              [
                86.91323832975722,
                27.90048306037231
              ],
              [
                86.9132384017572,
                27.90039278619904
              ],
              [
                86.91313678905739,
                27.900392722194077
              ],
              [
                86.91313671697658,
                27.900482996367344
              ],
              [
                86.91273026585398,
                27.900482739601888
              ],
              [
                86.9127301934318,
                27.900573013784136
              ],
              [
                86.91212051626282,
                27.90057262637669
              ],
              [
                86.91212066211328,
                27.90039207803015
              ],
              [
                86.91262872558534,
                27.90039240104636
              ],
              [
                86.91262879808836,
                27.900302126873093
              ],
              [
                86.91242557286843,
                27.900301997884
              ],
              [
                86.91242564555111,
                27.900211723710733
              ],
              [
                86.91222242050185,
                27.900211594425198
              ],
              [
                86.91222256618164,
                27.900031046069678
              ],
              [
                86.91232417854009,
                27.90003111074838
              ],
              [
                86.91232425130363,
                27.899940836566127
              ],
              [
                86.91273070038704,
                27.899941094526344
              ],
              [
                86.91273084523141,
                27.89976054615286
              ],
              [
                86.91283245733831,
                27.899760610454265
              ],
              [
                86.91283267434434,
                27.899489787889546
              ],
              [
                86.91273106248896,
                27.89948972358814
              ],
              [
                86.91273113491113,
                27.899399449396903
              ],
              [
                86.91293435844224,
                27.899399577927856
              ],
              [
                86.91293443069374,
                27.89930930373662
              ],
              [
                86.91313765406315,
                27.899309431962145
              ],
              [
                86.91313772614396,
                27.899219157770908
              ],
              [
                86.91344256094655,
                27.89921934955224
              ],
              [
                86.91344263277584,
                27.899129075352022
              ],
              [
                86.91303618671076,
                27.899128819502845
              ],
              [
                86.91303633104307,
                27.898948271111394
              ],
              [
                86.91323955372977,
                27.898948399184203
              ],
              [
                86.91323962572973,
                27.898858124983985
              ],
              [
                86.91334123699224,
                27.8988581889081
              ],
              [
                86.91334159654292,
                27.898406817898028
              ],
              [
                86.91313837486234,
                27.898406689977932
              ],
              [
                86.91313844694317,
                27.898316415768733
              ]
            ],
            [
              [
                86.92817559074496,
                27.900220831468886
              ],
              [
                86.92807397817091,
                27.90022077847727
              ],
              [
                86.92807403785498,
                27.90013050426807
              ],
              [
                86.92817565034817,
                27.900130557259686
              ],
              [
                86.92817559074496,
                27.900220831468886
              ]
            ],
            [
              [
                86.93285300102853,
                27.894987281181795
              ],
              [
                86.93295460872473,
                27.894987330634052
              ],
              [
                86.93295455310104,
                27.895077604933086
              ],
              [
                86.932852945324,
                27.895077555471847
              ],
              [
                86.93285300102853,
                27.894987281181795
              ]
            ],
            [
              [
                86.93386732208944,
                27.897876549177077
              ],
              [
                86.93386726722034,
                27.897966823431194
              ],
              [
                86.93396887769232,
                27.89796687214683
              ],
              [
                86.93396876811582,
                27.898147420655064
              ],
              [
                86.93386715746418,
                27.898147371939427
              ],
              [
                86.93386704770802,
                27.89832792043868
              ],
              [
                86.93376543689467,
                27.898327871651173
              ],
              [
                86.9337654918536,
                27.898237597397056
              ],
              [
                86.93366388112112,
                27.898237548528705
              ],
              [
                86.93366404625841,
                27.89796672577534
              ],
              [
                86.93376565673937,
                27.89796677464369
              ],
              [
                86.9337657116983,
                27.897876500389575
              ],
              [
                86.93386732208944,
                27.897876549177077
              ]
            ],
            [
              [
                86.9133405178639,
                27.899760930847396
              ],
              [
                86.91334058977404,
                27.899670656656163
              ],
              [
                86.9134422018001,
                27.89967072050841
              ],
              [
                86.91344212997082,
                27.899760994699648
              ],
              [
                86.9133405178639,
                27.899760930847396
              ]
            ],
            [
              [
                86.91415391340097,
                27.899129520215716
              ],
              [
                86.91415398463737,
                27.899039246015498
              ],
              [
                86.91425559607055,
                27.899039309265877
              ],
              [
                86.91425552491499,
                27.899129583466095
              ],
              [
                86.91415391340097,
                27.899129520215716
              ]
            ],
            [
              [
                86.91456021767597,
                27.89931032116851
              ],
              [
                86.91456028857999,
                27.899220046968292
              ],
              [
                86.91466190018384,
                27.89922010992223
              ],
              [
                86.91466232506902,
                27.898678464720923
              ],
              [
                86.9147639361698,
                27.898678527594008
              ],
              [
                86.91476365324542,
                27.899039624403862
              ],
              [
                86.91486526468758,
                27.899039687205082
              ],
              [
                86.91486498209555,
                27.89940078399697
              ],
              [
                86.91476337032101,
                27.89940072119575
              ],
              [
                86.91476344105436,
                27.899310446995532
              ],
              [
                86.91456021767597,
                27.89931032116851
              ]
            ],
            [
              [
                86.9145609266713,
                27.89840757914837
              ],
              [
                86.91456099756634,
                27.898317304939166
              ],
              [
                86.91466260832578,
                27.89831736788412
              ],
              [
                86.91466253751159,
                27.898407642093318
              ],
              [
                86.9145609266713,
                27.89840757914837
              ]
            ],
            [
              [
                86.9148633570971,
                27.901477090188752
              ],
              [
                86.91486349841108,
                27.901296541842218
              ],
              [
                86.91526995258795,
                27.90129679232845
              ],
              [
                86.91526974163656,
                27.901567614839273
              ],
              [
                86.91496490024035,
                27.901567427091376
              ],
              [
                86.914964970812,
                27.90147715291811
              ],
              [
                86.9148633570971,
                27.901477090188752
              ]
            ],
            [
              [
                86.91486597114067,
                27.898136945140024
              ],
              [
                86.9148660417842,
                27.898046670930825
              ],
              [
                86.9149676522921,
                27.8980467336512
              ],
              [
                86.91496772285477,
                27.897956459441996
              ],
              [
                86.91506933328183,
                27.897956522090503
              ],
              [
                86.91506919232718,
                27.89813707051789
              ],
              [
                86.91486597114067,
                27.898136945140024
              ]
            ],
            [
              [
                86.91496532366126,
                27.901025782060753
              ],
              [
                86.91496539423291,
                27.900935507887482
              ],
              [
                86.91506700744475,
                27.900935570544974
              ],
              [
                86.91506693695395,
                27.90102584471824
              ],
              [
                86.91496532366126,
                27.901025782060753
              ]
            ],
            [
              [
                86.91526953067621,
                27.90183843734111
              ],
              [
                86.91526960099633,
                27.901748163176826
              ],
              [
                86.915676056871,
                27.901748412459316
              ],
              [
                86.91567598689225,
                27.901838686632583
              ],
              [
                86.91557437283599,
                27.90183862441527
              ],
              [
                86.91557430276741,
                27.901928898579552
              ],
              [
                86.9154726886303,
                27.901928836299355
              ],
              [
                86.91547275877974,
                27.90183856213507
              ],
              [
                86.91526953067621,
                27.90183843734111
              ]
            ],
            [
              [
                86.91557598428786,
                27.899762318304337
              ],
              [
                86.91557605434745,
                27.89967204410412
              ],
              [
                86.91577927840858,
                27.899672168439935
              ],
              [
                86.91577913862173,
                27.899852716831386
              ],
              [
                86.91567752642499,
                27.89985265469492
              ],
              [
                86.91567759640375,
                27.899762380503685
              ],
              [
                86.91557598428786,
                27.899762318304337
              ]
            ],
            [
              [
                86.91567675667659,
                27.900845670735617
              ],
              [
                86.91567682665534,
                27.900755396553365
              ],
              [
                86.91577843969651,
                27.900755458689833
              ],
              [
                86.9157783697986,
                27.900845732872085
              ],
              [
                86.91567675667659,
                27.900845670735617
              ]
            ],
            [
              [
                86.91598340882489,
                27.898498727840547
              ],
              [
                86.91598347854314,
                27.898408453631347
              ],
              [
                86.91608508939241,
                27.898408515534253
              ],
              [
                86.91608501975502,
                27.898498789743453
              ],
              [
                86.91598340882489,
                27.898498727840547
              ]
            ],
            [
              [
                86.91618593518248,
                27.899401593621587
              ],
              [
                86.91618600473905,
                27.89931131942137
              ],
              [
                86.91628761643273,
                27.89931138117156
              ],
              [
                86.916287546966,
                27.89940165537178
              ],
              [
                86.91618593518248,
                27.899401593621587
              ]
            ],
            [
              [
                86.91638971380058,
                27.898679523421418
              ],
              [
                86.91638978318645,
                27.898589249212215
              ],
              [
                86.9164913942064,
                27.89858931081868
              ],
              [
                86.91649132491035,
                27.898679585027878
              ],
              [
                86.91638971380058,
                27.898679523421418
              ]
            ],
            [
              [
                86.91730311575989,
                27.900124462370147
              ],
              [
                86.91730318439117,
                27.900034188178914
              ],
              [
                86.9174047967586,
                27.900034249111638
              ],
              [
                86.91740472821715,
                27.90012452330287
              ],
              [
                86.91730311575989,
                27.900124462370147
              ]
            ],
            [
              [
                86.91740671582954,
                27.89750657123605
              ],
              [
                86.91740678436202,
                27.89741629700888
              ],
              [
                86.91750839428602,
                27.89741635786076
              ],
              [
                86.91750832584339,
                27.897506632087925
              ],
              [
                86.91740671582954,
                27.89750657123605
              ]
            ],
            [
              [
                86.91872730880883,
                27.897958727580292
              ],
              [
                86.91872744369087,
                27.897778179125957
              ],
              [
                86.91882905395624,
                27.897778239007653
              ],
              [
                86.91882891925387,
                27.897958787453007
              ],
              [
                86.91872730880883,
                27.897958727580292
              ]
            ],
            [
              [
                86.91892931876988,
                27.899583783100315
              ],
              [
                86.91892938604472,
                27.899493508891116
              ],
              [
                86.91903099791807,
                27.899493568629083
              ],
              [
                86.91903093072409,
                27.8995838428293
              ],
              [
                86.91892931876988,
                27.899583783100315
              ]
            ],
            [
              [
                86.919031468249,
                27.89886164917366
              ],
              [
                86.919031535434,
                27.898771374955476
              ],
              [
                86.91913314663363,
                27.898771434612595
              ],
              [
                86.91913307952947,
                27.898861708821794
              ],
              [
                86.919031468249,
                27.89886164917366
              ]
            ],
            [
              [
                86.919031602628,
                27.898681100746273
              ],
              [
                86.919031669813,
                27.898590826528093
              ],
              [
                86.91913328084192,
                27.898590886185207
              ],
              [
                86.91913321373777,
                27.89868116039441
              ],
              [
                86.919031602628,
                27.898681100746273
              ]
            ],
            [
              [
                86.91903281197595,
                27.897056164684216
              ],
              [
                86.91903287915197,
                27.896965890448065
              ],
              [
                86.91923609817354,
                27.89696600967247
              ],
              [
                86.91923603115922,
                27.897056283917603
              ],
              [
                86.91903281197595,
                27.897056164684216
              ]
            ],
            [
              [
                86.91933663677572,
                27.898410456829517
              ],
              [
                86.91933670370919,
                27.898320182611332
              ],
              [
                86.9194383144866,
                27.89832024204387
              ],
              [
                86.91943824763398,
                27.898410516262054
              ],
              [
                86.91933663677572,
                27.898410456829517
              ]
            ],
            [
              [
                86.91943884927166,
                27.8975980482445
              ],
              [
                86.91943891612428,
                27.89750777400835
              ],
              [
                86.91954052613812,
                27.89750783336004
              ],
              [
                86.91954045937533,
                27.897598107596192
              ],
              [
                86.91943884927166,
                27.8975980482445
              ]
            ],
            [
              [
                86.91974308021773,
                27.898410694101532
              ],
              [
                86.91974321341092,
                27.89823014565618
              ],
              [
                86.91994643479507,
                27.89823026383854
              ],
              [
                86.91994630194321,
                27.89841081228389
              ],
              [
                86.91974308021773,
                27.898410694101532
              ]
            ],
            [
              [
                86.92004638679737,
                27.900487178024992
              ],
              [
                86.92004645314694,
                27.900396903833755
              ],
              [
                86.9201480658647,
                27.90039696273629
              ],
              [
                86.92014799959598,
                27.900487236936506
              ],
              [
                86.92004638679737,
                27.900487178024992
              ]
            ],
            [
              [
                86.9202492814822,
                27.90093866672335
              ],
              [
                86.92024934767007,
                27.900848392532115
              ],
              [
                86.92035096081004,
                27.9008484512999
              ],
              [
                86.92035102690808,
                27.900758177108663
              ],
              [
                86.92055425301736,
                27.90075829440169
              ],
              [
                86.92055418708999,
                27.900848568592927
              ],
              [
                86.92045257395002,
                27.900848509977855
              ],
              [
                86.92045250793282,
                27.90093878416909
              ],
              [
                86.9202492814822,
                27.90093866672335
              ]
            ],
            [
              [
                86.92024981094923,
                27.90021647318449
              ],
              [
                86.92024994331598,
                27.900035924784053
              ],
              [
                86.92035155569239,
                27.900035983542857
              ],
              [
                86.92035142349631,
                27.90021653194329
              ],
              [
                86.92024981094923,
                27.90021647318449
              ]
            ],
            [
              [
                86.92025086982039,
                27.89877208587321
              ],
              [
                86.92025100217818,
                27.89859153743684
              ],
              [
                86.92045422424502,
                27.8985916548736
              ],
              [
                86.92045415823682,
                27.898681929091783
              ],
              [
                86.92055576935559,
                27.89868198769787
              ],
              [
                86.92055570342822,
                27.898772261916054
              ],
              [
                86.92065731462785,
                27.898772320450277
              ],
              [
                86.92065711710627,
                27.89904314309585
              ],
              [
                86.920453894195,
                27.899043025955535
              ],
              [
                86.9204540262204,
                27.898862477528148
              ],
              [
                86.92035241493096,
                27.898862418850197
              ],
              [
                86.920352481029,
                27.898772144632012
              ],
              [
                86.92025086982039,
                27.89877208587321
              ]
            ],
            [
              [
                86.9203527453942,
                27.898411047759275
              ],
              [
                86.92035287757231,
                27.898230499313925
              ],
              [
                86.92065770966198,
                27.89823067512321
              ],
              [
                86.92065764382446,
                27.898320949350374
              ],
              [
                86.92055603304705,
                27.89832089081615
              ],
              [
                86.9205559671197,
                27.898411165043317
              ],
              [
                86.9203527453942,
                27.898411047759275
              ]
            ],
            [
              [
                86.92045369617038,
                27.89931384859212
              ],
              [
                86.9204537621786,
                27.89922357438292
              ],
              [
                86.92065698542224,
                27.899223691523233
              ],
              [
                86.92065691958472,
                27.899313965732432
              ],
              [
                86.92045369617038,
                27.89931384859212
              ]
            ],
            [
              [
                86.92055491231788,
                27.899855552435447
              ],
              [
                86.92055511009997,
                27.89958472982581
              ],
              [
                86.92085994598052,
                27.89958490519492
              ],
              [
                86.92085981462887,
                27.899765453613323
              ],
              [
                86.92075820250399,
                27.89976539522283
              ],
              [
                86.92075813673833,
                27.89985566943203
              ],
              [
                86.92085974895303,
                27.89985572781354
              ],
              [
                86.9208596832772,
                27.89994600201376
              ],
              [
                86.92065645868608,
                27.89994588516989
              ],
              [
                86.9206565245326,
                27.89985561096967
              ],
              [
                86.92055491231788,
                27.899855552435447
              ]
            ],
            [
              [
                86.9206582363622,
                27.89750848129689
              ],
              [
                86.92065830219074,
                27.89741820706074
              ],
              [
                86.92075991213272,
                27.897418265514112
              ],
              [
                86.92075984637604,
                27.897508539750262
              ],
              [
                86.9206582363622,
                27.89750848129689
              ]
            ],
            [
              [
                86.9207574791356,
                27.900758411398275
              ],
              [
                86.92075754489228,
                27.900668137207038
              ],
              [
                86.92085915787057,
                27.900668195597532
              ],
              [
                86.92085909219473,
                27.900758469788766
              ],
              [
                86.9207574791356,
                27.900758411398275
              ]
            ],
            [
              [
                86.92086198172466,
                27.89678640421562
              ],
              [
                86.92086204739151,
                27.89669612997049
              ],
              [
                86.92096365665974,
                27.89669618827115
              ],
              [
                86.92096359107374,
                27.896786462516285
              ],
              [
                86.92086198172466,
                27.89678640421562
              ]
            ],
            [
              [
                86.92116680977192,
                27.89678657889303
              ],
              [
                86.92116687518724,
                27.896696304647897
              ],
              [
                86.92137009371473,
                27.896696420728198
              ],
              [
                86.92137002847008,
                27.89678669497333
              ],
              [
                86.92116680977192,
                27.89678657889303
              ]
            ],
            [
              [
                86.9213681362947,
                27.89940464757016
              ],
              [
                86.92136820154833,
                27.89931437336096
              ],
              [
                86.92146981325998,
                27.899314431293313
              ],
              [
                86.92146987842376,
                27.89922415708411
              ],
              [
                86.92157149005457,
                27.8992242149446
              ],
              [
                86.92157135988869,
                27.899404763363002
              ],
              [
                86.9213681362947,
                27.89940464757016
              ]
            ],
            [
              [
                86.9214702694155,
                27.898682511783992
              ],
              [
                86.92147033458828,
                27.898592237565808
              ],
              [
                86.9215719456172,
                27.89859229541731
              ],
              [
                86.92157188054325,
                27.89868256964448
              ],
              [
                86.9214702694155,
                27.898682511783992
              ]
            ],
            [
              [
                86.92147072557101,
                27.89805059221179
              ],
              [
                86.9214707907348,
                27.89796031798462
              ],
              [
                86.92157240117983,
                27.897960375845106
              ],
              [
                86.9215723360969,
                27.898050650072275
              ],
              [
                86.92147072557101,
                27.89805059221179
              ]
            ],
            [
              [
                86.92167414161109,
                27.89777988516143
              ],
              [
                86.9216742066042,
                27.89768961092528
              ],
              [
                86.9217758167977,
                27.897689668633053
              ],
              [
                86.92177575188543,
                27.897779942869203
              ],
              [
                86.92167414161109,
                27.89777988516143
              ]
            ],
            [
              [
                86.92289224925813,
                27.899495782931343
              ],
              [
                86.92289231324513,
                27.89940550871316
              ],
              [
                86.92299392504661,
                27.899405565522617
              ],
              [
                86.92299386114047,
                27.8994958397408
              ],
              [
                86.92289224925813,
                27.899495782931343
              ]
            ],
            [
              [
                86.92309757888043,
                27.896516846802214
              ],
              [
                86.92309764268776,
                27.896426572548098
              ],
              [
                86.92319925170447,
                27.896426629204843
              ],
              [
                86.923199187978,
                27.89651690345896
              ],
              [
                86.92309757888043,
                27.896516846802214
              ]
            ],
            [
              [
                86.92319721237607,
                27.899315404707753
              ],
              [
                86.92319727611154,
                27.89922513048957
              ],
              [
                86.92340049937316,
                27.899225243587463
              ],
              [
                86.92340043580836,
                27.899315517796666
              ],
              [
                86.92319721237607,
                27.899315404707753
              ]
            ],
            [
              [
                86.92319842326016,
                27.89760019440056
              ],
              [
                86.92319848698665,
                27.89750992015543
              ],
              [
                86.92330009701845,
                27.89750997674031
              ],
              [
                86.92330003337281,
                27.89760025097646
              ],
              [
                86.92319842326016,
                27.89760019440056
              ]
            ],
            [
              [
                86.92340266040532,
                27.89615591952242
              ],
              [
                86.92340272396112,
                27.896065645259323
              ],
              [
                86.9236059413208,
                27.896065758042806
              ],
              [
                86.92360587793567,
                27.896156032296922
              ],
              [
                86.92340266040532,
                27.89615591952242
              ]
            ],
            [
              [
                86.9235024284057,
                27.898773928919727
              ],
              [
                86.92350249188065,
                27.89868365469256
              ],
              [
                86.92370571413616,
                27.898683767332315
              ],
              [
                86.9237056508229,
                27.89877404155948
              ],
              [
                86.9235024284057,
                27.898773928919727
              ]
            ],
            [
              [
                86.92370647383241,
                27.89760047655241
              ],
              [
                86.92370653713668,
                27.89751020231626
              ],
              [
                86.92380814716849,
                27.897510258523848
              ],
              [
                86.92380808394506,
                27.897600532759995
              ],
              [
                86.92370647383241,
                27.89760047655241
              ]
            ],
            [
              [
                86.92401061057215,
                27.89859366151231
              ],
              [
                86.92401073668664,
                27.898413113057977
              ],
              [
                86.92411234756285,
                27.89841316904099
              ],
              [
                86.92411241053476,
                27.89832289481382
              ],
              [
                86.92431563211652,
                27.89832300655526
              ],
              [
                86.92431556930632,
                27.898413280782425
              ],
              [
                86.92441718018254,
                27.898413336540855
              ],
              [
                86.92441711746217,
                27.89850361076802
              ],
              [
                86.9243155065051,
                27.898503555009594
              ],
              [
                86.92431544370388,
                27.89859382923676
              ],
              [
                86.92401061057215,
                27.89859366151231
              ]
            ],
            [
              [
                86.92421244904482,
                27.90057980611668
              ],
              [
                86.9242125748359,
                27.900399257707264
              ],
              [
                86.92441580029839,
                27.900399369313952
              ],
              [
                86.92441573756903,
                27.90048964351417
              ],
              [
                86.92431412476144,
                27.90048958775574
              ],
              [
                86.92431406195124,
                27.900579861955958
              ],
              [
                86.92421244904482,
                27.90057980611668
              ]
            ],
            [
              [
                86.92421584492813,
                27.895704997535244
              ],
              [
                86.9242159078102,
                27.895614723272146
              ],
              [
                86.92431751607232,
                27.895614779093457
              ],
              [
                86.92431745328008,
                27.89570505336554
              ],
              [
                86.92421584492813,
                27.895704997535244
              ]
            ],
            [
              [
                86.92451835260904,
                27.899045311808607
              ],
              [
                86.92451841524856,
                27.898955037581437
              ],
              [
                86.92482324939537,
                27.898955204191974
              ],
              [
                86.92482312462836,
                27.899135752637324
              ],
              [
                86.92472151307841,
                27.89913569717534
              ],
              [
                86.92472157554725,
                27.899045422957155
              ],
              [
                86.92451835260904,
                27.899045311808607
              ]
            ],
            [
              [
                86.92452029420973,
                27.896246810362182
              ],
              [
                86.92452035684026,
                27.896156536108066
              ],
              [
                86.92462196560544,
                27.8961565917048
              ],
              [
                86.92462190306473,
                27.8962468659679
              ],
              [
                86.92452029420973,
                27.896246810362182
              ]
            ],
            [
              [
                86.92512708942158,
                27.900399757556837
              ],
              [
                86.92512721369452,
                27.900219209147416
              ],
              [
                86.92522882625059,
                27.90021926431296
              ],
              [
                86.92522876420395,
                27.900309538513177
              ],
              [
                86.92533037684986,
                27.900309593606853
              ],
              [
                86.92533031488406,
                27.900399867816052
              ],
              [
                86.92512708942158,
                27.900399757556837
              ]
            ],
            [
              [
                86.92533124435293,
                27.899045754597193
              ],
              [
                86.92533130630973,
                27.898955480370027
              ],
              [
                86.92543291769799,
                27.898955535382854
              ],
              [
                86.92543297957396,
                27.898865261155688
              ],
              [
                86.92553459087237,
                27.898865316087665
              ],
              [
                86.92553446729114,
                27.899045864542
              ],
              [
                86.92533124435293,
                27.899045754597193
              ]
            ],
            [
              [
                86.92543198950474,
                27.90030964861968
              ],
              [
                86.9254320513807,
                27.90021937441048
              ],
              [
                86.92553366394576,
                27.90021942935144
              ],
              [
                86.92553360215064,
                27.900309703560644
              ],
              [
                86.92543198950474,
                27.90030964861968
              ]
            ],
            [
              [
                86.92553545595,
                27.89760147680851
              ],
              [
                86.92553551773612,
                27.89751120256338
              ],
              [
                86.9259419578813,
                27.897511421545694
              ],
              [
                86.92594189642756,
                27.89760169579083
              ],
              [
                86.92553545595,
                27.89760147680851
              ]
            ],
            [
              [
                86.92563792990059,
                27.896337692146925
              ],
              [
                86.92563799160587,
                27.89624741789281
              ],
              [
                86.92573960046089,
                27.896247472672076
              ],
              [
                86.92573953884543,
                27.896337746926193
              ],
              [
                86.92563792990059,
                27.896337692146925
              ]
            ],
            [
              [
                86.92563817670373,
                27.895976595103512
              ],
              [
                86.92563823840003,
                27.89588632084041
              ],
              [
                86.9258414554453,
                27.895886430318097
              ],
              [
                86.9258413939107,
                27.895976704581194
              ],
              [
                86.92563817670373,
                27.895976595103512
              ]
            ],
            [
              [
                86.92584065552249,
                27.89705999567551
              ],
              [
                86.92584071705708,
                27.896969721421392
              ],
              [
                86.92594232658583,
                27.896969776056928
              ],
              [
                86.92594226513208,
                27.897060050311044
              ],
              [
                86.92584065552249,
                27.89705999567551
              ]
            ],
            [
              [
                86.92593992983574,
                27.900490470979328
              ],
              [
                86.92593999128948,
                27.90040019677911
              ],
              [
                86.92604160402522,
                27.90040025134278
              ],
              [
                86.9260416654071,
                27.90030997713358
              ],
              [
                86.926143278053,
                27.900310031625384
              ],
              [
                86.9261431554689,
                27.900490580034802
              ],
              [
                86.92593992983574,
                27.900490470979328
              ]
            ],
            [
              [
                86.926042340518,
                27.89931696076949
              ],
              [
                86.92604258600959,
                27.898955863878786
              ],
              [
                86.92614419739785,
                27.898955918361608
              ],
              [
                86.92614425868092,
                27.898865644134442
              ],
              [
                86.92624586998834,
                27.8988656985454
              ],
              [
                86.92624562517047,
                27.899226795445085
              ],
              [
                86.92634723681026,
                27.899226849784174
              ],
              [
                86.92634717568889,
                27.899317124011343
              ],
              [
                86.926042340518,
                27.89931696076949
              ]
            ],
            [
              [
                86.92604454975375,
                27.896067088034517
              ],
              [
                86.92604467248158,
                27.895886539499333
              ],
              [
                86.92614628099524,
                27.895886593982155
              ],
              [
                86.92614621972115,
                27.895976868245256
              ],
              [
                86.92624782832463,
                27.895976922656214
              ],
              [
                86.9262477671314,
                27.89606719691931
              ],
              [
                86.92604454975375,
                27.896067088034517
              ]
            ],
            [
              [
                86.92624531915038,
                27.899678166544987
              ],
              [
                86.9262453803526,
                27.899587892326803
              ],
              [
                86.92634699233375,
                27.899587946665893
              ],
              [
                86.92634705345513,
                27.899497672447712
              ],
              [
                86.92644866534644,
                27.899497726714937
              ],
              [
                86.92644854327438,
                27.899678275151306
              ],
              [
                86.92624531915038,
                27.899678166544987
              ]
            ],
            [
              [
                86.926246053595,
                27.898594875854915
              ],
              [
                86.92624611479721,
                27.898504601627746
              ],
              [
                86.92634772576326,
                27.898504655957854
              ],
              [
                86.9263476646419,
                27.898594930194005
              ],
              [
                86.926246053595,
                27.898594875854915
              ]
            ],
            [
              [
                86.926347359053,
                27.899046301338824
              ],
              [
                86.92634742016538,
                27.89895602711166
              ],
              [
                86.92665225433018,
                27.89895618967079
              ],
              [
                86.92665213259947,
                27.899136738125126
              ],
              [
                86.92655052104053,
                27.899136684010614
              ],
              [
                86.92655046008984,
                27.89922695823778
              ],
              [
                86.92644884845005,
                27.899226904051403
              ],
              [
                86.92644897052212,
                27.89904635559707
              ],
              [
                86.926347359053,
                27.899046301338824
              ]
            ],
            [
              [
                86.92695739155958,
                27.898504980402386
              ],
              [
                86.92695745216892,
                27.898414706166236
              ],
              [
                86.92705906305412,
                27.898414759984306
              ],
              [
                86.92705900252564,
                27.89850503421147
              ],
              [
                86.92695739155958,
                27.898504980402386
              ]
            ],
            [
              [
                86.92715976726971,
                27.899768927111065
              ],
              [
                86.92715982771735,
                27.89967865289288
              ],
              [
                86.92746466390334,
                27.89967881366437
              ],
              [
                86.92746460371622,
                27.899769087882554
              ],
              [
                86.92715976726971,
                27.899768927111065
              ]
            ],
            [
              [
                86.92726168121953,
                27.89931760967652
              ],
              [
                86.92726180194413,
                27.899137061222184
              ],
              [
                86.927465025062,
                27.899137168328316
              ],
              [
                86.9274649648659,
                27.899227442555482
              ],
              [
                86.92756657651468,
                27.899227495987276
              ],
              [
                86.9275665164084,
                27.89931777021444
              ],
              [
                86.92746490467879,
                27.899317716773666
              ],
              [
                86.92746484448267,
                27.89940799100083
              ],
              [
                86.9273632326722,
                27.899407937488192
              ],
              [
                86.92736329294917,
                27.899317663261023
              ],
              [
                86.92726168121953,
                27.89931760967652
              ]
            ],
            [
              [
                86.92736564352585,
                27.895796967628957
              ],
              [
                86.92736570379382,
                27.89570669335687
              ],
              [
                86.92746731214578,
                27.89570674686053
              ],
              [
                86.92746725196764,
                27.895797021132616
              ],
              [
                86.92736564352585,
                27.895796967628957
              ]
            ],
            [
              [
                86.92766902845655,
                27.897963710077033
              ],
              [
                86.927669088473,
                27.897873435831897
              ],
              [
                86.92777069885514,
                27.89787348911996
              ],
              [
                86.92777063891954,
                27.897963763365095
              ],
              [
                86.92766902845655,
                27.897963710077033
              ]
            ],
            [
              [
                86.9277719574218,
                27.895977729738597
              ],
              [
                86.9277720173574,
                27.895887455475496
              ],
              [
                86.92807684292531,
                27.89588761486358
              ],
              [
                86.92807678325022,
                27.89597788913566
              ],
              [
                86.9277719574218,
                27.895977729738597
              ]
            ],
            [
              [
                86.92797314263062,
                27.89904716054146
              ],
              [
                86.92797320239553,
                27.898956886314295
              ],
              [
                86.92817642518104,
                27.898956992360414
              ],
              [
                86.92817630598358,
                27.89913754082373
              ],
              [
                86.92807469441566,
                27.89913748783211
              ],
              [
                86.9280747541087,
                27.899047213604945
              ],
              [
                86.92797314263062,
                27.89904716054146
              ]
            ],
            [
              [
                86.92827809609167,
                27.898866771044016
              ],
              [
                86.92827821512742,
                27.8986862225807
              ],
              [
                86.92837982626416,
                27.898686275419603
              ],
              [
                86.92837970739907,
                27.898866823882923
              ],
              [
                86.92827809609167,
                27.898866771044016
              ]
            ],
            [
              [
                86.92838071770733,
                27.89733216176955
              ],
              [
                86.92838077713088,
                27.897241887515435
              ],
              [
                86.92848238692015,
                27.897241940273492
              ],
              [
                86.92848232757744,
                27.89733221452761
              ],
              [
                86.92838071770733,
                27.89733216176955
              ]
            ],
            [
              [
                86.92848298033825,
                27.89633919768741
              ],
              [
                86.92848303967196,
                27.896248923415328
              ],
              [
                86.92858464853596,
                27.896248976101518
              ],
              [
                86.92858458928308,
                27.89633925036462
              ],
              [
                86.92848298033825,
                27.89633919768741
              ]
            ],
            [
              [
                86.92868389033919,
                27.899859998440334
              ],
              [
                86.92868394952019,
                27.899769724213165
              ],
              [
                86.92878556167202,
                27.899769776755626
              ],
              [
                86.92878550258084,
                27.89986005097381
              ],
              [
                86.92868389033919,
                27.899859998440334
              ]
            ],
            [
              [
                86.92868525145751,
                27.89778369107176
              ],
              [
                86.92868531062955,
                27.897693416826627
              ],
              [
                86.928786920841,
                27.897693469360103
              ],
              [
                86.92878686174983,
                27.89778374361422
              ],
              [
                86.92868525145751,
                27.89778369107176
              ]
            ],
            [
              [
                86.92888746889346,
                27.89931845809937
              ],
              [
                86.9288875279038,
                27.899228183872204
              ],
              [
                86.92898913954359,
                27.89922823626195
              ],
              [
                86.9289890806231,
                27.899318510489117
              ],
              [
                86.92888746889346,
                27.89931845809937
              ]
            ],
            [
              [
                86.92898943418201,
                27.89877686510815
              ],
              [
                86.92898949310252,
                27.898686590872
              ],
              [
                86.92909110424823,
                27.89868664318988
              ],
              [
                86.92909104540858,
                27.89877691742603
              ],
              [
                86.92898943418201,
                27.89877686510815
              ]
            ],
            [
              [
                86.9294973733003,
                27.89895767439731
              ],
              [
                86.92949743180756,
                27.89886740016116
              ],
              [
                86.92959904311498,
                27.898867452101747
              ],
              [
                86.92959898469753,
                27.898957726337898
              ],
              [
                86.9294973733003,
                27.89895767439731
              ]
            ],
            [
              [
                86.92959834206074,
                27.899950742827755
              ],
              [
                86.9295984004782,
                27.89986046860957
              ],
              [
                86.92980162496151,
                27.89986057226617
              ],
              [
                86.92980156670576,
                27.899950846484355
              ],
              [
                86.92959834206074,
                27.899950742827755
              ]
            ],
            [
              [
                86.92959869259235,
                27.899409097491702
              ],
              [
                86.92959875101879,
                27.899318823255552
              ],
              [
                86.92980197447802,
                27.89931892691215
              ],
              [
                86.92980191623126,
                27.899409201148302
              ],
              [
                86.92959869259235,
                27.899409097491702
              ]
            ],
            [
              [
                86.9295993936376,
                27.898325806675864
              ],
              [
                86.92959945205504,
                27.898235532430732
              ],
              [
                86.92970106277855,
                27.898235584299456
              ],
              [
                86.92970100444197,
                27.898325858535607
              ],
              [
                86.9295993936376,
                27.898325806675864
              ]
            ],
            [
              [
                86.92980145019428,
                27.900131394929705
              ],
              [
                86.92980150845003,
                27.90004112071152
              ],
              [
                86.93010634567806,
                27.900041275634976
              ],
              [
                86.93010628767384,
                27.90013154985316
              ],
              [
                86.93020790016703,
                27.900131601344594
              ],
              [
                86.93020784225264,
                27.900221875562774
              ],
              [
                86.93000461709559,
                27.900221772508047
              ],
              [
                86.93000467518065,
                27.900131498289863
              ],
              [
                86.92980145019428,
                27.900131394929705
              ]
            ],
            [
              [
                86.93000595302516,
                27.89814546519337
              ],
              [
                86.93000601110124,
                27.898055190948238
              ],
              [
                86.93010762165407,
                27.898055242511536
              ],
              [
                86.93010756365884,
                27.898145516756667
              ],
              [
                86.93000595302516,
                27.89814546519337
              ]
            ],
            [
              [
                86.93020963758964,
                27.8974233742511
              ],
              [
                86.93020975340943,
                27.897242825733883
              ],
              [
                86.93041297299693,
                27.897242928483188
              ],
              [
                86.9304128575185,
                27.8974234770004
              ],
              [
                86.93020963758964,
                27.8974233742511
              ]
            ],
            [
              [
                86.9302103324904,
                27.89634008311187
              ],
              [
                86.93021039039581,
                27.896249808839787
              ],
              [
                86.9303119992598,
                27.89624986025037
              ],
              [
                86.93031194144423,
                27.896340134522454
              ],
              [
                86.9302103324904,
                27.89634008311187
              ]
            ],
            [
              [
                86.93051366026131,
                27.898687367708106
              ],
              [
                86.93051377557804,
                27.898506819235806
              ],
              [
                86.93061538655307,
                27.898506870421812
              ],
              [
                86.93061527139804,
                27.898687418903094
              ],
              [
                86.93051366026131,
                27.898687367708106
              ]
            ],
            [
              [
                86.93051412153723,
                27.897965173765005
              ],
              [
                86.93051417919109,
                27.897874899519874
              ],
              [
                86.93061578958223,
                27.897874950705877
              ],
              [
                86.9306157320092,
                27.89796522495101
              ],
              [
                86.93051412153723,
                27.897965173765005
              ]
            ],
            [
              [
                86.93061734398208,
                27.895437545548287
              ],
              [
                86.93061740154613,
                27.895347271258238
              ],
              [
                86.93071900957469,
                27.895347322372377
              ],
              [
                86.9307189520915,
                27.89543759665344
              ],
              [
                86.93061734398208,
                27.895437545548287
              ]
            ],
            [
              [
                86.93061745911017,
                27.89525699697717
              ],
              [
                86.9306175166832,
                27.895166722696104
              ],
              [
                86.93071912454107,
                27.89516677380126
              ],
              [
                86.93071918201528,
                27.895076499520194
              ],
              [
                86.9310240053374,
                27.895076652386507
              ],
              [
                86.93102389088305,
                27.895257200957623
              ],
              [
                86.93092228294432,
                27.895257150077043
              ],
              [
                86.93092234025684,
                27.89516687579598
              ],
              [
                86.93082073239896,
                27.895166824834554
              ],
              [
                86.93082067499661,
                27.895257099115618
              ],
              [
                86.93061745911017,
                27.89525699697717
              ]
            ],
            [
              [
                86.93112498450934,
                27.896069720277964
              ],
              [
                86.93112509881097,
                27.895889171733796
              ],
              [
                86.93132831587421,
                27.89588927312664
              ],
              [
                86.93132825889407,
                27.895979547398728
              ],
              [
                86.9312266502816,
                27.895979496742726
              ],
              [
                86.93122659321163,
                27.896069771014812
              ],
              [
                86.93112498450934,
                27.896069720277964
              ]
            ],
            [
              [
                86.93122431049368,
                27.89968074103574
              ],
              [
                86.93122436756366,
                27.899590466808576
              ],
              [
                86.93132597955379,
                27.89959051747356
              ],
              [
                86.9313260365429,
                27.89950024324639
              ],
              [
                86.93142764845219,
                27.89950029383951
              ],
              [
                86.93142753463565,
                27.89968084229384
              ],
              [
                86.93122431049368,
                27.89968074103574
              ]
            ],
            [
              [
                86.93122482414138,
                27.898868272946324
              ],
              [
                86.93122488121135,
                27.898777998710173
              ],
              [
                86.93132649243792,
                27.898778049375153
              ],
              [
                86.93132643545778,
                27.898868323611303
              ],
              [
                86.93122482414138,
                27.898868272946324
              ]
            ],
            [
              [
                86.93132632147953,
                27.899048872083604
              ],
              [
                86.93132637846865,
                27.898958597847454
              ],
              [
                86.9314279898659,
                27.898958648440573
              ],
              [
                86.9314279329666,
                27.899048922676723
              ],
              [
                86.93132632147953,
                27.899048872083604
              ]
            ],
            [
              [
                86.93142963993633,
                27.896340695080173
              ],
              [
                86.93142969683562,
                27.89625042080809
              ],
              [
                86.93153130569961,
                27.89625047132036
              ],
              [
                86.93153124889015,
                27.896340745592443
              ],
              [
                86.93142963993633,
                27.896340695080173
              ]
            ],
            [
              [
                86.93163285784398,
                27.896340796023864
              ],
              [
                86.93163291457259,
                27.89625052175178
              ],
              [
                86.93183613231855,
                27.896250622399023
              ],
              [
                86.93183607576061,
                27.896340896671106
              ],
              [
                86.93163285784398,
                27.896340796023864
              ]
            ],
            [
              [
                86.93173378707856,
                27.89742413755858
              ],
              [
                86.93173384372632,
                27.897333863304464
              ],
              [
                86.93183545360542,
                27.897333913592153
              ],
              [
                86.93183539704748,
                27.89742418784627
              ],
              [
                86.93173378707856,
                27.89742413755858
              ]
            ],
            [
              [
                86.93173491993498,
                27.895618652179806
              ],
              [
                86.93173508985132,
                27.895347829327623
              ],
              [
                86.93183669787989,
                27.895347879615315
              ],
              [
                86.93183652821507,
                27.89561870245851
              ],
              [
                86.93173491993498,
                27.895618652179806
              ]
            ],
            [
              [
                86.93183641509921,
                27.895799251020645
              ],
              [
                86.93183647165715,
                27.895708976739577
              ],
              [
                86.93193808002707,
                27.8957090269554
              ],
              [
                86.93193802354999,
                27.89579930123647
              ],
              [
                86.93183641509921,
                27.895799251020645
              ]
            ],
            [
              [
                86.93213983279148,
                27.89805625804798
              ],
              [
                86.93213988909787,
                27.897965983793863
              ],
              [
                86.93224149957884,
                27.89796603378511
              ],
              [
                86.93224144335328,
                27.89805630803024
              ],
              [
                86.93213983279148,
                27.89805625804798
              ]
            ],
            [
              [
                86.93224161202994,
                27.897785485276877
              ],
              [
                86.9322416682555,
                27.89769521102276
              ],
              [
                86.93234327847595,
                27.89769526094214
              ],
              [
                86.93234322233124,
                27.897785535196256
              ],
              [
                86.93224161202994,
                27.897785485276877
              ]
            ],
            [
              [
                86.93224217425853,
                27.89688274268181
              ],
              [
                86.93224234292622,
                27.89661191988353
              ],
              [
                86.93254717056024,
                27.89661206939014
              ],
              [
                86.9325471145952,
                27.896702343662223
              ],
              [
                86.93264872389038,
                27.896702393348043
              ],
              [
                86.93264850034463,
                27.897063490418407
              ],
              [
                86.93244528108052,
                27.897063390965922
              ],
              [
                86.93244533713539,
                27.896973116702824
              ],
              [
                86.93234372758867,
                27.89697306686429
              ],
              [
                86.93234378372439,
                27.89688279259221
              ],
              [
                86.93224217425853,
                27.89688274268181
              ]
            ],
            [
              [
                86.93234451349777,
                27.895709227046147
              ],
              [
                86.93234456963349,
                27.895618952765084
              ],
              [
                86.93244617791358,
                27.895619002594632
              ],
              [
                86.93244612186768,
                27.895709276875696
              ],
              [
                86.93234451349777,
                27.895709227046147
              ]
            ],
            [
              [
                86.93244629001434,
                27.895438454032497
              ],
              [
                86.93244634606023,
                27.89534817974245
              ],
              [
                86.93254795408879,
                27.895348229509118
              ],
              [
                86.93254789812376,
                27.89543850379018
              ],
              [
                86.93244629001434,
                27.895438454032497
              ]
            ],
            [
              [
                86.93264648830703,
                27.9003133631444
              ],
              [
                86.93264665598656,
                27.90004254047188
              ],
              [
                86.93295149324155,
                27.900042689107124
              ],
              [
                86.93295138195826,
                27.90022323756146
              ],
              [
                86.93305299454127,
                27.900223286950833
              ],
              [
                86.93305293898048,
                27.900313561178002
              ],
              [
                86.93264648830703,
                27.9003133631444
              ]
            ],
            [
              [
                86.93264715902515,
                27.899230072400425
              ],
              [
                86.93264721491833,
                27.89913979817326
              ],
              [
                86.93274882648626,
                27.89913984778721
              ],
              [
                86.93274877068292,
                27.89923012202336
              ],
              [
                86.93264715902515,
                27.899230072400425
              ]
            ],
            [
              [
                86.93274910552095,
                27.898688476588493
              ],
              [
                86.93274921712765,
                27.898507928098226
              ],
              [
                86.93285082811167,
                27.898507977640314
              ],
              [
                86.93285077238916,
                27.89859825188545
              ],
              [
                86.93295238346302,
                27.898598301355673
              ],
              [
                86.93295232782137,
                27.898688575600804
              ],
              [
                86.93274910552095,
                27.898688476588493
              ]
            ],
            [
              [
                86.93285144103218,
                27.89751496087198
              ],
              [
                86.9328514967457,
                27.897424686617864
              ],
              [
                86.93315632666145,
                27.897424834785987
              ],
              [
                86.93315627119946,
                27.897515109040103
              ],
              [
                86.93325788124923,
                27.89751515828575
              ],
              [
                86.93325777048696,
                27.897695706793982
              ],
              [
                86.93295293981662,
                27.897695558850437
              ],
              [
                86.93295305108195,
                27.897515010333223
              ],
              [
                86.93285144103218,
                27.89751496087198
              ]
            ],
            [
              [
                86.93295193835678,
                27.899320495271823
              ],
              [
                86.93295204963108,
                27.899139946799522
              ],
              [
                86.93305366120799,
                27.899139996188897
              ],
              [
                86.93305360565618,
                27.899230270425047
              ],
              [
                86.93315521731394,
                27.899230319742557
              ],
              [
                86.93315516184296,
                27.899320593978707
              ],
              [
                86.93295193835678,
                27.899320495271823
              ]
            ],
            [
              [
                86.93295321797994,
                27.897244187552907
              ],
              [
                86.93295327361261,
                27.89715391329879
              ],
              [
                86.933054883339,
                27.89715396267918
              ],
              [
                86.93305482778717,
                27.89724423694228
              ],
              [
                86.93295321797994,
                27.897244187552907
              ]
            ],
            [
              [
                86.9331546071243,
                27.900223336277328
              ],
              [
                86.93315466259527,
                27.90013306205016
              ],
              [
                86.93325627509743,
                27.900133111295805
              ],
              [
                86.93325633048755,
                27.900042837068636
              ],
              [
                86.93335794290888,
                27.900042886242414
              ],
              [
                86.93335788759961,
                27.900133160469583
              ],
              [
                86.93345950010178,
                27.90013320956251
              ],
              [
                86.93345944488235,
                27.90022348378968
              ],
              [
                86.93335783229932,
                27.900223434687767
              ],
              [
                86.93335777699005,
                27.900313708914933
              ],
              [
                86.93325616432618,
                27.900313659741155
              ],
              [
                86.93325621970732,
                27.90022338552297
              ],
              [
                86.9331546071243,
                27.900223336277328
              ]
            ],
            [
              [
                86.93315671490433,
                27.896792914935308
              ],
              [
                86.93315677037529,
                27.896702640663225
              ],
              [
                86.93325837967049,
                27.896702689899886
              ],
              [
                86.93325832428934,
                27.89679296417197
              ],
              [
                86.93315671490433,
                27.896792914935308
              ]
            ],
            [
              [
                86.93315732498617,
                27.895799897915445
              ],
              [
                86.93315738044815,
                27.895709623625397
              ],
              [
                86.93325898881808,
                27.895709672862058
              ],
              [
                86.93325893343695,
                27.895799947152106
              ],
              [
                86.93315732498617,
                27.895799897915445
              ]
            ],
            [
              [
                86.93346071487558,
                27.89814717632229
              ],
              [
                86.93346077008603,
                27.898056902068173
              ],
              [
                86.93356238064784,
                27.898056951089238
              ],
              [
                86.93356232551824,
                27.898147225343354
              ],
              [
                86.93346071487558,
                27.89814717632229
              ]
            ],
            [
              [
                86.93356353831572,
                27.89616119152821
              ],
              [
                86.93356359343636,
                27.896070917247147
              ],
              [
                86.93366520214764,
                27.896070966187363
              ],
              [
                86.93366514710786,
                27.896161240459445
              ],
              [
                86.93356353831572,
                27.89616119152821
              ]
            ],
            [
              [
                86.93366267005736,
                27.90022358175096
              ],
              [
                86.93366278015489,
                27.90004303330561
              ],
              [
                86.93396761741886,
                27.900043179686087
              ],
              [
                86.93396750781541,
                27.90022372814042
              ],
              [
                86.93366267005736,
                27.90022358175096
              ]
            ],
            [
              [
                86.9337660964108,
                27.897244580574824
              ],
              [
                86.93376615136974,
                27.897154306311727
              ],
              [
                86.93386776109611,
                27.89715435509923
              ],
              [
                86.93386770621804,
                27.89724462936233
              ],
              [
                86.9337660964108,
                27.897244580574824
              ]
            ],
            [
              [
                86.93397046655154,
                27.895348918274394
              ],
              [
                86.93397052133979,
                27.895258643984345
              ],
              [
                86.9340721292875,
                27.895258692619134
              ],
              [
                86.93407207458908,
                27.895348966909182
              ],
              [
                86.93397046655154,
                27.895348918274394
              ]
            ],
            [
              [
                86.93427507253526,
                27.8957101611054
              ],
              [
                86.934275127063,
                27.89561988682433
              ],
              [
                86.93437673535207,
                27.895619935234542
              ],
              [
                86.93437678979896,
                27.895529660944494
              ],
              [
                86.93458000620643,
                27.89552975754932
              ],
              [
                86.93457995193022,
                27.895620031830386
              ],
              [
                86.93468156021929,
                27.895620080025
              ],
              [
                86.93468150602394,
                27.895710354306065
              ],
              [
                86.934579897654,
                27.895710306120435
              ],
              [
                86.93457984336881,
                27.8958005804015
              ],
              [
                86.93437662645829,
                27.895800483805658
              ],
              [
                86.93437668090519,
                27.89571020951561
              ],
              [
                86.93427507253526,
                27.8957101611054
              ]
            ],
            [
              [
                86.92258882682276,
                27.897509579101047
              ],
              [
                86.92248721679096,
                27.897509521995143
              ],
              [
                86.92248728111034,
                27.897419247758993
              ],
              [
                86.92258889105231,
                27.897419304864897
              ],
              [
                86.92258882682276,
                27.897509579101047
              ]
            ],
            [
              [
                86.93193536908221,
                27.900042191036217
              ],
              [
                86.93183375666987,
                27.900042140820393
              ],
              [
                86.93183381323679,
                27.899951866593224
              ],
              [
                86.93173220091428,
                27.899951816305535
              ],
              [
                86.93173225756205,
                27.89986154207837
              ],
              [
                86.93193548205434,
                27.899861642590867
              ],
              [
                86.93193536908221,
                27.900042191036217
              ]
            ],
            [
              [
                86.91984395941614,
                27.899403769574768
              ],
              [
                86.91964073584012,
                27.899403651239695
              ],
              [
                86.91964093588595,
                27.899132828612093
              ],
              [
                86.91953932435396,
                27.89913276933227
              ],
              [
                86.91953945788853,
                27.898952220913866
              ],
              [
                86.91964106925883,
                27.89895228019369
              ],
              [
                86.91964113594076,
                27.898862005975506
              ],
              [
                86.91953952466031,
                27.898861946695682
              ],
              [
                86.9195395914231,
                27.898771672486482
              ],
              [
                86.91964120262271,
                27.898771731766306
              ],
              [
                86.91964126930465,
                27.898681457548122
              ],
              [
                86.9198444915332,
                27.898681575883195
              ],
              [
                86.91984442502194,
                27.89877185010138
              ],
              [
                86.91994603622156,
                27.898771909156626
              ],
              [
                86.91994610265198,
                27.89868163493844
              ],
              [
                86.92004771377074,
                27.898681693921823
              ],
              [
                86.92004758108058,
                27.898862242349207
              ],
              [
                86.91974274722124,
                27.89886206518347
              ],
              [
                86.91974268062911,
                27.898952339401653
              ],
              [
                86.91984429199043,
                27.898952398528763
              ],
              [
                86.91984422547917,
                27.899042672737963
              ],
              [
                86.91994583693031,
                27.899042731793212
              ],
              [
                86.91994563763906,
                27.899313554429796
              ],
              [
                86.9198440259274,
                27.89931349537455
              ],
              [
                86.91984395941614,
                27.899403769574768
              ]
            ],
            [
              [
                86.92258882682276,
                27.897509579101047
              ],
              [
                86.92279204687739,
                27.897509693088274
              ],
              [
                86.92279198280954,
                27.897599967324425
              ],
              [
                86.92258876258424,
                27.897599853337198
              ],
              [
                86.92258882682276,
                27.897509579101047
              ]
            ],
            [
              [
                86.92695836129991,
                27.897060592507202
              ],
              [
                86.92695842190925,
                27.896970318253086
              ],
              [
                86.92706003144698,
                27.89697037206217
              ],
              [
                86.92705997091849,
                27.897060646316287
              ],
              [
                86.92695836129991,
                27.897060592507202
              ]
            ],
            [
              [
                86.92492579522916,
                27.897601146084757
              ],
              [
                86.92492573293998,
                27.897691420329892
              ],
              [
                86.92482412273749,
                27.897691364948752
              ],
              [
                86.9248241851165,
                27.89760109070362
              ],
              [
                86.92492579522916,
                27.897601146084757
              ]
            ],
            [
              [
                86.92126678584009,
                27.899043492711172
              ],
              [
                86.92136839730021,
                27.899043550724375
              ],
              [
                86.92136833204658,
                27.899133824933575
              ],
              [
                86.92126672050561,
                27.899133766929356
              ],
              [
                86.92126678584009,
                27.899043492711172
              ]
            ],
            [
              [
                86.93193536908221,
                27.900042191036217
              ],
              [
                86.93213859391588,
                27.90004229125227
              ],
              [
                86.9321385376005,
                27.90013256547944
              ],
              [
                86.93224015009369,
                27.90013261547068
              ],
              [
                86.93224009386813,
                27.900222889688866
              ],
              [
                86.93213848128511,
                27.90022283969762
              ],
              [
                86.93213836864535,
                27.900403388142973
              ],
              [
                86.93203675590064,
                27.900403338070877
              ],
              [
                86.93203692509833,
                27.900132515407343
              ],
              [
                86.93193531259615,
                27.900132465263383
              ],
              [
                86.93193536908221,
                27.900042191036217
              ]
            ],
            [
              [
                86.92492579522916,
                27.897601146084757
              ],
              [
                86.92492585752733,
                27.897510871848606
              ],
              [
                86.92502746755913,
                27.897510927148897
              ],
              [
                86.9250274053508,
                27.89760120139403
              ],
              [
                86.92492579522916,
                27.897601146084757
              ]
            ],
            [
              [
                86.92126678584009,
                27.899043492711172
              ],
              [
                86.92116517438895,
                27.89904343463509
              ],
              [
                86.92116523980425,
                27.898953160416905
              ],
              [
                86.92126685117455,
                27.898953218501973
              ],
              [
                86.92126678584009,
                27.899043492711172
              ]
            ],
            [
              [
                86.92695836129991,
                27.897060592507202
              ],
              [
                86.92695830069957,
                27.89715086676132
              ],
              [
                86.92685669099116,
                27.897150812880366
              ],
              [
                86.92685675168134,
                27.89706053862625
              ],
              [
                86.92695836129991,
                27.897060592507202
              ]
            ],
            [
              [
                86.93274860325491,
                27.89950094472283
              ],
              [
                86.9328502151642,
                27.89950099426492
              ],
              [
                86.9328501594417,
                27.89959126850107
              ],
              [
                86.93274854745157,
                27.899591218958978
              ],
              [
                86.93274860325491,
                27.89950094472283
              ]
            ],
            [
              [
                86.93274860325491,
                27.89950094472283
              ],
              [
                86.93254537943635,
                27.899500845414074
              ],
              [
                86.93254543541038,
                27.899410571177924
              ],
              [
                86.93274865906724,
                27.899410670495662
              ],
              [
                86.93274860325491,
                27.89950094472283
              ]
            ],
            [
              [
                86.92522895035285,
                27.900038715894556
              ],
              [
                86.92522901239948,
                27.899948441685357
              ],
              [
                86.92533062471301,
                27.89994849677005
              ],
              [
                86.92533056274722,
                27.90003877097925
              ],
              [
                86.92522895035285,
                27.900038715894556
              ]
            ],
            [
              [
                86.92025179627092,
                27.8975082467288
              ],
              [
                86.92055662633938,
                27.897508422762666
              ],
              [
                86.920556560421,
                27.897598696998816
              ],
              [
                86.92045495030835,
                27.897598638392726
              ],
              [
                86.92045481830093,
                27.89777918685604
              ],
              [
                86.92035320802657,
                27.89777912817809
              ],
              [
                86.92035307584847,
                27.89795967663242
              ],
              [
                86.92025146540344,
                27.897959617882602
              ],
              [
                86.92025133305464,
                27.898140166327956
              ],
              [
                86.92014972244792,
                27.89814010750627
              ],
              [
                86.92014965618817,
                27.898230381724453
              ],
              [
                86.92004804549163,
                27.89823032282192
              ],
              [
                86.92004844355309,
                27.897688677458916
              ],
              [
                86.92015005373761,
                27.897688736370434
              ],
              [
                86.92015011999734,
                27.897598462134283
              ],
              [
                86.92025173010101,
                27.89759852096495
              ],
              [
                86.92025179627092,
                27.8975082467288
              ]
            ],
            [
              [
                86.92522895035285,
                27.900038715894556
              ],
              [
                86.92522888830621,
                27.90012899010376
              ],
              [
                86.925127275822,
                27.900128934938216
              ],
              [
                86.92512733795847,
                27.900038660729017
              ],
              [
                86.92522895035285,
                27.900038715894556
              ]
            ],
            [
              [
                86.92675459507858,
                27.89787295288862
              ],
              [
                86.92675453429857,
                27.89796322713375
              ],
              [
                86.92665292383558,
                27.897963173100088
              ],
              [
                86.92665298469643,
                27.897872898854953
              ],
              [
                86.92675459507858,
                27.89787295288862
              ]
            ],
            [
              [
                86.92025179627092,
                27.8975082467288
              ],
              [
                86.92004857623425,
                27.897508129004585
              ],
              [
                86.92004864257484,
                27.897417854768435
              ],
              [
                86.9196422028339,
                27.897417618403715
              ],
              [
                86.91964226951585,
                27.89732734417655
              ],
              [
                86.91974387936799,
                27.897327403375524
              ],
              [
                86.9197439459601,
                27.897237129139377
              ],
              [
                86.9196423361888,
                27.8972370699404
              ],
              [
                86.9196424695437,
                27.897056521468098
              ],
              [
                86.91974407914432,
                27.897056580667076
              ],
              [
                86.91974421232854,
                27.896876032194776
              ],
              [
                86.91984582175847,
                27.896876091321886
              ],
              [
                86.91984595477201,
                27.89669554283162
              ],
              [
                86.92004917329952,
                27.896695660861266
              ],
              [
                86.92004910695893,
                27.896785935106397
              ],
              [
                86.91994749760984,
                27.896785876132
              ],
              [
                86.91994723191513,
                27.897146973085583
              ],
              [
                86.9200488415966,
                27.897147032059983
              ],
              [
                86.920048775256,
                27.897237306296134
              ],
              [
                86.9201503850273,
                27.897237365198666
              ],
              [
                86.92015031876757,
                27.897327639434817
              ],
              [
                86.9202519286197,
                27.897327698265485
              ],
              [
                86.92025179627092,
                27.8975082467288
              ]
            ],
            [
              [
                86.92675459507858,
                27.89787295288862
              ],
              [
                86.92675465585859,
                27.89778267865247
              ],
              [
                86.92685626614193,
                27.897782732614267
              ],
              [
                86.92685620545174,
                27.897873006850418
              ],
              [
                86.92675459507858,
                27.89787295288862
              ]
            ],
            [
              [
                86.91984395941614,
                27.899403769574768
              ],
              [
                86.91994557120864,
                27.899403828639
              ],
              [
                86.91994550476925,
                27.899494102839217
              ],
              [
                86.9200471166426,
                27.899494161822595
              ],
              [
                86.92004705030202,
                27.899584436031798
              ],
              [
                86.92014866225621,
                27.899584494943316
              ],
              [
                86.92014872852494,
                27.899494220734113
              ],
              [
                86.92025034039828,
                27.89949427956478
              ],
              [
                86.92025020804051,
                27.8996748279742
              ],
              [
                86.91974214782036,
                27.899674533057294
              ],
              [
                86.91974228102255,
                27.899493984656857
              ],
              [
                86.9198438928959,
                27.899494043783967
              ],
              [
                86.91984395941614,
                27.899403769574768
              ]
            ]
          ]
        ]
      },
      "id": "+18193+3319",
      "properties": {
        "area_m2": 1107995.5596106912,
        "count": 11054,
        "image_id": "COPERNICUS/S1_GRD/S1A_IW_GRDH_1SDV_20181005T001123_20181005T001148_023993_029F07_F03D",
        "lake_id": "imja-tsho",
        "observed_at": "2018-10-05T00:11:23Z",
        "water": 1
      }
    }
  ]
}
