{
  "type": "FeatureCollection",
  "features": [
    {
      "type": "Feature",
      "geometry": {
        "geodesic": false,
        "type": "MultiPolygon",
        "coordinates": [
          [
            [
              [
                86.91392292143526,
                27.89820015577771
              ],
              [
                86.91392299286031,
                27.898109881568512
              ],
              [
                86.91402460342212,
                27.898109944980586
              ],
              [
                86.9140245320869,
                27.89820021919877
              ],
              [
                86.91392292143526,
                27.89820015577771
              ]
            ]
          ],
          [
            [
              [
                86.92133847619677,
                27.901003089026656
              ],
              [
                86.92144008948047,
                27.901003146985957
              ],
              [
                86.92144002428972,
                27.90109342116821
              ],
              [
                86.92133841091619,
                27.90109336321789
              ],
              [
                86.92133847619677,
                27.901003089026656
              ]
            ]
          ],
          [
            [
              [
                86.92377744820486,
                27.90064336256982
              ],
              [
                86.9237773849455,
                27.900733636761053
              ],
              [
                86.92367577190433,
                27.900733580526516
              ],
              [
                86.92367583524454,
                27.900643306335283
              ],
              [
                86.92377744820486,
                27.90064336256982
              ]
            ]
          ],
          [
            [
              [
                86.92865593618687,
                27.899021037775544
              ],
              [
                86.92865599538585,
                27.898930763539393
              ],
              [
                86.92875760675615,
                27.89893081609982
              ],
              [
                86.92875754763801,
                27.899021090326986
              ],
              [
                86.92865593618687,
                27.899021037775544
              ]
            ]
          ],
          [
            [
              [
                86.92967228416147,
                27.898660463066534
              ],
              [
                86.929875506399,
                27.898660566606353
              ],
              [
                86.92987544821511,
                27.898750840842503
              ],
              [
                86.92997705941474,
                27.898750892504616
              ],
              [
                86.9299770013117,
                27.898841166740766
              ],
              [
                86.92977377873281,
                27.898841063344676
              ],
              [
                86.92977383700652,
                27.898750789108526
              ],
              [
                86.92967222580691,
                27.898750737302684
              ],
              [
                86.92967228416147,
                27.898660463066534
              ]
            ]
          ],
          [
            [
              [
                86.91321099872131,
                27.89901217755715
              ],
              [
                86.91321107074823,
                27.898921903356932
              ],
              [
                86.91331268206463,
                27.898921967307995
              ],
              [
                86.91331275400172,
                27.89883169310778
              ],
              [
                86.91341436523727,
                27.898831756977994
              ],
              [
                86.91341443709351,
                27.89874148277778
              ],
              [
                86.9136176594029,
                27.898741610293634
              ],
              [
                86.91361787444161,
                27.898470787683998
              ],
              [
                86.91341465264426,
                27.89847066016814
              ],
              [
                86.91341472449152,
                27.898380385967926
              ],
              [
                86.91331311366919,
                27.898380322097708
              ],
              [
                86.91331318560628,
                27.898290047888505
              ],
              [
                86.91371962853624,
                27.898290302920216
              ],
              [
                86.91371970013198,
                27.898200028711017
              ],
              [
                86.91392292143526,
                27.89820015577771
              ],
              [
                86.91392256429205,
                27.89865152680575
              ],
              [
                86.9140241753659,
                27.89865159022681
              ],
              [
                86.9140243180543,
                27.89847104181739
              ],
              [
                86.91422753986065,
                27.89847116843493
              ],
              [
                86.91422761103416,
                27.898380894225728
              ],
              [
                86.91432922185649,
                27.89838095742221
              ],
              [
                86.91432900858746,
                27.89865178004083
              ],
              [
                86.914633841809,
                27.898651969181113
              ],
              [
                86.91463391264116,
                27.898561694980895
              ],
              [
                86.91443069066415,
                27.898561568956243
              ],
              [
                86.91443076167597,
                27.898471294756025
              ],
              [
                86.91453237257913,
                27.898471357799792
              ],
              [
                86.91453244350113,
                27.89838108359059
              ],
              [
                86.9144308326788,
                27.898381020546825
              ],
              [
                86.914431187702,
                27.897929649491836
              ],
              [
                86.9145327981021,
                27.897929712535603
              ],
              [
                86.91453272718012,
                27.898019986744803
              ],
              [
                86.91473594815102,
                27.89802011261674
              ],
              [
                86.91473601890233,
                27.897929838398557
              ],
              [
                86.91463440850222,
                27.897929775507507
              ],
              [
                86.91463447933438,
                27.897839501289322
              ],
              [
                86.91544736187053,
                27.89784000235162
              ],
              [
                86.91544743202896,
                27.897749728133437
              ],
              [
                86.91534582179054,
                27.897749665763406
              ],
              [
                86.91534596228705,
                27.897569117327038
              ],
              [
                86.91544757234581,
                27.89756917969707
              ],
              [
                86.91544764250423,
                27.8974789054699
              ],
              [
                86.91575247244694,
                27.897479092130833
              ],
              [
                86.91575254235383,
                27.897388817903668
              ],
              [
                86.91605737205398,
                27.897389003890865
              ],
              [
                86.91605744170037,
                27.897298729663696
              ],
              [
                86.916362271149,
                27.897298914977156
              ],
              [
                86.91636220174516,
                27.897389189204322
              ],
              [
                86.91646381164222,
                27.897389250819767
              ],
              [
                86.91646388096521,
                27.8972989765926
              ],
              [
                86.91687032022107,
                27.897299222326748
              ],
              [
                86.91687038920269,
                27.897208948099582
              ],
              [
                86.91717521839979,
                27.897209131607426
              ],
              [
                86.9171752871299,
                27.89711885738026
              ],
              [
                86.91727689677542,
                27.897118918402818
              ],
              [
                86.9172769654157,
                27.897028644166667
              ],
              [
                86.91768340367442,
                27.897028887502312
              ],
              [
                86.91768347198231,
                27.896938613266162
              ],
              [
                86.91778508145715,
                27.896938673911425
              ],
              [
                86.91778487680297,
                27.89720949661089
              ],
              [
                86.9176832670676,
                27.897209435965628
              ],
              [
                86.9176831987687,
                27.897299710192794
              ],
              [
                86.9178864184101,
                27.89729983141146
              ],
              [
                86.91788669094099,
                27.896938734475842
              ],
              [
                86.9181915193925,
                27.8969389157379
              ],
              [
                86.91819158726919,
                27.896848641501748
              ],
              [
                86.91839480607516,
                27.896848761974812
              ],
              [
                86.91839473836015,
                27.896939036210963
              ],
              [
                86.91849634784398,
                27.89693909632622
              ],
              [
                86.9184962802188,
                27.89702937056237
              ],
              [
                86.91859788978348,
                27.897029430614747
              ],
              [
                86.91859795732782,
                27.896939156378597
              ],
              [
                86.91869956681165,
                27.896939216350127
              ],
              [
                86.91869963427513,
                27.896848942113976
              ],
              [
                86.91880124366912,
                27.896849002004657
              ],
              [
                86.91880131105175,
                27.896758727768507
              ],
              [
                86.91890292036491,
                27.89675878758732
              ],
              [
                86.91890285307211,
                27.89684906182347
              ],
              [
                86.91930929068405,
                27.89684930036211
              ],
              [
                86.91930922373261,
                27.89693957459826
              ],
              [
                86.91941083321645,
                27.896939634048767
              ],
              [
                86.91941096695763,
                27.896759085567485
              ],
              [
                86.9196141855929,
                27.896759204234932
              ],
              [
                86.91961425229282,
                27.896668929998782
              ],
              [
                86.91981747075744,
                27.896669048360803
              ],
              [
                86.91981753729564,
                27.89657877411567
              ],
              [
                86.92042719220437,
                27.89657912742307
              ],
              [
                86.92042732425672,
                27.896398578932804
              ],
              [
                86.9205289332375,
                27.89639863755686
              ],
              [
                86.92052899917384,
                27.896308363302744
              ],
              [
                86.92063060808276,
                27.896308421854933
              ],
              [
                86.92063054222726,
                27.896398696100068
              ],
              [
                86.9211385871491,
                27.896398987711176
              ],
              [
                86.92113871801567,
                27.896218439211925
              ],
              [
                86.92144354447291,
                27.896218613278478
              ],
              [
                86.92144360965467,
                27.89612833902436
              ],
              [
                86.92154521839291,
                27.896128396893833
              ],
              [
                86.92154528348483,
                27.896038122639716
              ],
              [
                86.92195171808741,
                27.896038353371996
              ],
              [
                86.92195178284696,
                27.89594807911788
              ],
              [
                86.92235821711716,
                27.895948308655402
              ],
              [
                86.92235828154433,
                27.895858034401282
              ],
              [
                86.92276471548216,
                27.895858262735064
              ],
              [
                86.92276477955899,
                27.895767988480948
              ],
              [
                86.92296799636172,
                27.895768102198677
              ],
              [
                86.92296806027684,
                27.89567782793558
              ],
              [
                86.92317127691787,
                27.895677941356865
              ],
              [
                86.92317121317342,
                27.895768215619967
              ],
              [
                86.9232728215703,
                27.89576827221383
              ],
              [
                86.9232728852339,
                27.895677997950727
              ],
              [
                86.92357771019094,
                27.895678167292143
              ],
              [
                86.92357758337577,
                27.895858715818342
              ],
              [
                86.92378080034918,
                27.895858828341314
              ],
              [
                86.92378067386639,
                27.896039376867513
              ],
              [
                86.92398389118115,
                27.89603948908506
              ],
              [
                86.9239840173226,
                27.895858940567845
              ],
              [
                86.92388240883588,
                27.895858884495002
              ],
              [
                86.923882535148,
                27.895678335968803
              ],
              [
                86.92439057675506,
                27.89567861557842
              ],
              [
                86.92439070222275,
                27.89549806704324
              ],
              [
                86.92469552667676,
                27.895498233914285
              ],
              [
                86.92469565164139,
                27.8953176853791
              ],
              [
                86.92489886760869,
                27.895317796249174
              ],
              [
                86.92489880530154,
                27.895408070521256
              ],
              [
                86.92520362951298,
                27.89540823626941
              ],
              [
                86.92520356745736,
                27.89549851053251
              ],
              [
                86.92530517561168,
                27.89549856563517
              ],
              [
                86.92530523758646,
                27.895408291363086
              ],
              [
                86.92540684565095,
                27.895408346384897
              ],
              [
                86.92540690754488,
                27.895318072112815
              ],
              [
                86.92561012352115,
                27.89531818194084
              ],
              [
                86.9256101852444,
                27.895227907668758
              ],
              [
                86.9257117931472,
                27.89522796246599
              ],
              [
                86.9257117315048,
                27.895318236738074
              ],
              [
                86.92581333949742,
                27.89531829146344
              ],
              [
                86.92581340105,
                27.895228017191357
              ],
              [
                86.92591500895279,
                27.895228071835877
              ],
              [
                86.92591494748108,
                27.89531834610796
              ],
              [
                86.92601655547371,
                27.895318400689597
              ],
              [
                86.92601661685559,
                27.89522812640853
              ],
              [
                86.92621983267017,
                27.89522823533824
              ],
              [
                86.92621989388137,
                27.895137961057177
              ],
              [
                86.92642310952527,
                27.895138069681458
              ],
              [
                86.92642304847575,
                27.895228343962525
              ],
              [
                86.92662626429033,
                27.895228452281383
              ],
              [
                86.92662632516917,
                27.8951381780093
              ],
              [
                86.92693114863502,
                27.89513833993063
              ],
              [
                86.92693108800772,
                27.895228614211696
              ],
              [
                86.9270326959195,
                27.895228668029763
              ],
              [
                86.92703263537305,
                27.89531894231083
              ],
              [
                86.9272358513583,
                27.895319049731373
              ],
              [
                86.92723591173407,
                27.895228775459287
              ],
              [
                86.92764234336323,
                27.89522898941104
              ],
              [
                86.92764228332882,
                27.895319263692105
              ],
              [
                86.92784549932306,
                27.89531937021433
              ],
              [
                86.92784555918679,
                27.895229095933267
              ],
              [
                86.92804877501035,
                27.895229202168032
              ],
              [
                86.9280488347034,
                27.895138927886965
              ],
              [
                86.92936973646061,
                27.89513961105574
              ],
              [
                86.9293697950667,
                27.895049336774672
              ],
              [
                86.92957301055789,
                27.89504944075467
              ],
              [
                86.92957295212247,
                27.895139715035732
              ],
              [
                86.93018259910806,
                27.895140025179085
              ],
              [
                86.93018265703144,
                27.895049750889036
              ],
              [
                86.93058908803178,
                27.89504995615408
              ],
              [
                86.93058903044079,
                27.895140230435146
              ],
              [
                86.93089385393358,
                27.8951403835979
              ],
              [
                86.93089391127305,
                27.895050109316834
              ],
              [
                86.93130034227337,
                27.89505031247982
              ],
              [
                86.93130039927148,
                27.89496003818977
              ],
              [
                86.93140200694071,
                27.89496008879187
              ],
              [
                86.93140195002346,
                27.895050363081918
              ],
              [
                86.93150355777355,
                27.895050413612154
              ],
              [
                86.93150350094612,
                27.895140687902202
              ],
              [
                86.93160510877705,
                27.89514073835159
              ],
              [
                86.93160516552364,
                27.89505046406154
              ],
              [
                86.93170677327372,
                27.895050514448045
              ],
              [
                86.93170682993944,
                27.894960240157996
              ],
              [
                86.93211326060741,
                27.89496044092248
              ],
              [
                86.93211320428303,
                27.895050715212527
              ],
              [
                86.93241802754227,
                27.895050865006603
              ],
              [
                86.9324180836151,
                27.89496059071655
              ],
              [
                86.93251969128434,
                27.8949606404922
              ],
              [
                86.93251974726735,
                27.894870366202152
              ],
              [
                86.93262135485574,
                27.894870415905938
              ],
              [
                86.93262129895358,
                27.894960690195987
              ],
              [
                86.93282451429205,
                27.894960789378977
              ],
              [
                86.9328244028201,
                27.895141337959075
              ],
              [
                86.93170671661697,
                27.895140788729112
              ],
              [
                86.93170665995125,
                27.89523106301916
              ],
              [
                86.93160505203048,
                27.895231012641638
              ],
              [
                86.9316049952839,
                27.895321286922705
              ],
              [
                86.93150338728229,
                27.89532123647332
              ],
              [
                86.93150327361846,
                27.89550178503545
              ],
              [
                86.93140166544616,
                27.895501734505217
              ],
              [
                86.9314016085289,
                27.89559200878628
              ],
              [
                86.93130000027577,
                27.89559195818418
              ],
              [
                86.93129994326868,
                27.895682232465248
              ],
              [
                86.93109672659172,
                27.895682131027485
              ],
              [
                86.93109649790759,
                27.896043228133784
              ],
              [
                86.93099488923225,
                27.896043177307106
              ],
              [
                86.93099494649087,
                27.89595290302604
              ],
              [
                86.93079172930186,
                27.89595280113912
              ],
              [
                86.93079167188155,
                27.896043075420184
              ],
              [
                86.9306900632062,
                27.896043024359944
              ],
              [
                86.93068989067577,
                27.896313847176195
              ],
              [
                86.93048667282201,
                27.896313744840118
              ],
              [
                86.93048655746935,
                27.896494293375298
              ],
              [
                86.9305881665669,
                27.89649434457927
              ],
              [
                86.93058799378494,
                27.896765167377552
              ],
              [
                86.9308928218322,
                27.896765320549292
              ],
              [
                86.93089276449274,
                27.89685559481239
              ],
              [
                86.93048632675503,
                27.89685539043668
              ],
              [
                86.93048638443585,
                27.896765116173583
              ],
              [
                86.93038477507778,
                27.89676506488876
              ],
              [
                86.93038489061011,
                27.896584516362562
              ],
              [
                86.93028328142273,
                27.896584465005876
              ],
              [
                86.93028333927424,
                27.89649419074278
              ],
              [
                86.93018173017667,
                27.896494139305243
              ],
              [
                86.93018167224433,
                27.896584413577326
              ],
              [
                86.93008006306592,
                27.89658436206793
              ],
              [
                86.93008012107911,
                27.89649408780483
              ],
              [
                86.92997851198156,
                27.896494036223565
              ],
              [
                86.9299785700846,
                27.896403761951483
              ],
              [
                86.92987696107687,
                27.896403710298355
              ],
              [
                86.92987672833236,
                27.896764807359737
              ],
              [
                86.92977511899227,
                27.89676475562576
              ],
              [
                86.92977517725699,
                27.89667448136266
              ],
              [
                86.92967356799774,
                27.896674429556818
              ],
              [
                86.92967362634332,
                27.896584155293716
              ],
              [
                86.9294704079865,
                27.896584051457452
              ],
              [
                86.92947046651175,
                27.896493777194355
              ],
              [
                86.92916563922806,
                27.896493620878513
              ],
              [
                86.92916558045128,
                27.89658389514161
              ],
              [
                86.92875914374665,
                27.896583685672454
              ],
              [
                86.92875908462852,
                27.89667395993555
              ],
              [
                86.92947034947025,
                27.896674325720554
              ],
              [
                86.92947023241976,
                27.896854874246753
              ],
              [
                86.92936862298983,
                27.89685482221633
              ],
              [
                86.92936856438374,
                27.896945096470446
              ],
              [
                86.92947017390351,
                27.89694514850087
              ],
              [
                86.92947011537827,
                27.89703542276397
              ],
              [
                86.92936850577766,
                27.897035370733548
              ],
              [
                86.92936844717157,
                27.897125644987664
              ],
              [
                86.93007971496874,
                27.897126007637546
              ],
              [
                86.93007959893336,
                27.89730655615476
              ],
              [
                86.92987637922009,
                27.897306452911383
              ],
              [
                86.92987643741296,
                27.897216178657267
              ],
              [
                86.92967321787037,
                27.89721607511745
              ],
              [
                86.92967304280668,
                27.897486897879798
              ],
              [
                86.92936821273823,
                27.89748674200413
              ],
              [
                86.92936815413213,
                27.897577016258246
              ],
              [
                86.92906332381214,
                27.897576859708842
              ],
              [
                86.92906314723031,
                27.897847682453225
              ],
              [
                86.92875831615572,
                27.897847525230084
              ],
              [
                86.92875837527386,
                27.897757250984952
              ],
              [
                86.9288599855482,
                27.89775730346453
              ],
              [
                86.92886004457651,
                27.8976670292194
              ],
              [
                86.92896165476103,
                27.897667081627112
              ],
              [
                86.92896183160337,
                27.897396258873744
              ],
              [
                86.92875861172841,
                27.897396153986453
              ],
              [
                86.92875855261926,
                27.89748642824057
              ],
              [
                86.92865694259643,
                27.897486375680142
              ],
              [
                86.92865688339747,
                27.89757664993426
              ],
              [
                86.9285552732938,
                27.897576597301963
              ],
              [
                86.92855539186243,
                27.897396048802715
              ],
              [
                86.92865700179541,
                27.897396101435007
              ],
              [
                86.9286570609944,
                27.89730582718089
              ],
              [
                86.92875867084653,
                27.897305879732336
              ],
              [
                86.92875872995567,
                27.89721560547822
              ],
              [
                86.92865712019336,
                27.897215552926774
              ],
              [
                86.92865717939235,
                27.897125278672657
              ],
              [
                86.92845396002045,
                27.897125173336207
              ],
              [
                86.92845390065976,
                27.897215447590323
              ],
              [
                86.92794585183024,
                27.897215182937657
              ],
              [
                86.92794579203839,
                27.897305457182792
              ],
              [
                86.92784418219523,
                27.897305404029478
              ],
              [
                86.92784412232251,
                27.897395678283594
              ],
              [
                86.92794573225551,
                27.89739573143691
              ],
              [
                86.92794561268076,
                27.897576279936157
              ],
              [
                86.92784400257709,
                27.897576226782842
              ],
              [
                86.9278440624498,
                27.897485952528726
              ],
              [
                86.92764084241314,
                27.897485845997515
              ],
              [
                86.92764096249992,
                27.897305297498267
              ],
              [
                86.92753935264778,
                27.89730524411139
              ],
              [
                86.92753929252355,
                27.897395518365506
              ],
              [
                86.92682802300159,
                27.89739514260022
              ],
              [
                86.92682796228446,
                27.89748541685434
              ],
              [
                86.92672635227062,
                27.897485362874573
              ],
              [
                86.92672623067467,
                27.89766591136484
              ],
              [
                86.92631978994558,
                27.897665694691195
              ],
              [
                86.92631972880623,
                27.897755968936327
              ],
              [
                86.92621811854087,
                27.89775591457927
              ],
              [
                86.92621793487133,
                27.898026737296703
              ],
              [
                86.92652276642201,
                27.898026900143297
              ],
              [
                86.92652270545335,
                27.898117174379447
              ],
              [
                86.92662431606009,
                27.89811722851193
              ],
              [
                86.92662401162103,
                27.89856859969268
              ],
              [
                86.9265224005921,
                27.8985685455602
              ],
              [
                86.92652233962345,
                27.898658819787368
              ],
              [
                86.92631911740388,
                27.89865871129783
              ],
              [
                86.92631905626453,
                27.898748985524996
              ],
              [
                86.9262174450739,
                27.89874893116794
              ],
              [
                86.92621738384473,
                27.89883920540409
              ],
              [
                86.92611577256427,
                27.898839150966182
              ],
              [
                86.92611589518431,
                27.898658602511848
              ],
              [
                86.92601428407453,
                27.89865854800208
              ],
              [
                86.9260141612928,
                27.898839096456413
              ],
              [
                86.92581093873187,
                27.898838987221275
              ],
              [
                86.92581081560877,
                27.899019535675606
              ],
              [
                86.92570920416661,
                27.89901948094126
              ],
              [
                86.92570914251523,
                27.899109755168425
              ],
              [
                86.92581075404722,
                27.89910980989379
              ],
              [
                86.9258106924767,
                27.89920008412096
              ],
              [
                86.92601391570237,
                27.89920019336508
              ],
              [
                86.92601397710223,
                27.899109919137913
              ],
              [
                86.92611558863422,
                27.899109973647686
              ],
              [
                86.9261155273242,
                27.89920024786587
              ],
              [
                86.92652197378455,
                27.89920046515037
              ],
              [
                86.92652209573085,
                27.89901991670502
              ],
              [
                86.92631887283754,
                27.89901980821548
              ],
              [
                86.92631893397687,
                27.898929533988316
              ],
              [
                86.92682699079242,
                27.89892980465071
              ],
              [
                86.92682705151853,
                27.898839530423544
              ],
              [
                86.92672544023807,
                27.898839476443776
              ],
              [
                86.92672562264997,
                27.89856865374431
              ],
              [
                86.92692884469885,
                27.89856876164096
              ],
              [
                86.92692878406257,
                27.898659035868125
              ],
              [
                86.92713200629112,
                27.898659143459348
              ],
              [
                86.92713212722232,
                27.89847859499603
              ],
              [
                86.92703051627424,
                27.89847854123186
              ],
              [
                86.92703057682968,
                27.898388267004695
              ],
              [
                86.92692896597141,
                27.89838821316866
              ],
              [
                86.9269290266077,
                27.898297938932508
              ],
              [
                86.92703063737612,
                27.898297992768544
              ],
              [
                86.92703069793156,
                27.89820771852341
              ],
              [
                86.926929087235,
                27.898207664696358
              ],
              [
                86.92692920850756,
                27.898027116215072
              ],
              [
                86.92703081902445,
                27.898027170051108
              ],
              [
                86.92703094012634,
                27.897846621569826
              ],
              [
                86.92692932977114,
                27.89784656773379
              ],
              [
                86.92692926914384,
                27.89793684197892
              ],
              [
                86.9268276587078,
                27.89793678807102
              ],
              [
                86.92682771942492,
                27.89784651382589
              ],
              [
                86.92672610906973,
                27.897846459846125
              ],
              [
                86.9267261698677,
                27.897756185609975
              ],
              [
                86.92713261093816,
                27.897756401079878
              ],
              [
                86.92713267140375,
                27.897666126834746
              ],
              [
                86.92753911214183,
                27.89766634110989
              ],
              [
                86.92753893176013,
                27.897937163845288
              ],
              [
                86.92733571088803,
                27.89793705685594
              ],
              [
                86.92733565059311,
                27.898027331092088
              ],
              [
                86.92753887163587,
                27.89802743808144
              ],
              [
                86.92753881151164,
                27.898117712326574
              ],
              [
                86.92764042211837,
                27.898117765704466
              ],
              [
                86.92764054220515,
                27.897937217223184
              ],
              [
                86.92784376307725,
                27.897937323763376
              ],
              [
                86.92784382294997,
                27.897847049518244
              ],
              [
                86.92804704366036,
                27.89784715575301
              ],
              [
                86.92804698395832,
                27.89793742999814
              ],
              [
                86.92794537352228,
                27.89793737691669
              ],
              [
                86.9279453137304,
                27.898027651161826
              ],
              [
                86.92784370320453,
                27.898027597999526
              ],
              [
                86.92784364333183,
                27.89811787224466
              ],
              [
                86.92774203272509,
                27.898117819010498
              ],
              [
                86.9277419128,
                27.89829836749178
              ],
              [
                86.92764030203158,
                27.89829831418575
              ],
              [
                86.92764024198819,
                27.898388588421902
              ],
              [
                86.92743702026269,
                27.898388481585265
              ],
              [
                86.92743708047676,
                27.89829820734013
              ],
              [
                86.92733546969936,
                27.898298153809524
              ],
              [
                86.92733534910951,
                27.898478702281825
              ],
              [
                86.92743696004862,
                27.89847875581243
              ],
              [
                86.92743689983455,
                27.89856903004858
              ],
              [
                86.92753851086349,
                27.898569083507326
              ],
              [
                86.92753845073923,
                27.898659357743476
              ],
              [
                86.92764006184902,
                27.898659411130353
              ],
              [
                86.92764000180563,
                27.89874968535752
              ],
              [
                86.92774161300524,
                27.898749738663547
              ],
              [
                86.9277416729588,
                27.89865946443638
              ],
              [
                86.92794489518735,
                27.89865957082386
              ],
              [
                86.9279448353955,
                27.89874984506001
              ],
              [
                86.9280464465951,
                27.89874989814146
              ],
              [
                86.92804632718206,
                27.89893044660478
              ],
              [
                86.92814793854336,
                27.898930499614362
              ],
              [
                86.92814787892218,
                27.899020773850513
              ],
              [
                86.92865593618687,
                27.899021037775544
              ],
              [
                86.92865581777994,
                27.89920158622988
              ],
              [
                86.9289606526454,
                27.899201743686582
              ],
              [
                86.9289607705403,
                27.899021195223263
              ],
              [
                86.92936721636285,
                27.8990214041175
              ],
              [
                86.92936733358401,
                27.898840855654182
              ],
              [
                86.92926572230354,
                27.898840803542914
              ],
              [
                86.92926578099946,
                27.898750529306763
              ],
              [
                86.92916416979087,
                27.898750477123627
              ],
              [
                86.92916422857661,
                27.898660202887477
              ],
              [
                86.92936745081415,
                27.89866030718188
              ],
              [
                86.92936750942025,
                27.89857003294573
              ],
              [
                86.92946912045815,
                27.898570084976154
              ],
              [
                86.9294691789834,
                27.898479810740003
              ],
              [
                86.92936756803532,
                27.89847975870958
              ],
              [
                86.9293676266414,
                27.89838948446445
              ],
              [
                86.92957084837587,
                27.898389588462408
              ],
              [
                86.92957090682027,
                27.898299314217276
              ],
              [
                86.92946929603387,
                27.898299262258718
              ],
              [
                86.92946935455912,
                27.898208988022567
              ],
              [
                86.92936774386256,
                27.898208935983163
              ],
              [
                86.92936780247763,
                27.89811866173803
              ],
              [
                86.92946941308436,
                27.898118713777436
              ],
              [
                86.92946947160961,
                27.8980284395323
              ],
              [
                86.92977430319623,
                27.89802859518339
              ],
              [
                86.9297741866488,
                27.898209143673657
              ],
              [
                86.92987579734535,
                27.898209195407635
              ],
              [
                86.92987573916147,
                27.898299469643785
              ],
              [
                86.92977412837509,
                27.898299417909808
              ],
              [
                86.92977407010137,
                27.898389692154943
              ],
              [
                86.92967245924311,
                27.898389640349098
              ],
              [
                86.92967228416147,
                27.898660463066534
              ],
              [
                86.9295706730427,
                27.898660411179844
              ],
              [
                86.9295706145983,
                27.898750685415994
              ],
              [
                86.9294690033987,
                27.898750633457436
              ],
              [
                86.9294688863482,
                27.898931181920755
              ],
              [
                86.9295704977185,
                27.89893123387931
              ],
              [
                86.92957038082972,
                27.89911178235161
              ],
              [
                86.92946876928875,
                27.89911173038407
              ],
              [
                86.92946871075452,
                27.89920200462022
              ],
              [
                86.9293670991327,
                27.899201952580817
              ],
              [
                86.92936704051763,
                27.899292226807983
              ],
              [
                86.92926542881496,
                27.899292174696715
              ],
              [
                86.92926537011006,
                27.89938244892388
              ],
              [
                86.92896053474152,
                27.899382292140917
              ],
              [
                86.92896047578509,
                27.899472566368082
              ],
              [
                86.92885886391174,
                27.89947251396037
              ],
              [
                86.92885892294902,
                27.899382239733203
              ],
              [
                86.92865569936401,
                27.899382134684213
              ],
              [
                86.92865564016505,
                27.89947240891138
              ],
              [
                86.92845241641834,
                27.899472303565947
              ],
              [
                86.92845229767005,
                27.899652852011297
              ],
              [
                86.92855390971407,
                27.899652904715456
              ],
              [
                86.92855385042526,
                27.89974317894262
              ],
              [
                86.92824901404164,
                27.89974302057862
              ],
              [
                86.92824907358198,
                27.899652746360438
              ],
              [
                86.92814746153795,
                27.899652693422716
              ],
              [
                86.9281475807893,
                27.899472144977366
              ],
              [
                86.92835080454499,
                27.899472250771957
              ],
              [
                86.92835086399549,
                27.899381976553773
              ],
              [
                86.92824925221197,
                27.89938192368792
              ],
              [
                86.92824931175231,
                27.89929164946075
              ],
              [
                86.92814770004964,
                27.899291596532013
              ],
              [
                86.92814775967082,
                27.899201322304847
              ],
              [
                86.92774131319251,
                27.89920110981735
              ],
              [
                86.92774125322997,
                27.899291384035536
              ],
              [
                86.92784286493264,
                27.89929143727868
              ],
              [
                86.92784268529654,
                27.899562259942215
              ],
              [
                86.92794429725073,
                27.899562313104514
              ],
              [
                86.92794423745887,
                27.8996525873227
              ],
              [
                86.92774101337979,
                27.899652480926235
              ],
              [
                86.92774095340826,
                27.899742755153405
              ],
              [
                86.92804578979188,
                27.899742914631315
              ],
              [
                86.92804573008087,
                27.8998331888495
              ],
              [
                86.9281473422866,
                27.89983324186807
              ],
              [
                86.92814728265643,
                27.89992351608625
              ],
              [
                86.92835050724754,
                27.89992362188084
              ],
              [
                86.92835044778806,
                27.900013896099026
              ],
              [
                86.92855367254985,
                27.900014001597174
              ],
              [
                86.92855361326104,
                27.90010427581536
              ],
              [
                86.92865522572728,
                27.90010432844765
              ],
              [
                86.92865516651932,
                27.900194602665835
              ],
              [
                86.92875677906642,
                27.90019465522626
              ],
              [
                86.92875683819352,
                27.900104381017062
              ],
              [
                86.92885845065078,
                27.90010443350562
              ],
              [
                86.92885850969705,
                27.900014159287437
              ],
              [
                86.92896012207345,
                27.90001421169515
              ],
              [
                86.92896023997733,
                27.899833663258786
              ],
              [
                86.92906185219205,
                27.89983371559463
              ],
              [
                86.92906191105864,
                27.899743441376447
              ],
              [
                86.92926513531738,
                27.89974354582357
              ],
              [
                86.92926507662146,
                27.899833820041753
              ],
              [
                86.9295699132656,
                27.899833976159965
              ],
              [
                86.92956997171,
                27.8997437019328
              ],
              [
                86.92946835957613,
                27.89974364997424
              ],
              [
                86.92946841811035,
                27.899653375747075
              ],
              [
                86.92936680606633,
                27.899653323716652
              ],
              [
                86.92936692329647,
                27.899472775262318
              ],
              [
                86.92987498268118,
                27.899473034695774
              ],
              [
                86.92987486629546,
                27.89965358315011
              ],
              [
                86.92997647833948,
                27.899653634812218
              ],
              [
                86.92997642022748,
                27.899743909039387
              ],
              [
                86.93007803236134,
                27.89974396062065
              ],
              [
                86.93007797433916,
                27.899834234847816
              ],
              [
                86.93028119876857,
                27.899834337794747
              ],
              [
                86.93028125662906,
                27.899744063576563
              ],
              [
                86.93058609302167,
                27.899744217440006
              ],
              [
                86.93058597781273,
                27.899924765885356
              ],
              [
                86.93048436551717,
                27.8999247146724
              ],
              [
                86.93048430782737,
                27.900014988890586
              ],
              [
                86.93038269544198,
                27.900014937605768
              ],
              [
                86.93038252212102,
                27.90028576026032
              ],
              [
                86.92967123366259,
                27.900285399137577
              ],
              [
                86.92967135038968,
                27.90010485071019
              ],
              [
                86.92926490051573,
                27.900104642705287
              ],
              [
                86.92926484181982,
                27.90019491692347
              ],
              [
                86.9293664543669,
                27.90019496903474
              ],
              [
                86.92936639575183,
                27.900285243252924
              ],
              [
                86.92916317048697,
                27.900285138949535
              ],
              [
                86.92916311170123,
                27.900375413158738
              ],
              [
                86.92865504810341,
                27.90037515109322
              ],
              [
                86.92865510731136,
                27.90028487688402
              ],
              [
                86.9284518820465,
                27.900284771529602
              ],
              [
                86.92845194141617,
                27.900194497320403
              ],
              [
                86.92824871632199,
                27.90019439166954
              ],
              [
                86.92824865678165,
                27.90028466587874
              ],
              [
                86.92835026940959,
                27.900284718744597
              ],
              [
                86.9283502099501,
                27.900374992953797
              ],
              [
                86.92774053365248,
                27.90037467465374
              ],
              [
                86.92774047368994,
                27.900464948862943
              ],
              [
                86.92733402249547,
                27.90046473516272
              ],
              [
                86.92733396219157,
                27.90055500937192
              ],
              [
                86.92702912354419,
                27.90055484831297
              ],
              [
                86.92702918409962,
                27.900464574103772
              ],
              [
                86.92692757130101,
                27.900464520267736
              ],
              [
                86.92692763193729,
                27.900374246058536
              ],
              [
                86.9268260192285,
                27.900374192150636
              ],
              [
                86.92682614068073,
                27.900193643723252
              ],
              [
                86.92692775321883,
                27.900193697640134
              ],
              [
                86.9269278138641,
                27.900103423430934
              ],
              [
                86.92702942632135,
                27.90010347726697
              ],
              [
                86.92702966854308,
                27.899742380403218
              ],
              [
                86.9269280564182,
                27.899742326567182
              ],
              [
                86.92692811705449,
                27.899652052348998
              ],
              [
                86.92702972909852,
                27.899652106185034
              ],
              [
                86.92702978965396,
                27.89956183196685
              ],
              [
                86.92723301356236,
                27.899561939405356
              ],
              [
                86.92723295317761,
                27.89965221362354
              ],
              [
                86.92733456521265,
                27.899652267235
              ],
              [
                86.92733450491772,
                27.89974254145318
              ],
              [
                86.92713128066796,
                27.8997424341584
              ],
              [
                86.92713122019339,
                27.899832708376586
              ],
              [
                86.9272328324081,
                27.89983276205991
              ],
              [
                86.9272327116296,
                27.900013310496277
              ],
              [
                86.92733432400601,
                27.900013364107732
              ],
              [
                86.92733414310328,
                27.90028418674432
              ],
              [
                86.92753736835915,
                27.90028429374265
              ],
              [
                86.9275374886256,
                27.900103745315267
              ],
              [
                86.92784232601534,
                27.90010390525132
              ],
              [
                86.92784226613364,
                27.900194179469505
              ],
              [
                86.92794387868072,
                27.9001942326318
              ],
              [
                86.92794393848158,
                27.90010395841362
              ],
              [
                86.92804555093883,
                27.90010401150405
              ],
              [
                86.92804561064985,
                27.900013737285867
              ],
              [
                86.92794399827345,
                27.900013684204417
              ],
              [
                86.92794405807429,
                27.899923409986233
              ],
              [
                86.92763922118762,
                27.89992325027476
              ],
              [
                86.92763916113523,
                27.900013524492945
              ],
              [
                86.92743593638242,
                27.900013417647322
              ],
              [
                86.92743611703362,
                27.899742594992773
              ],
              [
                86.9275377291585,
                27.899742648451515
              ],
              [
                86.92753790955818,
                27.89947182578798
              ],
              [
                86.92733468582045,
                27.89947171879863
              ],
              [
                86.92733474611538,
                27.89938144457146
              ],
              [
                86.9275379696914,
                27.899381551569796
              ],
              [
                86.92753808995785,
                27.89920100311546
              ],
              [
                86.92743647833603,
                27.89920094965672
              ],
              [
                86.92743653855011,
                27.89911067542955
              ],
              [
                86.92723331548612,
                27.899110568287487
              ],
              [
                86.92723325510137,
                27.899200842514656
              ],
              [
                86.92713164347954,
                27.899200788831333
              ],
              [
                86.92713158301395,
                27.8992910630585
              ],
              [
                86.9269283596086,
                27.89929095546728
              ],
              [
                86.92692829897231,
                27.899381229685464
              ],
              [
                86.92672507540529,
                27.899381121788814
              ],
              [
                86.92672501459832,
                27.89947139601598
              ],
              [
                86.9265217908606,
                27.899471287822887
              ],
              [
                86.92652172988296,
                27.89956156204107
              ],
              [
                86.92621689402036,
                27.899561399185494
              ],
              [
                86.92621695524953,
                27.89947112496731
              ],
              [
                86.92611534338516,
                27.899471070529405
              ],
              [
                86.9261154660052,
                27.899290522093036
              ],
              [
                86.9260138543115,
                27.899290467583263
              ],
              [
                86.92601367012094,
                27.8995612902468
              ],
              [
                86.92581044622153,
                27.899561181002678
              ],
              [
                86.925810384651,
                27.899651455220862
              ],
              [
                86.92591199668604,
                27.899651509874364
              ],
              [
                86.92591193520535,
                27.899741784092548
              ],
              [
                86.92601354732125,
                27.899741838674185
              ],
              [
                86.92601360872109,
                27.899651564464982
              ],
              [
                86.92621683280018,
                27.899651673403678
              ],
              [
                86.92621664910368,
                27.899922496049246
              ],
              [
                86.92611503681711,
                27.899922441620323
              ],
              [
                86.92611509813611,
                27.89983216740214
              ],
              [
                86.9257086493132,
                27.899831948913896
              ],
              [
                86.92570852601044,
                27.90001249734128
              ],
              [
                86.92560691364301,
                27.900012442526084
              ],
              [
                86.92560703710747,
                27.89983189410768
              ],
              [
                86.92550542491072,
                27.899831839220617
              ],
              [
                86.92550530126661,
                27.900012387648
              ],
              [
                86.9248956270441,
                27.90001205676255
              ],
              [
                86.92489581401944,
                27.899741234125965
              ],
              [
                86.92448936555586,
                27.89974101204446
              ],
              [
                86.92448924023189,
                27.899921560471846
              ],
              [
                86.92459085250948,
                27.89992161610451
              ],
              [
                86.92459078993284,
                27.90001189031371
              ],
              [
                86.92469240230027,
                27.90001194586553
              ],
              [
                86.92469233980447,
                27.90010222007473
              ],
              [
                86.92459072735619,
                27.900102164522913
              ],
              [
                86.92459066477056,
                27.90019243872313
              ],
              [
                86.92469227730867,
                27.900192494283928
              ],
              [
                86.92469221481288,
                27.90028276849313
              ],
              [
                86.92479382744081,
                27.900282823982067
              ],
              [
                86.92479376502587,
                27.900373098182282
              ],
              [
                86.92499699044343,
                27.90037320892659
              ],
              [
                86.9249970526877,
                27.900282934726373
              ],
              [
                86.92530189055354,
                27.900283100276898
              ],
              [
                86.92530176657705,
                27.900463648686316
              ],
              [
                86.92540337936668,
                27.900463703726093
              ],
              [
                86.92540325556087,
                27.90064425213551
              ],
              [
                86.92520002963127,
                27.900644141984092
              ],
              [
                86.92520009171383,
                27.900553867783874
              ],
              [
                86.92469202732549,
                27.900553591102767
              ],
              [
                86.9246919648297,
                27.900643865302985
              ],
              [
                86.92418390003712,
                27.900643586753382
              ],
              [
                86.92418396295513,
                27.900553312553164
              ],
              [
                86.92408235008465,
                27.900553256624054
              ],
              [
                86.92408247608235,
                27.900372708214636
              ],
              [
                86.92398086338254,
                27.900372652204677
              ],
              [
                86.92398080029386,
                27.90046292641388
              ],
              [
                86.92377757471459,
                27.900462814169384
              ],
              [
                86.92377751146421,
                27.900553088369602
              ],
              [
                86.92367589858475,
                27.900553032135065
              ],
              [
                86.92367596192496,
                27.900462757934847
              ],
              [
                86.92357434914432,
                27.90046270161946
              ],
              [
                86.92357441256537,
                27.900372427419242
              ],
              [
                86.92326957445698,
                27.900372258041898
              ],
              [
                86.92326963812957,
                27.90028198384168
              ],
              [
                86.92316802551062,
                27.90028192722985
              ],
              [
                86.92316789799476,
                27.90046247563927
              ],
              [
                86.92326951077541,
                27.900462532242116
              ],
              [
                86.92326944710283,
                27.90055280644233
              ],
              [
                86.92347267284379,
                27.900552919441413
              ],
              [
                86.92347254582201,
                27.900733467832865
              ],
              [
                86.92337093278984,
                27.90073341137375
              ],
              [
                86.92337086918911,
                27.900823685573965
              ],
              [
                86.92286280357008,
                27.90082340214651
              ],
              [
                86.92286273955614,
                27.90091367634673
              ],
              [
                86.92276112635328,
                27.900913619438455
              ],
              [
                86.92276119044807,
                27.900823345238237
              ],
              [
                86.92255796420405,
                27.900823231197112
              ],
              [
                86.92255802846952,
                27.90073295700588
              ],
              [
                86.92245641543735,
                27.900732899864042
              ],
              [
                86.92245635108203,
                27.90082317406426
              ],
              [
                86.92235473796003,
                27.90082311685056
              ],
              [
                86.92235467352387,
                27.90091339105078
              ],
              [
                86.92194822070346,
                27.900913161459357
              ],
              [
                86.921948285472,
                27.900822887268124
              ],
              [
                86.92184667235897,
                27.900822829686113
              ],
              [
                86.92184673721734,
                27.90073255549488
              ],
              [
                86.92174512417617,
                27.90073249783202
              ],
              [
                86.921745383942,
                27.900371401049117
              ],
              [
                86.92154215855138,
                27.900371285507806
              ],
              [
                86.92154183299294,
                27.900822656481942
              ],
              [
                86.92164344611494,
                27.900822714297515
              ],
              [
                86.92164331605686,
                27.901003262679986
              ],
              [
                86.92154170277315,
                27.901003204864413
              ],
              [
                86.92154176788304,
                27.90091293067318
              ],
              [
                86.92133854147733,
                27.900912814835422
              ],
              [
                86.92133847619677,
                27.901003089026656
              ],
              [
                86.92103363633666,
                27.901002914699593
              ],
              [
                86.92103357080455,
                27.901093188890826
              ],
              [
                86.92062711731938,
                27.901092955400717
              ],
              [
                86.92062718319285,
                27.90100268121847
              ],
              [
                86.92052556990915,
                27.901002622657295
              ],
              [
                86.92052550395483,
                27.901092896848528
              ],
              [
                86.919814210376,
                27.901092484836223
              ],
              [
                86.9198142769232,
                27.90100221065397
              ],
              [
                86.91991589020691,
                27.901002269736168
              ],
              [
                86.91991595666427,
                27.900911995553916
              ],
              [
                86.91971273026753,
                27.900911877308676
              ],
              [
                86.9197126636395,
                27.90100215149991
              ],
              [
                86.91961105035578,
                27.901002092265
              ],
              [
                86.91961098363791,
                27.90109236644725
              ],
              [
                86.91971259701145,
                27.90109242568216
              ],
              [
                86.91971253037443,
                27.901182699864414
              ],
              [
                86.91940769002923,
                27.901182521944087
              ],
              [
                86.9194075562611,
                27.90136307030859
              ],
              [
                86.91930594263603,
                27.901363010849103
              ],
              [
                86.91930600960544,
                27.90127273666685
              ],
              [
                86.9192043960702,
                27.901272677135495
              ],
              [
                86.91920446312945,
                27.901182402953246
              ],
              [
                86.91859478243008,
                27.901182044184086
              ],
              [
                86.91859471487676,
                27.90127231836634
              ],
              [
                86.91839148781528,
                27.901272198180735
              ],
              [
                86.91839155553927,
                27.901181923998486
              ],
              [
                86.91828994209386,
                27.901181863793393
              ],
              [
                86.9182900099077,
                27.901091589611145
              ],
              [
                86.9177819430939,
                27.901091287453813
              ],
              [
                86.91778187486685,
                27.901181561636065
              ],
              [
                86.91808671520306,
                27.901181743149653
              ],
              [
                86.91808657924304,
                27.901362291514154
              ],
              [
                86.91798496562696,
                27.901362231075503
              ],
              [
                86.91798489756161,
                27.901452505257755
              ],
              [
                86.91788328386468,
                27.901452444747235
              ],
              [
                86.91788335201088,
                27.901362170573968
              ],
              [
                86.91768012477871,
                27.901362049337337
              ],
              [
                86.91768005646183,
                27.901452323510604
              ],
              [
                86.9175784427649,
                27.90145226277551
              ],
              [
                86.91757837436718,
                27.901542536948778
              ],
              [
                86.91727353301587,
                27.901542354303313
              ],
              [
                86.91727346436662,
                27.90163262847658
              ],
              [
                86.917171850499,
                27.90163256744504
              ],
              [
                86.91717178175992,
                27.90172284161831
              ],
              [
                86.916968553863,
                27.90172271933065
              ],
              [
                86.91696848495323,
                27.901812993503917
              ],
              [
                86.91676525688564,
                27.90181287091083
              ],
              [
                86.91676532596608,
                27.901722596737564
              ],
              [
                86.91656209806916,
                27.901722473857017
              ],
              [
                86.9165619595759,
                27.901903022185586
              ],
              [
                86.91646034545676,
                27.901902960633024
              ],
              [
                86.91646027612478,
                27.901993234797306
              ],
              [
                86.91625704772481,
                27.90199311145862
              ],
              [
                86.91625697822215,
                27.902083385622905
              ],
              [
                86.91585052108982,
                27.90208313804721
              ],
              [
                86.9158504512548,
                27.902173412211496
              ],
              [
                86.91544399379009,
                27.90217316343206
              ],
              [
                86.91544392361371,
                27.902263437587365
              ],
              [
                86.91534230916218,
                27.90226337520835
              ],
              [
                86.91534237942841,
                27.902173101044067
              ],
              [
                86.91524076505775,
                27.902173038593187
              ],
              [
                86.91524083540482,
                27.9020827644289
              ],
              [
                86.91513922112398,
                27.902082701897175
              ],
              [
                86.91513915069606,
                27.90217297606146
              ],
              [
                86.91503753633437,
                27.902172913448883
              ],
              [
                86.91503746581662,
                27.90226318761317
              ],
              [
                86.9149358513741,
                27.90226312492873
              ],
              [
                86.9149359219637,
                27.90217285077343
              ],
              [
                86.91483430760202,
                27.902172788017122
              ],
              [
                86.91483437828147,
                27.902082513852836
              ],
              [
                86.9149359925623,
                27.902082576609143
              ],
              [
                86.9149361337595,
                27.901902028289555
              ],
              [
                86.91503774786966,
                27.901902090965013
              ],
              [
                86.91503817094022,
                27.90136044597032
              ],
              [
                86.91493655733312,
                27.90136038328588
              ],
              [
                86.91493648674351,
                27.901450657459147
              ],
              [
                86.91473325935863,
                27.90145053187467
              ],
              [
                86.9147334008882,
                27.901269983537116
              ],
              [
                86.91463178737094,
                27.9012699206281
              ],
              [
                86.9146319290622,
                27.90108937228156
              ],
              [
                86.91442870236004,
                27.90108924625691
              ],
              [
                86.9144289864253,
                27.900728149554855
              ],
              [
                86.91432737341108,
                27.900728086430238
              ],
              [
                86.91432744450377,
                27.900637812247986
              ],
              [
                86.91381937987288,
                27.900637495493037
              ],
              [
                86.91381945138775,
                27.900547221310784
              ],
              [
                86.91351461286615,
                27.900547030355902
              ],
              [
                86.91351475640795,
                27.900366482000383
              ],
              [
                86.9134131437351,
                27.900366418202033
              ],
              [
                86.91341321559133,
                27.90027614401978
              ],
              [
                86.91331160299933,
                27.900276080149563
              ],
              [
                86.91331153106225,
                27.900366354322834
              ],
              [
                86.91310830571653,
                27.900366226348837
              ],
              [
                86.91310823360877,
                27.90045650053109
              ],
              [
                86.91300662085507,
                27.90045643642731
              ],
              [
                86.91300654865748,
                27.90054671060058
              ],
              [
                86.91270171014484,
                27.90054651784907
              ],
              [
                86.91270178259397,
                27.9004562436758
              ],
              [
                86.91260016984027,
                27.900456179275576
              ],
              [
                86.91260009731029,
                27.900546453448847
              ],
              [
                86.91239687163221,
                27.90054632442382
              ],
              [
                86.9123970897252,
                27.900275501895035
              ],
              [
                86.91249870231721,
                27.90027556644797
              ],
              [
                86.91249892015865,
                27.9000047439102
              ],
              [
                86.91229569549567,
                27.90000461473246
              ],
              [
                86.91229576827718,
                27.89991434055021
              ],
              [
                86.91249899276949,
                27.899914469727946
              ],
              [
                86.9124990653803,
                27.899824195536713
              ],
              [
                86.9126006775501,
                27.8998242600088
              ],
              [
                86.91260060502013,
                27.899914534200036
              ],
              [
                86.91270221726178,
                27.899914598591273
              ],
              [
                86.91270214482164,
                27.90000487278251
              ],
              [
                86.91280375715313,
                27.900004937101883
              ],
              [
                86.91280390187173,
                27.899824388737382
              ],
              [
                86.91290551404153,
                27.89982445298489
              ],
              [
                86.91290558631098,
                27.899734178793654
              ],
              [
                86.91300719839096,
                27.8997342429693
              ],
              [
                86.91300755934301,
                27.89928287202211
              ],
              [
                86.9128043360275,
                27.899282743598956
              ],
              [
                86.91280448074609,
                27.89910219521649
              ],
              [
                86.9131093152163,
                27.899102387734438
              ],
              [
                86.91310938731509,
                27.89901211353422
              ],
              [
                86.91321099872131,
                27.89901217755715
              ]
            ],
            [
              [
                86.91321099872131,
                27.89901217755715
              ],
              [
                86.91331261012755,
                27.899012241499232
              ],
              [
                86.91331253819943,
                27.89910251569945
              ],
              [
                86.91321092670339,
                27.899102451748384
              ],
              [
                86.91321099872131,
                27.89901217755715
              ]
            ],
            [
              [
                86.91585052108982,
                27.90208313804721
              ],
              [
                86.91554567824733,
                27.902082951574926
              ],
              [
                86.91554574834286,
                27.90199267741064
              ],
              [
                86.91585059093384,
                27.901992863882928
              ],
              [
                86.91585052108982,
                27.90208313804721
              ]
            ],
            [
              [
                86.91646381164222,
                27.897389250819767
              ],
              [
                86.91656542154826,
                27.897389312363348
              ],
              [
                86.91656535231509,
                27.897479586590517
              ],
              [
                86.9164637423282,
                27.897479525046936
              ],
              [
                86.91646381164222,
                27.897389250819767
              ]
            ],
            [
              [
                86.9177819430939,
                27.901091287453813
              ],
              [
                86.91768032973833,
                27.901091226799565
              ],
              [
                86.91768046637208,
                27.900910678435064
              ],
              [
                86.91778207955697,
                27.900910739089312
              ],
              [
                86.9177819430939,
                27.901091287453813
              ]
            ],
            [
              [
                86.91941083321645,
                27.896939634048767
              ],
              [
                86.9196140521931,
                27.896939752716218
              ],
              [
                86.91961391879327,
                27.897120301188515
              ],
              [
                86.91941069947526,
                27.897120182521068
              ],
              [
                86.91941083321645,
                27.896939634048767
              ]
            ],
            [
              [
                86.92103363633666,
                27.901002914699593
              ],
              [
                86.92093202305296,
                27.901002856443846
              ],
              [
                86.92093208866591,
                27.900912582252612
              ],
              [
                86.92083047546305,
                27.900912523916016
              ],
              [
                86.92083054116583,
                27.900822249724783
              ],
              [
                86.92103376740086,
                27.900822366317122
              ],
              [
                86.92103363633666,
                27.901002914699593
              ]
            ],
            [
              [
                86.92245641543735,
                27.900732899864042
              ],
              [
                86.92235480239619,
                27.900732842659327
              ],
              [
                86.92235486683234,
                27.90064256846809
              ],
              [
                86.92245647978368,
                27.90064262567281
              ],
              [
                86.92245641543735,
                27.900732899864042
              ]
            ],
            [
              [
                86.92459066477056,
                27.90019243872313
              ],
              [
                86.92459060219393,
                27.90028271293233
              ],
              [
                86.92428576432809,
                27.900282545809755
              ],
              [
                86.92428582716524,
                27.900192271600552
              ],
              [
                86.92418421462713,
                27.90019221574331
              ],
              [
                86.92418434045416,
                27.900011667324907
              ],
              [
                86.92408272808673,
                27.900011611395797
              ],
              [
                86.92408266508788,
                27.900101885596015
              ],
              [
                86.9239810526396,
                27.90010182959504
              ],
              [
                86.92398098955093,
                27.90019210379526
              ],
              [
                86.92387937701282,
                27.900192047713436
              ],
              [
                86.92387950335188,
                27.900011499304018
              ],
              [
                86.9239811157193,
                27.90001155538584
              ],
              [
                86.92398117880799,
                27.89992128117664
              ],
              [
                86.92408279109456,
                27.899921337186598
              ],
              [
                86.92408285409341,
                27.8998310629774
              ],
              [
                86.92418446629016,
                27.899831118906505
              ],
              [
                86.92418452920816,
                27.899740844697305
              ],
              [
                86.92438775343996,
                27.89974095633993
              ],
              [
                86.92438769069263,
                27.89983123054913
              ],
              [
                86.9242860784869,
                27.89983117476375
              ],
              [
                86.92428595283056,
                27.900011723182153
              ],
              [
                86.92438756519799,
                27.90001177896753
              ],
              [
                86.92438750245067,
                27.90010205317673
              ],
              [
                86.92448911489893,
                27.900102108881264
              ],
              [
                86.92448905223246,
                27.900192383090463
              ],
              [
                86.92459066477056,
                27.90019243872313
              ]
            ],
            [
              [
                86.92652197378455,
                27.89920046515037
              ],
              [
                86.92662358539738,
                27.89920051928285
              ],
              [
                86.92662352450957,
                27.899290793510016
              ],
              [
                86.9265219128069,
                27.899290739377538
              ],
              [
                86.92652197378455,
                27.89920046515037
              ]
            ],
            [
              [
                86.92733414310328,
                27.90028418674432
              ],
              [
                86.92733408279938,
                27.90037446095352
              ],
              [
                86.92713085736384,
                27.90037435365874
              ],
              [
                86.92713091783843,
                27.90028407944954
              ],
              [
                86.9270293052105,
                27.90028402568537
              ],
              [
                86.92702936576592,
                27.90019375147617
              ],
              [
                86.9272325908601,
                27.90019385892366
              ],
              [
                86.92723253046636,
                27.90028413313286
              ],
              [
                86.92733414310328,
                27.90028418674432
              ]
            ],
            [
              [
                86.9299785700846,
                27.896403761951483
              ],
              [
                86.92997862818763,
                27.896313487688385
              ],
              [
                86.93008023711451,
                27.896313539269645
              ],
              [
                86.93008017909231,
                27.896403813532746
              ],
              [
                86.9299785700846,
                27.896403761951483
              ]
            ],
            [
              [
                86.93109672659172,
                27.895682131027485
              ],
              [
                86.93089350991475,
                27.89568202929328
              ],
              [
                86.93089356725422,
                27.895591755012216
              ],
              [
                86.93109678376051,
                27.89559185674642
              ],
              [
                86.93109672659172,
                27.895682131027485
              ]
            ],
            [
              [
                86.93150350094612,
                27.895140687902202
              ],
              [
                86.93150344410971,
                27.89523096218327
              ],
              [
                86.93140183618895,
                27.895230911653034
              ],
              [
                86.93140189310621,
                27.89514063737197
              ],
              [
                86.93150350094612,
                27.895140687902202
              ]
            ],
            [
              [
                86.91321063862266,
                27.899463548522306
              ],
              [
                86.91321071064058,
                27.89937327433107
              ],
              [
                86.91331232238818,
                27.899373338282135
              ],
              [
                86.91331225045109,
                27.89946361247337
              ],
              [
                86.91321063862266,
                27.899463548522306
              ]
            ],
            [
              [
                86.9137185545644,
                27.89964441589653
              ],
              [
                86.9137186261691,
                27.8995541417053
              ],
              [
                86.91382023808737,
                27.89955420527907
              ],
              [
                86.91382016656351,
                27.899644479470304
              ],
              [
                86.9137185545644,
                27.89964441589653
              ]
            ],
            [
              [
                86.91392235000792,
                27.8989223494064
              ],
              [
                86.91392242144195,
                27.898832075206187
              ],
              [
                86.9140240326775,
                27.898832138636227
              ],
              [
                86.9140239613333,
                27.898922412836445
              ],
              [
                86.91392235000792,
                27.8989223494064
              ]
            ],
            [
              [
                86.91432815547539,
                27.89973507040751
              ],
              [
                86.91432829766073,
                27.89955452202504
              ],
              [
                86.91453152149727,
                27.899554648202404
              ],
              [
                86.91453159241927,
                27.899464374002186
              ],
              [
                86.91463320424769,
                27.89946443698307
              ],
              [
                86.91463313341553,
                27.899554711174304
              ],
              [
                86.91483635724309,
                27.89955483689353
              ],
              [
                86.91483628657262,
                27.899645111093747
              ],
              [
                86.91473467457351,
                27.899645048265576
              ],
              [
                86.91473460381322,
                27.89973532245681
              ],
              [
                86.91432815547539,
                27.89973507040751
              ]
            ],
            [
              [
                86.91453052850854,
                27.90081848678087
              ],
              [
                86.91453059943053,
                27.900728212607603
              ],
              [
                86.91483543847316,
                27.900728401316695
              ],
              [
                86.9148353678027,
                27.900818675489965
              ],
              [
                86.91453052850854,
                27.90081848678087
              ]
            ],
            [
              [
                86.9145319470382,
                27.899013003019064
              ],
              [
                86.91453208889116,
                27.898832454618628
              ],
              [
                86.91463370012671,
                27.89883251759053
              ],
              [
                86.91463377096787,
                27.898742243390313
              ],
              [
                86.91473538213154,
                27.898742306281367
              ],
              [
                86.91473531137125,
                27.898832580490566
              ],
              [
                86.91483692261578,
                27.898832643309753
              ],
              [
                86.91483685194531,
                27.89892291750997
              ],
              [
                86.91493846327069,
                27.898922980257293
              ],
              [
                86.91493839269006,
                27.89901325445751
              ],
              [
                86.9145319470382,
                27.899013003019064
              ]
            ],
            [
              [
                86.91473417926044,
                27.900276967577266
              ],
              [
                86.91473425002073,
                27.900186693395018
              ],
              [
                86.91493747504303,
                27.90018681897051
              ],
              [
                86.91493740444443,
                27.900277093161744
              ],
              [
                86.91473417926044,
                27.900276967577266
              ]
            ],
            [
              [
                86.91493662793172,
                27.90127010911261
              ],
              [
                86.91493676911993,
                27.901089560775056
              ],
              [
                86.91503838246652,
                27.901089623450513
              ],
              [
                86.91503831195776,
                27.901179897623784
              ],
              [
                86.91513992539417,
                27.901179960227374
              ],
              [
                86.91513985496626,
                27.90127023440064
              ],
              [
                86.91493662793172,
                27.90127010911261
              ]
            ],
            [
              [
                86.9150388760279,
                27.900457704201706
              ],
              [
                86.91503901704542,
                27.900277155837202
              ],
              [
                86.91524224222943,
                27.900277280963536
              ],
              [
                86.91524217189134,
                27.900367555145788
              ],
              [
                86.91534378456419,
                27.900367617596668
              ],
              [
                86.91534371431594,
                27.9004578917879
              ],
              [
                86.91524210155326,
                27.90045782932804
              ],
              [
                86.91524203121517,
                27.900548103510292
              ],
              [
                86.91514041836265,
                27.900548040987548
              ],
              [
                86.91514048879057,
                27.900457766805296
              ],
              [
                86.9150388760279,
                27.900457704201706
              ]
            ],
            [
              [
                86.9151411929979,
                27.899555024919902
              ],
              [
                86.91514133384474,
                27.89937447652845
              ],
              [
                86.91524294559233,
                27.89937453905119
              ],
              [
                86.91524280492514,
                27.899555087442646
              ],
              [
                86.9151411929979,
                27.899555024919902
              ]
            ],
            [
              [
                86.91514210842608,
                27.89838146029012
              ],
              [
                86.91514217884502,
                27.89829118608092
              ],
              [
                86.91524378958648,
                27.898291248603666
              ],
              [
                86.9152437192484,
                27.898381522812866
              ],
              [
                86.91514210842608,
                27.89838146029012
              ]
            ],
            [
              [
                86.91514239008386,
                27.898020363444335
              ],
              [
                86.91514246050279,
                27.897930089235135
              ],
              [
                86.9152440709029,
                27.897930151748895
              ],
              [
                86.9152440005738,
                27.89802042596708
              ],
              [
                86.91514239008386,
                27.898020363444335
              ]
            ],
            [
              [
                86.91534322252426,
                27.901089811036712
              ],
              [
                86.91534336303873,
                27.900909262681193
              ],
              [
                86.91544497622363,
                27.900909325060205
              ],
              [
                86.91544483587982,
                27.901089873415724
              ],
              [
                86.91534322252426,
                27.901089811036712
              ]
            ],
            [
              [
                86.91554644923539,
                27.901089935722872
              ],
              [
                86.9155465894085,
                27.900909387367353
              ],
              [
                86.9157498157783,
                27.90090951174809
              ],
              [
                86.91574967594654,
                27.90109006010361
              ],
              [
                86.91554644923539,
                27.901089935722872
              ]
            ],
            [
              [
                86.91564827259911,
                27.900819175420384
              ],
              [
                86.91564841260156,
                27.900638627055883
              ],
              [
                86.91575002553492,
                27.900638689210318
              ],
              [
                86.91574988569417,
                27.90081923757482
              ],
              [
                86.91564827259911,
                27.900819175420384
              ]
            ],
            [
              [
                86.91575205300556,
                27.89802073744892
              ],
              [
                86.91575212291245,
                27.897930463230736
              ],
              [
                86.91585373332155,
                27.89793052530432
              ],
              [
                86.91585366349551,
                27.898020799522506
              ],
              [
                86.91575205300556,
                27.89802073744892
              ]
            ],
            [
              [
                86.91595304214808,
                27.900909635832377
              ],
              [
                86.91595311190225,
                27.90081936165013
              ],
              [
                86.91615633811034,
                27.900819485437975
              ],
              [
                86.91615619894334,
                27.901000033793494
              ],
              [
                86.91605458566862,
                27.9009999719355
              ],
              [
                86.91605465534195,
                27.900909697762234
              ],
              [
                86.91595304214808,
                27.900909635832377
              ]
            ],
            [
              [
                86.91605493399935,
                27.90054860103323
              ],
              [
                86.9160550036637,
                27.900458326850977
              ],
              [
                86.91615661642639,
                27.90045838870897
              ],
              [
                86.91615654685187,
                27.900548662891218
              ],
              [
                86.91605493399935,
                27.90054860103323
              ]
            ],
            [
              [
                86.9160568844754,
                27.898020923436118
              ],
              [
                86.91605695412179,
                27.897930649217933
              ],
              [
                86.91615856453087,
                27.89793071106694
              ],
              [
                86.91615849495636,
                27.898020985285125
              ],
              [
                86.9160568844754,
                27.898020923436118
              ]
            ],
            [
              [
                86.91615599020182,
                27.90127085632228
              ],
              [
                86.91615605977634,
                27.901180582149014
              ],
              [
                86.91625767322174,
                27.901180643926153
              ],
              [
                86.91625760371909,
                27.901270918099424
              ],
              [
                86.91615599020182,
                27.90127085632228
              ]
            ],
            [
              [
                86.91615724263299,
                27.89964592099684
              ],
              [
                86.91615738178203,
                27.899465372596406
              ],
              [
                86.91625899361945,
                27.899465434373546
              ],
              [
                86.91625892412577,
                27.899555708573764
              ],
              [
                86.91646214798027,
                27.89955583190347
              ],
              [
                86.91646187067933,
                27.899916928677392
              ],
              [
                86.9163602584197,
                27.899916867052962
              ],
              [
                86.91636032783252,
                27.89982659286173
              ],
              [
                86.91625871565374,
                27.899826531156453
              ],
              [
                86.91625885464109,
                27.899645982773983
              ],
              [
                86.91615724263299,
                27.89964592099684
              ]
            ],
            [
              [
                86.91615800795269,
                27.8986529047675
              ],
              [
                86.91615814710173,
                27.898472356349096
              ],
              [
                86.91625975801388,
                27.898472418126236
              ],
              [
                86.91625961903553,
                27.89865296654464
              ],
              [
                86.91615800795269,
                27.8986529047675
              ]
            ],
            [
              [
                86.91615828624178,
                27.898291807930693
              ],
              [
                86.91615835581631,
                27.89820153371251
              ],
              [
                86.91625996647693,
                27.898201595489653
              ],
              [
                86.91626010544631,
                27.898021047053284
              ],
              [
                86.91636171593625,
                27.898021108749578
              ],
              [
                86.91636178534009,
                27.897930834531394
              ],
              [
                86.91646339574919,
                27.89793089615582
              ],
              [
                86.9164631877892,
                27.898201718810373
              ],
              [
                86.91666640911045,
                27.898201841825667
              ],
              [
                86.91666620165351,
                27.89847266447124
              ],
              [
                86.91656459074136,
                27.89847260299054
              ],
              [
                86.91656465998351,
                27.898382328781338
              ],
              [
                86.9164630491522,
                27.898382267237757
              ],
              [
                86.91646311847519,
                27.898291993019576
              ],
              [
                86.91615828624178,
                27.898291807930693
              ]
            ],
            [
              [
                86.91636192414776,
                27.897750286095025
              ],
              [
                86.91636206294646,
                27.897569737649675
              ],
              [
                86.9164636730142,
                27.897569799274102
              ],
              [
                86.9164635343772,
                27.897750347719455
              ],
              [
                86.91636192414776,
                27.897750286095025
              ]
            ],
            [
              [
                86.91656438304189,
                27.898743425627124
              ],
              [
                86.91656445227504,
                27.898653151417925
              ],
              [
                86.91686928551457,
                27.89865333560849
              ],
              [
                86.91686921653293,
                27.89874360981769
              ],
              [
                86.91656438304189,
                27.898743425627124
              ]
            ],
            [
              [
                86.9165650061493,
                27.8979309576994
              ],
              [
                86.91656514461562,
                27.897750409263033
              ],
              [
                86.91676836509245,
                27.897750532125617
              ],
              [
                86.91676822696749,
                27.897931080570967
              ],
              [
                86.9165650061493,
                27.8979309576994
              ]
            ],
            [
              [
                86.91666502604627,
                27.900007325901885
              ],
              [
                86.91666509519858,
                27.899917051710652
              ],
              [
                86.91676670745821,
                27.8999171131105
              ],
              [
                86.91676663838675,
                27.900007387301738
              ],
              [
                86.91666502604627,
                27.900007325901885
              ]
            ],
            [
              [
                86.9167658785827,
                27.901000403342433
              ],
              [
                86.91676594765416,
                27.900910129169166
              ],
              [
                86.91686756083905,
                27.90091019049715
              ],
              [
                86.91686762982967,
                27.900819916314898
              ],
              [
                86.91696924294268,
                27.900819977571018
              ],
              [
                86.91696917403293,
                27.90091025175327
              ],
              [
                86.9170707872268,
                27.90091031292854
              ],
              [
                86.91707064957795,
                27.901090861293042
              ],
              [
                86.91686742285782,
                27.90109073885267
              ],
              [
                86.91686749184844,
                27.901000464679402
              ],
              [
                86.9167658785827,
                27.901000403342433
              ]
            ],
            [
              [
                86.91686700890516,
                27.901632383901262
              ],
              [
                86.91686707789577,
                27.901542109727995
              ],
              [
                86.91696869168253,
                27.901542170984115
              ],
              [
                86.91696862277277,
                27.901632445157382
              ],
              [
                86.91686700890516,
                27.901632383901262
              ]
            ],
            [
              [
                86.91686976838598,
                27.89802141610815
              ],
              [
                86.91686983736761,
                27.897931141889966
              ],
              [
                86.9170730581858,
                27.897931264312376
              ],
              [
                86.91707298937486,
                27.898021538530557
              ],
              [
                86.91686976838598,
                27.89802141610815
              ]
            ],
            [
              [
                86.91686997533087,
                27.8977505934536
              ],
              [
                86.9168700443125,
                27.897660319226432
              ],
              [
                86.9169716544611,
                27.897660380473567
              ],
              [
                86.91697179225368,
                27.897479832028218
              ],
              [
                86.91707340224056,
                27.897479893194504
              ],
              [
                86.91707347105151,
                27.89738961896734
              ],
              [
                86.91737830075166,
                27.89738980203501
              ],
              [
                86.91737823220123,
                27.897480076262177
              ],
              [
                86.91747984218811,
                27.89748013713202
              ],
              [
                86.91747977370954,
                27.897570411359187
              ],
              [
                86.91707333342961,
                27.897570167421673
              ],
              [
                86.9170731958077,
                27.897750715867023
              ],
              [
                86.91686997533087,
                27.8977505934536
              ]
            ],
            [
              [
                86.9171746685949,
                27.897931325406798
              ],
              [
                86.91717480604612,
                27.89775077697043
              ],
              [
                86.91737802652295,
                27.897750898934696
              ],
              [
                86.91737788940411,
                27.897931447380046
              ],
              [
                86.9171746685949,
                27.897931325406798
              ]
            ],
            [
              [
                86.91727504337132,
                27.899556322212934
              ],
              [
                86.91727511202058,
                27.89946604801272
              ],
              [
                86.917376723858,
                27.89946610896341
              ],
              [
                86.91737665529858,
                27.899556383163628
              ],
              [
                86.91727504337132,
                27.899556322212934
              ]
            ],
            [
              [
                86.91727518066983,
                27.8993757738125
              ],
              [
                86.91727524931909,
                27.899285499603298
              ],
              [
                86.91737686098583,
                27.89928556055399
              ],
              [
                86.91737679242641,
                27.89937583476319
              ],
              [
                86.91727518066983,
                27.8993757738125
              ]
            ],
            [
              [
                86.91727593577569,
                27.898382757520274
              ],
              [
                86.91727607306522,
                27.898202209083905
              ],
              [
                86.91747929439545,
                27.898202330913424
              ],
              [
                86.91747922591688,
                27.898292605122627
              ],
              [
                86.91758083665836,
                27.89829266592959
              ],
              [
                86.91758076826962,
                27.898382940138788
              ],
              [
                86.91727593577569,
                27.898382757520274
              ]
            ],
            [
              [
                86.91737528393945,
                27.901361866916453
              ],
              [
                86.91737555822205,
                27.901000770205414
              ],
              [
                86.91747717149677,
                27.90100083108424
              ],
              [
                86.91747696604308,
                27.90127165362201
              ],
              [
                86.91757857956934,
                27.901271714428972
              ],
              [
                86.91757851117161,
                27.90136198860224
              ],
              [
                86.91737528393945,
                27.901361866916453
              ]
            ],
            [
              [
                86.91747895201156,
                27.89865370198638
              ],
              [
                86.91747908895974,
                27.898473153558992
              ],
              [
                86.91758069988087,
                27.898473214356972
              ],
              [
                86.9175805630944,
                27.898653762784356
              ],
              [
                86.91747895201156,
                27.89865370198638
              ]
            ],
            [
              [
                86.91758131539751,
                27.897660746384332
              ],
              [
                86.91758138378626,
                27.897570472157167
              ],
              [
                86.917682993854,
                27.897570532874298
              ],
              [
                86.9176829255461,
                27.897660807101463
              ],
              [
                86.91758131539751,
                27.897660746384332
              ]
            ],
            [
              [
                86.917782147793,
                27.90082046490706
              ],
              [
                86.91778221602004,
                27.900730190724808
              ],
              [
                86.91788382904325,
                27.90073025130719
              ],
              [
                86.91788376089704,
                27.900820525489443
              ],
              [
                86.917782147793,
                27.90082046490706
              ]
            ],
            [
              [
                86.91788519192228,
                27.89892476736572
              ],
              [
                86.91788526006847,
                27.89883449315652
              ],
              [
                86.9180884825755,
                27.89883461407874
              ],
              [
                86.91808841459998,
                27.89892488828794
              ],
              [
                86.91788519192228,
                27.89892476736572
              ]
            ],
            [
              [
                86.91788614586125,
                27.89766092832013
              ],
              [
                86.91788621399846,
                27.89757065409296
              ],
              [
                86.91798782407518,
                27.897570714594494
              ],
              [
                86.91798775601882,
                27.897660988821663
              ],
              [
                86.91788614586125,
                27.89766092832013
              ]
            ],
            [
              [
                86.91798598656229,
                27.900008118287833
              ],
              [
                86.91798605461865,
                27.8999178440966
              ],
              [
                86.91808766688726,
                27.899917904517284
              ],
              [
                86.91808773486278,
                27.89982763032605
              ],
              [
                86.91829095922931,
                27.899827750951825
              ],
              [
                86.9182908914155,
                27.899918025152044
              ],
              [
                86.91818927915587,
                27.899917964875087
              ],
              [
                86.9181892112612,
                27.900008239066324
              ],
              [
                86.91798598656229,
                27.900008118287833
              ]
            ],
            [
              [
                86.9179875518587,
                27.897931811494182
              ],
              [
                86.91798761991507,
                27.897841537267013
              ],
              [
                86.91819084057155,
                27.89784165803652
              ],
              [
                86.91819077268588,
                27.89793193226369
              ],
              [
                86.9179875518587,
                27.897931811494182
              ]
            ],
            [
              [
                86.9181889396915,
                27.900369335840246
              ],
              [
                86.91818900758618,
                27.90027906164901
              ],
              [
                86.91839223279713,
                27.900279182131055
              ],
              [
                86.91839230052112,
                27.90018890793982
              ],
              [
                86.91849391303228,
                27.900188968073046
              ],
              [
                86.91849384539812,
                27.90027924226428
              ],
              [
                86.91869707060907,
                27.90027936229717
              ],
              [
                86.91869700313661,
                27.900369636488403
              ],
              [
                86.91890022851824,
                27.900369756224848
              ],
              [
                86.9189000939057,
                27.900550304607318
              ],
              [
                86.91879848105319,
                27.90055024477952
              ],
              [
                86.91879841366158,
                27.90064051896177
              ],
              [
                86.91869680071923,
                27.900640459062107
              ],
              [
                86.91869673324676,
                27.90073073324436
              ],
              [
                86.91859512022357,
                27.900730673263848
              ],
              [
                86.91859505266127,
                27.90082094745508
              ],
              [
                86.9183918264442,
                27.90082082726948
              ],
              [
                86.91839209734916,
                27.900459730513525
              ],
              [
                86.9182904845685,
                27.900459670308436
              ],
              [
                86.91829055238232,
                27.9003693961172
              ],
              [
                86.9181889396915,
                27.900369335840246
              ]
            ],
            [
              [
                86.91829170508252,
                27.898834734704515
              ],
              [
                86.91829177287838,
                27.898744460495315
              ],
              [
                86.91849499522371,
                27.898744580815666
              ],
              [
                86.91849492758955,
                27.898834855033847
              ],
              [
                86.91829170508252,
                27.898834734704515
              ]
            ],
            [
              [
                86.91829251869567,
                27.89775144408631
              ],
              [
                86.91829258649152,
                27.89766116985914
              ],
              [
                86.91839419664909,
                27.89766123005525
              ],
              [
                86.91839412893408,
                27.897751504282414
              ],
              [
                86.91829251869567,
                27.89775144408631
              ]
            ],
            [
              [
                86.91839257140809,
                27.899827811156918
              ],
              [
                86.91839270685607,
                27.89964726275648
              ],
              [
                86.91869754289833,
                27.89964744291361
              ],
              [
                86.91869740795342,
                27.899827991314048
              ],
              [
                86.91839257140809,
                27.899827811156918
              ]
            ],
            [
              [
                86.91849540101967,
                27.898202935524527
              ],
              [
                86.91849573918148,
                27.897751564406658
              ],
              [
                86.9186989596673,
                27.897751684430563
              ],
              [
                86.91869875727687,
                27.898022507103082
              ],
              [
                86.91880036777579,
                27.898022567002744
              ],
              [
                86.91880030039316,
                27.89811284122093
              ],
              [
                86.91869868981338,
                27.898112781321267
              ],
              [
                86.91869862234991,
                27.898203055548432
              ],
              [
                86.91849540101967,
                27.898202935524527
              ]
            ],
            [
              [
                86.9185955931147,
                27.900098753934188
              ],
              [
                86.91859566066802,
                27.90000847973397
              ],
              [
                86.91879888536693,
                27.900008599614146
              ],
              [
                86.9187988179843,
                27.900098873814365
              ],
              [
                86.9185955931147,
                27.900098753934188
              ]
            ],
            [
              [
                86.91859768715051,
                27.897300253314217
              ],
              [
                86.91859775469484,
                27.897209979078067
              ],
              [
                86.9186993644302,
                27.897210039049593
              ],
              [
                86.9186992969757,
                27.897300313285744
              ],
              [
                86.91859768715051,
                27.897300253314217
              ]
            ],
            [
              [
                86.91879969397645,
                27.898925309175603
              ],
              [
                86.91879982873273,
                27.898744760748215
              ],
              [
                86.91890143990538,
                27.898744820576013
              ],
              [
                86.91890157449997,
                27.898564272139645
              ],
              [
                86.9192064075149,
                27.898564451173883
              ],
              [
                86.91920634047364,
                27.898654725383082
              ],
              [
                86.91900311829001,
                27.898654606113762
              ],
              [
                86.91900298386611,
                27.898835154541146
              ],
              [
                86.9189013726126,
                27.898835094785216
              ],
              [
                86.91890130531081,
                27.898925368994416
              ],
              [
                86.91879969397645,
                27.898925309175603
              ]
            ],
            [
              [
                86.91880083941827,
                27.897390647412575
              ],
              [
                86.91880090679192,
                27.897300373185406
              ],
              [
                86.9190041264423,
                27.89730049275117
              ],
              [
                86.91900405923035,
                27.89739076698732
              ],
              [
                86.91880083941827,
                27.897390647412575
              ]
            ],
            [
              [
                86.91890063231995,
                27.899828111050493
              ],
              [
                86.91890069962173,
                27.899737836850274
              ],
              [
                86.91900231171967,
                27.899737896606208
              ],
              [
                86.91900224450771,
                27.899828170806423
              ],
              [
                86.91890063231995,
                27.899828111050493
              ]
            ],
            [
              [
                86.91910352103099,
                27.90027960146463
              ],
              [
                86.91910365529318,
                27.900099053073177
              ],
              [
                86.91920526773248,
                27.900099112685382
              ],
              [
                86.91920513363198,
                27.90027966106785
              ],
              [
                86.91910352103099,
                27.90027960146463
              ]
            ],
            [
              [
                86.91910419235097,
                27.899376859471438
              ],
              [
                86.9191043266042,
                27.899196311053036
              ],
              [
                86.91920593819907,
                27.899196370656256
              ],
              [
                86.9192058711578,
                27.899286644865455
              ],
              [
                86.91930748283352,
                27.899286704396808
              ],
              [
                86.9193074158731,
                27.899376978597026
              ],
              [
                86.91910419235097,
                27.899376859471438
              ]
            ],
            [
              [
                86.91910493076614,
                27.898383843134294
              ],
              [
                86.91910499788825,
                27.89829356891611
              ],
              [
                86.91920660863872,
                27.89829362851933
              ],
              [
                86.91920654159745,
                27.898383902737514
              ],
              [
                86.91910493076614,
                27.898383843134294
              ]
            ],
            [
              [
                86.91920680977151,
                27.89802280584681
              ],
              [
                86.91920687681278,
                27.897932531628626
              ],
              [
                86.91941009763995,
                27.897932650601504
              ],
              [
                86.91940996388979,
                27.898113199046854
              ],
              [
                86.91930835331002,
                27.89811313959635
              ],
              [
                86.91930842026146,
                27.89802286536918
              ],
              [
                86.91920680977151,
                27.89802280584681
              ]
            ],
            [
              [
                86.91920741312497,
                27.89721033778434
              ],
              [
                86.91920748016624,
                27.897120063557175
              ],
              [
                86.91930908982076,
                27.89712012307056
              ],
              [
                86.91930902286931,
                27.89721039730671
              ],
              [
                86.91920741312497,
                27.89721033778434
              ]
            ],
            [
              [
                86.91930661231211,
                27.900460268990656
              ],
              [
                86.91930667927254,
                27.90036999479942
              ],
              [
                86.91940829196335,
                27.900370054249926
              ],
              [
                86.91940835884293,
                27.900279780058693
              ],
              [
                86.91930674624194,
                27.900279720599205
              ],
              [
                86.91930681320235,
                27.900189446407968
              ],
              [
                86.91940842573148,
                27.900189505858474
              ],
              [
                86.91940849261105,
                27.90009923166724
              ],
              [
                86.91951010505035,
                27.90009929104588
              ],
              [
                86.91951003825162,
                27.900189565246098
              ],
              [
                86.91971326330088,
                27.900189683778798
              ],
              [
                86.91971313004478,
                27.90037023217025
              ],
              [
                86.91950990465418,
                27.900370113628565
              ],
              [
                86.91950983786442,
                27.900460387828783
              ],
              [
                86.91930661231211,
                27.900460268990656
              ]
            ],
            [
              [
                86.91930694713218,
                27.900008898016516
              ],
              [
                86.91930701410159,
                27.899918623816298
              ],
              [
                86.9194086263702,
                27.899918683266804
              ],
              [
                86.91940855949063,
                27.900008957467023
              ],
              [
                86.91930694713218,
                27.900008898016516
              ]
            ],
            [
              [
                86.91930808547731,
                27.89847423647807
              ],
              [
                86.91930821938918,
                27.8982936880417
              ],
              [
                86.91940983014861,
                27.898293747492207
              ],
              [
                86.91940989701921,
                27.89820347326504
              ],
              [
                86.91961311834943,
                27.89820359194147
              ],
              [
                86.91961278482295,
                27.898654963041373
              ],
              [
                86.91940956264828,
                27.89865484436494
              ],
              [
                86.91940969639845,
                27.898474295928576
              ],
              [
                86.91930808547731,
                27.89847423647807
              ]
            ],
            [
              [
                86.91930888895746,
                27.897390945779012
              ],
              [
                86.91930895590889,
                27.89730067154286
              ],
              [
                86.91941056573408,
                27.89730073099337
              ],
              [
                86.9194104988635,
                27.897391005220534
              ],
              [
                86.91930888895746,
                27.897390945779012
              ]
            ],
            [
              [
                86.91951057260549,
                27.899467371635374
              ],
              [
                86.91951077298368,
                27.899196549016754
              ],
              [
                86.91961238457857,
                27.899196608314547
              ],
              [
                86.91961231786968,
                27.899286882523747
              ],
              [
                86.91971392955438,
                27.899286941749672
              ],
              [
                86.91971379630726,
                27.899467490168075
              ],
              [
                86.91951057260549,
                27.899467371635374
              ]
            ],
            [
              [
                86.91961318505832,
                27.898113317723286
              ],
              [
                86.91961325176723,
                27.89802304349612
              ],
              [
                86.91981647276508,
                27.898023161876107
              ],
              [
                86.91981640622687,
                27.89811343609429
              ],
              [
                86.91961318505832,
                27.898113317723286
              ]
            ],
            [
              [
                86.91981607354478,
                27.89856480720318
              ],
              [
                86.919816140083,
                27.898474532984995
              ],
              [
                86.91991775100414,
                27.898474592058207
              ],
              [
                86.91991768454677,
                27.89856486627639
              ],
              [
                86.91981607354478,
                27.89856480720318
              ]
            ],
            [
              [
                86.91981727116973,
                27.89693987108722
              ],
              [
                86.9198174042282,
                27.896759322605938
              ],
              [
                86.91991901355034,
                27.89675938167915
              ],
              [
                86.91991888065357,
                27.896939930160435
              ],
              [
                86.91981727116973,
                27.89693987108722
              ]
            ],
            [
              [
                86.92001756986713,
                27.900912054555263
              ],
              [
                86.92001763624364,
                27.90082178037301
              ],
              [
                86.9202208624697,
                27.900821898160114
              ],
              [
                86.92022073005802,
                27.9010024465336
              ],
              [
                86.92011911677432,
                27.90100238767598
              ],
              [
                86.920119183061,
                27.90091211349373
              ],
              [
                86.92001756986713,
                27.900912054555263
              ]
            ],
            [
              [
                86.92001883096704,
                27.89919684477808
              ],
              [
                86.92001889733457,
                27.89910657056888
              ],
              [
                86.9201205088486,
                27.89910662949836
              ],
              [
                86.92012044256191,
                27.899196903707562
              ],
              [
                86.92001883096704,
                27.89919684477808
              ]
            ],
            [
              [
                86.9202233119509,
                27.89748175234782
              ],
              [
                86.92022337814775,
                27.89739147811167
              ],
              [
                86.92032498805379,
                27.897391536888435
              ],
              [
                86.9203250541698,
                27.897301262652284
              ],
              [
                86.92042666399499,
                27.897301321348206
              ],
              [
                86.92042653194264,
                27.897481869820506
              ],
              [
                86.9202233119509,
                27.89748175234782
              ]
            ],
            [
              [
                86.9205269549047,
                27.899106864461707
              ],
              [
                86.92052708680433,
                27.89892631603432
              ],
              [
                86.92073030949102,
                27.898926433057852
              ],
              [
                86.92073011214912,
                27.89919725570342
              ],
              [
                86.92062850055424,
                27.899197197223096
              ],
              [
                86.92062856641873,
                27.899106923013896
              ],
              [
                86.9205269549047,
                27.899106864461707
              ]
            ],
            [
              [
                86.92062757841565,
                27.90046103607106
              ],
              [
                86.92062764428012,
                27.900370761870843
              ],
              [
                86.92083086967074,
                27.900370878759627
              ],
              [
                86.92083080397694,
                27.900461152959846
              ],
              [
                86.92062757841565,
                27.90046103607106
              ]
            ],
            [
              [
                86.9206281053584,
                27.89973884246932
              ],
              [
                86.92062817122289,
                27.8996485682691
              ],
              [
                86.92093300729209,
                27.899648743476515
              ],
              [
                86.92093307290504,
                27.899558469276297
              ],
              [
                86.92103468484127,
                27.899558527532044
              ],
              [
                86.92103455377708,
                27.89973907594146
              ],
              [
                86.92093294167016,
                27.899739017685715
              ],
              [
                86.92093287605721,
                27.899829291894914
              ],
              [
                86.92083126386945,
                27.89982923355832
              ],
              [
                86.92083132957224,
                27.899738959358103
              ],
              [
                86.9206281053584,
                27.89973884246932
              ]
            ],
            [
              [
                86.92063021294081,
                27.896850067325733
              ],
              [
                86.9206303446518,
                27.896669518835466
              ],
              [
                86.92083356313437,
                27.896669635706285
              ],
              [
                86.92083349744057,
                27.89675990995142
              ],
              [
                86.92073188811844,
                27.896759851551945
              ],
              [
                86.9207318223438,
                27.896850125797076
              ],
              [
                86.92063021294081,
                27.896850067325733
              ]
            ],
            [
              [
                86.92072899383642,
                27.90073191713407
              ],
              [
                86.92072905962006,
                27.900641642933852
              ],
              [
                86.92083067257138,
                27.900641701342312
              ],
              [
                86.9208306068686,
                27.90073197553355
              ],
              [
                86.92072899383642,
                27.90073191713407
              ]
            ],
            [
              [
                86.92072938854717,
                27.900190271959715
              ],
              [
                86.92072945433081,
                27.900099997759497
              ],
              [
                86.92083106677009,
                27.900100056167958
              ],
              [
                86.92083113247287,
                27.90000978196774
              ],
              [
                86.92093274483132,
                27.90000984029535
              ],
              [
                86.92093261360542,
                27.900190388695787
              ],
              [
                86.92072938854717,
                27.900190271959715
              ]
            ],
            [
              [
                86.92083316899854,
                27.89721128115912
              ],
              [
                86.92083323469234,
                27.89712100692297
              ],
              [
                86.92093484434685,
                27.8971210652416
              ],
              [
                86.92093477874289,
                27.89721133947775
              ],
              [
                86.92083316899854,
                27.89721128115912
              ]
            ],
            [
              [
                86.92103409506136,
                27.900370995351967
              ],
              [
                86.92103416059346,
                27.90028072115175
              ],
              [
                86.92113577321241,
                27.90028077933563
              ],
              [
                86.92113570776115,
                27.900371053526865
              ],
              [
                86.92103409506136,
                27.900370995351967
              ]
            ],
            [
              [
                86.92103566774193,
                27.89820441427725
              ],
              [
                86.92103573326504,
                27.898114140059064
              ],
              [
                86.9211373438538,
                27.898114198233962
              ],
              [
                86.92113727841154,
                27.89820447246113
              ],
              [
                86.92103566774193,
                27.89820441427725
              ]
            ],
            [
              [
                86.92103632296411,
                27.897301671969647
              ],
              [
                86.92103638848722,
                27.897211397733496
              ],
              [
                86.92123960797592,
                27.897211514002443
              ],
              [
                86.92123954262348,
                27.897301788238593
              ],
              [
                86.92103632296411,
                27.897301671969647
              ]
            ],
            [
              [
                86.92113662399784,
                27.899107214651952
              ],
              [
                86.9211366894401,
                27.899016940442753
              ],
              [
                86.92123830087328,
                27.899016998545786
              ],
              [
                86.92123836622571,
                27.898926724327602
              ],
              [
                86.92133997757804,
                27.898926782358767
              ],
              [
                86.92133984702588,
                27.89910733078615
              ],
              [
                86.92113662399784,
                27.899107214651952
              ]
            ],
            [
              [
                86.92133867203847,
                27.900732266452952
              ],
              [
                86.92133873731905,
                27.90064199226172
              ],
              [
                86.92144035027037,
                27.90064205021204
              ],
              [
                86.92144028507066,
                27.900732324412253
              ],
              [
                86.92133867203847,
                27.900732266452952
              ]
            ],
            [
              [
                86.92134082610869,
                27.89775321744153
              ],
              [
                86.92134089138028,
                27.89766294320538
              ],
              [
                86.92154411171339,
                27.89766305903415
              ],
              [
                86.92154398151158,
                27.897843607497467
              ],
              [
                86.92144237117434,
                27.897843549627996
              ],
              [
                86.92144243636508,
                27.897753275391846
              ],
              [
                86.92134082610869,
                27.89775321744153
              ]
            ],
            [
              [
                86.92144263191933,
                27.89748245269238
              ],
              [
                86.92144269710109,
                27.89739217845623
              ],
              [
                86.92164591693114,
                27.89739229413229
              ],
              [
                86.92164585192006,
                27.89748256836844
              ],
              [
                86.92144263191933,
                27.89748245269238
              ]
            ],
            [
              [
                86.92154222366128,
                27.900281011307587
              ],
              [
                86.92154228877116,
                27.90019073710737
              ],
              [
                86.92164390130029,
                27.900190794913957
              ],
              [
                86.92164383627124,
                27.900281069114175
              ],
              [
                86.92154222366128,
                27.900281011307587
              ]
            ],
            [
              [
                86.92174622816074,
                27.89919783636544
              ],
              [
                86.92174629309994,
                27.89910756215624
              ],
              [
                86.92184790461397,
                27.899107619810113
              ],
              [
                86.9218478397646,
                27.899197894019313
              ],
              [
                86.92174622816074,
                27.89919783636544
              ]
            ],
            [
              [
                86.92174739698571,
                27.897572900330328
              ],
              [
                86.92174746191593,
                27.897482626094178
              ],
              [
                86.92184907192079,
                27.89748268373907
              ],
              [
                86.9218490070714,
                27.89757295797522
              ],
              [
                86.92174739698571,
                27.897572900330328
              ]
            ],
            [
              [
                86.92184751549074,
                27.8996492650743
              ],
              [
                86.92184758034911,
                27.899558990874084
              ],
              [
                86.92194919228534,
                27.89955904844711
              ],
              [
                86.92194925705387,
                27.89946877423791
              ],
              [
                86.92205086890925,
                27.899468831748052
              ],
              [
                86.92205073954287,
                27.899649380166455
              ],
              [
                86.92184751549074,
                27.8996492650743
              ]
            ],
            [
              [
                86.92184991490883,
                27.89630911856132
              ],
              [
                86.92185004459861,
                27.896128570062068
              ],
              [
                86.92205326206609,
                27.896128685127273
              ],
              [
                86.92205313271766,
                27.896309233635506
              ],
              [
                86.92184991490883,
                27.89630911856132
              ]
            ],
            [
              [
                86.92215164092968,
                27.900642453825093
              ],
              [
                86.92215177013436,
                27.90046190542466
              ],
              [
                86.922253382924,
                27.90046196278209
              ],
              [
                86.92225325388101,
                27.900642511182525
              ],
              [
                86.92215164092968,
                27.900642453825093
              ]
            ],
            [
              [
                86.92215222236425,
                27.89982998601415
              ],
              [
                86.9221522869621,
                27.89973971180495
              ],
              [
                86.92225389906902,
                27.899739769162384
              ],
              [
                86.92225383455201,
                27.899830043371583
              ],
              [
                86.92215222236425,
                27.89982998601415
              ]
            ],
            [
              [
                86.92215235156894,
                27.899649437595752
              ],
              [
                86.9221524161668,
                27.89955916338655
              ],
              [
                86.92225402810303,
                27.89955922074398
              ],
              [
                86.92225396358602,
                27.89964949495318
              ],
              [
                86.92215235156894,
                27.899649437595752
              ]
            ],
            [
              [
                86.9222553183892,
                27.897753736299453
              ],
              [
                86.92225538289722,
                27.897663462063303
              ],
              [
                86.92235699307275,
                27.897663519339886
              ],
              [
                86.92235705749992,
                27.897573245103736
              ],
              [
                86.92245866758563,
                27.89757330230845
              ],
              [
                86.92245873192297,
                27.8974830280723
              ],
              [
                86.92266195193268,
                27.897483142248173
              ],
              [
                86.92266188775703,
                27.897573416484324
              ],
              [
                86.92256027767134,
                27.89757335943232
              ],
              [
                86.92256014914936,
                27.897753907904622
              ],
              [
                86.9222553183892,
                27.897753736299453
              ]
            ],
            [
              [
                86.92235525344927,
                27.900100923266784
              ],
              [
                86.92235531787645,
                27.900010649057585
              ],
              [
                86.92266015496973,
                27.90001082045614
              ],
              [
                86.92266009078512,
                27.90010109466534
              ],
              [
                86.92235525344927,
                27.900100923266784
              ]
            ],
            [
              [
                86.92235634879205,
                27.898566261638507
              ],
              [
                86.92235647764639,
                27.898385713184172
              ],
              [
                86.92255969933595,
                27.89838582752174
              ],
              [
                86.92255957081399,
                27.898566375967093
              ],
              [
                86.92235634879205,
                27.898566261638507
              ]
            ],
            [
              [
                86.92265970569531,
                27.900642739866647
              ],
              [
                86.92265976987994,
                27.90055246566643
              ],
              [
                86.92276138275042,
                27.900552522655552
              ],
              [
                86.92276131864664,
                27.900642796846785
              ],
              [
                86.92265970569531,
                27.900642739866647
              ]
            ],
            [
              [
                86.9226611176583,
                27.898656707246264
              ],
              [
                86.92266124600958,
                27.89847615880091
              ],
              [
                86.9227628569397,
                27.89847621578105
              ],
              [
                86.9227627928449,
                27.898566489999233
              ],
              [
                86.92286440386486,
                27.898566546907507
              ],
              [
                86.9228643398509,
                27.89865682112569
              ],
              [
                86.9226611176583,
                27.898656707246264
              ]
            ],
            [
              [
                86.92266214445063,
                27.89721231953074
              ],
              [
                86.9226622086173,
                27.897122045285606
              ],
              [
                86.92276381828079,
                27.897122102256763
              ],
              [
                86.92276375419497,
                27.897212376501894
              ],
              [
                86.92266214445063,
                27.89721231953074
              ]
            ],
            [
              [
                86.92276420280464,
                27.896580456776977
              ],
              [
                86.92276433097626,
                27.89639990827773
              ],
              [
                86.92296754895578,
                27.89640002199546
              ],
              [
                86.92296742112552,
                27.896580570503694
              ],
              [
                86.92276420280464,
                27.896580456776977
              ]
            ],
            [
              [
                86.92286561995917,
                27.896851336429634
              ],
              [
                86.92286574796012,
                27.896670787930386
              ],
              [
                86.92306896645168,
                27.896670901504386
              ],
              [
                86.92306883878311,
                27.896851450003638
              ],
              [
                86.92286561995917,
                27.896851336429634
              ]
            ],
            [
              [
                86.92306800891944,
                27.898025015118506
              ],
              [
                86.92306807276272,
                27.897934740882356
              ],
              [
                86.92347451446199,
                27.89793496715001
              ],
              [
                86.92347445096907,
                27.898025241377177
              ],
              [
                86.92337284045217,
                27.898025184927043
              ],
              [
                86.92337277686941,
                27.898115459163193
              ],
              [
                86.9231695556829,
                27.898115346029368
              ],
              [
                86.92316961943634,
                27.898025071793217
              ],
              [
                86.92306800891944,
                27.898025015118506
              ]
            ],
            [
              [
                86.9231693644226,
                27.898386168710868
              ],
              [
                86.92316949192947,
                27.898205620256533
              ],
              [
                86.92327110260807,
                27.89820567685938
              ],
              [
                86.9232709752629,
                27.8983862253227
              ],
              [
                86.9231693644226,
                27.898386168710868
              ]
            ],
            [
              [
                86.92317012944586,
                27.897302877895033
              ],
              [
                86.9231701931993,
                27.897212603658883
              ],
              [
                86.92327180295263,
                27.89721266026173
              ],
              [
                86.92327173928902,
                27.89730293449788
              ],
              [
                86.92317012944586,
                27.897302877895033
              ]
            ],
            [
              [
                86.92327021120083,
                27.899469515967855
              ],
              [
                86.92327033855499,
                27.89928896754047
              ],
              [
                86.92347356193338,
                27.899289080521584
              ],
              [
                86.92347349843146,
                27.899379354739768
              ],
              [
                86.92337188665694,
                27.899379298280653
              ],
              [
                86.9233718230652,
                27.899469572498838
              ],
              [
                86.92327021120083,
                27.899469515967855
              ]
            ],
            [
              [
                86.92327186661623,
                27.897122386016594
              ],
              [
                86.92327205761603,
                27.89685156327221
              ],
              [
                86.92347527643996,
                27.896851676253323
              ],
              [
                86.9234750859522,
                27.897122498988725
              ],
              [
                86.92327186661623,
                27.897122386016594
              ]
            ],
            [
              [
                86.9233723953549,
                27.898657104526198
              ],
              [
                86.92337245893766,
                27.89856683029903
              ],
              [
                86.92347406995762,
                27.898566886758147
              ],
              [
                86.9234740064557,
                27.898657160985312
              ],
              [
                86.9233723953549,
                27.898657104526198
              ]
            ],
            [
              [
                86.92357599805591,
                27.898115571991593
              ],
              [
                86.92357606147698,
                27.898025297755446
              ],
              [
                86.9238808930097,
                27.898025466441087
              ],
              [
                86.92388070351906,
                27.898296289140557
              ],
              [
                86.9236774819912,
                27.898296176752332
              ],
              [
                86.92367760865366,
                27.898115628297997
              ],
              [
                86.92357599805591,
                27.898115571991593
              ]
            ],
            [
              [
                86.92377814400393,
                27.899650346304544
              ],
              [
                86.92377820725432,
                27.89956007208636
              ],
              [
                86.92398143114475,
                27.899560184330852
              ],
              [
                86.92398136806506,
                27.899650458540055
              ],
              [
                86.92377814400393,
                27.899650346304544
              ]
            ],
            [
              [
                86.92378023117662,
                27.896671296655313
              ],
              [
                86.92378029441802,
                27.896581022401197
              ],
              [
                86.92388190357846,
                27.896581078554885
              ],
              [
                86.92388184042689,
                27.89667135280002
              ],
              [
                86.92378023117662,
                27.896671296655313
              ]
            ],
            [
              [
                86.92398288198682,
                27.897483877097027
              ],
              [
                86.92398300814621,
                27.89730332861574
              ],
              [
                86.9240846179804,
                27.897303384616716
              ],
              [
                86.92408468097025,
                27.897213110371585
              ],
              [
                86.9242879004859,
                27.897213222148956
              ],
              [
                86.92428777483853,
                27.897393770639223
              ],
              [
                86.92418616491453,
                27.897393714781977
              ],
              [
                86.9241861020055,
                27.897483989027112
              ],
              [
                86.92398288198682,
                27.897483877097027
              ]
            ],
            [
              [
                86.92398370196901,
                27.896310311865378
              ],
              [
                86.92398382811044,
                27.89612976334816
              ],
              [
                86.92418704559589,
                27.89612987526926
              ],
              [
                86.92418710849593,
                27.896039601015143
              ],
              [
                86.92439032581967,
                27.89603971263082
              ],
              [
                86.92439026308134,
                27.896129986893918
              ],
              [
                86.92428865433412,
                27.89612993111752
              ],
              [
                86.92428859151492,
                27.896220205380622
              ],
              [
                86.92408537386778,
                27.89622009360325
              ],
              [
                86.92408531087791,
                27.896310367866352
              ],
              [
                86.92398370196901,
                27.896310311865378
              ]
            ],
            [
              [
                86.92408354707179,
                27.898838046586356
              ],
              [
                86.92408367306949,
                27.898657498141006
              ],
              [
                86.92418528417029,
                27.898657554070116
              ],
              [
                86.92418515834328,
                27.898838102515466
              ],
              [
                86.92408354707179,
                27.898838046586356
              ]
            ],
            [
              [
                86.92418673106876,
                27.896581246548827
              ],
              [
                86.92418679397777,
                27.89649097229471
              ],
              [
                86.92459323029614,
                27.89649119524758
              ],
              [
                86.92459316772847,
                27.896581469501697
              ],
              [
                86.9246947768979,
                27.896581525053513
              ],
              [
                86.92469471441109,
                27.896671799307633
              ],
              [
                86.92449149591054,
                27.89667168813213
              ],
              [
                86.92449155856804,
                27.896581413878014
              ],
              [
                86.92418673106876,
                27.896581246548827
              ]
            ],
            [
              [
                86.9242855758256,
                27.90055336841939
              ],
              [
                86.92428570149991,
                27.900372820009974
              ],
              [
                86.92438731419972,
                27.90037287579535
              ],
              [
                86.92438718870507,
                27.900553424195788
              ],
              [
                86.9242855758256,
                27.90055336841939
              ]
            ],
            [
              [
                86.92428808895244,
                27.896942399404573
              ],
              [
                86.92428815177163,
                27.896852125159437
              ],
              [
                86.92438976119259,
                27.896852180935834
              ],
              [
                86.92438969845423,
                27.896942455180966
              ],
              [
                86.92428808895244,
                27.896942399404573
              ]
            ],
            [
              [
                86.92449105733506,
                27.897303607875013
              ],
              [
                86.92449124529855,
                27.89703278513063
              ],
              [
                86.92459285489018,
                27.8970328407633
              ],
              [
                86.92459266717822,
                27.897303663498697
              ],
              [
                86.92449105733506,
                27.897303607875013
              ]
            ],
            [
              [
                86.92459247946626,
                27.8975744862341
              ],
              [
                86.92459254203392,
                27.897484211988964
              ],
              [
                86.92469415204775,
                27.897484267540783
              ],
              [
                86.92469408956094,
                27.897574541785914
              ],
              [
                86.92459247946626,
                27.8975744862341
              ]
            ],
            [
              [
                86.92469358964848,
                27.898296735675117
              ],
              [
                86.92469371463109,
                27.898116187211798
              ],
              [
                86.92479532522884,
                27.898116242691753
              ],
              [
                86.92479526282287,
                27.898206516927903
              ],
              [
                86.92489687351045,
                27.898206572327005
              ],
              [
                86.92489681118533,
                27.898296846563156
              ],
              [
                86.92469358964848,
                27.898296735675117
              ]
            ],
            [
              [
                86.92489593866966,
                27.899560685698578
              ],
              [
                86.92489606331989,
                27.899380137262213
              ],
              [
                86.92499767509443,
                27.899380192598432
              ],
              [
                86.92499761285914,
                27.899470466816616
              ],
              [
                86.92509922472351,
                27.89947052207199
              ],
              [
                86.92509928687795,
                27.899380247853806
              ],
              [
                86.92520089866147,
                27.899380303037315
              ],
              [
                86.92520096072607,
                27.89929002881913
              ],
              [
                86.92540418412243,
                27.899290138961568
              ],
              [
                86.92540406031662,
                27.899470687397937
              ],
              [
                86.92520083658788,
                27.8994705772555
              ],
              [
                86.92520071244071,
                27.899651125691864
              ],
              [
                86.92509910041464,
                27.89965107050836
              ],
              [
                86.92509916256908,
                27.899560796290174
              ],
              [
                86.92489593866966,
                27.899560685698578
              ]
            ],
            [
              [
                86.92489712278396,
                27.897845475382404
              ],
              [
                86.92489718510907,
                27.897755201146254
              ],
              [
                86.92499879536545,
                27.89775525647349
              ],
              [
                86.92499873313017,
                27.897845530718627
              ],
              [
                86.92489712278396,
                27.897845475382404
              ]
            ],
            [
              [
                86.92489793291163,
                27.896671910186686
              ],
              [
                86.92489799522777,
                27.89658163593257
              ],
              [
                86.92499960439719,
                27.896581691259808
              ],
              [
                86.9249995421619,
                27.896671965513924
              ],
              [
                86.92489793291163,
                27.896671910186686
              ]
            ],
            [
              [
                86.92510077853048,
                27.89721366626705
              ],
              [
                86.92510084067592,
                27.897123392021914
              ],
              [
                86.92520245034841,
                27.89712344719644
              ],
              [
                86.92520238828381,
                27.897213721450555
              ],
              [
                86.92510077853048,
                27.89721366626705
              ]
            ],
            [
              [
                86.92530393606236,
                27.89730405079835
              ],
              [
                86.92530399804612,
                27.897213776553215
              ],
              [
                86.92540560779945,
                27.897213831575026
              ],
              [
                86.92540554590552,
                27.89730410582016
              ],
              [
                86.92530393606236,
                27.89730405079835
              ]
            ],
            [
              [
                86.92530418397942,
                27.89694295379985
              ],
              [
                86.92530430793794,
                27.8967624053006
              ],
              [
                86.92540591727804,
                27.89676246032241
              ],
              [
                86.92540579348122,
                27.896943008830643
              ],
              [
                86.92530418397942,
                27.89694295379985
              ]
            ],
            [
              [
                86.92560864213637,
                27.897484764147435
              ],
              [
                86.92560876559183,
                27.89730421565717
              ],
              [
                86.925710375435,
                27.897304270463387
              ],
              [
                86.92571031378363,
                27.89739454470852
              ],
              [
                86.92581192371661,
                27.897394599433888
              ],
              [
                86.92581186215506,
                27.89748487367902
              ],
              [
                86.92560864213637,
                27.897484764147435
              ]
            ],
            [
              [
                86.92571062200457,
                27.896943173464887
              ],
              [
                86.92571068363799,
                27.896852899210767
              ],
              [
                86.92591390248887,
                27.896853008589638
              ],
              [
                86.92591377953646,
                27.89703355709787
              ],
              [
                86.92581216994483,
                27.89703350244437
              ],
              [
                86.92581223150637,
                27.896943228190253
              ],
              [
                86.92571062200457,
                27.896943173464887
              ]
            ],
            [
              [
                86.92591322626407,
                27.897846025304073
              ],
              [
                86.92591328774478,
                27.897755751067923
              ],
              [
                86.92611650827551,
                27.897755860150347
              ],
              [
                86.9261164469655,
                27.897846134386498
              ],
              [
                86.92591322626407,
                27.897846025304073
              ]
            ],
            [
              [
                86.92591359512132,
                27.897304379842254
              ],
              [
                86.92591365659302,
                27.897214105597122
              ],
              [
                86.92601526634635,
                27.897214160169774
              ],
              [
                86.92601538912808,
                27.897033611670526
              ],
              [
                86.92621860831134,
                27.897033720600238
              ],
              [
                86.92621848587098,
                27.89721426910847
              ],
              [
                86.92611687610867,
                27.897214214679547
              ],
              [
                86.92611681480763,
                27.89730448892468
              ],
              [
                86.92591359512132,
                27.897304379842254
              ]
            ],
            [
              [
                86.92591451719704,
                27.895950265994575
              ],
              [
                86.92591464014046,
                27.895769717468372
              ],
              [
                86.92601624854632,
                27.895769772041028
              ],
              [
                86.92601612578255,
                27.89595032057621
              ],
              [
                86.92591451719704,
                27.895950265994575
              ]
            ],
            [
              [
                86.92611607911437,
                27.89838777981238
              ],
              [
                86.9261162017344,
                27.898207231349065
              ],
              [
                86.92642103379713,
                27.898207394411255
              ],
              [
                86.92642085063063,
                27.898478217119706
              ],
              [
                86.92621762874344,
                27.898478108477455
              ],
              [
                86.92621768997262,
                27.898387834250286
              ],
              [
                86.92611607911437,
                27.89838777981238
              ]
            ],
            [
              [
                86.92611712133078,
                27.896853117672062
              ],
              [
                86.92611718263181,
                27.896762843417946
              ],
              [
                86.92642201065212,
                27.896763006471154
              ],
              [
                86.92642194960261,
                27.896853280734252
              ],
              [
                86.92611712133078,
                27.896853117672062
              ]
            ],
            [
              [
                86.9261179182622,
                27.895679552269733
              ],
              [
                86.92611797956323,
                27.89558927799765
              ],
              [
                86.92621958780738,
                27.895589332426574
              ],
              [
                86.92621964901859,
                27.89549905815449
              ],
              [
                86.92642286533622,
                27.895499166778773
              ],
              [
                86.92642274324619,
                27.89567971532294
              ],
              [
                86.9261179182622,
                27.895679552269733
              ]
            ],
            [
              [
                86.92621903685266,
                27.896401800812438
              ],
              [
                86.92621909806385,
                27.896311526549336
              ],
              [
                86.92642231589964,
                27.896311635182606
              ],
              [
                86.92642225485014,
                27.896401909445704
              ],
              [
                86.92662547285661,
                27.896402017773543
              ],
              [
                86.92662529021115,
                27.89667284055386
              ],
              [
                86.92642207170162,
                27.896672732217038
              ],
              [
                86.92642219380063,
                27.89649218369982
              ],
              [
                86.92632058471206,
                27.89649212942361
              ],
              [
                86.92632064585139,
                27.896401855169493
              ],
              [
                86.92621903685266,
                27.896401800812438
              ]
            ],
            [
              [
                86.92662498579904,
                27.897124211824444
              ],
              [
                86.92662510756568,
                27.89694366331621
              ],
              [
                86.92682832657826,
                27.896943771347605
              ],
              [
                86.92682826586113,
                27.89703404560172
              ],
              [
                86.9267266562695,
                27.897033991621957
              ],
              [
                86.92672659547152,
                27.897124265876073
              ],
              [
                86.92662498579904,
                27.897124211824444
              ]
            ],
            [
              [
                86.92662602077503,
                27.8955895493787
              ],
              [
                86.92662608165386,
                27.895499275106616
              ],
              [
                86.92672768981717,
                27.895499329158245
              ],
              [
                86.92672762901918,
                27.895589603430327
              ],
              [
                86.92662602077503,
                27.8955895493787
              ]
            ],
            [
              [
                86.92672683866344,
                27.896763168859607
              ],
              [
                86.9267268994704,
                27.89667289460549
              ],
              [
                86.92703172723019,
                27.896673056311226
              ],
              [
                86.92703166669273,
                27.896763330565342
              ],
              [
                86.92672683866344,
                27.896763168859607
              ]
            ],
            [
              [
                86.92672708185535,
                27.896402071825175
              ],
              [
                86.9267272034513,
                27.896221523298976
              ],
              [
                86.92693042111641,
                27.896221631177657
              ],
              [
                86.92693029986182,
                27.89640217970386
              ],
              [
                86.92672708185535,
                27.896402071825175
              ]
            ],
            [
              [
                86.92692848088116,
                27.899110407012945
              ],
              [
                86.92692854151744,
                27.899020132785775
              ],
              [
                86.92703015296858,
                27.89902018662181
              ],
              [
                86.92703009241316,
                27.89911046084898
              ],
              [
                86.92692848088116,
                27.899110407012945
              ]
            ],
            [
              [
                86.92713321556722,
                27.896853658583627
              ],
              [
                86.92713345741167,
                27.896492561549195
              ],
              [
                86.92733667558882,
                27.896492668826006
              ],
              [
                86.92733649471303,
                27.896763491606322
              ],
              [
                86.928352588141,
                27.89676402352575
              ],
              [
                86.9283525286905,
                27.896854297779868
              ],
              [
                86.92845413812043,
                27.896854350564876
              ],
              [
                86.92845407875976,
                27.896944624818993
              ],
              [
                86.92855568827054,
                27.896944677523148
              ],
              [
                86.92855562899071,
                27.89703495178625
              ],
              [
                86.92825080019786,
                27.897034793440213
              ],
              [
                86.92825074065752,
                27.89712506769433
              ],
              [
                86.92814913097605,
                27.897125014765592
              ],
              [
                86.92814919059724,
                27.897034740511476
              ],
              [
                86.92784436181337,
                27.897034581267125
              ],
              [
                86.92784430194065,
                27.897124855530226
              ],
              [
                86.92743786322379,
                27.897124642153397
              ],
              [
                86.92743798363396,
                27.896944093645164
              ],
              [
                86.92733637412319,
                27.896944040114555
              ],
              [
                86.92733643441811,
                27.89685376586044
              ],
              [
                86.92713321556722,
                27.896853658583627
              ]
            ],
            [
              [
                86.92733498731303,
                27.899020347671776
              ],
              [
                86.92733516821576,
                27.89874952498129
              ],
              [
                86.92753839060602,
                27.898749631979626
              ],
              [
                86.92753833047279,
                27.898839906206792
              ],
              [
                86.9277415530427,
                27.898840012899697
              ],
              [
                86.9277414331176,
                27.899020561363017
              ],
              [
                86.92733498731303,
                27.899020347671776
              ]
            ],
            [
              [
                86.92733733877905,
                27.895499651886993
              ],
              [
                86.927337399065,
                27.89540937761491
              ],
              [
                86.92743900713847,
                27.895409431136535
              ],
              [
                86.92743894694236,
                27.895499705408618
              ],
              [
                86.92733733877905,
                27.895499651886993
              ]
            ],
            [
              [
                86.92784298468705,
                27.899110888824346
              ],
              [
                86.92784304456875,
                27.89902061459718
              ],
              [
                86.92804626747103,
                27.899020720840927
              ],
              [
                86.92804620776002,
                27.899110995068096
              ],
              [
                86.92784298468705,
                27.899110888824346
              ]
            ],
            [
              [
                86.92835282593404,
                27.896402926473353
              ],
              [
                86.92835288538454,
                27.896312652210252
              ],
              [
                86.92855610322931,
                27.896312757699416
              ],
              [
                86.92855604394948,
                27.896403031962517
              ],
              [
                86.92835282593404,
                27.896402926473353
              ]
            ],
            [
              [
                86.92835306372707,
                27.89604182941197
              ],
              [
                86.9283531826191,
                27.895861280867805
              ],
              [
                86.92845479112377,
                27.89586133365281
              ],
              [
                86.9284547317631,
                27.89595160791591
              ],
              [
                86.92855634034862,
                27.895951660620067
              ],
              [
                86.9285562810688,
                27.89604193489215
              ],
              [
                86.92835306372707,
                27.89604182941197
              ]
            ],
            [
              [
                86.92875985306539,
                27.895500394434407
              ],
              [
                86.92875991216555,
                27.895410120153343
              ],
              [
                86.928861520248,
                27.89541017263292
              ],
              [
                86.9288615792763,
                27.895319898351854
              ],
              [
                86.92926801126478,
                27.895320107515584
              ],
              [
                86.92926795257785,
                27.89541038179665
              ],
              [
                86.92906473641293,
                27.8954102773675
              ],
              [
                86.9290646775553,
                27.895500551639582
              ],
              [
                86.92875985306539,
                27.895500394434407
              ]
            ],
            [
              [
                86.92886051681187,
                27.89694483519545
              ],
              [
                86.92886057584016,
                27.896854560932347
              ],
              [
                86.9289621852701,
                27.89685461334006
              ],
              [
                86.92896212632265,
                27.896944887603162
              ],
              [
                86.92886051681187,
                27.89694483519545
              ]
            ],
            [
              [
                86.9289624799804,
                27.89640324202456
              ],
              [
                86.92896253892785,
                27.896312967761464
              ],
              [
                86.92906414784574,
                27.89631302008833
              ],
              [
                86.92906420670336,
                27.896222745825227
              ],
              [
                86.92936903323246,
                27.89622290236565
              ],
              [
                86.92936909183854,
                27.896132628093568
              ],
              [
                86.92947070059475,
                27.896132680123987
              ],
              [
                86.929470759111,
                27.896042405851905
              ],
              [
                86.92957236778635,
                27.896042457810463
              ],
              [
                86.92957230935095,
                27.89613273207356
              ],
              [
                86.92967391810714,
                27.89613278396025
              ],
              [
                86.92967385975257,
                27.896223058223352
              ],
              [
                86.92957225091553,
                27.896223006345643
              ],
              [
                86.92957219248012,
                27.896313280617726
              ],
              [
                86.92947058355324,
                27.89631322865917
              ],
              [
                86.92947052502801,
                27.896403502931253
              ],
              [
                86.9289624799804,
                27.89640324202456
              ]
            ],
            [
              [
                86.92916505147834,
                27.897396363464594
              ],
              [
                86.9291651102551,
                27.897306089210478
              ],
              [
                86.92926672010725,
                27.89730614139361
              ],
              [
                86.92926677879419,
                27.897215867139494
              ],
              [
                86.92936838856548,
                27.89721591924178
              ],
              [
                86.92936827134432,
                27.897396467750013
              ],
              [
                86.92916505147834,
                27.897396363464594
              ]
            ],
            [
              [
                86.92936938485103,
                27.895681256733152
              ],
              [
                86.92936944345712,
                27.895590982452088
              ],
              [
                86.92947105171025,
                27.895591034482507
              ],
              [
                86.929470993185,
                27.89568130875459
              ],
              [
                86.92936938485103,
                27.895681256733152
              ]
            ],
            [
              [
                86.92977581819596,
                27.8956814643967
              ],
              [
                86.92977593472543,
                27.89550091584355
              ],
              [
                86.92987754289771,
                27.89550096756854
              ],
              [
                86.92987748471383,
                27.89559124184961
              ],
              [
                86.92997909296697,
                27.895591293502736
              ],
              [
                86.92997903487293,
                27.89568156777482
              ],
              [
                86.92977581819596,
                27.8956814643967
              ]
            ],
            [
              [
                86.93008035314091,
                27.89613299072548
              ],
              [
                86.93008041115411,
                27.896042716453398
              ],
              [
                86.93028362850481,
                27.896042819391347
              ],
              [
                86.93028368634732,
                27.895952545119265
              ],
              [
                86.93038529494183,
                27.895952596475947
              ],
              [
                86.93038517941848,
                27.896133145020116
              ],
              [
                86.9302835706533,
                27.89613309366343
              ],
              [
                86.93028351281077,
                27.896223367935512
              ],
              [
                86.93018190396475,
                27.89622331649798
              ],
              [
                86.9301819618971,
                27.89613304223488
              ],
              [
                86.93008035314091,
                27.89613299072548
              ]
            ],
            [
              [
                86.93038558374121,
                27.895501225088584
              ],
              [
                86.9303856414939,
                27.89541095080752
              ],
              [
                86.93048724958534,
                27.895411002083357
              ],
              [
                86.93048719190452,
                27.89550127636442
              ],
              [
                86.93038558374121,
                27.895501225088584
              ]
            ],
            [
              [
                86.9305888000768,
                27.895501327568393
              ],
              [
                86.9305889152588,
                27.89532077900626
              ],
              [
                86.93069052326041,
                27.895320830138367
              ],
              [
                86.9306904082491,
                27.895501378700498
              ],
              [
                86.9305888000768,
                27.895501327568393
              ]
            ],
            [
              [
                86.9308936245847,
                27.89550148073115
              ],
              [
                86.93089368192416,
                27.89541120645008
              ],
              [
                86.93099529001562,
                27.89541125735761
              ],
              [
                86.930995232757,
                27.895501531638676
              ],
              [
                86.9308936245847,
                27.89550148073115
              ]
            ],
            [
              [
                86.93099534726524,
                27.895320983076545
              ],
              [
                86.93099540451487,
                27.895230708786492
              ],
              [
                86.93109701243564,
                27.895230759613174
              ],
              [
                86.93109695526685,
                27.895321033903222
              ],
              [
                86.93099534726524,
                27.895320983076545
              ]
            ],
            [
              [
                86.9230694132737,
                27.89603898172557
              ],
              [
                86.9229678046253,
                27.896038924978996
              ],
              [
                86.92296786854043,
                27.895948650715894
              ],
              [
                86.92306947710799,
                27.89594870746247
              ],
              [
                86.9230694132737,
                27.89603898172557
              ]
            ],
            [
              [
                86.9218483585776,
                27.898475700273842
              ],
              [
                86.92174674764749,
                27.898475642619967
              ],
              [
                86.92174681258669,
                27.8983853683928
              ],
              [
                86.92154359089713,
                27.898385252869453
              ],
              [
                86.92154365599805,
                27.898294978642287
              ],
              [
                86.92184848827637,
                27.898295151819507
              ],
              [
                86.9218483585776,
                27.898475700273842
              ]
            ],
            [
              [
                86.92042587164498,
                27.89838461209218
              ],
              [
                86.92042593768014,
                27.898294337873995
              ],
              [
                86.92052754843058,
                27.89829439649805
              ],
              [
                86.92052748248527,
                27.898384670725218
              ],
              [
                86.92042587164498,
                27.89838461209218
              ]
            ],
            [
              [
                86.91514154509257,
                27.89910365393678
              ],
              [
                86.91514168593044,
                27.89892310552736
              ],
              [
                86.91534490859017,
                27.898923230500984
              ],
              [
                86.91534476809366,
                27.8991037789104
              ],
              [
                86.91514154509257,
                27.89910365393678
              ]
            ],
            [
              [
                86.91808814270689,
                27.89928598511576
              ],
              [
                86.91808807473137,
                27.899376259324963
              ],
              [
                86.91818968649693,
                27.89937631967378
              ],
              [
                86.91818961860226,
                27.899466593874
              ],
              [
                86.91808800676485,
                27.899466533525178
              ],
              [
                86.9180878708138,
                27.899647081925615
              ],
              [
                86.91798625879673,
                27.899647021495944
              ],
              [
                86.91798619074036,
                27.899737295696163
              ],
              [
                86.91778296655349,
                27.89973717462123
              ],
              [
                86.91778303478053,
                27.89964690042101
              ],
              [
                86.91788464678862,
                27.89964696099441
              ],
              [
                86.91788478307204,
                27.899466412593977
              ],
              [
                86.91778317123462,
                27.899466352020575
              ],
              [
                86.91778323946167,
                27.89937607782036
              ],
              [
                86.91788485121823,
                27.89937613839376
              ],
              [
                86.91788491935546,
                27.89928586419354
              ],
              [
                86.91808814270689,
                27.89928598511576
              ]
            ],
            [
              [
                86.92835330151114,
                27.89568073232364
              ],
              [
                86.92815008484315,
                27.895680626547016
              ],
              [
                86.92815014446434,
                27.895590352274933
              ],
              [
                86.92804853621121,
                27.89559029927433
              ],
              [
                86.92804865560629,
                27.895409750721182
              ],
              [
                86.92825187177121,
                27.89540985665052
              ],
              [
                86.92825193130255,
                27.895319582369453
              ],
              [
                86.92845514728782,
                27.89531968800235
              ],
              [
                86.92845508792715,
                27.89540996227443
              ],
              [
                86.92835347984469,
                27.895409909498408
              ],
              [
                86.92835330151114,
                27.89568073232364
              ]
            ],
            [
              [
                86.91697013869778,
                27.899646413102936
              ],
              [
                86.91686852668069,
                27.8996463518558
              ],
              [
                86.91686866465294,
                27.899465803455364
              ],
              [
                86.91697027649934,
                27.899465864702503
              ],
              [
                86.91697013869778,
                27.899646413102936
              ]
            ],
            [
              [
                86.91615689474243,
                27.900097291953013
              ],
              [
                86.91625850717274,
                27.900097353730153
              ],
              [
                86.91625843767906,
                27.90018762792139
              ],
              [
                86.9161568251679,
                27.900187566144247
              ],
              [
                86.91615689474243,
                27.900097291953013
              ]
            ],
            [
              [
                86.91615689474243,
                27.900097291953013
              ],
              [
                86.91605528231212,
                27.900097230104006
              ],
              [
                86.91605535197647,
                27.900006955912772
              ],
              [
                86.915953739636,
                27.9000068939919
              ],
              [
                86.91595387912639,
                27.89982634560943
              ],
              [
                86.91605549130517,
                27.899826407530302
              ],
              [
                86.91605542164082,
                27.899916681721535
              ],
              [
                86.91615703390045,
                27.899916743579528
              ],
              [
                86.91615689474243,
                27.900097291953013
              ]
            ],
            [
              [
                86.92438806716758,
                27.899289585257993
              ],
              [
                86.92438819266224,
                27.899109036821624
              ],
              [
                86.92459141570825,
                27.89910914815882
              ],
              [
                86.9245913531316,
                27.899199422377006
              ],
              [
                86.92469296474444,
                27.899199477937806
              ],
              [
                86.92469290224865,
                27.89928975215599
              ],
              [
                86.92438806716758,
                27.899289585257993
              ]
            ],
            [
              [
                86.92469315222284,
                27.89892865527427
              ],
              [
                86.92469321470965,
                27.898838381047103
              ],
              [
                86.92479482598114,
                27.898838436527054
              ],
              [
                86.92479476357516,
                27.898928710754223
              ],
              [
                86.92469315222284,
                27.89892865527427
              ]
            ],
            [
              [
                86.92987731017118,
                27.89586206467484
              ],
              [
                86.93008052718051,
                27.895862167909232
              ],
              [
                86.93008046916731,
                27.895952442181315
              ],
              [
                86.92987725198729,
                27.895952338946923
              ],
              [
                86.92987731017118,
                27.89586206467484
              ]
            ],
            [
              [
                86.91646138540042,
                27.900548847998067
              ],
              [
                86.91646152405539,
                27.90036829962458
              ],
              [
                86.91656313673722,
                27.90036836118613
              ],
              [
                86.91656299825294,
                27.90054890955063
              ],
              [
                86.91646138540042,
                27.900548847998067
              ]
            ],
            [
              [
                86.92296569525524,
                27.89901797484382
              ],
              [
                86.92316891813059,
                27.89901808828307
              ],
              [
                86.92316879061472,
                27.89919863671944
              ],
              [
                86.92306717901087,
                27.899198580035748
              ],
              [
                86.92306724285415,
                27.899108305817563
              ],
              [
                86.92296563133114,
                27.899108249062003
              ],
              [
                86.92296569525524,
                27.89901797484382
              ]
            ],
            [
              [
                86.91514154509257,
                27.89910365393678
              ],
              [
                86.91514147467363,
                27.899193928136995
              ],
              [
                86.91503986309672,
                27.899193865533405
              ],
              [
                86.91503979259694,
                27.899284139733624
              ],
              [
                86.9149381809302,
                27.899284077058166
              ],
              [
                86.91493832210045,
                27.899103528666714
              ],
              [
                86.91514154509257,
                27.89910365393678
              ]
            ],
            [
              [
                86.92174811121822,
                27.896579883669794
              ],
              [
                86.92164650206676,
                27.896579825944055
              ],
              [
                86.92164656707784,
                27.89648955169892
              ],
              [
                86.92154495800723,
                27.896489493901313
              ],
              [
                86.92154502309916,
                27.896399219647197
              ],
              [
                86.92174824107867,
                27.896399335170543
              ],
              [
                86.92174811121822,
                27.896579883669794
              ]
            ],
            [
              [
                86.92174811121822,
                27.896579883669794
              ],
              [
                86.92195132953012,
                27.896579998887713
              ],
              [
                86.92195126477057,
                27.89667027314183
              ],
              [
                86.92205287401185,
                27.896670330634006
              ],
              [
                86.92205280934213,
                27.89676060487914
              ],
              [
                86.92174798135777,
                27.89676043216006
              ],
              [
                86.92174811121822,
                27.896579883669794
              ]
            ],
            [
              [
                86.92438806716758,
                27.899289585257993
              ],
              [
                86.92438800442027,
                27.899379859476177
              ],
              [
                86.92428639264573,
                27.89937980369978
              ],
              [
                86.9242862669804,
                27.899560352127164
              ],
              [
                86.92418465503519,
                27.89956029626992
              ],
              [
                86.92418484378021,
                27.899289473624354
              ],
              [
                86.92438806716758,
                27.899289585257993
              ]
            ],
            [
              [
                86.91646138540042,
                27.900548847998067
              ],
              [
                86.91646131606845,
                27.90063912218032
              ],
              [
                86.91635970313509,
                27.90063906055589
              ],
              [
                86.91635977254792,
                27.900548786373637
              ],
              [
                86.91646138540042,
                27.900548847998067
              ]
            ],
            [
              [
                86.92002029105277,
                27.897210811870234
              ],
              [
                86.92002022468525,
                27.897301086106385
              ],
              [
                86.91991861486005,
                27.897301027105037
              ],
              [
                86.91991868130843,
                27.897210752868887
              ],
              [
                86.92002029105277,
                27.897210811870234
              ]
            ],
            [
              [
                86.92540486502745,
                27.89829712246273
              ],
              [
                86.92550647580485,
                27.898297177421657
              ],
              [
                86.9255064139828,
                27.898387451648826
              ],
              [
                86.92540480313353,
                27.89838739669888
              ],
              [
                86.92540486502745,
                27.89829712246273
              ]
            ],
            [
              [
                86.91808814270689,
                27.89928598511576
              ],
              [
                86.91808827865793,
                27.899105436706343
              ],
              [
                86.91849472468708,
                27.899105677661453
              ],
              [
                86.91849465705292,
                27.899195951870652
              ],
              [
                86.91829143386317,
                27.89919583154132
              ],
              [
                86.91829136605834,
                27.899286105741538
              ],
              [
                86.91808814270689,
                27.89928598511576
              ]
            ],
            [
              [
                86.92042587164498,
                27.89838461209218
              ],
              [
                86.92042573958365,
                27.89856516053753
              ],
              [
                86.92032412858167,
                27.898565101832627
              ],
              [
                86.92032406246565,
                27.898655376050808
              ],
              [
                86.92022245137385,
                27.89865531727404
              ],
              [
                86.92022258376755,
                27.898474768837673
              ],
              [
                86.92032419469767,
                27.898474827614443
              ],
              [
                86.92032426080469,
                27.89838455339626
              ],
              [
                86.92042587164498,
                27.89838461209218
              ]
            ],
            [
              [
                86.92987731017118,
                27.89586206467484
              ],
              [
                86.92967409316184,
                27.895861961144004
              ],
              [
                86.92967415150741,
                27.895771686862936
              ],
              [
                86.92987736835505,
                27.89577179040276
              ],
              [
                86.92987731017118,
                27.89586206467484
              ]
            ],
            [
              [
                86.9230694132737,
                27.89603898172557
              ],
              [
                86.92317102193108,
                27.896039038400282
              ],
              [
                86.92317095818663,
                27.8961293126544
              ],
              [
                86.9230693494484,
                27.896129255979687
              ],
              [
                86.9230694132737,
                27.89603898172557
              ]
            ],
            [
              [
                86.92469315222284,
                27.89892865527427
              ],
              [
                86.92469308972704,
                27.899018929492453
              ],
              [
                86.9245914782849,
                27.899018873940637
              ],
              [
                86.92459154086153,
                27.89892859971347
              ],
              [
                86.92469315222284,
                27.89892865527427
              ]
            ],
            [
              [
                86.9218483585776,
                27.898475700273842
              ],
              [
                86.92205158042886,
                27.898475815357013
              ],
              [
                86.92205151575016,
                27.898566089575198
              ],
              [
                86.9219499047392,
                27.898566032074037
              ],
              [
                86.92194983997067,
                27.898656306292217
              ],
              [
                86.92184822887884,
                27.898656248719192
              ],
              [
                86.9218483585776,
                27.898475700273842
              ]
            ],
            [
              [
                86.91697013869778,
                27.899646413102936
              ],
              [
                86.91707175070587,
                27.899646474278207
              ],
              [
                86.91707168188594,
                27.899736748478425
              ],
              [
                86.91697006978801,
                27.899736687303154
              ],
              [
                86.91697013869778,
                27.899646413102936
              ]
            ],
            [
              [
                86.92520338127254,
                27.895769333339775
              ],
              [
                86.92500016446083,
                27.89576922291886
              ],
              [
                86.92500010223453,
                27.89585949718196
              ],
              [
                86.92489849373885,
                27.89585944185472
              ],
              [
                86.92489855605497,
                27.895769167591624
              ],
              [
                86.92469533923429,
                27.895769056721548
              ],
              [
                86.9246954017211,
                27.895678782449465
              ],
              [
                86.92489861836212,
                27.895678893328522
              ],
              [
                86.92489868067825,
                27.89558861905644
              ],
              [
                86.92510189715759,
                27.895588729630067
              ],
              [
                86.92510183501213,
                27.89567900390215
              ],
              [
                86.92520344333714,
                27.895679059076674
              ],
              [
                86.92520338127254,
                27.895769333339775
              ]
            ],
            [
              [
                86.91574932634019,
                27.90154143096995
              ],
              [
                86.91595255389575,
                27.90154155505424
              ],
              [
                86.91595227488801,
                27.901902651720363
              ],
              [
                86.91585066076887,
                27.90190258971864
              ],
              [
                86.91585080044791,
                27.90172204138109
              ],
              [
                86.91574918649945,
                27.901721979307503
              ],
              [
                86.91574932634019,
                27.90154143096995
              ]
            ],
            [
              [
                86.92449043077812,
                27.898206350263468
              ],
              [
                86.9245920414567,
                27.898206405887148
              ],
              [
                86.92459197888006,
                27.8982966801233
              ],
              [
                86.92449036812063,
                27.898296624490634
              ],
              [
                86.92449043077812,
                27.898206350263468
              ]
            ],
            [
              [
                86.92449043077812,
                27.898206350263468
              ],
              [
                86.92438882009054,
                27.898206294558936
              ],
              [
                86.92438888283786,
                27.898116020322785
              ],
              [
                86.92449049343561,
                27.898116076027318
              ],
              [
                86.92449043077812,
                27.898206350263468
              ]
            ],
            [
              [
                86.92774317189667,
                27.8964026082272
              ],
              [
                86.9275399538902,
                27.896402501552256
              ],
              [
                86.92754007412971,
                27.896221953017076
              ],
              [
                86.92764168296675,
                27.896222006394968
              ],
              [
                86.92764180304455,
                27.89604145786877
              ],
              [
                86.92794662905263,
                27.896041617553294
              ],
              [
                86.92794650947789,
                27.896222166079493
              ],
              [
                86.92784490064084,
                27.89622211292618
              ],
              [
                86.92784484077711,
                27.89631238719826
              ],
              [
                86.92774323185023,
                27.896312333964097
              ],
              [
                86.92774317189667,
                27.8964026082272
              ]
            ],
            [
              [
                86.92002029105277,
                27.897210811870234
              ],
              [
                86.9200203574203,
                27.897120537634084
              ],
              [
                86.92012196707482,
                27.897120596554583
              ],
              [
                86.92012216591691,
                27.896849773837147
              ],
              [
                86.92002055650494,
                27.896849714916648
              ],
              [
                86.92002062287247,
                27.896759440671516
              ],
              [
                86.92022384150776,
                27.89675955844065
              ],
              [
                86.92022370912304,
                27.89694010692193
              ],
              [
                86.92032531861585,
                27.8969401656987
              ],
              [
                86.92032512027681,
                27.897210988416134
              ],
              [
                86.92002029105277,
                27.897210811870234
              ]
            ],
            [
              [
                86.91544441483946,
                27.90163151844635
              ],
              [
                86.91544427449566,
                27.901812066774923
              ],
              [
                86.91534266046635,
                27.901812004395907
              ],
              [
                86.91534280098082,
                27.90163145606734
              ],
              [
                86.91544441483946,
                27.90163151844635
              ]
            ],
            [
              [
                86.92520338127254,
                27.895769333339775
              ],
              [
                86.92540659809323,
                27.895769443464246
              ],
              [
                86.9254065361993,
                27.895859717727344
              ],
              [
                86.92520331921692,
                27.895859607602876
              ],
              [
                86.92520338127254,
                27.895769333339775
              ]
            ],
            [
              [
                86.92774317189667,
                27.8964026082272
              ],
              [
                86.92794638991212,
                27.896402714614677
              ],
              [
                86.92794627033737,
                27.89658326313189
              ],
              [
                86.92774305198955,
                27.896583156753398
              ],
              [
                86.92774317189667,
                27.8964026082272
              ]
            ],
            [
              [
                86.92835330151114,
                27.89568073232364
              ],
              [
                86.92845490984513,
                27.895680785099664
              ],
              [
                86.92845485048446,
                27.895771059380728
              ],
              [
                86.92835324206962,
                27.895771006595723
              ],
              [
                86.92835330151114,
                27.89568073232364
              ]
            ],
            [
              [
                86.92296569525524,
                27.89901797484382
              ],
              [
                86.92286408382208,
                27.899017918016394
              ],
              [
                86.92286401980813,
                27.89910819223458
              ],
              [
                86.9226607967711,
                27.899108078346167
              ],
              [
                86.92266086094673,
                27.899017804127983
              ],
              [
                86.92276247237992,
                27.89901786110812
              ],
              [
                86.9227625364747,
                27.898927586889936
              ],
              [
                86.92286414782704,
                27.89892764379821
              ],
              [
                86.92286421184099,
                27.89883736957104
              ],
              [
                86.92316904564643,
                27.89883753983772
              ],
              [
                86.92316898188402,
                27.898927814055906
              ],
              [
                86.92296575917936,
                27.898927700625634
              ],
              [
                86.92296569525524,
                27.89901797484382
              ]
            ],
            [
              [
                86.92520182969339,
                27.898026189620825
              ],
              [
                86.9251002191765,
                27.8980261344463
              ],
              [
                86.92510034347639,
                27.897845585965015
              ],
              [
                86.92520195383159,
                27.897845641148525
              ],
              [
                86.92520201589619,
                27.897755366912374
              ],
              [
                86.92510040563081,
                27.897755311728865
              ],
              [
                86.92510046778526,
                27.897665037492715
              ],
              [
                86.92499885760074,
                27.89766498223734
              ],
              [
                86.92499891983601,
                27.89757470799221
              ],
              [
                86.92489730974134,
                27.89757465266497
              ],
              [
                86.92489737205746,
                27.897484378419836
              ],
              [
                86.92510059207616,
                27.897484489002448
              ],
              [
                86.9251005299307,
                27.897574763247583
              ],
              [
                86.92550697030946,
                27.897574983514488
              ],
              [
                86.92550690849637,
                27.89766525775064
              ],
              [
                86.92540529832084,
                27.897665202800695
              ],
              [
                86.92540523641794,
                27.897755477045827
              ],
              [
                86.92530362615257,
                27.897755422015035
              ],
              [
                86.9253035641778,
                27.897845696251185
              ],
              [
                86.92550678487024,
                27.897845806231924
              ],
              [
                86.9255068466833,
                27.897755531995774
              ],
              [
                86.92560845694867,
                27.897755586873853
              ],
              [
                86.92560839521644,
                27.897845861118988
              ],
              [
                86.92581161591787,
                27.89784597065057
              ],
              [
                86.92581155435632,
                27.89793624488672
              ],
              [
                86.92591316479236,
                27.897936299549205
              ],
              [
                86.92591310331166,
                27.898026573785355
              ],
              [
                86.92581149279476,
                27.898026519131854
              ],
              [
                86.92581143123321,
                27.898116793368004
              ],
              [
                86.92560821002876,
                27.89811668382744
              ],
              [
                86.92560827176098,
                27.89802640959129
              ],
              [
                86.92540505072719,
                27.898026299754278
              ],
              [
                86.9254051126211,
                27.897936025518128
              ],
              [
                86.925201891758,
                27.897935915384675
              ],
              [
                86.92520182969339,
                27.898026189620825
              ]
            ],
            [
              [
                86.91544441483946,
                27.90163151844635
              ],
              [
                86.91544462535964,
                27.90136069593553
              ],
              [
                86.91564785257384,
                27.901360820468977
              ],
              [
                86.91564778256813,
                27.901451094642248
              ],
              [
                86.91574939626506,
                27.901451156796682
              ],
              [
                86.91574932634019,
                27.90154143096995
              ],
              [
                86.91554609879363,
                27.90154130658023
              ],
              [
                86.91554602869807,
                27.9016315807535
              ],
              [
                86.91544441483946,
                27.90163151844635
              ]
            ],
            [
              [
                86.92540486502745,
                27.89829712246273
              ],
              [
                86.92520164349061,
                27.898297012329277
              ],
              [
                86.92520182969339,
                27.898026189620825
              ],
              [
                86.92530344021029,
                27.898026244732467
              ],
              [
                86.92530337822653,
                27.898116518968617
              ],
              [
                86.92540498882428,
                27.89811657399043
              ],
              [
                86.92540486502745,
                27.89829712246273
              ]
            ]
          ],
          [
            [
              [
                86.92377751146421,
                27.900553088369602
              ],
              [
                86.92387912433469,
                27.90055314452329
              ],
              [
                86.92387906116517,
                27.900643418723508
              ],
              [
                86.92377744820486,
                27.90064336256982
              ],
              [
                86.92377751146421,
                27.900553088369602
              ]
            ]
          ],
          [
            [
              [
                86.92936774386256,
                27.898208935983163
              ],
              [
                86.9293676266414,
                27.89838948446445
              ],
              [
                86.92926601578314,
                27.898389432353177
              ],
              [
                86.92926607447906,
                27.898299158117027
              ],
              [
                86.92906285291527,
                27.89829905366991
              ],
              [
                86.92906291178187,
                27.89820877943376
              ],
              [
                86.92936774386256,
                27.898208935983163
              ]
            ]
          ]
        ]
      },
      "id": "+7130+4699",
      "properties": {
        "area_m2": 703948.9553230645,
        "count": 7023,
        "image_id": "COPERNICUS/S1_GRD/S1A_IW_GRDH_1SDV_20210923T121358_20210923T121423_039809_04B566_0737",
        "lake_id": "imja-tsho",
        "observed_at": "2021-09-23T12:13:58Z",
        "water": 1
      }
    }
  ]
}
