{
  "type": "FeatureCollection",
  "features": [
    {
      "type": "Feature",
      "geometry": {
        "geodesic": false,
        "type": "MultiPolygon",
        "coordinates": [
          [
            [
              [
                86.93426704946586,
                27.901047769477174
              ],
              [
                86.93426699492016,
                27.901138043686373
              ],
              [
                86.93406376802935,
                27.90113794660544
              ],
              [
                86.93406382275472,
                27.901047672396242
              ],
              [
                86.93426704946586,
                27.901047769477174
              ]
            ]
          ],
          [
            [
              [
                86.93548624916784,
                27.90131916829318
              ],
              [
                86.93548619562826,
                27.901409442502384
              ],
              [
                86.93538458192234,
                27.901409394900657
              ],
              [
                86.93538463555176,
                27.901319120691454
              ],
              [
                86.93548624916784,
                27.90131916829318
              ]
            ]
          ],
          [
            [
              [
                86.91984114825524,
                27.896706969976954
              ],
              [
                86.9200443668007,
                27.8967070880066
              ],
              [
                86.92004443314129,
                27.89661681377045
              ],
              [
                86.92014604232867,
                27.896616872672983
              ],
              [
                86.92014610858841,
                27.89652659842785
              ],
              [
                86.9203493267925,
                27.89652671600834
              ],
              [
                86.92034926070345,
                27.89661699025347
              ],
              [
                86.92055247907822,
                27.896617107537516
              ],
              [
                86.92055254500559,
                27.89652683329238
              ],
              [
                86.92045093589904,
                27.896526774686293
              ],
              [
                86.92045100190725,
                27.89643650044116
              ],
              [
                86.92055261092396,
                27.89643655904725
              ],
              [
                86.92055267684233,
                27.896346284793132
              ],
              [
                86.92095911258578,
                27.896346518462902
              ],
              [
                86.92095917817177,
                27.89625624421777
              ],
              [
                86.92126400472783,
                27.89625641867958
              ],
              [
                86.92126407006229,
                27.896166144425464
              ],
              [
                86.92136567882748,
                27.896166202429683
              ],
              [
                86.92136580931675,
                27.89598565392145
              ],
              [
                86.92146741792024,
                27.8959857118538
              ],
              [
                86.92146735275645,
                27.896075986107917
              ],
              [
                86.92156896144976,
                27.89607604395942
              ],
              [
                86.92156889636682,
                27.896166318213538
              ],
              [
                86.92167050514098,
                27.89616637599318
              ],
              [
                86.9216705701341,
                27.896076101739062
              ],
              [
                86.92187378750276,
                27.89607621707376
              ],
              [
                86.92187385232519,
                27.895985942819642
              ],
              [
                86.92207706953216,
                27.895986057848916
              ],
              [
                86.92207713419289,
                27.8958957835948
              ],
              [
                86.92238195974284,
                27.895895955586244
              ],
              [
                86.92238202414306,
                27.895805681323143
              ],
              [
                86.92289006632504,
                27.895805966475365
              ],
              [
                86.92289019429005,
                27.895625417949166
              ],
              [
                86.92299180255218,
                27.89562547474964
              ],
              [
                86.922991738664,
                27.89571574901274
              ],
              [
                86.92329656371986,
                27.895715918982976
              ],
              [
                86.9232966273655,
                27.895625644719875
              ],
              [
                86.92390627698316,
                27.89562598262117
              ],
              [
                86.92390634011676,
                27.89553570835807
              ],
              [
                86.92441438105907,
                27.895535987886838
              ],
              [
                86.92441444377044,
                27.895445713614755
              ],
              [
                86.92461765998029,
                27.89544582489805
              ],
              [
                86.92461772252099,
                27.895355550634953
              ],
              [
                86.92492254658872,
                27.895355717002943
              ],
              [
                86.92492248429953,
                27.89544599126604
              ],
              [
                86.92512570050937,
                27.89544610180374
              ],
              [
                86.92512576262787,
                27.895355827540637
              ],
              [
                86.9254305866956,
                27.89535599277675
              ],
              [
                86.92543071043852,
                27.895175444232585
              ],
              [
                86.92563392614531,
                27.89517555402468
              ],
              [
                86.92563386444901,
                27.89526582829676
              ],
              [
                86.9262435120814,
                27.895266155858447
              ],
              [
                86.92624357328361,
                27.895175881586365
              ],
              [
                86.9263451811325,
                27.895175935916473
              ],
              [
                86.92634512002911,
                27.895266210188556
              ],
              [
                86.92756441533878,
                27.895266856328774
              ],
              [
                86.92756447543607,
                27.895176582056692
              ],
              [
                86.92776769116082,
                27.8951766886957
              ],
              [
                86.92776763122522,
                27.895266962976763
              ],
              [
                86.92786923917294,
                27.89526701618398
              ],
              [
                86.92786929901871,
                27.89517674190291
              ],
              [
                86.92868216191769,
                27.895177164874664
              ],
              [
                86.92868222108073,
                27.895086890593596
              ],
              [
                86.92878382886676,
                27.895086943127076
              ],
              [
                86.92878376977558,
                27.895177217408143
              ],
              [
                86.92888537764244,
                27.895177269869755
              ],
              [
                86.92888543664378,
                27.895086995588688
              ],
              [
                86.92908865219785,
                27.895087100278353
              ],
              [
                86.92908859336718,
                27.895177374559417
              ],
              [
                86.92929180910092,
                27.895177478952636
              ],
              [
                86.92929192642987,
                27.894996930390505
              ],
              [
                86.92939353412606,
                27.894996982474826
              ],
              [
                86.92939347554692,
                27.89508725675589
              ],
              [
                86.93030794557616,
                27.89508772214609
              ],
              [
                86.93030800340071,
                27.894997447865023
              ],
              [
                86.9308160418996,
                27.89499770379505
              ],
              [
                86.93081609930195,
                27.894907429505
              ],
              [
                86.93101931453262,
                27.894907531347002
              ],
              [
                86.93101925730096,
                27.894997805637054
              ],
              [
                86.93142568810366,
                27.894998008431727
              ],
              [
                86.93142574500295,
                27.89490773414168
              ],
              [
                86.93183217547328,
                27.894907935741596
              ],
              [
                86.93183211891535,
                27.894998210031645
              ],
              [
                86.93193372662051,
                27.894998260238484
              ],
              [
                86.93193378308861,
                27.894907985948436
              ],
              [
                86.93223860595259,
                27.89490813613777
              ],
              [
                86.93223866216917,
                27.89481786184772
              ],
              [
                86.93244187723813,
                27.894817961596647
              ],
              [
                86.93244182119226,
                27.894908235886696
              ],
              [
                86.93274664404724,
                27.894908384953137
              ],
              [
                86.93274669985058,
                27.894818110654104
              ],
              [
                86.93345795260997,
                27.894818455840735
              ],
              [
                86.93345800782043,
                27.894728181550686
              ],
              [
                86.93406765255125,
                27.894728474500283
              ],
              [
                86.93406770724967,
                27.894638200210235
              ],
              [
                86.93427092199525,
                27.894638297255234
              ],
              [
                86.93427086745854,
                27.894728571554264
              ],
              [
                86.93437247491217,
                27.89472861997346
              ],
              [
                86.93437252936805,
                27.894638345674426
              ],
              [
                86.93447413674083,
                27.894638394012773
              ],
              [
                86.93447408237479,
                27.894728668311807
              ],
              [
                86.93488051219833,
                27.894728860919585
              ],
              [
                86.93488045817365,
                27.894819135209634
              ],
              [
                86.93528688833857,
                27.894819326622656
              ],
              [
                86.93528683464626,
                27.894909600921686
              ],
              [
                86.93579487278582,
                27.89490983849913
              ],
              [
                86.93579476624564,
                27.895090387088214
              ],
              [
                86.93599798184461,
                27.89509048159996
              ],
              [
                86.9359979287452,
                27.895180755890014
              ],
              [
                86.93711561546037,
                27.895181270328226
              ],
              [
                86.93711545892893,
                27.89545209321634
              ],
              [
                86.93721706706529,
                27.895452139533475
              ],
              [
                86.9372171191586,
                27.895361865234445
              ],
              [
                86.9373187272141,
                27.895361911479714
              ],
              [
                86.93731883123003,
                27.895181362890632
              ],
              [
                86.9375220469997,
                27.89518145514761
              ],
              [
                86.93752189148336,
                27.895452278035727
              ],
              [
                86.937420283347,
                27.89545223194317
              ],
              [
                86.9374200756565,
                27.895813329103365
              ],
              [
                86.93762329260296,
                27.895813421216616
              ],
              [
                86.93762318909907,
                27.895993969796713
              ],
              [
                86.93823284096251,
                27.895994244339832
              ],
              [
                86.93823278971364,
                27.89608451862988
              ],
              [
                86.93843600718111,
                27.896084609539386
              ],
              [
                86.93843595609393,
                27.896174883829435
              ],
              [
                86.93853756491299,
                27.896174929176393
              ],
              [
                86.93853741192092,
                27.896445752028573
              ],
              [
                86.93863902098255,
                27.896445797294678
              ],
              [
                86.93863897007502,
                27.896536071575746
              ],
              [
                86.93853736092356,
                27.89653602630964
              ],
              [
                86.9385373099262,
                27.896626300590704
              ],
              [
                86.93823248221132,
                27.89662616432526
              ],
              [
                86.93823207219329,
                27.89734835851989
              ],
              [
                86.93833368210831,
                27.897348404019557
              ],
              [
                86.93833363094026,
                27.89743867829164
              ],
              [
                86.93843524093614,
                27.89743872371046
              ],
              [
                86.93843529201435,
                27.89734844943838
              ],
              [
                86.93874012175043,
                27.89734858526365
              ],
              [
                86.93874007092376,
                27.897438859535733
              ],
              [
                86.93884168091962,
                27.89743890465811
              ],
              [
                86.9388416301738,
                27.897529178921207
              ],
              [
                86.93894324025052,
                27.89752922397172
              ],
              [
                86.93894318958553,
                27.897619498243802
              ],
              [
                86.93873996926142,
                27.897619408070916
              ],
              [
                86.93873976592775,
                27.897980505132296
              ],
              [
                86.93863815542882,
                27.897980459929073
              ],
              [
                86.93863820634533,
                27.897890185665972
              ],
              [
                86.938231764673,
                27.897890004116455
              ],
              [
                86.93823171342412,
                27.897980278379553
              ],
              [
                86.9381301029162,
                27.89798023280802
              ],
              [
                86.93813000023877,
                27.898160781325235
              ],
              [
                86.93823161090839,
                27.89816082690575
              ],
              [
                86.93823150840163,
                27.89834137542297
              ],
              [
                86.93833311924192,
                27.898341420922637
              ],
              [
                86.93833317040995,
                27.89825114665954
              ],
              [
                86.9386380026703,
                27.89825128270939
              ],
              [
                86.93863795175379,
                27.898341556972486
              ],
              [
                86.93884117343437,
                27.89834164729809
              ],
              [
                86.93884107193372,
                27.898522195806322
              ],
              [
                86.93873946092276,
                27.898522150683945
              ],
              [
                86.93873935925144,
                27.898702699192178
              ],
              [
                86.93863774807878,
                27.898702653988956
              ],
              [
                86.93863764623677,
                27.89888320249719
              ],
              [
                86.93843442355008,
                27.89888311186616
              ],
              [
                86.9384343724629,
                27.898973386120275
              ],
              [
                86.93833276102971,
                27.89897334069247
              ],
              [
                86.93833281220674,
                27.898883066438355
              ],
              [
                86.93823120086338,
                27.898883020938687
              ],
              [
                86.93823125212126,
                27.89879274669355
              ],
              [
                86.93802802959627,
                27.898792655460653
              ],
              [
                86.93802808102481,
                27.898702381215518
              ],
              [
                86.93792646985214,
                27.89870233549127
              ],
              [
                86.93792652136155,
                27.898612061237152
              ],
              [
                86.9376216880861,
                27.898611923615253
              ],
              [
                86.93762163632518,
                27.898702197860384
              ],
              [
                86.93752002515251,
                27.898702151839693
              ],
              [
                86.93751997331073,
                27.898792426084828
              ],
              [
                86.93731675079472,
                27.898792333818864
              ],
              [
                86.93731664676082,
                27.89897288230913
              ],
              [
                86.93711342391244,
                27.89897278973774
              ],
              [
                86.93711326735405,
                27.899243612473143
              ],
              [
                86.93721487902977,
                27.89924365879926
              ],
              [
                86.93721482692749,
                27.89933393303541
              ],
              [
                86.93741805045859,
                27.89933402546307
              ],
              [
                86.93741820625341,
                27.899063202736652
              ],
              [
                86.93751981776744,
                27.89906324882921
              ],
              [
                86.93751976591668,
                27.899153523083328
              ],
              [
                86.93762137751155,
                27.89915356910402
              ],
              [
                86.93762106692803,
                27.899695214556854
              ],
              [
                86.93772267902595,
                27.89969526050568
              ],
              [
                86.93772262734588,
                27.89978553474183
              ],
              [
                86.93741779079157,
                27.899785396661787
              ],
              [
                86.93741773885998,
                27.899875670897938
              ],
              [
                86.93721451431377,
                27.89987557847028
              ],
              [
                86.93721430590462,
                27.900236675405896
              ],
              [
                86.93711269329465,
                27.900236629079778
              ],
              [
                86.93711279766991,
                27.90005608061646
              ],
              [
                86.9370111852396,
                27.90005603420949
              ],
              [
                86.93701113296663,
                27.900146308445642
              ],
              [
                86.93690952044649,
                27.90014626196681
              ],
              [
                86.9369094680837,
                27.900236536193976
              ],
              [
                86.93680785548271,
                27.90023648964328
              ],
              [
                86.93680769815177,
                27.90050731232478
              ],
              [
                86.93670608529925,
                27.900507265702217
              ],
              [
                86.93670598024129,
                27.900687814147567
              ],
              [
                86.9366043672181,
                27.900687767444158
              ],
              [
                86.93660441983242,
                27.900597493225973
              ],
              [
                86.93650280689008,
                27.90059744644171
              ],
              [
                86.93650275419489,
                27.90068772066888
              ],
              [
                86.93640114116272,
                27.900687673812754
              ],
              [
                86.93640108838669,
                27.90077794803992
              ],
              [
                86.9360962490566,
                27.90077780703137
              ],
              [
                86.93609619602006,
                27.900868081249556
              ],
              [
                86.93599458282618,
                27.900868034096987
              ],
              [
                86.93599452970881,
                27.90095830831517
              ],
              [
                86.93579130315936,
                27.900958213785454
              ],
              [
                86.93579119658324,
                27.90113876222182
              ],
              [
                86.93568958313783,
                27.901138714844674
              ],
              [
                86.93568952976892,
                27.901228989062858
              ],
              [
                86.93558791623369,
                27.90122894160486
              ],
              [
                86.93558786277494,
                27.901319215823044
              ],
              [
                86.93548624916784,
                27.90131916829318
              ],
              [
                86.93548635624703,
                27.901138619865797
              ],
              [
                86.93538474280162,
                27.90113857226407
              ],
              [
                86.9353846891722,
                27.90122884647327
              ],
              [
                86.93467339447048,
                27.901228511159125
              ],
              [
                86.93467350290611,
                27.90104796273174
              ],
              [
                86.93457188954156,
                27.901047914528142
              ],
              [
                86.93457194384472,
                27.900957640309958
              ],
              [
                86.93467355711944,
                27.900957688513557
              ],
              [
                86.93467361133277,
                27.900867414295373
              ],
              [
                86.93477522452665,
                27.900867462427104
              ],
              [
                86.93477527865014,
                27.90077718820892
              ],
              [
                86.93457205244205,
                27.90077709187359
              ],
              [
                86.93457199813889,
                27.900867366091774
              ],
              [
                86.934470384954,
                27.90086731781631
              ],
              [
                86.93447033057,
                27.900957592034494
              ],
              [
                86.93436871729527,
                27.900957543687166
              ],
              [
                86.93436866283042,
                27.901047817896366
              ],
              [
                86.93426704946586,
                27.901047769477174
              ],
              [
                86.93426710402055,
                27.90095749525899
              ],
              [
                86.93416549074583,
                27.900957446758948
              ],
              [
                86.93416554538136,
                27.900867172540764
              ],
              [
                86.93406393219647,
                27.900867123959873
              ],
              [
                86.93406404162924,
                27.90068657553249
              ],
              [
                86.93375920256864,
                27.90068642934964
              ],
              [
                86.93375914760072,
                27.900776703567825
              ],
              [
                86.93365753449669,
                27.900776654690493
              ],
              [
                86.93365747943893,
                27.900866928908677
              ],
              [
                86.93335263987528,
                27.9008667818365
              ],
              [
                86.93335269518455,
                27.900776507618314
              ],
              [
                86.93314946898545,
                27.900776409189906
              ],
              [
                86.93314952445643,
                27.900686134971725
              ],
              [
                86.93294629842799,
                27.900686036246874
              ],
              [
                86.93294624277736,
                27.90077631046506
              ],
              [
                86.93253979037017,
                27.900776112117043
              ],
              [
                86.93253973438716,
                27.900866386335228
              ],
              [
                86.93233650801739,
                27.900866286712063
              ],
              [
                86.93233645186369,
                27.900956560921262
              ],
              [
                86.93203161205749,
                27.900956410920575
              ],
              [
                86.93203166846271,
                27.900866136711375
              ],
              [
                86.93223489483249,
                27.9008662367837
              ],
              [
                86.93223495107601,
                27.900775962565515
              ],
              [
                86.93243817727512,
                27.900776062341393
              ],
              [
                86.93243823333897,
                27.900685788132193
              ],
              [
                86.93253984635318,
                27.90068583789886
              ],
              [
                86.93253990234517,
                27.90059556368966
              ],
              [
                86.93213345061172,
                27.9005953641379
              ],
              [
                86.93213339429634,
                27.900685638356084
              ],
              [
                86.93203178128212,
                27.90068558828399
              ],
              [
                86.93203172486793,
                27.90077586249319
              ],
              [
                86.9316252724787,
                27.900775661450233
              ],
              [
                86.93162521573213,
                27.900865935659432
              ],
              [
                86.93152360254723,
                27.900865885210045
              ],
              [
                86.93152365937466,
                27.900775611000846
              ],
              [
                86.9312188200805,
                27.900775459203526
              ],
              [
                86.93121887716843,
                27.900685184994327
              ],
              [
                86.93101565114002,
                27.900685083421816
              ],
              [
                86.93101570838964,
                27.900594809203636
              ],
              [
                86.93060925667416,
                27.900594605169285
              ],
              [
                86.93060931426515,
                27.9005043309511
              ],
              [
                86.93030447573456,
                27.900504177132575
              ],
              [
                86.93030453357707,
                27.90041390291439
              ],
              [
                86.93010130806069,
                27.900413800003392
              ],
              [
                86.93010125005648,
                27.90050407421259
              ],
              [
                86.92999963721294,
                27.900504022640312
              ],
              [
                86.92999969530699,
                27.90041374843111
              ],
              [
                86.92959324427423,
                27.900413541387405
              ],
              [
                86.92959330270963,
                27.9003232671782
              ],
              [
                86.92928846469108,
                27.900323111113888
              ],
              [
                86.92928852337802,
                27.900232836895704
              ],
              [
                86.92908529820299,
                27.90023273248452
              ],
              [
                86.92908523935436,
                27.90032300669372
              ],
              [
                86.92878040134478,
                27.900322849506512
              ],
              [
                86.92878046044495,
                27.90023257529731
              ],
              [
                86.92857723527891,
                27.90023247013154
              ],
              [
                86.92857717600806,
                27.90032274434074
              ],
              [
                86.9282723379985,
                27.90032258603064
              ],
              [
                86.92827239752985,
                27.900232311821437
              ],
              [
                86.9280691723638,
                27.900232205901084
              ],
              [
                86.92806923205686,
                27.90014193169188
              ],
              [
                86.92796761955469,
                27.900141878619415
              ],
              [
                86.92796755978078,
                27.9002321528376
              ],
              [
                86.92786594719777,
                27.900232099693266
              ],
              [
                86.92786600705251,
                27.90014182547508
              ],
              [
                86.92776439455933,
                27.900141772258884
              ],
              [
                86.92776433461475,
                27.900232046468087
              ],
              [
                86.92766272203173,
                27.90023199318002
              ],
              [
                86.92766266199732,
                27.900322267389225
              ],
              [
                86.92725621133286,
                27.90032205346442
              ],
              [
                86.92725615096607,
                27.900412327673624
              ],
              [
                86.92684969996924,
                27.90041211254508
              ],
              [
                86.92684963927007,
                27.90050238675428
              ],
              [
                86.92654480076642,
                27.900502224617355
              ],
              [
                86.92654473981574,
                27.900592498826555
              ],
              [
                86.92644312689136,
                27.900592444631194
              ],
              [
                86.92644318794086,
                27.900502170421994
              ],
              [
                86.9261383494462,
                27.900502007395737
              ],
              [
                86.92613828814517,
                27.90059228159595
              ],
              [
                86.92603667523875,
                27.90059222710415
              ],
              [
                86.92603661385687,
                27.900682501304367
              ],
              [
                86.92593500085164,
                27.900682446740696
              ],
              [
                86.92593506232336,
                27.900592172531493
              ],
              [
                86.92583344940796,
                27.900592117886976
              ],
              [
                86.92583351095153,
                27.900501843686758
              ],
              [
                86.92573189812597,
                27.900501788970374
              ],
              [
                86.92573183649256,
                27.900592063170592
              ],
              [
                86.92471570736554,
                27.900591511865517
              ],
              [
                86.92471564488771,
                27.900681786065736
              ],
              [
                86.92410596692821,
                27.900681451685838
              ],
              [
                86.9241060299091,
                27.90059117748562
              ],
              [
                86.92390280408728,
                27.900591065420787
              ],
              [
                86.92390286723885,
                27.90050079122057
              ],
              [
                86.92400448006441,
                27.90050084729341
              ],
              [
                86.92400454313513,
                27.90041057308421
              ],
              [
                86.92410615587086,
                27.9004106290762
              ],
              [
                86.92410628183264,
                27.900230080675765
              ],
              [
                86.9238014441195,
                27.90022991247521
              ],
              [
                86.9238015073609,
                27.900139638266012
              ],
              [
                86.92359828238351,
                27.900139525761006
              ],
              [
                86.92359821898042,
                27.900229799961224
              ],
              [
                86.92319176870222,
                27.900229574052897
              ],
              [
                86.9231916412223,
                27.90041012245333
              ],
              [
                86.9234964794385,
                27.900410292001357
              ],
              [
                86.92349635245264,
                27.900590840410775
              ],
              [
                86.92359796536805,
                27.900590896771078
              ],
              [
                86.92359783855288,
                27.90077144517151
              ],
              [
                86.92329299933057,
                27.90077127583908
              ],
              [
                86.92329293566696,
                27.9008615500393
              ],
              [
                86.92308970935109,
                27.900861436779707
              ],
              [
                86.92308977317639,
                27.900771162588473
              ],
              [
                86.9229881600993,
                27.900771105841898
              ],
              [
                86.92298809619315,
                27.900861380042116
              ],
              [
                86.92258164355239,
                27.90086115231919
              ],
              [
                86.92258157930489,
                27.900951426510424
              ],
              [
                86.92247996606609,
                27.90095136939554
              ],
              [
                86.92248003040343,
                27.900861095204306
              ],
              [
                86.92197196461372,
                27.900860808498
              ],
              [
                86.92197189986315,
                27.900951082689232
              ],
              [
                86.92126060718265,
                27.90095067815091
              ],
              [
                86.92126054183919,
                27.901040952342147
              ],
              [
                86.92115892851955,
                27.901040894248094
              ],
              [
                86.92115899394385,
                27.90095062005686
              ],
              [
                86.92105738071405,
                27.900950561890948
              ],
              [
                86.92105731519992,
                27.90104083608218
              ],
              [
                86.92054924859274,
                27.901040544129714
              ],
              [
                86.92054918265639,
                27.901130818311966
              ],
              [
                86.91963466202506,
                27.901130288072387
              ],
              [
                86.91963459532515,
                27.90122056226362
              ],
              [
                86.9191265279005,
                27.901220265056008
              ],
              [
                86.91912646078737,
                27.90131053923826
              ],
              [
                86.91892323364503,
                27.901310419834193
              ],
              [
                86.91892330092885,
                27.90122014565194
              ],
              [
                86.91841523351319,
                27.90121984583023
              ],
              [
                86.91841509810115,
                27.90140039418575
              ],
              [
                86.91770380254601,
                27.901399971285866
              ],
              [
                86.91770373424711,
                27.901490245468118
              ],
              [
                86.91750050678138,
                27.90149012396199
              ],
              [
                86.91750057525097,
                27.901399849788724
              ],
              [
                86.91739896159896,
                27.90139978891888
              ],
              [
                86.91739889304851,
                27.901490063092147
              ],
              [
                86.91719566559178,
                27.901489941145847
              ],
              [
                86.91719559687066,
                27.901580215319115
              ],
              [
                86.91709398304796,
                27.901580154224693
              ],
              [
                86.917093914246,
                27.90167042839796
              ],
              [
                86.91689068644789,
                27.90167030599352
              ],
              [
                86.91689061747525,
                27.90176058016679
              ],
              [
                86.91638254755328,
                27.901760272844147
              ],
              [
                86.91638247815843,
                27.901850547008433
              ],
              [
                86.91628086409318,
                27.901850485321123
              ],
              [
                86.91628079461748,
                27.901940759485406
              ],
              [
                86.91597595216125,
                27.90194057397432
              ],
              [
                86.91597588243401,
                27.9020308481386
              ],
              [
                86.9158742681981,
                27.902030786145865
              ],
              [
                86.91587419838103,
                27.90212106031015
              ],
              [
                86.9153661267882,
                27.902120749241533
              ],
              [
                86.91536605654893,
                27.902211023396834
              ],
              [
                86.91526444215131,
                27.90221096095494
              ],
              [
                86.9152643718222,
                27.902301235119225
              ],
              [
                86.91465468492447,
                27.902300858904784
              ],
              [
                86.91465461409231,
                27.902391133060085
              ],
              [
                86.914552999524,
                27.902391070097167
              ],
              [
                86.914553070446,
                27.902300795941866
              ],
              [
                86.91445145595856,
                27.902300732907083
              ],
              [
                86.9144515269614,
                27.902210458742797
              ],
              [
                86.91465475575663,
                27.902210584749483
              ],
              [
                86.91465518074061,
                27.901668939772755
              ],
              [
                86.91475679462619,
                27.90166900266381
              ],
              [
                86.91475693611983,
                27.901488454326255
              ],
              [
                86.91455370867206,
                27.901488328481268
              ],
              [
                86.91455377958508,
                27.90139805431698
              ],
              [
                86.914350552308,
                27.901397928166567
              ],
              [
                86.91435069446638,
                27.901217379829014
              ],
              [
                86.91414746753067,
                27.901217253382153
              ],
              [
                86.91414782377555,
                27.900765882515813
              ],
              [
                86.91424943681672,
                27.900765945775174
              ],
              [
                86.91424950798125,
                27.900675671592925
              ],
              [
                86.91435112094156,
                27.90067573478042
              ],
              [
                86.91435119202525,
                27.90058546059817
              ],
              [
                86.91445280490471,
                27.9005855237138
              ],
              [
                86.91445287589858,
                27.90049524953155
              ],
              [
                86.91455448869719,
                27.90049531256633
              ],
              [
                86.91455455960121,
                27.900405038384083
              ],
              [
                86.91445294689242,
                27.900404975349296
              ],
              [
                86.91445301788629,
                27.900314701167048
              ],
              [
                86.91414818000248,
                27.900314511622522
              ],
              [
                86.91414825124787,
                27.90022423743129
              ],
              [
                86.91404663870976,
                27.90022417410006
              ],
              [
                86.91404656738352,
                27.900314448282312
              ],
              [
                86.91394495475559,
                27.90031438487922
              ],
              [
                86.91394488333952,
                27.90040465906147
              ],
              [
                86.91384327063074,
                27.900404595577527
              ],
              [
                86.91384312762793,
                27.900585143933046
              ],
              [
                86.91363990187799,
                27.900585016740585
              ],
              [
                86.91363997354559,
                27.900494742558337
              ],
              [
                86.9133351351677,
                27.900494551208197
              ],
              [
                86.91333520708682,
                27.90040427703493
              ],
              [
                86.91313198167823,
                27.900404149087883
              ],
              [
                86.91313205376804,
                27.900313874914616
              ],
              [
                86.9130304411401,
                27.900313810828802
              ],
              [
                86.91303036896944,
                27.900404085011054
              ],
              [
                86.9126239181433,
                27.900403827931186
              ],
              [
                86.91262384563129,
                27.900494102104453
              ],
              [
                86.91242062005202,
                27.900493973115363
              ],
              [
                86.91242069273471,
                27.900403698942092
              ],
              [
                86.9123190800349,
                27.90040363433526
              ],
              [
                86.91231922556199,
                27.90022308597974
              ],
              [
                86.91221761302388,
                27.900223021292057
              ],
              [
                86.91221775872164,
                27.900042472936537
              ],
              [
                86.91211614635421,
                27.900042408176986
              ],
              [
                86.91211621927944,
                27.899952133994734
              ],
              [
                86.91272589298094,
                27.89995252141117
              ],
              [
                86.91272596540311,
                27.899862247228917
              ],
              [
                86.91282757760884,
                27.899862311530324
              ],
              [
                86.91282772228251,
                27.89968176315684
              ],
              [
                86.91292933431757,
                27.89968182738638
              ],
              [
                86.91292947882955,
                27.899501279012895
              ],
              [
                86.91303109069392,
                27.899501343170574
              ],
              [
                86.91303123502624,
                27.899320794788103
              ],
              [
                86.91262478825148,
                27.89932053771722
              ],
              [
                86.91262493326651,
                27.89913998933475
              ],
              [
                86.91272654478952,
                27.899140053708024
              ],
              [
                86.9127266172117,
                27.89904977951679
              ],
              [
                86.91292984009603,
                27.89904990804774
              ],
              [
                86.91292991234752,
                27.898959633856506
              ],
              [
                86.91303152370884,
                27.8989596980052
              ],
              [
                86.91303159587949,
                27.89886942380498
              ],
              [
                86.91323481842244,
                27.898869551886776
              ],
              [
                86.91323503442236,
                27.898598729286125
              ],
              [
                86.9131334234024,
                27.89859866529014
              ],
              [
                86.91313349548322,
                27.89850839108094
              ],
              [
                86.91303188454411,
                27.898508327004112
              ],
              [
                86.91303202887643,
                27.898327778594695
              ],
              [
                86.91354008271855,
                27.89832809823324
              ],
              [
                86.91353993923065,
                27.898508646642657
              ],
              [
                86.91374316109987,
                27.898508773978847
              ],
              [
                86.91374308952211,
                27.898599048179065
              ],
              [
                86.91404792259095,
                27.898599238612924
              ],
              [
                86.91404806524342,
                27.898418690203503
              ],
              [
                86.91414967610167,
                27.89841875353473
              ],
              [
                86.91414981857447,
                27.898238205116332
              ],
              [
                86.91425142926205,
                27.89823826836671
              ],
              [
                86.9142515004176,
                27.898147994157508
              ],
              [
                86.91455633221982,
                27.89814818346847
              ],
              [
                86.91455661582694,
                27.8977870866137
              ],
              [
                86.91486144662304,
                27.897787275250927
              ],
              [
                86.91486137597953,
                27.89787754946013
              ],
              [
                86.91496298632573,
                27.897877612189486
              ],
              [
                86.9149630568884,
                27.8977873379713
              ],
              [
                86.91516627742811,
                27.897787463205436
              ],
              [
                86.91516620703614,
                27.89787773742362
              ],
              [
                86.91526781738234,
                27.8978777999284
              ],
              [
                86.91526795800462,
                27.89769725149203
              ],
              [
                86.91536956818913,
                27.89769731391596
              ],
              [
                86.91536963841045,
                27.897607039697775
              ],
              [
                86.91547124851412,
                27.89760710204984
              ],
              [
                86.91547117837366,
                27.89769737626802
              ],
              [
                86.91557278855818,
                27.89769743854822
              ],
              [
                86.91557271849857,
                27.897787712766405
              ],
              [
                86.91567432877292,
                27.897787774965753
              ],
              [
                86.9156743987427,
                27.897697500747572
              ],
              [
                86.91577600892721,
                27.897697562875056
              ],
              [
                86.91577621858502,
                27.89742674021152
              ],
              [
                86.915979438451,
                27.89742686424191
              ],
              [
                86.91597950816924,
                27.897336590014746
              ],
              [
                86.91638594756883,
                27.897336837177214
              ],
              [
                86.9163860169547,
                27.897246562950045
              ],
              [
                86.91689406578422,
                27.897246870209806
              ],
              [
                86.91689420370257,
                27.89706632175547
              ],
              [
                86.91760547090686,
                27.897066748769642
              ],
              [
                86.91760553926865,
                27.896976474542473
              ],
              [
                86.9181135868585,
                27.896976777301674
              ],
              [
                86.91811365480707,
                27.896886503065524
              ],
              [
                86.91852009254477,
                27.8968867439308
              ],
              [
                86.91852016015197,
                27.89679646969465
              ],
              [
                86.91872337885913,
                27.89679658967364
              ],
              [
                86.91872331141361,
                27.896886863909792
              ],
              [
                86.91902813973037,
                27.896887043321318
              ],
              [
                86.91902820691537,
                27.896796769085167
              ],
              [
                86.91912981626446,
                27.896796828742286
              ],
              [
                86.9191298833686,
                27.896706554497154
              ],
              [
                86.91963792971877,
                27.896706851641884
              ],
              [
                86.91963799639173,
                27.89661657739675
              ],
              [
                86.9198412147665,
                27.896616695731822
              ],
              [
                86.91984114825524,
                27.896706969976954
              ]
            ],
            [
              [
                86.91984114825524,
                27.896706969976954
              ],
              [
                86.91984108174398,
                27.896797244213104
              ],
              [
                86.91973947238591,
                27.896797185085994
              ],
              [
                86.919739538987,
                27.896706910849844
              ],
              [
                86.91984114825524,
                27.896706969976954
              ]
            ],
            [
              [
                86.9376216880861,
                27.898611923615253
              ],
              [
                86.93752007700326,
                27.898611877585576
              ],
              [
                86.93752012884504,
                27.89852160333146
              ],
              [
                86.93762173985601,
                27.898521649361136
              ],
              [
                86.9376216880861,
                27.898611923615253
              ]
            ],
            [
              [
                86.93823248221132,
                27.89662616432526
              ],
              [
                86.93813087297902,
                27.896626118753726
              ],
              [
                86.9381308216403,
                27.89671639303479
              ],
              [
                86.93802921231817,
                27.89671634738241
              ],
              [
                86.9380290066399,
                27.897077444488705
              ],
              [
                86.93752095835835,
                27.89707721513085
              ],
              [
                86.93752101020013,
                27.896986940858763
              ],
              [
                86.93741940062647,
                27.896986894757223
              ],
              [
                86.93741945255807,
                27.89689662048514
              ],
              [
                86.93731784306526,
                27.896896574311736
              ],
              [
                86.93731794709016,
                27.89671602576757
              ],
              [
                86.93721633776804,
                27.896715979513317
              ],
              [
                86.93721644196363,
                27.896535430960167
              ],
              [
                86.93731805110609,
                27.89653547720544
              ],
              [
                86.93731810311854,
                27.896445202924372
              ],
              [
                86.93741971218017,
                27.896445249097777
              ],
              [
                86.93741976411178,
                27.896354974816713
              ],
              [
                86.93792780901566,
                27.89635520454288
              ],
              [
                86.93792775751524,
                27.896445478823946
              ],
              [
                86.93813097564748,
                27.89644557019159
              ],
              [
                86.93813092430875,
                27.89653584447266
              ],
              [
                86.93823253346021,
                27.896535890044195
              ],
              [
                86.93823248221132,
                27.89662616432526
              ]
            ],
            [
              [
                86.91242083809111,
                27.900223150586573
              ],
              [
                86.91242098345649,
                27.900042602222072
              ],
              [
                86.91252259582392,
                27.90004266675704
              ],
              [
                86.91252245062921,
                27.90022321511256
              ],
              [
                86.91242083809111,
                27.900223150586573
              ]
            ],
            [
              [
                86.9131327746391,
                27.89941113305617
              ],
              [
                86.9131328467289,
                27.899320858864932
              ],
              [
                86.9132344584226,
                27.899320922869897
              ],
              [
                86.91323438642262,
                27.899411197061134
              ],
              [
                86.9131327746391,
                27.89941113305617
              ]
            ],
            [
              [
                86.91333671735244,
                27.898508519010022
              ],
              [
                86.91333678927157,
                27.898418244809804
              ],
              [
                86.91343840012084,
                27.898418308662055
              ],
              [
                86.91343832829155,
                27.898508582871255
              ],
              [
                86.91333671735244,
                27.898508519010022
              ]
            ],
            [
              [
                86.91343768180997,
                27.899321050655246
              ],
              [
                86.91343775363926,
                27.899230776464012
              ],
              [
                86.91353936525209,
                27.8992308402444
              ],
              [
                86.91353929350366,
                27.899321114435633
              ],
              [
                86.91343768180997,
                27.899321050655246
              ]
            ],
            [
              [
                86.91435083662478,
                27.901036831482475
              ],
              [
                86.91435090770847,
                27.900946557309208
              ],
              [
                86.91445252092929,
                27.90094662041586
              ],
              [
                86.91445244992644,
                27.901036894589126
              ],
              [
                86.91435083662478,
                27.901036831482475
              ]
            ],
            [
              [
                86.91465588900832,
                27.90076619806702
              ],
              [
                86.91465603066365,
                27.90058564970252
              ],
              [
                86.91485925642257,
                27.900585775403776
              ],
              [
                86.9148591151086,
                27.900766323759296
              ],
              [
                86.91465588900832,
                27.90076619806702
              ]
            ],
            [
              [
                86.91465631396534,
                27.900224552973516
              ],
              [
                86.91465638478851,
                27.900134278791263
              ],
              [
                86.91475799724577,
                27.900134341673333
              ],
              [
                86.91475792650344,
                27.900224615864566
              ],
              [
                86.91465631396534,
                27.900224552973516
              ]
            ],
            [
              [
                86.91475665314152,
                27.901849550992377
              ],
              [
                86.91475672388385,
                27.90175927682809
              ],
              [
                86.91495995183467,
                27.901759402376637
              ],
              [
                86.91495988126303,
                27.901849676540923
              ],
              [
                86.91475665314152,
                27.901849550992377
              ]
            ],
            [
              [
                86.91496235125277,
                27.898690080081277
              ],
              [
                86.91496242181543,
                27.89859980588106
              ],
              [
                86.91506403284437,
                27.89859986853855
              ],
              [
                86.91506396236255,
                27.89869014273877
              ],
              [
                86.91496235125277,
                27.898690080081277
              ]
            ],
            [
              [
                86.91536928728596,
                27.89805841077971
              ],
              [
                86.91536935751624,
                27.89796813657051
              ],
              [
                86.91557257838834,
                27.897968261202774
              ],
              [
                86.91557264844795,
                27.89787798698459
              ],
              [
                86.91567425880314,
                27.897878049183937
              ],
              [
                86.9156741188546,
                27.898058597620306
              ],
              [
                86.91536928728596,
                27.89805841077971
              ]
            ],
            [
              [
                86.91567313919687,
                27.899322436513184
              ],
              [
                86.91567320917564,
                27.899232162312966
              ],
              [
                86.91577482079745,
                27.899232224449435
              ],
              [
                86.91577475089954,
                27.899322498649653
              ],
              [
                86.91567313919687,
                27.899322436513184
              ]
            ],
            [
              [
                86.91597616136092,
                27.90166975147248
              ],
              [
                86.91597623109712,
                27.90157947729921
              ],
              [
                86.91607784491083,
                27.9015795392111
              ],
              [
                86.91607777526445,
                27.90166981338437
              ],
              [
                86.91597616136092,
                27.90166975147248
              ]
            ],
            [
              [
                86.91597644029679,
                27.90130865478839
              ],
              [
                86.91597651002402,
                27.90121838061512
              ],
              [
                86.91617973697771,
                27.901218504367034
              ],
              [
                86.91617966741218,
                27.901308778540304
              ],
              [
                86.91597644029679,
                27.90130865478839
              ]
            ],
            [
              [
                86.91618133683231,
                27.89914219802254
              ],
              [
                86.91618140638887,
                27.899051923822324
              ],
              [
                86.91628301784002,
                27.899051985581497
              ],
              [
                86.91628294836431,
                27.899142259781716
              ],
              [
                86.91618133683231,
                27.89914219802254
              ]
            ],
            [
              [
                86.91628128097436,
                27.901308840299478
              ],
              [
                86.91628135045006,
                27.90121856612621
              ],
              [
                86.9163829639314,
                27.90121862781352
              ],
              [
                86.91638310271213,
                27.901038079458
              ],
              [
                86.91648471602278,
                27.901038141073446
              ],
              [
                86.91648485464181,
                27.900857592717927
              ],
              [
                86.91658646778178,
                27.900857654252523
              ],
              [
                86.91658660623014,
                27.900677105888022
              ],
              [
                86.91689144513802,
                27.900677290042655
              ],
              [
                86.91689137617436,
                27.900767564233888
              ],
              [
                86.91699298922451,
                27.900767625463057
              ],
              [
                86.91699292034168,
                27.90085789964531
              ],
              [
                86.91709453348166,
                27.9008579608116
              ],
              [
                86.91709446467969,
                27.900948234993848
              ],
              [
                86.91699285144989,
                27.90094817382756
              ],
              [
                86.91699271367527,
                27.901128722192066
              ],
              [
                86.91689110028378,
                27.901128660953912
              ],
              [
                86.91689103131112,
                27.90121893512718
              ],
              [
                86.91648457740375,
                27.901218689428966
              ],
              [
                86.91648450808974,
                27.901308963602233
              ],
              [
                86.91628128097436,
                27.901308840299478
              ]
            ],
            [
              [
                86.91628253153704,
                27.89968390497404
              ],
              [
                86.91628260101274,
                27.899593630782803
              ],
              [
                86.91648582493012,
                27.899593754076577
              ],
              [
                86.91648575562509,
                27.89968402826781
              ],
              [
                86.91628253153704,
                27.89968390497404
              ]
            ],
            [
              [
                86.91628280942189,
                27.899322808182152
              ],
              [
                86.91628287889759,
                27.899232533981934
              ],
              [
                86.9163844905194,
                27.899232595669243
              ],
              [
                86.91638442113353,
                27.89932286986946
              ],
              [
                86.91628280942189,
                27.899322808182152
              ]
            ],
            [
              [
                86.91648686445158,
                27.89823964098348
              ],
              [
                86.91648693374762,
                27.898149366765296
              ],
              [
                86.91669015497006,
                27.898149489753642
              ],
              [
                86.91669008583571,
                27.898239763971826
              ],
              [
                86.91648686445158,
                27.89823964098348
              ]
            ],
            [
              [
                86.9164874188289,
                27.897517447229024
              ],
              [
                86.91648748812493,
                27.89742717300186
              ],
              [
                86.91658909805793,
                27.897427234536455
              ],
              [
                86.91658902885172,
                27.89751750875464
              ],
              [
                86.9164874188289,
                27.897517447229024
              ]
            ],
            [
              [
                86.91658785219344,
                27.899052170400886
              ],
              [
                86.91658792141762,
                27.898961896200667
              ],
              [
                86.91668953277893,
                27.898961957654414
              ],
              [
                86.91668946365357,
                27.899052231854633
              ],
              [
                86.91658785219344,
                27.899052170400886
              ]
            ],
            [
              [
                86.9166890488475,
                27.899593877064923
              ],
              [
                86.91668911798185,
                27.899503602864705
              ],
              [
                86.9167907298552,
                27.899503664246588
              ],
              [
                86.9167906608017,
                27.899593938446806
              ],
              [
                86.9166890488475,
                27.899593877064923
              ]
            ],
            [
              [
                86.91678927972279,
                27.9013994221637
              ],
              [
                86.91678934877629,
                27.90130914799043
              ],
              [
                86.91689096233847,
                27.901309209300447
              ],
              [
                86.91689089336583,
                27.901399483473718
              ],
              [
                86.91678927972279,
                27.9013994221637
              ]
            ],
            [
              [
                86.91709666619893,
                27.898059460604852
              ],
              [
                86.91709673499192,
                27.897969186386668
              ],
              [
                86.91719834543694,
                27.897969247472105
              ],
              [
                86.9171982767338,
                27.89805952169029
              ],
              [
                86.91709666619893,
                27.898059460604852
              ]
            ],
            [
              [
                86.9176028043298,
                27.90058744294644
              ],
              [
                86.91760287270957,
                27.900497168755205
              ],
              [
                86.91770448551716,
                27.900497229472336
              ],
              [
                86.91770441721826,
                27.900587503654585
              ],
              [
                86.9176028043298,
                27.90058744294644
              ]
            ],
            [
              [
                86.91790811988378,
                27.899955705516643
              ],
              [
                86.91790839237875,
                27.899594608724755
              ],
              [
                86.91821322826829,
                27.899594789950882
              ],
              [
                86.91821316040057,
                27.899685064151097
              ],
              [
                86.9183147724446,
                27.899685124419072
              ],
              [
                86.91831470465773,
                27.899775398610306
              ],
              [
                86.91821309252387,
                27.899775338351315
              ],
              [
                86.91821302465615,
                27.899865612551533
              ],
              [
                86.91811141244143,
                27.899865552220678
              ],
              [
                86.91811134448389,
                27.89995582641191
              ],
              [
                86.91790811988378,
                27.899955705516643
              ]
            ],
            [
              [
                86.91811317918506,
                27.897518422691626
              ],
              [
                86.91811324712464,
                27.89742814846446
              ],
              [
                86.91821485706662,
                27.897428208795315
              ],
              [
                86.91821478920788,
                27.89751848302248
              ],
              [
                86.91811317918506,
                27.897518422691626
              ]
            ],
            [
              [
                86.9184182800327,
                27.897157506532977
              ],
              [
                86.91841834772076,
                27.897067232296827
              ],
              [
                86.91851995733035,
                27.8970672924031
              ],
              [
                86.91851988972314,
                27.89715756663925
              ],
              [
                86.9184182800327,
                27.897157506532977
              ]
            ],
            [
              [
                86.91882404521073,
                27.898060488780594
              ],
              [
                86.91882417993106,
                27.89787994033524
              ],
              [
                86.91892579029525,
                27.897880000145072
              ],
              [
                86.91892565574558,
                27.898060548590426
              ],
              [
                86.91882404521073,
                27.898060488780594
              ]
            ],
            [
              [
                86.91912961496098,
                27.897067651450737
              ],
              [
                86.9191297491603,
                27.896887102978436
              ],
              [
                86.91923135859922,
                27.896887162554705
              ],
              [
                86.9192312245616,
                27.89706771103599
              ],
              [
                86.91912961496098,
                27.897067651450737
              ]
            ],
            [
              [
                86.91922995115476,
                27.898782921307248
              ],
              [
                86.91923008521036,
                27.898602372879864
              ],
              [
                86.91943330728618,
                27.89860249181681
              ],
              [
                86.91943324043356,
                27.898692766034994
              ],
              [
                86.91973807380784,
                27.898692943883454
              ],
              [
                86.91973800720673,
                27.898783218101638
              ],
              [
                86.91922995115476,
                27.898782921307248
              ]
            ],
            [
              [
                86.91943190325533,
                27.900498250111212
              ],
              [
                86.91943197011693,
                27.900407975919975
              ],
              [
                86.91953358284368,
                27.900408035280652
              ],
              [
                86.91953364962444,
                27.900317761080434
              ],
              [
                86.91973687490727,
                27.900317879586186
              ],
              [
                86.91973680830617,
                27.90040815377742
              ],
              [
                86.91963519557942,
                27.90040809456946
              ],
              [
                86.91963512887952,
                27.900498368760694
              ],
              [
                86.91943190325533,
                27.900498250111212
              ]
            ],
            [
              [
                86.9194339758214,
                27.897699749590053
              ],
              [
                86.91943404267403,
                27.897609475362884
              ],
              [
                86.91953565278668,
                27.89760953472356
              ],
              [
                86.9195355860149,
                27.897699808950726
              ],
              [
                86.9194339758214,
                27.897699749590053
              ]
            ],
            [
              [
                86.9197371413386,
                27.8999567827943
              ],
              [
                86.91973734115984,
                27.899685960193644
              ],
              [
                86.92004217731889,
                27.89968613737735
              ],
              [
                86.92004211096932,
                27.89977641157757
              ],
              [
                86.91994049882648,
                27.899776352594188
              ],
              [
                86.91994043238708,
                27.899866626794406
              ],
              [
                86.91983882017237,
                27.899866567730175
              ],
              [
                86.91983875364313,
                27.899956841930393
              ],
              [
                86.9197371413386,
                27.8999567827943
              ]
            ],
            [
              [
                86.9197392726006,
                27.897068007803426
              ],
              [
                86.91973933920168,
                27.896977733567276
              ],
              [
                86.91984094872146,
                27.89697779269439
              ],
              [
                86.9198408822102,
                27.89706806693952
              ],
              [
                86.9197392726006,
                27.897068007803426
              ]
            ],
            [
              [
                86.91994016663847,
                27.900227723595275
              ],
              [
                86.91994023307787,
                27.900137449395057
              ],
              [
                86.92004184555309,
                27.90013750837844
              ],
              [
                86.92004177919455,
                27.900227782578657
              ],
              [
                86.91994016663847,
                27.900227723595275
              ]
            ],
            [
              [
                86.91994262467163,
                27.896887577513485
              ],
              [
                86.91994269110205,
                27.896797303268354
              ],
              [
                86.92004430046012,
                27.896797362251732
              ],
              [
                86.92004423411055,
                27.896887636496867
              ],
              [
                86.91994262467163,
                27.896887577513485
              ]
            ],
            [
              [
                86.92024460719743,
                27.900769545495198
              ],
              [
                86.92024473957316,
                27.900588997112727
              ],
              [
                86.9203463524706,
                27.90058905587153
              ],
              [
                86.92034641856864,
                27.900498781680298
              ],
              [
                86.92065125701839,
                27.900498957525514
              ],
              [
                86.92065119116289,
                27.900589231716747
              ],
              [
                86.92054957826547,
                27.900589173173543
              ],
              [
                86.92054944639278,
                27.900769721564995
              ],
              [
                86.9206510594609,
                27.900769780099218
              ],
              [
                86.92065099361437,
                27.90086005429045
              ],
              [
                86.92044776730748,
                27.90085993713217
              ],
              [
                86.92044783332467,
                27.900769662949923
              ],
              [
                86.92024460719743,
                27.900769545495198
              ]
            ],
            [
              [
                86.92034767446731,
                27.89878357178633
              ],
              [
                86.92034774056535,
                27.898693297568148
              ],
              [
                86.9204493516931,
                27.898693356255084
              ],
              [
                86.9204494177013,
                27.8986030820369
              ],
              [
                86.92065263979511,
                27.898603199177213
              ],
              [
                86.92065257394859,
                27.898693473395397
              ],
              [
                86.92055096282084,
                27.898693414861174
              ],
              [
                86.92055089689349,
                27.898783689079355
              ],
              [
                86.92034767446731,
                27.89878357178633
              ]
            ],
            [
              [
                86.92044809740241,
                27.900408566176
              ],
              [
                86.92044836147117,
                27.900047469384113
              ],
              [
                86.92085481104867,
                27.90004770338626
              ],
              [
                86.9208548767245,
                27.899957429186042
              ],
              [
                86.92105810134257,
                27.899957545733468
              ],
              [
                86.92105790480915,
                27.900228368343104
              ],
              [
                86.92085467968802,
                27.900228251786697
              ],
              [
                86.9208546140032,
                27.900318525986915
              ],
              [
                86.9206513887114,
                27.900318409134062
              ],
              [
                86.9206513228649,
                27.900408683325296
              ],
              [
                86.92044809740241,
                27.900408566176
              ]
            ],
            [
              [
                86.9208555991766,
                27.898964412893818
              ],
              [
                86.92085573052826,
                27.89878386445745
              ],
              [
                86.92095734174585,
                27.898783922767095
              ],
              [
                86.92095721056486,
                27.898964471203463
              ],
              [
                86.9208555991766,
                27.898964412893818
              ]
            ],
            [
              [
                86.92095753851282,
                27.89851310011254
              ],
              [
                86.9209576041078,
                27.898422825894357
              ],
              [
                86.92105921498403,
                27.898422884123157
              ],
              [
                86.92105928048917,
                27.898332609904973
              ],
              [
                86.92116089127556,
                27.898332668061904
              ],
              [
                86.92116076043594,
                27.898513216507254
              ],
              [
                86.92095753851282,
                27.89851310011254
              ]
            ],
            [
              [
                86.92095839115775,
                27.897339535141406
              ],
              [
                86.92095845674376,
                27.89724926089627
              ],
              [
                86.92106006652403,
                27.89724931913405
              ],
              [
                86.92106000102787,
                27.8973395933702
              ],
              [
                86.92095839115775,
                27.897339535141406
              ]
            ],
            [
              [
                86.92115905937713,
                27.900860345865627
              ],
              [
                86.92115912481043,
                27.900770071674394
              ],
              [
                86.92126073787854,
                27.900770129768443
              ],
              [
                86.92126067253508,
                27.900860403959676
              ],
              [
                86.92115905937713,
                27.900860345865627
              ]
            ],
            [
              [
                86.92116010621089,
                27.899415958662143
              ],
              [
                86.9211602370595,
                27.899235410243744
              ],
              [
                86.92126184869029,
                27.899235468328808
              ],
              [
                86.92126178335583,
                27.89932574253801
              ],
              [
                86.9214650067971,
                27.899325858492546
              ],
              [
                86.92146494162434,
                27.89941613270175
              ],
              [
                86.92116010621089,
                27.899415958662143
              ]
            ],
            [
              [
                86.92146455058769,
                27.899957777938987
              ],
              [
                86.92146461576046,
                27.89986750373877
              ],
              [
                86.92156622798416,
                27.899867561599255
              ],
              [
                86.92156616290121,
                27.899957835808458
              ],
              [
                86.92146455058769,
                27.899957777938987
              ]
            ],
            [
              [
                86.9215675296969,
                27.898062077271508
              ],
              [
                86.92156759477984,
                27.897971803044342
              ],
              [
                86.92166920524284,
                27.897971860823983
              ],
              [
                86.92166914024074,
                27.89806213505115
              ],
              [
                86.9215675296969,
                27.898062077271508
              ]
            ],
            [
              [
                86.92207616434476,
                27.8972498973257
              ],
              [
                86.92207629366624,
                27.897069348844415
              ],
              [
                86.9222795128944,
                27.897069463586227
              ],
              [
                86.92227944840435,
                27.897159737831362
              ],
              [
                86.92238105810378,
                27.897159795089976
              ],
              [
                86.92238092929435,
                27.897340343571262
              ],
              [
                86.92227931942425,
                27.897340286312645
              ],
              [
                86.9222793839143,
                27.897250012067513
              ],
              [
                86.92207616434476,
                27.8972498973257
              ]
            ],
            [
              [
                86.9222784810266,
                27.898513851319716
              ],
              [
                86.92227854552563,
                27.898423577092547
              ],
              [
                86.92238015640184,
                27.89842363436015
              ],
              [
                86.92238009199265,
                27.898513908578334
              ],
              [
                86.9222784810266,
                27.898513851319716
              ]
            ],
            [
              [
                86.92258440597969,
                27.896979360892363
              ],
              [
                86.92258447020923,
                27.89688908664723
              ],
              [
                86.92268607965713,
                27.896889143672286
              ],
              [
                86.92268601550843,
                27.896979417917418
              ],
              [
                86.92258440597969,
                27.896979360892363
              ]
            ],
            [
              [
                86.92268511735485,
                27.898243257232505
              ],
              [
                86.92268518151253,
                27.89815298300534
              ],
              [
                86.92278679213722,
                27.89815303996751
              ],
              [
                86.92278672806937,
                27.898243314194676
              ],
              [
                86.92268511735485,
                27.898243257232505
              ]
            ],
            [
              [
                86.9230902199535,
                27.900139243177968
              ],
              [
                86.92309028377879,
                27.90004896897775
              ],
              [
                86.92329350858552,
                27.900049082228357
              ],
              [
                86.92329344493089,
                27.900139356437556
              ],
              [
                86.9230902199535,
                27.900139243177968
              ]
            ],
            [
              [
                86.92319425436757,
                27.896708879220327
              ],
              [
                86.92319438182054,
                27.896528330712094
              ],
              [
                86.92329599093607,
                27.896528387296975
              ],
              [
                86.9232958636448,
                27.896708935796223
              ],
              [
                86.92319425436757,
                27.896708879220327
              ]
            ],
            [
              [
                86.9233972822456,
                27.896979815053623
              ],
              [
                86.923397472922,
                27.89670899230924
              ],
              [
                86.92370230077164,
                27.896709161381157
              ],
              [
                86.92370211084982,
                27.89697998412554
              ],
              [
                86.9236005013121,
                27.89697992784609
              ],
              [
                86.92360043791798,
                27.89707020209122
              ],
              [
                86.9234988282994,
                27.897070145730922
              ],
              [
                86.92349889177436,
                27.896979871485787
              ],
              [
                86.9233972822456,
                27.896979815053623
              ]
            ],
            [
              [
                86.92370242738917,
                27.896528612872924
              ],
              [
                86.92370255399773,
                27.89634806436469
              ],
              [
                86.92380416294257,
                27.89634812057228
              ],
              [
                86.9238040365047,
                27.896528669080514
              ],
              [
                86.92370242738917,
                27.896528612872924
              ]
            ],
            [
              [
                86.92390482479361,
                27.897702290411953
              ],
              [
                86.9239048879362,
                27.897612016175803
              ],
              [
                86.92400649805784,
                27.897612072230675
              ],
              [
                86.92400643500508,
                27.89770234647581
              ],
              [
                86.92390482479361,
                27.897702290411953
              ]
            ],
            [
              [
                86.92410722652794,
                27.898875967456906
              ],
              [
                86.92410728950883,
                27.89878569322974
              ],
              [
                86.9242089007264,
                27.898785749149866
              ],
              [
                86.92420896362644,
                27.898695474922697
              ],
              [
                86.92431057476317,
                27.898695530761977
              ],
              [
                86.92431038633255,
                27.898966353434496
              ],
              [
                86.92420877494429,
                27.898966297595216
              ],
              [
                86.92420883783535,
                27.89887602336805
              ],
              [
                86.92410722652794,
                27.898875967456906
              ]
            ],
            [
              [
                86.92410936759055,
                27.895806643185253
              ],
              [
                86.92410943056245,
                27.89571636892215
              ],
              [
                86.92421103891441,
                27.895716424833296
              ],
              [
                86.92421097603234,
                27.895806699096394
              ],
              [
                86.92410936759055,
                27.895806643185253
              ]
            ],
            [
              [
                86.92441350303672,
                27.896799827516336
              ],
              [
                86.92441362846849,
                27.8966192790081
              ],
              [
                86.92451523767384,
                27.896619334694666
              ],
              [
                86.9245151750433,
                27.896709608948782
              ],
              [
                86.9246167843295,
                27.8967096645545
              ],
              [
                86.9246167217798,
                27.896799938808616
              ],
              [
                86.92441350303672,
                27.896799827516336
              ]
            ],
            [
              [
                86.92461484517223,
                27.899508165812275
              ],
              [
                86.92461497028958,
                27.89932761738489
              ],
              [
                86.9247165820192,
                27.89932767291874
              ],
              [
                86.92471664448804,
                27.899237398700556
              ],
              [
                86.92491986778559,
                27.899237509552663
              ],
              [
                86.92491980547844,
                27.89932778377983
              ],
              [
                86.92502141720806,
                27.899327839089104
              ],
              [
                86.92502135499075,
                27.899418113307284
              ],
              [
                86.92512296680121,
                27.899418168553677
              ],
              [
                86.92512290466475,
                27.89950844277186
              ],
              [
                86.92461484517223,
                27.899508165812275
              ]
            ],
            [
              [
                86.92461509539795,
                27.899147068939538
              ],
              [
                86.92461515795662,
                27.899056794721353
              ],
              [
                86.92471676943472,
                27.899056850264188
              ],
              [
                86.92471670696587,
                27.899147124482372
              ],
              [
                86.92461509539795,
                27.899147068939538
              ]
            ],
            [
              [
                86.92461728470907,
                27.895987470494617
              ],
              [
                86.9246173472498,
                27.895897196231516
              ],
              [
                86.9247189557814,
                27.895897251765366
              ],
              [
                86.92471889332154,
                27.895987526028467
              ],
              [
                86.92461728470907,
                27.895987470494617
              ]
            ],
            [
              [
                86.92471845607557,
                27.896619445834233
              ],
              [
                86.92471851853543,
                27.896529171580116
              ],
              [
                86.92492173677546,
                27.896529282423238
              ],
              [
                86.92492167447729,
                27.896619556677354
              ],
              [
                86.92471845607557,
                27.896619445834233
              ]
            ],
            [
              [
                86.92481781941186,
                27.899869373680847
              ],
              [
                86.92481788179985,
                27.899779099462663
              ],
              [
                86.92502110610351,
                27.89977921017104
              ],
              [
                86.9250210438862,
                27.89986948438922
              ],
              [
                86.92481781941186,
                27.899869373680847
              ]
            ],
            [
              [
                86.92491905780165,
                27.90041107431719
              ],
              [
                86.92491912011778,
                27.900320800116972
              ],
              [
                86.92512234542755,
                27.900320910672633
              ],
              [
                86.92512228329109,
                27.900411184881833
              ],
              [
                86.92491905780165,
                27.90041107431719
              ]
            ],
            [
              [
                86.92491924473208,
                27.90014025169857
              ],
              [
                86.92491936933739,
                27.899959703280167
              ],
              [
                86.9250209816599,
                27.899959758598424
              ],
              [
                86.92502085721628,
                27.900140307016827
              ],
              [
                86.92491924473208,
                27.90014025169857
              ]
            ],
            [
              [
                86.9250226615544,
                27.897522354473896
              ],
              [
                86.92502278598005,
                27.89734180598363
              ],
              [
                86.92512439585914,
                27.897341861221033
              ],
              [
                86.92512427159518,
                27.8975224097113
              ],
              [
                86.9250226615544,
                27.897522354473896
              ]
            ],
            [
              [
                86.925023159257,
                27.89680016049486
              ],
              [
                86.92502322146532,
                27.896709886240743
              ],
              [
                86.92512483075153,
                27.89670994147815
              ],
              [
                86.92512476862404,
                27.896800215723285
              ],
              [
                86.925023159257,
                27.89680016049486
              ]
            ],
            [
              [
                86.9251238988123,
                27.89806405514617
              ],
              [
                86.92512396093979,
                27.897973780910018
              ],
              [
                86.92522557141177,
                27.89797383607556
              ],
              [
                86.92522550936513,
                27.89806411031171
              ],
              [
                86.9251238988123,
                27.89806405514617
              ]
            ],
            [
              [
                86.92532650026907,
                27.898966907695023
              ],
              [
                86.92532656223484,
                27.898876633476842
              ],
              [
                86.92542817355124,
                27.89887668848967
              ],
              [
                86.9254281116663,
                27.898966962716838
              ],
              [
                86.92532650026907,
                27.898966907695023
              ]
            ],
            [
              [
                86.92532749168574,
                27.897522519952552
              ],
              [
                86.92532755365153,
                27.897432245716402
              ],
              [
                86.92542916361147,
                27.897432300720247
              ],
              [
                86.92542910173552,
                27.897522574965382
              ],
              [
                86.92532749168574,
                27.897522519952552
              ]
            ],
            [
              [
                86.92552867246586,
                27.900501679304043
              ],
              [
                86.92552873426995,
                27.900411405103828
              ],
              [
                86.92563034701466,
                27.900411459972922
              ],
              [
                86.92563028529142,
                27.90050173417314
              ],
              [
                86.92552867246586,
                27.900501679304043
              ]
            ],
            [
              [
                86.92552959946435,
                27.89914756610315
              ],
              [
                86.92552972306355,
                27.8989670176578
              ],
              [
                86.92563133446079,
                27.898967072517912
              ],
              [
                86.92563127274653,
                27.89905734674508
              ],
              [
                86.92573288422463,
                27.89905740153333
              ],
              [
                86.92573282259121,
                27.899147675760496
              ],
              [
                86.92552959946435,
                27.89914756610315
              ]
            ],
            [
              [
                86.92624185970229,
                27.89770356084536
              ],
              [
                86.92624204331794,
                27.897432738118944
              ],
              [
                86.92634365327788,
                27.897432792449052
              ],
              [
                86.92634371439925,
                27.897342518203917
              ],
              [
                86.92664854403652,
                27.89734268076305
              ],
              [
                86.92664842230582,
                27.8975232292623
              ],
              [
                86.92675003235559,
                27.897523283295964
              ],
              [
                86.92674997157557,
                27.8976135575411
              ],
              [
                86.92664836144496,
                27.897613503507433
              ],
              [
                86.92664823971425,
                27.89779405198872
              ],
              [
                86.92634340880137,
                27.897793889429586
              ],
              [
                86.92634346992274,
                27.89770361518445
              ],
              [
                86.92624185970229,
                27.89770356084536
              ]
            ],
            [
              [
                86.92624259411996,
                27.89662026984986
              ],
              [
                86.92624265532217,
                27.896529995595742
              ],
              [
                86.92634426444668,
                27.89653004992585
              ],
              [
                86.92634420332531,
                27.896620324179967
              ],
              [
                86.92624259411996,
                27.89662026984986
              ]
            ],
            [
              [
                86.92644459185493,
                27.898425863358845
              ],
              [
                86.926444713927,
                27.898245314886545
              ],
              [
                86.92664793537402,
                27.898245423187436
              ],
              [
                86.92664781364331,
                27.898425971659737
              ],
              [
                86.92644459185493,
                27.898425863358845
              ]
            ],
            [
              [
                86.92654729984362,
                27.896800981141805
              ],
              [
                86.9265473607943,
                27.89671070688769
              ],
              [
                86.9266489700805,
                27.89671076099322
              ],
              [
                86.92664890921965,
                27.896801035256317
              ],
              [
                86.92654729984362,
                27.896800981141805
              ]
            ],
            [
              [
                86.92664714407503,
                27.899418988167557
              ],
              [
                86.92664726581472,
                27.899238439722208
              ],
              [
                86.92674887747248,
                27.899238493764855
              ],
              [
                86.92674875589448,
                27.899419042210205
              ],
              [
                86.92664714407503,
                27.899418988167557
              ]
            ],
            [
              [
                86.92664963955896,
                27.89571774409912
              ],
              [
                86.92664970041083,
                27.895627469827037
              ],
              [
                86.92675130869092,
                27.895627523860703
              ],
              [
                86.9267512479199,
                27.895717798132786
              ],
              [
                86.92664963955896,
                27.89571774409912
              ]
            ],
            [
              [
                86.92674960688652,
                27.898155202993934
              ],
              [
                86.92674966766653,
                27.898064928757783
              ],
              [
                86.92685127821936,
                27.898064982719582
              ],
              [
                86.9268512175202,
                27.898155256955732
              ],
              [
                86.92674960688652,
                27.898155202993934
              ]
            ],
            [
              [
                86.9270534097584,
                27.899690026543542
              ],
              [
                86.92705347028689,
                27.899599752325358
              ],
              [
                86.92715508227703,
                27.89959980607156
              ],
              [
                86.92715502182939,
                27.899690080289744
              ],
              [
                86.9270534097584,
                27.899690026543542
              ]
            ],
            [
              [
                86.92705570986774,
                27.89625960539017
              ],
              [
                86.92705577039622,
                27.89616933112707
              ],
              [
                86.92715737917938,
                27.896169384855305
              ],
              [
                86.92715731874073,
                27.896259659127388
              ],
              [
                86.92705570986774,
                27.89625960539017
              ]
            ],
            [
              [
                86.92715617033446,
                27.897974869919672
              ],
              [
                86.92715629122974,
                27.897794321438386
              ],
              [
                86.92725790153104,
                27.897794375094758
              ],
              [
                86.92725778080644,
                27.897974923585025
              ],
              [
                86.92715617033446,
                27.897974869919672
              ]
            ],
            [
              [
                86.9272563924422,
                27.900051230818853
              ],
              [
                86.92725657354256,
                27.899780408173285
              ],
              [
                86.92735818569439,
                27.899780461766774
              ],
              [
                86.92735812541744,
                27.89987073598496
              ],
              [
                86.92745973765909,
                27.899870789506583
              ],
              [
                86.92745961726689,
                27.900051337933967
              ],
              [
                86.9272563924422,
                27.900051230818853
              ]
            ],
            [
              [
                86.92725759972404,
                27.89824574630246
              ],
              [
                86.92725766009083,
                27.89815547206631
              ],
              [
                86.92735927073349,
                27.898155525650818
              ],
              [
                86.92735933100147,
                27.898065251414668
              ],
              [
                86.92756255212508,
                27.898065358368083
              ],
              [
                86.92756249200983,
                27.898155632604233
              ],
              [
                86.92766410265249,
                27.898155685973144
              ],
              [
                86.92766386255975,
                27.89851678292673
              ],
              [
                86.9274606406007,
                27.898516676117044
              ],
              [
                86.92746070078783,
                27.898426401880894
              ],
              [
                86.92735908989364,
                27.89842634836825
              ],
              [
                86.92735921044755,
                27.89824579989595
              ],
              [
                86.92725759972404,
                27.89824574630246
              ]
            ],
            [
              [
                86.92735836654323,
                27.89950963911222
              ],
              [
                86.92735842682018,
                27.899419364885055
              ],
              [
                86.92746003864862,
                27.89941941840668
              ],
              [
                86.9274599784525,
                27.899509692624864
              ],
              [
                86.92735836654323,
                27.89950963911222
              ]
            ],
            [
              [
                86.92735878850887,
                27.898877719531036
              ],
              [
                86.92735884878581,
                27.898787445294886
              ],
              [
                86.92746046001238,
                27.89878749881651
              ],
              [
                86.92746039982526,
                27.898877773043676
              ],
              [
                86.92735878850887,
                27.898877719531036
              ]
            ],
            [
              [
                86.92766308221124,
                27.899690347879904
              ],
              [
                86.9276632022621,
                27.89950979943455
              ],
              [
                86.92796803798994,
                27.89950995909213
              ],
              [
                86.92796785865927,
                27.899780781755663
              ],
              [
                86.92776463433763,
                27.89978067539513
              ],
              [
                86.92776469428222,
                27.899690401167966
              ],
              [
                86.92766308221124,
                27.899690347879904
              ]
            ],
            [
              [
                86.92766344237279,
                27.899148702534866
              ],
              [
                86.92766350239822,
                27.8990584283077
              ],
              [
                86.92776511388529,
                27.899058481604744
              ],
              [
                86.92776505394072,
                27.899148755831913
              ],
              [
                86.92766344237279,
                27.899148702534866
              ]
            ],
            [
              [
                86.92766458283793,
                27.897433492012077
              ],
              [
                86.92766464286336,
                27.897343217766945
              ],
              [
                86.92776625274246,
                27.897343271055007
              ],
              [
                86.92776619280686,
                27.897433545300142
              ],
              [
                86.92766458283793,
                27.897433492012077
              ]
            ],
            [
              [
                86.9277666723006,
                27.896711351267207
              ],
              [
                86.92776673223621,
                27.89662107701309
              ],
              [
                86.92786834144157,
                27.896621130220307
              ],
              [
                86.92786828159579,
                27.896711404483405
              ],
              [
                86.9277666723006,
                27.896711351267207
              ]
            ],
            [
              [
                86.92776715176741,
                27.89598915716241
              ],
              [
                86.9277672716386,
                27.895808608618246
              ],
              [
                86.92786888008938,
                27.895808661834444
              ],
              [
                86.92786876038886,
                27.895989210369624
              ],
              [
                86.92776715176741,
                27.89598915716241
              ]
            ],
            [
              [
                86.92796845640724,
                27.898878039501955
              ],
              [
                86.92796857595503,
                27.89869749103864
              ],
              [
                86.92807018710076,
                27.898697544102124
              ],
              [
                86.92807006772364,
                27.89887809256544
              ],
              [
                86.92796845640724,
                27.898878039501955
              ]
            ],
            [
              [
                86.92827418313809,
                27.897524084871677
              ],
              [
                86.92827424265147,
                27.89743381061756
              ],
              [
                86.92847746258933,
                27.897433916223505
              ],
              [
                86.92847740324662,
                27.897524190477622
              ],
              [
                86.92827418313809,
                27.897524084871677
              ]
            ],
            [
              [
                86.92837561489024,
                27.897794960454966
              ],
              [
                86.92837567432278,
                27.89770468620983
              ],
              [
                86.92847728455222,
                27.89770473896789
              ],
              [
                86.92847722520052,
                27.897795013222005
              ],
              [
                86.92837561489024,
                27.897794960454966
              ]
            ],
            [
              [
                86.92837656578392,
                27.89635057236215
              ],
              [
                86.92837662520748,
                27.89626029809905
              ],
              [
                86.92857984295343,
                27.896260403552283
              ],
              [
                86.92857978370056,
                27.89635067781538
              ],
              [
                86.92837656578392,
                27.89635057236215
              ]
            ],
            [
              [
                86.9284759194723,
                27.899781046345446
              ],
              [
                86.92847603817569,
                27.899600497909077
              ],
              [
                86.9285776501748,
                27.89960055059527
              ],
              [
                86.92857759090397,
                27.899690824822436
              ],
              [
                86.92867920298393,
                27.89969087743676
              ],
              [
                86.92867914379393,
                27.89978115166393
              ],
              [
                86.9284759194723,
                27.899781046345446
              ]
            ],
            [
              [
                86.92857782797834,
                27.89932972792275
              ],
              [
                86.92857794652004,
                27.899149179468417
              ],
              [
                86.92867955808796,
                27.899149232091727
              ],
              [
                86.92867943971696,
                27.89932978054606
              ],
              [
                86.92857782797834,
                27.89932972792275
              ]
            ],
            [
              [
                86.92857853918355,
                27.89824643712488
              ],
              [
                86.9285785984454,
                27.89815616288873
              ],
              [
                86.92868020909704,
                27.898156215503057
              ],
              [
                86.92868014991603,
                27.898246489739208
              ],
              [
                86.92857853918355,
                27.89824643712488
              ]
            ],
            [
              [
                86.92878057865425,
                27.900052026860944
              ],
              [
                86.92878063775441,
                27.89996175264276
              ],
              [
                86.9288822500859,
                27.899961805113353
              ],
              [
                86.92888230910522,
                27.89987153089517
              ],
              [
                86.92898392135587,
                27.8998715832939
              ],
              [
                86.92898380348792,
                27.90005213173027
              ],
              [
                86.92878057865425,
                27.900052026860944
              ]
            ],
            [
              [
                86.92888289926243,
                27.898968788641465
              ],
              [
                86.92888295828175,
                27.898878514405315
              ],
              [
                86.92898456959814,
                27.898878566795062
              ],
              [
                86.92898451066866,
                27.898968841031213
              ],
              [
                86.92888289926243,
                27.898968788641465
              ]
            ],
            [
              [
                86.92908818151658,
                27.895809294508915
              ],
              [
                86.92908824035622,
                27.895719020227848
              ],
              [
                86.92918984872615,
                27.895719072464882
              ],
              [
                86.92918978997633,
                27.895809346736964
              ],
              [
                86.92908818151658,
                27.895809294508915
              ]
            ],
            [
              [
                86.92908847569687,
                27.89535792312155
              ],
              [
                86.92908853453652,
                27.895267648840484
              ],
              [
                86.92929175043194,
                27.895267753233703
              ],
              [
                86.92929169176297,
                27.895358027514767
              ],
              [
                86.92908847569687,
                27.89535792312155
              ]
            ],
            [
              [
                86.92918738090135,
                27.899510590967097
              ],
              [
                86.92918743966914,
                27.89942031673993
              ],
              [
                86.92928905149758,
                27.899420368905098
              ],
              [
                86.92928899281962,
                27.899510643132267
              ],
              [
                86.92918738090135,
                27.899510590967097
              ]
            ],
            [
              [
                86.92928916885349,
                27.899239820450767
              ],
              [
                86.92928922753144,
                27.899149546223597
              ],
              [
                86.92949245067626,
                27.89914965033834
              ],
              [
                86.929492392169,
                27.899239924565506
              ],
              [
                86.92928916885349,
                27.899239820450767
              ]
            ],
            [
              [
                86.92929075306841,
                27.896802415841144
              ],
              [
                86.92929081173739,
                27.896712141578046
              ],
              [
                86.92939242103257,
                27.89671219367135
              ],
              [
                86.92939236244445,
                27.89680246793445
              ],
              [
                86.92929075306841,
                27.896802415841144
              ]
            ],
            [
              [
                86.92939259678796,
                27.896441370873067
              ],
              [
                86.92939265537608,
                27.896351096609965
              ],
              [
                86.92949426433889,
                27.896351148622422
              ],
              [
                86.9294942058406,
                27.896441422885523
              ],
              [
                86.92939259678796,
                27.896441370873067
              ]
            ],
            [
              [
                86.9295949970221,
                27.897705314437644
              ],
              [
                86.92959505543953,
                27.897615040183528
              ],
              [
                86.92969666557914,
                27.897615092052252
              ],
              [
                86.92969660724255,
                27.89770536630637
              ],
              [
                86.9295949970221,
                27.897705314437644
              ]
            ],
            [
              [
                86.92959534753574,
                27.897163668921927
              ],
              [
                86.9295954643796,
                27.89698312040471
              ],
              [
                86.92969707392632,
                27.896983172264452
              ],
              [
                86.92969695726211,
                27.897163720781666
              ],
              [
                86.92959534753574,
                27.897163668921927
              ]
            ],
            [
              [
                86.92959645744918,
                27.895448457824216
              ],
              [
                86.92959651586662,
                27.895358183552133
              ],
              [
                86.92969812390417,
                27.895358235411877
              ],
              [
                86.92969806556758,
                27.89544850969294
              ],
              [
                86.92959645744918,
                27.895448457824216
              ]
            ],
            [
              [
                86.92969526543799,
                27.899781673737824
              ],
              [
                86.92969538212016,
                27.89960112528349
              ],
              [
                86.93010183011661,
                27.899601332012786
              ],
              [
                86.93010177211241,
                27.89969160623995
              ],
              [
                86.9298985479435,
                27.899691503023526
              ],
              [
                86.92989848976859,
                27.899781777250695
              ],
              [
                86.92969526543799,
                27.899781673737824
              ]
            ],
            [
              [
                86.92969590719443,
                27.898788657212034
              ],
              [
                86.92969596553102,
                27.898698382975887
              ],
              [
                86.92989918784042,
                27.898698486488755
              ],
              [
                86.9298990714996,
                27.898879034961055
              ],
              [
                86.92979746017423,
                27.898878983245044
              ],
              [
                86.92979751842998,
                27.898788709008894
              ],
              [
                86.92969590719443,
                27.898788657212034
              ]
            ],
            [
              [
                86.92969818223177,
                27.89526796113081
              ],
              [
                86.92969824055939,
                27.895177686849742
              ],
              [
                86.92979984842626,
                27.895177738628636
              ],
              [
                86.92979979017949,
                27.895268012909703
              ],
              [
                86.92969818223177,
                27.89526796113081
              ]
            ],
            [
              [
                86.92999992766522,
                27.900052651558376
              ],
              [
                86.92999998575927,
                27.89996237734019
              ],
              [
                86.93020321043124,
                27.899962480403904
              ],
              [
                86.93020315250787,
                27.900052754622088
              ],
              [
                86.92999992766522,
                27.900052651558376
              ]
            ],
            [
              [
                86.93020465838073,
                27.89770562450913
              ],
              [
                86.93020471629512,
                27.897615350255013
              ],
              [
                86.9303063264437,
                27.897615401674578
              ],
              [
                86.93030626861017,
                27.897705675919713
              ],
              [
                86.93020465838073,
                27.89770562450913
              ]
            ],
            [
              [
                86.93020610616853,
                27.895448767868753
              ],
              [
                86.93020616407392,
                27.895358493587686
              ],
              [
                86.93030777211148,
                27.89535854499827
              ],
              [
                86.93030771428691,
                27.895448819279338
              ],
              [
                86.93020610616853,
                27.895448767868753
              ]
            ],
            [
              [
                86.93050931608046,
                27.89797660127865
              ],
              [
                86.93050937374332,
                27.89788632703352
              ],
              [
                86.93061098414343,
                27.89788637821952
              ],
              [
                86.93061092656141,
                27.897976652473638
              ],
              [
                86.93050931608046,
                27.89797660127865
              ]
            ],
            [
              [
                86.93071242205802,
                27.898157252078047
              ],
              [
                86.93071247955021,
                27.89806697783291
              ],
              [
                86.93081409011202,
                27.898067028875186
              ],
              [
                86.93081403270966,
                27.898157303129302
              ],
              [
                86.93071242205802,
                27.898157252078047
              ]
            ],
            [
              [
                86.93071431922804,
                27.89517820132389
              ],
              [
                86.93071437671124,
                27.895087927042823
              ],
              [
                86.93081598449726,
                27.895087978076116
              ],
              [
                86.93081592709491,
                27.895178252366165
              ],
              [
                86.93071431922804,
                27.89517820132389
              ]
            ],
            [
              [
                86.93091461144859,
                27.89978229033245
              ],
              [
                86.93091478344002,
                27.89951146765095
              ],
              [
                86.93101639535828,
                27.899511518549495
              ],
              [
                86.93101622361837,
                27.899782341230996
              ],
              [
                86.93091461144859,
                27.89978229033245
              ]
            ],
            [
              [
                86.9309148407705,
                27.899421193423784
              ],
              [
                86.93091489810098,
                27.899330919196615
              ],
              [
                86.93101650984858,
                27.899330970086176
              ],
              [
                86.93101645259894,
                27.899421244322326
              ],
              [
                86.9309148407705,
                27.899421193423784
              ]
            ],
            [
              [
                86.93101610911911,
                27.899962889676345
              ],
              [
                86.93101616636874,
                27.89987261544918
              ],
              [
                86.93111777862836,
                27.899872666275858
              ],
              [
                86.93111772145959,
                27.899962940494042
              ],
              [
                86.93101610911911,
                27.899962889676345
              ]
            ],
            [
              [
                86.93112012205447,
                27.89617142209064
              ],
              [
                86.93112023635611,
                27.895990873546474
              ],
              [
                86.93122184498654,
                27.89599092428332
              ],
              [
                86.93122173085558,
                27.896171472827486
              ],
              [
                86.93112012205447,
                27.89617142209064
              ]
            ],
            [
              [
                86.93121893424738,
                27.900594910776142
              ],
              [
                86.9312190484053,
                27.90041436234876
              ],
              [
                86.93132066116797,
                27.900414413022723
              ],
              [
                86.93132054717177,
                27.900594961450107
              ],
              [
                86.93121893424738,
                27.900594910776142
              ]
            ],
            [
              [
                86.9313218580114,
                27.89851865418933
              ],
              [
                86.93132191500051,
                27.89842837995318
              ],
              [
                86.93142352590368,
                27.8984284305463
              ],
              [
                86.93142346899542,
                27.89851870478245
              ],
              [
                86.9313218580114,
                27.89851865418933
              ]
            ],
            [
              [
                86.93152593227403,
                27.897164641536868
              ],
              [
                86.93152598909246,
                27.897074367273767
              ],
              [
                86.93162759872901,
                27.897074417714173
              ],
              [
                86.9316275420004,
                27.89716469197727
              ],
              [
                86.93152593227403,
                27.897164641536868
              ]
            ],
            [
              [
                86.93162544270945,
                27.90050483880466
              ],
              [
                86.93162555619362,
                27.900324290368296
              ],
              [
                86.9318287815483,
                27.90032439104249
              ],
              [
                86.9318287249724,
                27.900414665260673
              ],
              [
                86.93172711220973,
                27.900414614964
              ],
              [
                86.93172705555298,
                27.900504889182184
              ],
              [
                86.93162544270945,
                27.90050483880466
              ]
            ],
            [
              [
                86.93162589663714,
                27.899782645032243
              ],
              [
                86.93162595337473,
                27.899692370805074
              ],
              [
                86.93172756546369,
                27.89969242117361
              ],
              [
                86.93172750880694,
                27.89978269540078
              ],
              [
                86.93162589663714,
                27.899782645032243
              ]
            ],
            [
              [
                86.93183042206066,
                27.897706438176165
              ],
              [
                86.93183047862757,
                27.89761616392205
              ],
              [
                86.93203369892474,
                27.89761626428183
              ],
              [
                86.93203364252851,
                27.897706538535946
              ],
              [
                86.93183042206066,
                27.897706438176165
              ]
            ],
            [
              [
                86.93213536537974,
                27.897526040090824
              ],
              [
                86.93213542169512,
                27.897435765836708
              ],
              [
                86.93233864165991,
                27.897435865747333
              ],
              [
                86.93233858551521,
                27.89752614000145
              ],
              [
                86.93213536537974,
                27.897526040090824
              ]
            ],
            [
              [
                86.93213637895785,
                27.895901103283165
              ],
              [
                86.93213643527324,
                27.895810829002098
              ],
              [
                86.932238043733,
                27.895810878993345
              ],
              [
                86.93223798750743,
                27.895901153265427
              ],
              [
                86.93213637895785,
                27.895901103283165
              ]
            ],
            [
              [
                86.93223523225768,
                27.900324591483578
              ],
              [
                86.93223528849221,
                27.900234317265394
              ],
              [
                86.93233690108421,
                27.900234367184773
              ],
              [
                86.93233684493053,
                27.900324641402957
              ],
              [
                86.93223523225768,
                27.900324591483578
              ]
            ],
            [
              [
                86.93223590707213,
                27.899241300757573
              ],
              [
                86.93223596329767,
                27.899151026521423
              ],
              [
                86.93233757488356,
                27.899151076440802
              ],
              [
                86.93233751873886,
                27.899241350676952
              ],
              [
                86.93223590707213,
                27.899241300757573
              ]
            ],
            [
              [
                86.93223624446138,
                27.898699655322705
              ],
              [
                86.9322363006959,
                27.898609381086555
              ],
              [
                86.93243952284361,
                27.898609480853448
              ],
              [
                86.93243941072488,
                27.898790029334734
              ],
              [
                86.93233779947137,
                27.89878997948722
              ],
              [
                86.93233785562505,
                27.898699705242084
              ],
              [
                86.93223624446138,
                27.898699655322705
              ]
            ],
            [
              [
                86.93254001431119,
                27.90041501525329
              ],
              [
                86.9325401262772,
                27.900234466807937
              ],
              [
                86.9328449640622,
                27.900234615676748
              ],
              [
                86.93284485259925,
                27.900415164122098
              ],
              [
                86.93254001431119,
                27.90041501525329
              ]
            ],
            [
              [
                86.93254085402937,
                27.899060901818835
              ],
              [
                86.9325409659864,
                27.898880353346534
              ],
              [
                86.93264257732076,
                27.898880403041336
              ],
              [
                86.9326425214186,
                27.898970677277486
              ],
              [
                86.93274413283382,
                27.898970726900423
              ],
              [
                86.93274407703046,
                27.899061001136573
              ],
              [
                86.93254085402937,
                27.899060901818835
              ]
            ],
            [
              [
                86.93264341570944,
                27.897526289310434
              ],
              [
                86.93264347159364,
                27.897436015047333
              ],
              [
                86.93274508158052,
                27.89743606467027
              ],
              [
                86.93274502577718,
                27.897526338924386
              ],
              [
                86.93264341570944,
                27.897526289310434
              ]
            ],
            [
              [
                86.93284797309501,
                27.895359805936486
              ],
              [
                86.93284808452204,
                27.89517925735639
              ],
              [
                86.93305130027373,
                27.895179356207002
              ],
              [
                86.93305118917908,
                27.8953599047871
              ],
              [
                86.93284797309501,
                27.895359805936486
              ]
            ],
            [
              [
                86.93304885596683,
                27.89915142379237
              ],
              [
                86.93304896707944,
                27.89897087531109
              ],
              [
                86.93315057849466,
                27.89897092463758
              ],
              [
                86.93315052302368,
                27.89906119887373
              ],
              [
                86.93325213452873,
                27.899061248119377
              ],
              [
                86.93325207913861,
                27.899151522355528
              ],
              [
                86.93304885596683,
                27.89915142379237
              ]
            ],
            [
              [
                86.93335490737577,
                27.897165538010604
              ],
              [
                86.93335496266708,
                27.897075263747507
              ],
              [
                86.93355818196711,
                27.8970753618615
              ],
              [
                86.93355812682853,
                27.8971656361246
              ],
              [
                86.93335490737577,
                27.897165538010604
              ]
            ],
            [
              [
                86.93376178598865,
                27.896443539783455
              ],
              [
                86.93376184094758,
                27.896353265511372
              ],
              [
                86.93396505889116,
                27.896353363014512
              ],
              [
                86.93396500409393,
                27.89644363729558
              ],
              [
                86.93376178598865,
                27.896443539783455
              ]
            ],
            [
              [
                86.93406557367003,
                27.898158896938245
              ],
              [
                86.9340656283864,
                27.89806862268413
              ],
              [
                86.9341672389572,
                27.898068671256038
              ],
              [
                86.93416718433065,
                27.898158945510154
              ],
              [
                86.93406557367003,
                27.898158896938245
              ]
            ],
            [
              [
                86.93426732222133,
                27.900596398386252
              ],
              [
                86.93426737677602,
                27.90050612416807
              ],
              [
                86.93436898962854,
                27.900506172587264
              ],
              [
                86.93436893516368,
                27.90059644681443
              ],
              [
                86.93426732222133,
                27.900596398386252
              ]
            ],
            [
              [
                86.93427032210928,
                27.895631314472723
              ],
              [
                86.93427037664601,
                27.895541040182675
              ],
              [
                86.93437198486322,
                27.895541088601867
              ],
              [
                86.93437193040735,
                27.895631362882934
              ],
              [
                86.93427032210928,
                27.895631314472723
              ]
            ],
            [
              [
                86.93436937088252,
                27.899874253006075
              ],
              [
                86.93436947981223,
                27.89969370454276
              ],
              [
                86.93447109190119,
                27.899693752890087
              ],
              [
                86.93447098314215,
                27.899874301353407
              ],
              [
                86.93436937088252,
                27.899874253006075
              ]
            ],
            [
              [
                86.93437073239612,
                27.897617396886723
              ],
              [
                86.93437078686097,
                27.897527122623625
              ],
              [
                86.93447239692871,
                27.897527170970953
              ],
              [
                86.93447234255369,
                27.897617445234054
              ],
              [
                86.93437073239612,
                27.897617396886723
              ]
            ],
            [
              [
                86.93457541842044,
                27.895180088046498
              ],
              [
                86.93457547270563,
                27.89508981375645
              ],
              [
                86.93477868829564,
                27.895089910055848
              ],
              [
                86.93477863418111,
                27.895180184354878
              ],
              [
                86.93457541842044,
                27.895180088046498
              ]
            ],
            [
              [
                86.93467648430675,
                27.89608287909669
              ],
              [
                86.93467664691079,
                27.89581205625349
              ],
              [
                86.934981472317,
                27.895812200379194
              ],
              [
                86.93498131047652,
                27.896083023222392
              ],
              [
                86.93467648430675,
                27.89608287909669
              ]
            ],
            [
              [
                86.93487786452184,
                27.8991523001169
              ],
              [
                86.93487791856448,
                27.89906202588075
              ],
              [
                86.93497953006953,
                27.899062073850786
              ],
              [
                86.93497947611671,
                27.899152348095917
              ],
              [
                86.93487786452184,
                27.8991523001169
              ]
            ],
            [
              [
                86.93487997190661,
                27.895631603838044
              ],
              [
                86.93488002594027,
                27.895541329556977
              ],
              [
                86.93498163415748,
                27.89554137751803
              ],
              [
                86.93498158020466,
                27.89563165180808
              ],
              [
                86.93487997190661,
                27.895631603838044
              ]
            ],
            [
              [
                86.93498190387665,
                27.895090006067786
              ],
              [
                86.93498195782946,
                27.894999731768753
              ],
              [
                86.93508356553463,
                27.89499977965794
              ],
              [
                86.93508351168063,
                27.895090053956974
              ],
              [
                86.93498190387665,
                27.895090006067786
              ]
            ],
            [
              [
                86.93508033347709,
                27.900416235246293
              ],
              [
                86.93508038734906,
                27.900325961019128
              ],
              [
                86.93518200003987,
                27.900326008845433
              ],
              [
                86.93518194624876,
                27.9004162830726
              ],
              [
                86.93508033347709,
                27.900416235246293
              ]
            ],
            [
              [
                86.9350818418832,
                27.89788855649934
              ],
              [
                86.93508189574618,
                27.897798282245223
              ],
              [
                86.93528511640268,
                27.897798377808
              ],
              [
                86.9352850627014,
                27.897888652071103
              ],
              [
                86.9350818418832,
                27.89788855649934
              ]
            ],
            [
              [
                86.93518355985657,
                27.89770805580843
              ],
              [
                86.9351836136387,
                27.89761778154533
              ],
              [
                86.93528522379627,
                27.897617829290787
              ],
              [
                86.93528517009499,
                27.897708103553885
              ],
              [
                86.93518355985657,
                27.89770805580843
              ]
            ],
            [
              [
                86.93518404389579,
                27.896895587422566
              ],
              [
                86.93518409767793,
                27.89680531315048
              ],
              [
                86.93528570708091,
                27.89680536089594
              ],
              [
                86.93528576077321,
                27.896715086623857
              ],
              [
                86.93538737008637,
                27.896715134288467
              ],
              [
                86.93538726286346,
                27.896895682832632
              ],
              [
                86.93518404389579,
                27.896895587422566
              ]
            ],
            [
              [
                86.9352864588091,
                27.89554152097
              ],
              [
                86.9352865125014,
                27.895451246679947
              ],
              [
                86.93538812062879,
                27.895451294344557
              ],
              [
                86.93538806702631,
                27.895541568634606
              ],
              [
                86.9352864588091,
                27.89554152097
              ]
            ],
            [
              [
                86.93538753092074,
                27.896444311463235
              ],
              [
                86.9353875845322,
                27.896354037182167
              ],
              [
                86.93548919351296,
                27.896354084774913
              ],
              [
                86.93548913998237,
                27.896444359055977
              ],
              [
                86.93538753092074,
                27.896444311463235
              ]
            ],
            [
              [
                86.93589350164157,
                27.899965244609863
              ],
              [
                86.93589355483981,
                27.899874970382697
              ],
              [
                86.93599516710842,
                27.89987501760713
              ],
              [
                86.93599511399103,
                27.89996529184328
              ],
              [
                86.93589350164157,
                27.899965244609863
              ]
            ],
            [
              [
                86.93589472516496,
                27.897888936971796
              ],
              [
                86.93589477835421,
                27.89779866271768
              ],
              [
                86.93599638868245,
                27.89779870993313
              ],
              [
                86.93599633557406,
                27.89788898419623
              ],
              [
                86.93589472516496,
                27.897888936971796
              ]
            ],
            [
              [
                86.93589621449085,
                27.89536125726364
              ],
              [
                86.93589626767111,
                27.895270982973592
              ],
              [
                86.9359978756368,
                27.895271030189043
              ],
              [
                86.93599782253737,
                27.895361304479096
              ],
              [
                86.93589621449085,
                27.89536125726364
              ]
            ],
            [
              [
                86.93619913286355,
                27.89861127245345
              ],
              [
                86.93619918580126,
                27.898520998199334
              ],
              [
                86.93630079680325,
                27.898521045199193
              ],
              [
                86.93630074394638,
                27.89861131945331
              ],
              [
                86.93619913286355,
                27.89861127245345
              ]
            ],
            [
              [
                86.93640409644034,
                27.895632315465445
              ],
              [
                86.93640414920738,
                27.895542041175396
              ],
              [
                86.93650575743357,
                27.895542088022538
              ],
              [
                86.93650570474738,
                27.895632362312586
              ],
              [
                86.93640409644034,
                27.895632315465445
              ]
            ],
            [
              [
                86.93650559938398,
                27.895812910892687
              ],
              [
                86.93650565207017,
                27.895722636602635
              ],
              [
                86.93660726045806,
                27.89572268336893
              ],
              [
                86.9366072078617,
                27.89581295765898
              ],
              [
                86.93650559938398,
                27.895812910892687
              ]
            ],
            [
              [
                86.9366052615718,
                27.899153105474518
              ],
              [
                86.93660531417714,
                27.899062831229383
              ],
              [
                86.93670692568219,
                27.899062877932796
              ],
              [
                86.93670687316667,
                27.89915315217793
              ],
              [
                86.9366052615718,
                27.899153105474518
              ]
            ],
            [
              [
                86.93670834369982,
                27.896625472891984
              ],
              [
                86.93670839621532,
                27.89653519861092
              ],
              [
                86.93701322366071,
                27.896535338245048
              ],
              [
                86.93701317139673,
                27.896625612526112
              ],
              [
                86.93670834369982,
                27.896625472891984
              ]
            ],
            [
              [
                86.9367090263835,
                27.895451907193213
              ],
              [
                86.93670907889901,
                27.89536163289418
              ],
              [
                86.93681068694553,
                27.895361679516743
              ],
              [
                86.93681063451986,
                27.89545195380679
              ],
              [
                86.9367090263835,
                27.895451907193213
              ]
            ],
            [
              [
                86.93681047723383,
                27.895722776676937
              ],
              [
                86.93681052965951,
                27.89563250238689
              ],
              [
                86.93691213796656,
                27.895632548937588
              ],
              [
                86.93691208562173,
                27.895722823227636
              ],
              [
                86.93681047723383,
                27.895722776676937
              ]
            ],
            [
              [
                86.93701280554885,
                27.897257532439678
              ],
              [
                86.93701296234079,
                27.896986709623427
              ],
              [
                86.93711457191446,
                27.896986756021413
              ],
              [
                86.93711446755717,
                27.897167304565578
              ],
              [
                86.93731768703688,
                27.897167397127983
              ],
              [
                86.93731763502441,
                27.897257671400066
              ],
              [
                86.93701280554885,
                27.897257532439678
              ]
            ],
            [
              [
                86.93823191843764,
                27.897619181327155
              ],
              [
                86.93823196968653,
                27.897528907055072
              ],
              [
                86.93833357977223,
                27.89752895255474
              ],
              [
                86.93833352860419,
                27.897619226826823
              ],
              [
                86.93823191843764,
                27.897619181327155
              ]
            ],
            [
              [
                86.9385366469246,
                27.897799866127784
              ],
              [
                86.93853669793096,
                27.897709591864682
              ],
              [
                86.93863830817835,
                27.897709637139773
              ],
              [
                86.93863825726184,
                27.897799911402874
              ],
              [
                86.9385366469246,
                27.897799866127784
              ]
            ],
            [
              [
                86.91994229252855,
                27.89733894870322
              ],
              [
                86.91994222609813,
                27.897429222930388
              ],
              [
                86.91984061615615,
                27.89742916387514
              ],
              [
                86.91984054964489,
                27.897519438111292
              ],
              [
                86.91963732958128,
                27.89751931977622
              ],
              [
                86.91963739626323,
                27.89742904554007
              ],
              [
                86.91973900621417,
                27.897429104748028
              ],
              [
                86.9197390728063,
                27.897338830511877
              ],
              [
                86.91994229252855,
                27.89733894870322
              ]
            ],
            [
              [
                86.92349959000788,
                27.89598685469949
              ],
              [
                86.92339798140439,
                27.895986798267323
              ],
              [
                86.9233980449602,
                27.895896524004222
              ],
              [
                86.92349965348284,
                27.89589658043639
              ],
              [
                86.92349959000788,
                27.89598685469949
              ]
            ],
            [
              [
                86.93497990775721,
                27.89843015412587
              ],
              [
                86.93508151866936,
                27.898430202024038
              ],
              [
                86.93508141092542,
                27.89861075052329
              ],
              [
                86.9349797998426,
                27.898610702625117
              ],
              [
                86.93497990775721,
                27.89843015412587
              ]
            ],
            [
              [
                86.9288849056047,
                27.89589946408235
              ],
              [
                86.92888484660335,
                27.895989738354434
              ],
              [
                86.9287832379819,
                27.895989685892822
              ],
              [
                86.9287832970641,
                27.89589941162074
              ],
              [
                86.9288849056047,
                27.89589946408235
              ]
            ],
            [
              [
                86.91801020845712,
                27.899323846607672
              ],
              [
                86.91801027649552,
                27.89923357239847
              ],
              [
                86.91811188811735,
                27.899233632810173
              ],
              [
                86.91811182016878,
                27.89932390701039
              ],
              [
                86.91801020845712,
                27.899323846607672
              ]
            ],
            [
              [
                86.91597888070501,
                27.898149057996367
              ],
              [
                86.91608049131173,
                27.898149119899273
              ],
              [
                86.91608042167434,
                27.898239394117457
              ],
              [
                86.91597881098676,
                27.89823933221455
              ],
              [
                86.91597888070501,
                27.898149057996367
              ]
            ],
            [
              [
                86.92868127430134,
                27.89653127895591
              ],
              [
                86.92868121512932,
                27.896621553219006
              ],
              [
                86.92857960591498,
                27.89662150060468
              ],
              [
                86.92857966517684,
                27.89653122634158
              ],
              [
                86.92868127430134,
                27.89653127895591
              ]
            ],
            [
              [
                86.91994229252855,
                27.89733894870322
              ],
              [
                86.91994235895896,
                27.89724867446707
              ],
              [
                86.91984074917868,
                27.897248615411822
              ],
              [
                86.91984081569893,
                27.897158341175672
              ],
              [
                86.92034886416013,
                27.897158635697323
              ],
              [
                86.92034879807107,
                27.897248909933474
              ],
              [
                86.92045040785136,
                27.89724896862041
              ],
              [
                86.92045034184315,
                27.89733924285656
              ],
              [
                86.91994229252855,
                27.89733894870322
              ]
            ],
            [
              [
                86.933355515652,
                27.896172521044644
              ],
              [
                86.9333555709433,
                27.896082246763577
              ],
              [
                86.93345717966356,
                27.89608229585651
              ],
              [
                86.93345712445311,
                27.89617257012859
              ],
              [
                86.933355515652,
                27.896172521044644
              ]
            ],
            [
              [
                86.93376030196282,
                27.8988809447524
              ],
              [
                86.93365869062845,
                27.898880895875067
              ],
              [
                86.93365880073496,
                27.89870034739378
              ],
              [
                86.93355718957127,
                27.89870029844458
              ],
              [
                86.93355724470987,
                27.89861002419945
              ],
              [
                86.93365885578372,
                27.89861007314865
              ],
              [
                86.93365891083248,
                27.898519798903514
              ],
              [
                86.93386213282747,
                27.898519896568352
              ],
              [
                86.93386202306232,
                27.89870044505862
              ],
              [
                86.93376041189863,
                27.898700396262132
              ],
              [
                86.93376030196282,
                27.8988809447524
              ]
            ],
            [
              [
                86.93487829683606,
                27.898430106155832
              ],
              [
                86.9348782428024,
                27.89852038040995
              ],
              [
                86.93477663180042,
                27.898520332359062
              ],
              [
                86.93477668592391,
                27.89843005811393
              ],
              [
                86.93487829683606,
                27.898430106155832
              ]
            ],
            [
              [
                86.9204497477603,
                27.898151710928012
              ],
              [
                86.9206529690007,
                27.898151828068325
              ],
              [
                86.92065290316317,
                27.898242102295495
              ],
              [
                86.92075451386872,
                27.898242160748868
              ],
              [
                86.92075444811204,
                27.898332434976037
              ],
              [
                86.92044961573491,
                27.898332259373365
              ],
              [
                86.9204497477603,
                27.898151710928012
              ]
            ],
            [
              [
                86.9331503566018,
                27.899332021582183
              ],
              [
                86.93315041208174,
                27.899241747346032
              ],
              [
                86.9332520237485,
                27.899241796591678
              ],
              [
                86.93325196835836,
                27.89933207082783
              ],
              [
                86.9331503566018,
                27.899332021582183
              ]
            ],
            [
              [
                86.92024566616742,
                27.899325158300698
              ],
              [
                86.92004244272614,
                27.89932504054953
              ],
              [
                86.92004257543427,
                27.89914449213113
              ],
              [
                86.9199409638843,
                27.899144433147747
              ],
              [
                86.91994083101449,
                27.89932498156615
              ],
              [
                86.91983921929385,
                27.899324922510903
              ],
              [
                86.9198391527736,
                27.89941519671112
              ],
              [
                86.91994076457509,
                27.89941525577535
              ],
              [
                86.91994063170527,
                27.89959580418477
              ],
              [
                86.91963579579776,
                27.899595626776485
              ],
              [
                86.91963572910683,
                27.899685900985684
              ],
              [
                86.91943250500081,
                27.899685782336203
              ],
              [
                86.91943263871504,
                27.89950523392678
              ],
              [
                86.91953425060636,
                27.899505293287458
              ],
              [
                86.91953431737814,
                27.899415019078255
              ],
              [
                86.91973754097212,
                27.899415137575026
              ],
              [
                86.91973760758219,
                27.899324863374808
              ],
              [
                86.91953438414991,
                27.89932474487804
              ],
              [
                86.91953445092167,
                27.899234470668837
              ],
              [
                86.91963606255248,
                27.899234529948664
              ],
              [
                86.91963626261628,
                27.898963707321062
              ],
              [
                86.91973787399556,
                27.89896376652902
              ],
              [
                86.91973794059666,
                27.89887349231982
              ],
              [
                86.92014438578138,
                27.89887372840606
              ],
              [
                86.92014431951267,
                27.898964002624243
              ],
              [
                86.92024593089195,
                27.89896406145491
              ],
              [
                86.92024586471307,
                27.89905433566411
              ],
              [
                86.92034747617319,
                27.8990543944319
              ],
              [
                86.92034754227123,
                27.898964120213716
              ],
              [
                86.92065237641805,
                27.89896429604995
              ],
              [
                86.92065217887851,
                27.899235118686533
              ],
              [
                86.92085540214912,
                27.8992352355304
              ],
              [
                86.92085533647328,
                27.899325509739604
              ],
              [
                86.92075372475264,
                27.899325451358095
              ],
              [
                86.92075365899596,
                27.899415725567295
              ],
              [
                86.9206520471855,
                27.899415667104936
              ],
              [
                86.92065198133898,
                27.899505941314136
              ],
              [
                86.92055036945665,
                27.899505882779913
              ],
              [
                86.9205505672477,
                27.89923506015231
              ],
              [
                86.9204489556169,
                27.89923500153724
              ],
              [
                86.9204490216251,
                27.899144727328036
              ],
              [
                86.92024579852519,
                27.899144609882295
              ],
              [
                86.92024566616742,
                27.899325158300698
              ]
            ],
            [
              [
                86.93650480912704,
                27.89716702506376
              ],
              [
                86.93691124807746,
                27.897167211697745
              ],
              [
                86.93691119573263,
                27.897257485969828
              ],
              [
                86.93650475644085,
                27.897257299335845
              ],
              [
                86.93650480912704,
                27.89716702506376
              ]
            ],
            [
              [
                86.93081564008317,
                27.895629623771494
              ],
              [
                86.93081558268082,
                27.895719898052562
              ],
              [
                86.93091719105973,
                27.895719949013987
              ],
              [
                86.93091713373823,
                27.89581022329505
              ],
              [
                86.93071391681873,
                27.89581012129135
              ],
              [
                86.9307140317941,
                27.8956295727382
              ],
              [
                86.93081564008317,
                27.895629623771494
              ]
            ],
            [
              [
                86.92979932421437,
                27.89599020713128
              ],
              [
                86.92969771558394,
                27.895990155343405
              ],
              [
                86.92969777392054,
                27.895899881071323
              ],
              [
                86.92979938246114,
                27.895899932859198
              ],
              [
                86.92979932421437,
                27.89599020713128
              ]
            ],
            [
              [
                86.9294919826001,
                27.89987184413771
              ],
              [
                86.92959359485074,
                27.899871896087284
              ],
              [
                86.92959353641534,
                27.899962170305468
              ],
              [
                86.92969514875581,
                27.899962222174192
              ],
              [
                86.92969509041023,
                27.900052496392377
              ],
              [
                86.92949186557657,
                27.90005239258306
              ],
              [
                86.9294919826001,
                27.89987184413771
              ]
            ],
            [
              [
                86.92349959000788,
                27.89598685469949
              ],
              [
                86.92360119861137,
                27.89598691105979
              ],
              [
                86.92360113522624,
                27.896077185313906
              ],
              [
                86.92349952653292,
                27.896077128962588
              ],
              [
                86.92349959000788,
                27.89598685469949
              ]
            ],
            [
              [
                86.93325163600866,
                27.89987371621778
              ],
              [
                86.93315002374904,
                27.899873666972134
              ],
              [
                86.933150079229,
                27.89978339274497
              ],
              [
                86.93325169140776,
                27.89978344199061
              ],
              [
                86.93325163600866,
                27.89987371621778
              ]
            ],
            [
              [
                86.93569166442654,
                27.897618019527012
              ],
              [
                86.93559005426899,
                27.897617972078002
              ],
              [
                86.93559010770976,
                27.8975276978149
              ],
              [
                86.93569171778647,
                27.897527745263915
              ],
              [
                86.93569166442654,
                27.897618019527012
              ]
            ],
            [
              [
                86.92868127430134,
                27.89653127895591
              ],
              [
                86.92868133348236,
                27.896441004692807
              ],
              [
                86.92878294252601,
                27.896441057226287
              ],
              [
                86.92878288343483,
                27.896531331489385
              ],
              [
                86.92868127430134,
                27.89653127895591
              ]
            ],
            [
              [
                86.91801020845712,
                27.899323846607672
              ],
              [
                86.91801014041873,
                27.899414120807887
              ],
              [
                86.91790852862623,
                27.899414060324318
              ],
              [
                86.91790859674546,
                27.89932378611512
              ],
              [
                86.91801020845712,
                27.899323846607672
              ]
            ],
            [
              [
                86.93579327458411,
                27.89761806689518
              ],
              [
                86.93579343441237,
                27.89734724410588
              ],
              [
                86.93599665422445,
                27.89734733861763
              ],
              [
                86.93599660111606,
                27.897437612889714
              ],
              [
                86.93609821110294,
                27.8974376600333
              ],
              [
                86.93609815808438,
                27.8975279342964
              ],
              [
                86.93599654800765,
                27.897527887152812
              ],
              [
                86.93599649489926,
                27.897618161415913
              ],
              [
                86.93579327458411,
                27.89761806689518
              ]
            ],
            [
              [
                86.91597888070501,
                27.898149057996367
              ],
              [
                86.91587727009828,
                27.898148996021597
              ],
              [
                86.91587733989738,
                27.898058721803412
              ],
              [
                86.91597895042325,
                27.898058783778183
              ],
              [
                86.91597888070501,
                27.898149057996367
              ]
            ],
            [
              [
                86.9204497477603,
                27.898151710928012
              ],
              [
                86.9202465265199,
                27.89815159348227
              ],
              [
                86.920246460341,
                27.89824186770944
              ],
              [
                86.92004323892994,
                27.898241749967255
              ],
              [
                86.92004317258036,
                27.89833202418544
              ],
              [
                86.91963672942582,
                27.898331787802757
              ],
              [
                86.91963659605295,
                27.898512336248107
              ],
              [
                86.91953498509588,
                27.8985122769593
              ],
              [
                86.91953511863943,
                27.89833172852293
              ],
              [
                86.91923028628027,
                27.89833155022531
              ],
              [
                86.91923042031789,
                27.89815100177996
              ],
              [
                86.91933203094258,
                27.89815106129335
              ],
              [
                86.91933196400012,
                27.898241335511532
              ],
              [
                86.9195351854112,
                27.898241454304745
              ],
              [
                86.919535252174,
                27.89815118007758
              ],
              [
                86.9196368627987,
                27.898151239357404
              ],
              [
                86.91963692948063,
                27.898060965139223
              ],
              [
                86.92004337162008,
                27.898061201521905
              ],
              [
                86.92004343796965,
                27.89797092729474
              ],
              [
                86.91994182751563,
                27.897970868311358
              ],
              [
                86.91994189394605,
                27.89788059408419
              ],
              [
                86.91973867321768,
                27.897880475892848
              ],
              [
                86.91973880641089,
                27.897699927438513
              ],
              [
                86.91984041661338,
                27.897699986574608
              ],
              [
                86.91984048312464,
                27.897609712338458
              ],
              [
                86.9199420932373,
                27.897609771393704
              ],
              [
                86.91994215966771,
                27.897519497166538
              ],
              [
                86.92014537973132,
                27.897519615052452
              ],
              [
                86.92014544599105,
                27.897429340816302
              ],
              [
                86.92024705594201,
                27.89742939965595
              ],
              [
                86.92024698976313,
                27.89751967388312
              ],
              [
                86.92055181985855,
                27.897519849925967
              ],
              [
                86.92055168801281,
                27.897700398398268
              ],
              [
                86.92034846760784,
                27.89770028110524
              ],
              [
                86.92034833542074,
                27.897880829559575
              ],
              [
                86.9204499457939,
                27.89788088824651
              ],
              [
                86.9204497477603,
                27.898151710928012
              ]
            ],
            [
              [
                86.93650480912704,
                27.89716702506376
              ],
              [
                86.93630158964733,
                27.897166931297612
              ],
              [
                86.9363016425042,
                27.89707665702553
              ],
              [
                86.9362000328497,
                27.897076610034656
              ],
              [
                86.93620013872513,
                27.89689606149049
              ],
              [
                86.9364033576928,
                27.89689615540037
              ],
              [
                86.93640330492576,
                27.896986429672452
              ],
              [
                86.93650491449942,
                27.896986476519594
              ],
              [
                86.93650480912704,
                27.89716702506376
              ]
            ],
            [
              [
                86.93000248338119,
                27.896080584754536
              ],
              [
                86.93010409209248,
                27.896080636317834
              ],
              [
                86.93010403409724,
                27.896170910589916
              ],
              [
                86.9300024253051,
                27.89617085902662
              ],
              [
                86.93000248338119,
                27.896080584754536
              ]
            ],
            [
              [
                86.93325163600866,
                27.89987371621778
              ],
              [
                86.93335324826829,
                27.899873765391558
              ],
              [
                86.933353192968,
                27.899964039618723
              ],
              [
                86.93325158061855,
                27.899963990444945
              ],
              [
                86.93325163600866,
                27.89987371621778
              ]
            ],
            [
              [
                86.933355515652,
                27.896172521044644
              ],
              [
                86.9333554603517,
                27.896262795316726
              ],
              [
                86.93325385146974,
                27.89626274615193
              ],
              [
                86.9332539068509,
                27.896172471879847
              ],
              [
                86.933355515652,
                27.896172521044644
              ]
            ],
            [
              [
                86.93376030196282,
                27.8988809447524
              ],
              [
                86.93386191329718,
                27.898880993548886
              ],
              [
                86.93386185841909,
                27.898971267785036
              ],
              [
                86.93376024699491,
                27.89897121898855
              ],
              [
                86.93376030196282,
                27.8988809447524
              ]
            ],
            [
              [
                86.92898604276334,
                27.896621710603846
              ],
              [
                86.92898592492234,
                27.896802259130045
              ],
              [
                86.92888431553733,
                27.896802206740297
              ],
              [
                86.928884433558,
                27.896621658214098
              ],
              [
                86.92898604276334,
                27.896621710603846
              ]
            ],
            [
              [
                86.9288849056047,
                27.89589946408235
              ],
              [
                86.92888502361639,
                27.895718915538183
              ],
              [
                86.9289866319863,
                27.89571896791895
              ],
              [
                86.92898651414531,
                27.895899516463114
              ],
              [
                86.9288849056047,
                27.89589946408235
              ]
            ],
            [
              [
                86.9294919826001,
                27.89987184413771
              ],
              [
                86.92939037034947,
                27.899871792116272
              ],
              [
                86.92939042894656,
                27.899781517898088
              ],
              [
                86.92949204110738,
                27.899781569919526
              ],
              [
                86.9294919826001,
                27.89987184413771
              ]
            ],
            [
              [
                86.93081564008317,
                27.895629623771494
              ],
              [
                86.93081569749451,
                27.895539349490427
              ],
              [
                86.93091730569374,
                27.895539400451852
              ],
              [
                86.93091724838123,
                27.89562967473292
              ],
              [
                86.93081564008317,
                27.895629623771494
              ]
            ],
            [
              [
                86.9331503566018,
                27.899332021582183
              ],
              [
                86.93315030113084,
                27.899422295818333
              ],
              [
                86.93294707745599,
                27.899422197102467
              ],
              [
                86.93294713309764,
                27.899331922866317
              ],
              [
                86.9331503566018,
                27.899332021582183
              ]
            ],
            [
              [
                86.92024566616742,
                27.899325158300698
              ],
              [
                86.92034727787907,
                27.899325217059502
              ],
              [
                86.92034721178103,
                27.8994154912687
              ],
              [
                86.92024559997955,
                27.899415432509898
              ],
              [
                86.92024566616742,
                27.899325158300698
              ]
            ],
            [
              [
                86.92898604276334,
                27.896621710603846
              ],
              [
                86.92898610169283,
                27.896531436340744
              ],
              [
                86.92908771081733,
                27.896531488649643
              ],
              [
                86.92908765197768,
                27.896621762921725
              ],
              [
                86.92898604276334,
                27.896621710603846
              ]
            ],
            [
              [
                86.93000248338119,
                27.896080584754536
              ],
              [
                86.92979926596762,
                27.896080481403363
              ],
              [
                86.92979932421437,
                27.89599020713128
              ],
              [
                86.93000254146625,
                27.895990310482453
              ],
              [
                86.93000248338119,
                27.896080584754536
              ]
            ],
            [
              [
                86.93487829683606,
                27.898430106155832
              ],
              [
                86.93487835087872,
                27.898339831910697
              ],
              [
                86.93497996171003,
                27.898339879880734
              ],
              [
                86.93497990775721,
                27.89843015412587
              ],
              [
                86.93487829683606,
                27.898430106155832
              ]
            ],
            [
              [
                86.93579327458411,
                27.89761806689518
              ],
              [
                86.93579322130503,
                27.89770834115828
              ],
              [
                86.93569161106662,
                27.897708293790114
              ],
              [
                86.93569166442654,
                27.897618019527012
              ],
              [
                86.93579327458411,
                27.89761806689518
              ]
            ]
          ],
          [
            [
              [
                86.92796755978078,
                27.9002321528376
              ],
              [
                86.9280691723638,
                27.900232205901084
              ],
              [
                86.92806911267076,
                27.900322480119268
              ],
              [
                86.9279674999979,
                27.9003224270468
              ],
              [
                86.92796755978078,
                27.9002321528376
              ]
            ]
          ]
        ]
      },
      "id": "+16833+12522",
      "properties": {
        "area_m2": 1296737.7925191866,
        "count": 12937,
        "image_id": "COPERNICUS/S1_GRD/S1A_IW_GRDH_1SDV_20251028T001125_20251028T001150_061618_07B284_AAF5",
        "lake_id": "imja-tsho",
        "observed_at": "2025-10-28T00:11:25Z",
        "water": 1
      }
    }
  ]
}
