{
  "type": "FeatureCollection",
  "features": [
    {
      "type": "Feature",
      "geometry": {
        "geodesic": false,
        "type": "MultiPolygon",
        "coordinates": [
          [
            [
              [
                86.92161114405378,
                27.896043554509692
              ],
              [
                86.9216112091008,
                27.895953280255576
              ],
              [
                86.92171281766835,
                27.895953337999284
              ],
              [
                86.92171275271117,
                27.8960436122534
              ],
              [
                86.92161114405378,
                27.896043554509692
              ]
            ]
          ],
          [
            [
              [
                86.92414821351025,
                27.900558687281308
              ],
              [
                86.92424982638971,
                27.9005587431655
              ],
              [
                86.92424976353459,
                27.90064901736572
              ],
              [
                86.92414815056529,
                27.900648961481522
              ],
              [
                86.92414821351025,
                27.900558687281308
              ]
            ]
          ],
          [
            [
              [
                86.92415186400305,
                27.89532278162052
              ],
              [
                86.92415180106708,
                27.895413055892607
              ],
              [
                86.9240501929936,
                27.89541299994553
              ],
              [
                86.92405025601042,
                27.89532272567345
              ],
              [
                86.92415186400305,
                27.89532278162052
              ]
            ]
          ],
          [
            [
              [
                86.92425378621738,
                27.89487146613532
              ],
              [
                86.92415217864696,
                27.89487141026011
              ],
              [
                86.92415224158293,
                27.89478113597904
              ],
              [
                86.92425384906352,
                27.894781191854253
              ],
              [
                86.92425378621738,
                27.89487146613532
              ]
            ]
          ],
          [
            [
              [
                86.92618463626411,
                27.894421142075778
              ],
              [
                86.92598142196768,
                27.894421033101153
              ],
              [
                86.92598148337652,
                27.8943307588111
              ],
              [
                86.92618469751125,
                27.89433086778573
              ],
              [
                86.92618463626411,
                27.894421142075778
              ]
            ]
          ],
          [
            [
              [
                86.92659069944027,
                27.894963004813114
              ],
              [
                86.92659076034604,
                27.894872730532047
              ],
              [
                86.92669236791646,
                27.894872784610627
              ],
              [
                86.92669230710052,
                27.894963058891694
              ],
              [
                86.92659069944027,
                27.894963004813114
              ]
            ]
          ],
          [
            [
              [
                86.92679191025107,
                27.897942163481886
              ],
              [
                86.92658868936999,
                27.89794205539659
              ],
              [
                86.92658893302902,
                27.89758095842504
              ],
              [
                86.9266905431327,
                27.89758101250362
              ],
              [
                86.9266906039666,
                27.897490738258487
              ],
              [
                86.92679221398943,
                27.897490792265202
              ],
              [
                86.92679209249229,
                27.89767134075547
              ],
              [
                86.92689370268579,
                27.897671394690317
              ],
              [
                86.92689364202256,
                27.897761668935452
              ],
              [
                86.9267920317482,
                27.8977616150006
              ],
              [
                86.92679191025107,
                27.897942163481886
              ]
            ]
          ],
          [
            [
              [
                86.92831618586345,
                27.897762416118173
              ],
              [
                86.92821457558911,
                27.897762363234353
              ],
              [
                86.9282146351564,
                27.897672088989218
              ],
              [
                86.92831624534989,
                27.897672141873038
              ],
              [
                86.92831618586345,
                27.897762416118173
              ]
            ]
          ],
          [
            [
              [
                86.92933240592693,
                27.897582392333863
              ],
              [
                86.92923079581428,
                27.897582340195644
              ],
              [
                86.92923085453715,
                27.89749206595051
              ],
              [
                86.92933246455998,
                27.897492118079747
              ],
              [
                86.92933240592693,
                27.897582392333863
              ]
            ]
          ],
          [
            [
              [
                86.93095937074423,
                27.89568745669863
              ],
              [
                86.9310609790872,
                27.89568750755226
              ],
              [
                86.93106092189147,
                27.895777781833324
              ],
              [
                86.93095931345866,
                27.895777730970714
              ],
              [
                86.93095937074423,
                27.89568745669863
              ]
            ]
          ],
          [
            [
              [
                86.93166972203524,
                27.89713219944632
              ],
              [
                86.93156811233581,
                27.897132149032867
              ],
              [
                86.9315680555533,
                27.897222423295965
              ],
              [
                86.93136483600173,
                27.897222322253462
              ],
              [
                86.93136489294594,
                27.897132047990365
              ],
              [
                86.93146650264536,
                27.897132098547548
              ],
              [
                86.93146655950872,
                27.89704182429343
              ],
              [
                86.93156816911832,
                27.89704187477875
              ],
              [
                86.93156828268334,
                27.89686132625255
              ],
              [
                86.93146667324443,
                27.896861275767233
              ],
              [
                86.93146673010779,
                27.89677100149515
              ],
              [
                86.93177155818199,
                27.896771152726526
              ],
              [
                86.93177144495833,
                27.896951701252725
              ],
              [
                86.93166983542957,
                27.89695165092012
              ],
              [
                86.93166972203524,
                27.89713219944632
              ]
            ]
          ],
          [
            [
              [
                86.93644405954984,
                27.899391340601277
              ],
              [
                86.93644400680975,
                27.899481614837427
              ],
              [
                86.93624078300914,
                27.899481520972465
              ],
              [
                86.93624083591992,
                27.899391246736315
              ],
              [
                86.93644405954984,
                27.899391340601277
              ]
            ]
          ],
          [
            [
              [
                86.93674905245591,
                27.899120658101875
              ],
              [
                86.93695227558278,
                27.899120751212255
              ],
              [
                86.93695211862914,
                27.899391573947657
              ],
              [
                86.93674889499023,
                27.899391480828292
              ],
              [
                86.93674905245591,
                27.899120658101875
              ]
            ]
          ],
          [
            [
              [
                86.93969788945347,
                27.895330459395492
              ],
              [
                86.93969793948963,
                27.89524018509646
              ],
              [
                86.93979954742836,
                27.895240229509167
              ],
              [
                86.93979949748203,
                27.8953305038082
              ],
              [
                86.93969788945347,
                27.895330459395492
              ]
            ]
          ],
          [
            [
              [
                86.92150940514968,
                27.89622404519337
              ],
              [
                86.92150953539641,
                27.896043496685138
              ],
              [
                86.92161114405378,
                27.896043554509692
              ],
              [
                86.92161107901576,
                27.89613382876381
              ],
              [
                86.92181429649222,
                27.89613394418834
              ],
              [
                86.92181436136855,
                27.896043669934222
              ],
              [
                86.92191597002594,
                27.896043727525218
              ],
              [
                86.92191603481243,
                27.8959534532711
              ],
              [
                86.92211925195652,
                27.895953568246473
              ],
              [
                86.9221191873407,
                27.89604384250059
              ],
              [
                86.92222079599809,
                27.896043899875988
              ],
              [
                86.92222092506802,
                27.89586335135877
              ],
              [
                86.92252575053712,
                27.895863523026822
              ],
              [
                86.92252581481156,
                27.895773248772706
              ],
              [
                86.92283064002913,
                27.895773419767018
              ],
              [
                86.92283070406104,
                27.89568314550392
              ],
              [
                86.92313552902708,
                27.8956833158245
              ],
              [
                86.92313559280747,
                27.895593041561398
              ],
              [
                86.92333880927781,
                27.895593154731156
              ],
              [
                86.92333893649723,
                27.895412606204957
              ],
              [
                86.92344054456171,
                27.895412662673056
              ],
              [
                86.92344067161045,
                27.895232114137873
              ],
              [
                86.92364388741605,
                27.895232226858475
              ],
              [
                86.92364395076524,
                27.895141952586393
              ],
              [
                86.92384716640015,
                27.89514206501055
              ],
              [
                86.92384722958765,
                27.895051790738467
              ],
              [
                86.92394883731977,
                27.895051846838257
              ],
              [
                86.9239487742221,
                27.89514212111034
              ],
              [
                86.92405038204406,
                27.89514217712928
              ],
              [
                86.92405031902723,
                27.895232451401363
              ],
              [
                86.92394871112444,
                27.895232395382422
              ],
              [
                86.92394864802677,
                27.895322669645523
              ],
              [
                86.9237454320505,
                27.89532255737408
              ],
              [
                86.92374536878215,
                27.895412831646162
              ],
              [
                86.92364376070867,
                27.89541277539366
              ],
              [
                86.92364363400131,
                27.895593323928843
              ],
              [
                86.9239484587248,
                27.89559349245279
              ],
              [
                86.92394852182245,
                27.89550321818969
              ],
              [
                86.92405012997679,
                27.89550327420863
              ],
              [
                86.92405006695996,
                27.89559354848071
              ],
              [
                86.92425328344828,
                27.895593660303
              ],
              [
                86.92425334629442,
                27.895503386030917
              ],
              [
                86.92435495444875,
                27.89550344183426
              ],
              [
                86.92435501721404,
                27.89541316756218
              ],
              [
                86.92455823336098,
                27.895413278935308
              ],
              [
                86.92455817076637,
                27.89550355320739
              ],
              [
                86.92496460340165,
                27.89550377505533
              ],
              [
                86.9249645411484,
                27.895594049327418
              ],
              [
                86.92516775763671,
                27.89559415980223
              ],
              [
                86.92516781972827,
                27.895503885530147
              ],
              [
                86.92506621156495,
                27.89550383032867
              ],
              [
                86.92506627373736,
                27.895413556065574
              ],
              [
                86.92516788181084,
                27.895413611267045
              ],
              [
                86.9251679439024,
                27.895323336994963
              ],
              [
                86.92567598386553,
                27.89532361187046
              ],
              [
                86.92567592219619,
                27.895413886142542
              ],
              [
                86.92577753026967,
                27.895413940885874
              ],
              [
                86.92577746869016,
                27.895504215157956
              ],
              [
                86.92598068501677,
                27.89550432443801
              ],
              [
                86.92598086925226,
                27.895233501621764
              ],
              [
                86.92608247716403,
                27.895233556140518
              ],
              [
                86.92608253849203,
                27.895143281868435
              ],
              [
                86.92638736197584,
                27.895143444993508
              ],
              [
                86.92638742305229,
                27.895053170721425
              ],
              [
                86.92648903079339,
                27.895053224943734
              ],
              [
                86.92648909178001,
                27.89496295066267
              ],
              [
                86.92659069944027,
                27.894963004813114
              ],
              [
                86.92659057762872,
                27.895143553375245
              ],
              [
                86.92689540111253,
                27.895143715377426
              ],
              [
                86.92689534045829,
                27.89523398964951
              ],
              [
                86.92730177210541,
                27.895234204607373
              ],
              [
                86.9273018324183,
                27.895143930335287
              ],
              [
                86.92750504808016,
                27.895144037360573
              ],
              [
                86.92750480748438,
                27.89550513446687
              ],
              [
                86.92791124015558,
                27.895505347628102
              ],
              [
                86.92791141958507,
                27.89523452479389
              ],
              [
                86.92770820376151,
                27.895234418370478
              ],
              [
                86.92770826374202,
                27.89514414408941
              ],
              [
                86.92801308723482,
                27.895144303621223
              ],
              [
                86.92801302750584,
                27.895234577902286
              ],
              [
                86.92831785125016,
                27.89523473676036
              ],
              [
                86.92831791072761,
                27.895144462479298
              ],
              [
                86.9297404203966,
                27.895145194893715
              ],
              [
                86.92974047868829,
                27.895054920612647
              ],
              [
                86.92984208643837,
                27.89505497236459
              ],
              [
                86.92984202823652,
                27.89514524665464
              ],
              [
                86.93004524390737,
                27.895145349933948
              ],
              [
                86.93004518586721,
                27.895235624215015
              ],
              [
                86.93014679378798,
                27.895235675751362
              ],
              [
                86.9301468517383,
                27.895145401461313
              ],
              [
                86.93024845957821,
                27.895145452916815
              ],
              [
                86.93024851744768,
                27.895055178635747
              ],
              [
                86.93045173295684,
                27.89505528132217
              ],
              [
                86.93045179065562,
                27.89496500703212
              ],
              [
                86.9306550059941,
                27.89496510941311
              ],
              [
                86.93065494846599,
                27.89505538370316
              ],
              [
                86.93075655621607,
                27.895055434781366
              ],
              [
                86.93075649876882,
                27.895145709071418
              ],
              [
                86.93106132227958,
                27.89514586185688
              ],
              [
                86.93106126508384,
                27.89523613614693
              ],
              [
                86.9311628730046,
                27.89523618691971
              ],
              [
                86.93116281588972,
                27.89532646120976
              ],
              [
                86.93126442390032,
                27.895326511910675
              ],
              [
                86.93126430984123,
                27.895507060481787
              ],
              [
                86.93116270166892,
                27.89550700977189
              ],
              [
                86.93116264455404,
                27.895597284052958
              ],
              [
                86.9309594280298,
                27.895597182417564
              ],
              [
                86.93095937074423,
                27.89568745669863
              ],
              [
                86.93085776240126,
                27.895687405764154
              ],
              [
                86.93085781976767,
                27.89559713148309
              ],
              [
                86.93075621150555,
                27.895597080476747
              ],
              [
                86.93075615405829,
                27.89568735475781
              ],
              [
                86.93065454571531,
                27.895687303679605
              ],
              [
                86.93065448817822,
                27.895777577951687
              ],
              [
                86.93055287974542,
                27.895777526801616
              ],
              [
                86.93055276450953,
                27.89595807534578
              ],
              [
                86.93095919889652,
                27.895958279523864
              ],
              [
                86.93095908432538,
                27.896138828077014
              ],
              [
                86.9308574755602,
                27.896138777142536
              ],
              [
                86.9308574181848,
                27.89622905141462
              ],
              [
                86.93095902703982,
                27.896229102349096
              ],
              [
                86.93095896975426,
                27.89631937662118
              ],
              [
                86.93106057869011,
                27.896319427474808
              ],
              [
                86.93106034988023,
                27.89668052454517
              ],
              [
                86.93116195915745,
                27.896680575335917
              ],
              [
                86.93116190203358,
                27.89677084959902
              ],
              [
                86.93126351139165,
                27.896770900308915
              ],
              [
                86.9312634543576,
                27.896861174572013
              ],
              [
                86.93075540715404,
                27.896860920276925
              ],
              [
                86.93075546461029,
                27.896770646013824
              ],
              [
                86.93085707396835,
                27.896770697020166
              ],
              [
                86.93085713133478,
                27.896680422757065
              ],
              [
                86.93095874061198,
                27.896680473691543
              ],
              [
                86.93095879789756,
                27.89659019941946
              ],
              [
                86.93065397033538,
                27.896590046400433
              ],
              [
                86.93065385525222,
                27.896770594926632
              ],
              [
                86.93055224590313,
                27.89677054376758
              ],
              [
                86.93055230352108,
                27.89668026950448
              ],
              [
                86.93045069425284,
                27.89668021827356
              ],
              [
                86.9304507519606,
                27.896589944010458
              ],
              [
                86.93024753358584,
                27.896589841315055
              ],
              [
                86.9302475914643,
                27.896499567051954
              ],
              [
                86.93034920057083,
                27.89649961843559
              ],
              [
                86.93034931614807,
                27.896319069900407
              ],
              [
                86.93014609828533,
                27.896318967061273
              ],
              [
                86.93014615624463,
                27.89622869278919
              ],
              [
                86.9299429385436,
                27.896228589653614
              ],
              [
                86.92994282229262,
                27.896409138188794
              ],
              [
                86.93004443130933,
                27.89640918979701
              ],
              [
                86.93004437326019,
                27.89649946406011
              ],
              [
                86.92994276416263,
                27.896499412451895
              ],
              [
                86.92994270603265,
                27.896589686723978
              ],
              [
                86.93014592440743,
                27.896589789859554
              ],
              [
                86.93014575052054,
                27.896860612648855
              ],
              [
                86.93004414108162,
                27.89686056112149
              ],
              [
                86.93004408303248,
                27.896950835375605
              ],
              [
                86.92994247351272,
                27.896950783767394
              ],
              [
                86.92994235725276,
                27.89713133228461
              ],
              [
                86.9300439669432,
                27.897131383892823
              ],
              [
                86.93004385084494,
                27.89731193241004
              ],
              [
                86.92984063113167,
                27.897311829121747
              ],
              [
                86.92984051470103,
                27.897492377621
              ],
              [
                86.93004373475566,
                27.897492480918274
              ],
              [
                86.93004367670652,
                27.89758275517239
              ],
              [
                86.92994206659387,
                27.897582703564176
              ],
              [
                86.92994200846388,
                27.89767297780931
              ],
              [
                86.92953556767192,
                27.897672770621874
              ],
              [
                86.92953550920956,
                27.89776304487599
              ],
              [
                86.92943389892622,
                27.897762992890485
              ],
              [
                86.92943384037403,
                27.897853267135616
              ],
              [
                86.92953545073821,
                27.897853319121122
              ],
              [
                86.92953533379553,
                27.89803386761139
              ],
              [
                86.92943372326067,
                27.898033815625883
              ],
              [
                86.9294336061473,
                27.89821436411615
              ],
              [
                86.92933199545075,
                27.89821431205878
              ],
              [
                86.92933181952468,
                27.898485134776212
              ],
              [
                86.92943343048175,
                27.898485186842567
              ],
              [
                86.92943331336839,
                27.898665735314868
              ],
              [
                86.92953492448716,
                27.898665787300374
              ],
              [
                86.92953457365012,
                27.89920743269931
              ],
              [
                86.92963618528093,
                27.899207484612948
              ],
              [
                86.92963606849993,
                27.899388033076267
              ],
              [
                86.92943284489697,
                27.89938792916814
              ],
              [
                86.92943296201932,
                27.899207380713804
              ],
              [
                86.92933135038851,
                27.899207328656434
              ],
              [
                86.92933140903052,
                27.899117054420284
              ],
              [
                86.92912818594858,
                27.899116950071978
              ],
              [
                86.92912812713588,
                27.899207224299147
              ],
              [
                86.92892490388324,
                27.8992071196544
              ],
              [
                86.92892484489987,
                27.899297393881564
              ],
              [
                86.92912806832318,
                27.899297498526312
              ],
              [
                86.92912800951048,
                27.89938777275348
              ],
              [
                86.92922962130298,
                27.89938782497255
              ],
              [
                86.9292295625801,
                27.899478099199715
              ],
              [
                86.92943278634478,
                27.899478203395304
              ],
              [
                86.92943266922244,
                27.89965875184964
              ],
              [
                86.92892460897532,
                27.899658490781253
              ],
              [
                86.92892466795871,
                27.899568216554083
              ],
              [
                86.92882305598654,
                27.899568164119422
              ],
              [
                86.92882311505976,
                27.899477889892253
              ],
              [
                86.9284166675394,
                27.899477679399016
              ],
              [
                86.92841654872822,
                27.899658227844366
              ],
              [
                86.92811171258714,
                27.89965806917494
              ],
              [
                86.92811177224426,
                27.899567794956756
              ],
              [
                86.9278069363637,
                27.899567635622574
              ],
              [
                86.92780699627234,
                27.899477361395405
              ],
              [
                86.92760377251666,
                27.899477254801315
              ],
              [
                86.92760389266633,
                27.899296706355962
              ],
              [
                86.92770550437798,
                27.89929675968894
              ],
              [
                86.92770568435544,
                27.89902593700744
              ],
              [
                86.92760407289532,
                27.89902588367446
              ],
              [
                86.92760413297465,
                27.898935609447296
              ],
              [
                86.92790896708553,
                27.89893576922165
              ],
              [
                86.92790914655096,
                27.898664946531166
              ],
              [
                86.9280107576787,
                27.898664999639568
              ],
              [
                86.92801093688362,
                27.898394176931117
              ],
              [
                86.92841738035257,
                27.898394388619113
              ],
              [
                86.92841732095597,
                27.898484662864245
              ],
              [
                86.92862054285214,
                27.898484768254594
              ],
              [
                86.92862048362622,
                27.898575042490744
              ],
              [
                86.92882370570206,
                27.89857514758465
              ],
              [
                86.9288237647573,
                27.8984848733485
              ],
              [
                86.92902698666245,
                27.898484978145962
              ],
              [
                86.92902710444956,
                27.898304429664677
              ],
              [
                86.92892549367215,
                27.89830437731086
              ],
              [
                86.92892555264655,
                27.89821410306573
              ],
              [
                86.92882394194999,
                27.898214050631065
              ],
              [
                86.92882400100524,
                27.898123776385933
              ],
              [
                86.92902722223666,
                27.898123881183395
              ],
              [
                86.9290272811302,
                27.89803360693826
              ],
              [
                86.92892567060433,
                27.898033554584444
              ],
              [
                86.92892572957872,
                27.897943280339312
              ],
              [
                86.9284176773446,
                27.897943017420396
              ],
              [
                86.9284177367412,
                27.89785274317526
              ],
              [
                86.92831612638601,
                27.897852690363305
              ],
              [
                86.92831618586345,
                27.897762416118173
              ],
              [
                86.92882423725317,
                27.89776267941438
              ],
              [
                86.92882429630842,
                27.897672405160264
              ],
              [
                86.9292307370914,
                27.89767261444976
              ],
              [
                86.92923067836854,
                27.897762888694892
              ],
              [
                86.92933228864288,
                27.89776294083311
              ],
              [
                86.92933240592693,
                27.897582392333863
              ],
              [
                86.92963723625591,
                27.897582548281395
              ],
              [
                86.9296372946464,
                27.897492274036264
              ],
              [
                86.92973890466922,
                27.897492325869056
              ],
              [
                86.92973896296988,
                27.89740205161494
              ],
              [
                86.92953574308594,
                27.897401947868506
              ],
              [
                86.92953580155728,
                27.89731167361439
              ],
              [
                86.92943419169616,
                27.897311621628884
              ],
              [
                86.92943425024835,
                27.897221347374767
              ],
              [
                86.92933264047706,
                27.897221295317397
              ],
              [
                86.92933269911009,
                27.89713102106328
              ],
              [
                86.92973913787188,
                27.897131228843605
              ],
              [
                86.92973937106554,
                27.896770131809173
              ],
              [
                86.92953615235838,
                27.896770028071725
              ],
              [
                86.92953603542468,
                27.89695057658894
              ],
              [
                86.92892637830609,
                27.89695026357098
              ],
              [
                86.92892608343409,
                27.89740163484156
              ],
              [
                86.92882447349213,
                27.89740158241588
              ],
              [
                86.92882465066685,
                27.897130759653532
              ],
              [
                86.92872304097641,
                27.897130707147003
              ],
              [
                86.92872310012149,
                27.897040432883905
              ],
              [
                86.92862149052087,
                27.897040380305512
              ],
              [
                86.9286215497468,
                27.896950106051396
              ],
              [
                86.92841833070726,
                27.896950000661043
              ],
              [
                86.92841827131066,
                27.897040274915163
              ],
              [
                86.92831666171004,
                27.89704022211219
              ],
              [
                86.92831654275514,
                27.89722077062042
              ],
              [
                86.92821493298385,
                27.8972207177366
              ],
              [
                86.92821481384927,
                27.89740126623585
              ],
              [
                86.92811320391628,
                27.897401213280165
              ],
              [
                86.92811314425916,
                27.897491487534282
              ],
              [
                86.92801153423633,
                27.89749143449775
              ],
              [
                86.92801141476939,
                27.897671982996997
              ],
              [
                86.92790980457589,
                27.8976719298886
              ],
              [
                86.9279098643947,
                27.897581655643464
              ],
              [
                86.92770664418737,
                27.897581549202087
              ],
              [
                86.92770658419786,
                27.89767182344722
              ],
              [
                86.92750336381985,
                27.897671716709397
              ],
              [
                86.9275031833483,
                27.897942539435814
              ],
              [
                86.92740157290328,
                27.897942485959106
              ],
              [
                86.92740169338532,
                27.89776193746884
              ],
              [
                86.92730008311098,
                27.897761883911283
              ],
              [
                86.92730014344183,
                27.897671609666148
              ],
              [
                86.92719853324833,
                27.897671556036727
              ],
              [
                86.92719859366002,
                27.89758128179159
              ],
              [
                86.9276050340837,
                27.897581495869108
              ],
              [
                86.92760515422438,
                27.897400947369857
              ],
              [
                86.92719871447446,
                27.897400733292343
              ],
              [
                86.92719889570058,
                27.897129910538975
              ],
              [
                86.92689406664721,
                27.89712974920155
              ],
              [
                86.92689400598398,
                27.897220023455667
              ],
              [
                86.92679239622167,
                27.89721996952082
              ],
              [
                86.92679233547759,
                27.897310243774935
              ],
              [
                86.92689394532972,
                27.897310297700802
              ],
              [
                86.9268938846665,
                27.897400571945933
              ],
              [
                86.92669066479154,
                27.89740046401335
              ],
              [
                86.92669078645936,
                27.897219915514103
              ],
              [
                86.92658917668807,
                27.897219861435524
              ],
              [
                86.92658905485854,
                27.89740040993477
              ],
              [
                86.92648744492556,
                27.897400355775346
              ],
              [
                86.92648738392995,
                27.897490630020478
              ],
              [
                86.92628416389329,
                27.897490521486027
              ],
              [
                86.926284102727,
                27.89758079573116
              ],
              [
                86.92638571282168,
                27.897580850034316
              ],
              [
                86.92638565174524,
                27.89767112427945
              ],
              [
                86.92628404155172,
                27.897671069976294
              ],
              [
                86.92628398038543,
                27.897761344221426
              ],
              [
                86.92638559065979,
                27.897761398524583
              ],
              [
                86.92638534631803,
                27.89812249548715
              ],
              [
                86.92658856754046,
                27.898122603877873
              ],
              [
                86.92658862845524,
                27.89803232963274
              ],
              [
                86.92679184950698,
                27.898032437727018
              ],
              [
                86.92679191025107,
                27.897942163481886
              ],
              [
                86.92709674157717,
                27.897942325061855
              ],
              [
                86.92709656009053,
                27.89821314777929
              ],
              [
                86.9265885066257,
                27.898212878114023
              ],
              [
                86.92658844570197,
                27.898303152350174
              ],
              [
                86.92648683492456,
                27.898303098190745
              ],
              [
                86.92648689592916,
                27.898212823954594
              ],
              [
                86.92628367454502,
                27.89821271541116
              ],
              [
                86.92628349103717,
                27.89848353811961
              ],
              [
                86.926080269141,
                27.898483429279732
              ],
              [
                86.92608020780403,
                27.898573703506898
              ],
              [
                86.92618181883297,
                27.898573757962772
              ],
              [
                86.92618169632073,
                27.89875430642609
              ],
              [
                86.92628330752035,
                27.898754360810095
              ],
              [
                86.92628324634508,
                27.898844635037264
              ],
              [
                86.92638485763452,
                27.898844689349406
              ],
              [
                86.92638510197628,
                27.89848359242277
              ],
              [
                86.92648671292436,
                27.898483646663045
              ],
              [
                86.92648665191977,
                27.898573920890215
              ],
              [
                86.9265882629577,
                27.898573975049644
              ],
              [
                86.92658820203394,
                27.898664249285794
              ],
              [
                86.92648659092417,
                27.898664195126365
              ],
              [
                86.92648652991957,
                27.89875446935353
              ],
              [
                86.92668975231881,
                27.898754577600524
              ],
              [
                86.92668950897418,
                27.89911567450919
              ],
              [
                86.92679112051515,
                27.899115728515905
              ],
              [
                86.92679099900903,
                27.89929627697024
              ],
              [
                86.92658777560368,
                27.89929616886698
              ],
              [
                86.92658771467994,
                27.899386443094148
              ],
              [
                86.92648610289642,
                27.89938638893472
              ],
              [
                86.92648604188284,
                27.899476663152903
              ],
              [
                86.92638443000949,
                27.89947660892161
              ],
              [
                86.92638430783862,
                27.899657157357975
              ],
              [
                86.92628269579458,
                27.899657103045833
              ],
              [
                86.92628275696985,
                27.89956682882765
              ],
              [
                86.92607953305247,
                27.899566719978786
              ],
              [
                86.92607947170653,
                27.89965699419697
              ],
              [
                86.92618108375055,
                27.899657048661826
              ],
              [
                86.92618071619587,
                27.90019869394398
              ],
              [
                86.92607910364879,
                27.900198639479125
              ],
              [
                86.92607916499473,
                27.900108365269926
              ],
              [
                86.92587594007124,
                27.900108256115633
              ],
              [
                86.9258758785546,
                27.900198530324836
              ],
              [
                86.92577426600752,
                27.900198475644384
              ],
              [
                86.92577438920247,
                27.90001792722598
              ],
              [
                86.92567277682608,
                27.900017872464684
              ],
              [
                86.9256728385044,
                27.8999275982465
              ],
              [
                86.92526638934012,
                27.899927378455697
              ],
              [
                86.92526657539021,
                27.89965655581013
              ],
              [
                86.92516496334618,
                27.89965650068052
              ],
              [
                86.9251650254557,
                27.899566226462337
              ],
              [
                86.92506341350149,
                27.89956617125188
              ],
              [
                86.92506335131112,
                27.899656445470065
              ],
              [
                86.92496173927609,
                27.89965639018774
              ],
              [
                86.92496161473365,
                27.899836938615124
              ],
              [
                86.92506322693937,
                27.89983699389745
              ],
              [
                86.92506304037725,
                27.90010781652505
              ],
              [
                86.9247582029965,
                27.90010765044452
              ],
              [
                86.92475814055462,
                27.90019792465372
              ],
              [
                86.92496136564878,
                27.90019803545193
              ],
              [
                86.92496130337757,
                27.90028830966113
              ],
              [
                86.9250629160055,
                27.900288364943453
              ],
              [
                86.92506285381513,
                27.900378639152652
              ],
              [
                86.92536769195047,
                27.900378804559445
              ],
              [
                86.92536763002062,
                27.900469078768648
              ],
              [
                86.92567246841647,
                27.900469243501703
              ],
              [
                86.92567234505083,
                27.90064979191112
              ],
              [
                86.92546911911224,
                27.900649682163944
              ],
              [
                86.92546918097023,
                27.90055940795474
              ],
              [
                86.92475789079602,
                27.900559021472557
              ],
              [
                86.92475795323791,
                27.900468747272342
              ],
              [
                86.92424988925382,
                27.900468468965283
              ],
              [
                86.92425014071023,
                27.900107372146447
              ],
              [
                86.92404691579571,
                27.900107260297208
              ],
              [
                86.92404672670035,
                27.90037808291583
              ],
              [
                86.92414833940913,
                27.900378138871886
              ],
              [
                86.92414821351025,
                27.900558687281308
              ],
              [
                86.9239449877603,
                27.900558575279355
              ],
              [
                86.92394492464467,
                27.900648849479573
              ],
              [
                86.92404653760498,
                27.900648905516483
              ],
              [
                86.92404647457019,
                27.900739179716698
              ],
              [
                86.92364002238759,
                27.900738955119913
              ],
              [
                86.92364008575474,
                27.90064868092868
              ],
              [
                86.92374169871506,
                27.900648737190163
              ],
              [
                86.92374176200137,
                27.900558462989945
              ],
              [
                86.92364014912191,
                27.90055840672846
              ],
              [
                86.92364021248906,
                27.900468132528243
              ],
              [
                86.92333537411119,
                27.900467963294627
              ],
              [
                86.9233352468738,
                27.90064851169506
              ],
              [
                86.9231320209442,
                27.90064839849835
              ],
              [
                86.92313195715484,
                27.900738672689588
              ],
              [
                86.92303034411367,
                27.90073861597894
              ],
              [
                86.92303028023447,
                27.90082889017916
              ],
              [
                86.92262382771948,
                27.900828662582
              ],
              [
                86.92262389194005,
                27.900738388390767
              ],
              [
                86.92242066584873,
                27.900738274143027
              ],
              [
                86.92242060146648,
                27.900828548343245
              ],
              [
                86.92231898834447,
                27.900828491102594
              ],
              [
                86.92231892387238,
                27.90091876529383
              ],
              [
                86.92221731066054,
                27.900918707990296
              ],
              [
                86.92221737521348,
                27.900828433790082
              ],
              [
                86.92211576209147,
                27.9008283764057
              ],
              [
                86.92211569745768,
                27.900918650596935
              ],
              [
                86.92160763140747,
                27.90091836255214
              ],
              [
                86.92160769646345,
                27.900828088360903
              ],
              [
                86.92150608334144,
                27.900828030527368
              ],
              [
                86.92150601819563,
                27.9009183047186
              ],
              [
                86.92120117856908,
                27.900918130759845
              ],
              [
                86.92120111318071,
                27.90100840495108
              ],
              [
                86.92099788659533,
                27.901008288610267
              ],
              [
                86.9209978210273,
                27.90109856279252
              ],
              [
                86.92089620765377,
                27.901098504509825
              ],
              [
                86.92089614200488,
                27.901188778692074
              ],
              [
                86.9207945285505,
                27.901188720337515
              ],
              [
                86.92079459428022,
                27.90109844614628
              ],
              [
                86.92048975415962,
                27.901098270624455
              ],
              [
                86.92048982014087,
                27.901007996433222
              ],
              [
                86.92028659356448,
                27.90100787904138
              ],
              [
                86.92028652741254,
                27.901098153223632
              ],
              [
                86.91998168729192,
                27.901097976569933
              ],
              [
                86.91998162087948,
                27.901188250761166
              ],
              [
                86.91947355359856,
                27.901187954838147
              ],
              [
                86.91947348677289,
                27.901278229020395
              ],
              [
                86.91937187322867,
                27.901278169614805
              ],
              [
                86.91937194014417,
                27.901187895432557
              ],
              [
                86.9183558056093,
                27.901187297217458
              ],
              [
                86.91835587336922,
                27.901097023035206
              ],
              [
                86.91845748673377,
                27.90109708319538
              ],
              [
                86.91845755440387,
                27.90100680901313
              ],
              [
                86.91805110127802,
                27.901006567932257
              ],
              [
                86.91805103326658,
                27.90109684211451
              ],
              [
                86.91815264663113,
                27.901096902499262
              ],
              [
                86.91815257870951,
                27.901187176681514
              ],
              [
                86.91825419215492,
                27.901187236985418
              ],
              [
                86.91825405647337,
                27.901367785340938
              ],
              [
                86.91784760200007,
                27.901367543658193
              ],
              [
                86.91784753381793,
                27.901457817840445
              ],
              [
                86.91764430641508,
                27.901457696549915
              ],
              [
                86.91764423806228,
                27.901547970723183
              ],
              [
                86.91744101048874,
                27.901547849127226
              ],
              [
                86.91744094197425,
                27.901638123300494
              ],
              [
                86.91723771423004,
                27.901638001408095
              ],
              [
                86.91723764554484,
                27.901728275581362
              ],
              [
                86.91683118973305,
                27.901728030898244
              ],
              [
                86.9168311207065,
                27.90181830507151
              ],
              [
                86.91662789262992,
                27.901818182271814
              ],
              [
                86.91662782344167,
                27.90190845644508
              ],
              [
                86.91632298107527,
                27.901908271688576
              ],
              [
                86.9163229116355,
                27.901998545861847
              ],
              [
                86.91622129742653,
                27.90199848412962
              ],
              [
                86.91622122789693,
                27.902088758293903
              ],
              [
                86.91611961360711,
                27.90208869648083
              ],
              [
                86.91611954399666,
                27.902178970645114
              ],
              [
                86.915408243393,
                27.902178535887465
              ],
              [
                86.91540817318966,
                27.90226881004277
              ],
              [
                86.91500171536563,
                27.902268559960778
              ],
              [
                86.91500178591033,
                27.902178285805476
              ],
              [
                86.91490017154865,
                27.902178223094086
              ],
              [
                86.9149002421742,
                27.9020879489298
              ],
              [
                86.91500185645504,
                27.90208801164119
              ],
              [
                86.91500235024996,
                27.90145609248221
              ],
              [
                86.91490073655302,
                27.901456029779805
              ],
              [
                86.91490066592748,
                27.901546303953072
              ],
              [
                86.9147990521497,
                27.901546241169818
              ],
              [
                86.91479919357147,
                27.901365692832265
              ],
              [
                86.91469757995539,
                27.901365629977143
              ],
              [
                86.91469765075162,
                27.901275355803875
              ],
              [
                86.91459603722537,
                27.90127529287689
              ],
              [
                86.91459610810244,
                27.90118501870362
              ],
              [
                86.91449449466603,
                27.901184955695786
              ],
              [
                86.91449456562395,
                27.90109468152252
              ],
              [
                86.91439295226837,
                27.90109461844282
              ],
              [
                86.91439323645042,
                27.900733521749746
              ],
              [
                86.91429162342722,
                27.900733458598182
              ],
              [
                86.91429169455583,
                27.90064318441593
              ],
              [
                86.91388524283136,
                27.90064293105509
              ],
              [
                86.91388531429234,
                27.900552656872836
              ],
              [
                86.91358047575277,
                27.90055246607067
              ],
              [
                86.91358054747425,
                27.90046219188842
              ],
              [
                86.91327570918621,
                27.900462000412517
              ],
              [
                86.91327578115923,
                27.900371726230265
              ],
              [
                86.9129709431227,
                27.900371534071642
              ],
              [
                86.9129707986826,
                27.90055208242716
              ],
              [
                86.912665960143,
                27.900551889594805
              ],
              [
                86.91266603262807,
                27.900461615421534
              ],
              [
                86.9124628071027,
                27.900461486495328
              ],
              [
                86.91246287974946,
                27.900371212322057
              ],
              [
                86.9125644924223,
                27.900371276821094
              ],
              [
                86.91256463754515,
                27.900190728465574
              ],
              [
                86.91246302504297,
                27.900190663957556
              ],
              [
                86.91246309768074,
                27.90010038978429
              ],
              [
                86.91236148525942,
                27.900100325204402
              ],
              [
                86.91236155798703,
                27.90001005102215
              ],
              [
                86.91225994565553,
                27.9000099863704
              ],
              [
                86.91226009128142,
                27.899829438005895
              ],
              [
                86.91246331561203,
                27.899829567237532
              ],
              [
                86.91246324297427,
                27.899919841419784
              ],
              [
                86.91286969198582,
                27.899920098966778
              ],
              [
                86.91286983659661,
                27.899739550593292
              ],
              [
                86.91297144867657,
                27.899739614795884
              ],
              [
                86.91297152090112,
                27.89964934060465
              ],
              [
                86.91286990890201,
                27.89964927641104
              ],
              [
                86.91286998120741,
                27.899559002219803
              ],
              [
                86.9129715931167,
                27.8995590664224
              ],
              [
                86.91297166534125,
                27.899468792231165
              ],
              [
                86.91287005350382,
                27.89946872802857
              ],
              [
                86.91287034272541,
                27.899107631263632
              ],
              [
                86.91297195421248,
                27.899107695457243
              ],
              [
                86.91297202643703,
                27.89901742126601
              ],
              [
                86.91307363784327,
                27.899017485387752
              ],
              [
                86.91307370997798,
                27.898927211187534
              ],
              [
                86.91348015528848,
                27.898927466928914
              ],
              [
                86.91348022708183,
                27.898837192728696
              ],
              [
                86.91358183832637,
                27.898837256482132
              ],
              [
                86.91358191003887,
                27.898746982281914
              ],
              [
                86.91368352120256,
                27.8987470459545
              ],
              [
                86.91368373607958,
                27.898476223344865
              ],
              [
                86.91348051426425,
                27.898476095927826
              ],
              [
                86.91348065785097,
                27.898295547509424
              ],
              [
                86.91368387933392,
                27.898295674926462
              ],
              [
                86.9136839509566,
                27.898205400726244
              ],
              [
                86.91388717226886,
                27.89820552783786
              ],
              [
                86.91388724372085,
                27.898115253628657
              ],
              [
                86.91398885429165,
                27.898115317076666
              ],
              [
                86.9139887829205,
                27.898205591285866
              ],
              [
                86.91409039358112,
                27.89820565466201
              ],
              [
                86.91409025100053,
                27.89838620307143
              ],
              [
                86.91429347265415,
                27.898386329590153
              ],
              [
                86.91429368600403,
                27.89811550696255
              ],
              [
                86.91419207543323,
                27.898115443748104
              ],
              [
                86.91419214664269,
                27.89802516952992
              ],
              [
                86.91449697810354,
                27.89802535897563
              ],
              [
                86.91449704905249,
                27.897935084757446
              ],
              [
                86.9145986594526,
                27.897935147756296
              ],
              [
                86.91459873032069,
                27.897844873538112
              ],
              [
                86.91470034063995,
                27.8978449364651
              ],
              [
                86.91470041141822,
                27.897754662246914
              ],
              [
                86.91500524213347,
                27.897754850560748
              ],
              [
                86.91500538318694,
                27.89757430212438
              ],
              [
                86.91531021339014,
                27.897574489755495
              ],
              [
                86.91531028366535,
                27.89748421553731
              ],
              [
                86.91551350363913,
                27.897484340259403
              ],
              [
                86.91551357374365,
                27.897394066032238
              ],
              [
                86.91571679354675,
                27.897394190448903
              ],
              [
                86.9157167236129,
                27.897484464676072
              ],
              [
                86.91591994358669,
                27.89748458878731
              ],
              [
                86.91591980405137,
                27.89766513723266
              ],
              [
                86.91602141420894,
                27.897665199180484
              ],
              [
                86.91602127483533,
                27.897845747616852
              ],
              [
                86.91591966451607,
                27.897845685678014
              ],
              [
                86.91591959474391,
                27.897935959887214
              ],
              [
                86.9161228155621,
                27.89793608371099
              ],
              [
                86.91612295476504,
                27.897755535274623
              ],
              [
                86.91632617524188,
                27.897755658792974
              ],
              [
                86.91632624467266,
                27.897665384574793
              ],
              [
                86.91642785483023,
                27.897665446217186
              ],
              [
                86.91642799352113,
                27.897484897771836
              ],
              [
                86.91612316356047,
                27.89748471261109
              ],
              [
                86.916123093959,
                27.897574986829273
              ],
              [
                86.91602148389126,
                27.8975749249623
              ],
              [
                86.91602169293822,
                27.89730410228978
              ],
              [
                86.91622491257063,
                27.897304225951864
              ],
              [
                86.91622498209125,
                27.897213951724694
              ],
              [
                86.9163265918266,
                27.89721401344794
              ],
              [
                86.91632652239582,
                27.897304287675105
              ],
              [
                86.91663135185343,
                27.897304472386693
              ],
              [
                86.91663128268316,
                27.897394746613863
              ],
              [
                86.91683450248625,
                27.897394869386613
              ],
              [
                86.91683464050341,
                27.897214320932278
              ],
              [
                86.91703785998311,
                27.8972144433996
              ],
              [
                86.91703779114522,
                27.897304717626767
              ],
              [
                86.91713940096143,
                27.89730477874814
              ],
              [
                86.91713946971848,
                27.89721450452097
              ],
              [
                86.91724107945385,
                27.89721456557048
              ],
              [
                86.91724114813005,
                27.89712429133433
              ],
              [
                86.91744436743906,
                27.897124413208765
              ],
              [
                86.91744443593561,
                27.897034138972614
              ],
              [
                86.91754604550927,
                27.89703419979754
              ],
              [
                86.91754611392496,
                27.89694392556139
              ],
              [
                86.91774933290161,
                27.896944046977683
              ],
              [
                86.91774940114662,
                27.896853772741533
              ],
              [
                86.91795261995259,
                27.896853893861383
              ],
              [
                86.91795268802693,
                27.896763619625233
              ],
              [
                86.91815590667119,
                27.896763740439656
              ],
              [
                86.91815583875857,
                27.89685401468479
              ],
              [
                86.9184606669765,
                27.896854195344975
              ],
              [
                86.91846073462862,
                27.896763921108825
              ],
              [
                86.91856234395075,
                27.89676398117917
              ],
              [
                86.91856241152203,
                27.89667370694302
              ],
              [
                86.91866402076332,
                27.896673766941497
              ],
              [
                86.91866388578246,
                27.896854315413798
              ],
              [
                86.91876549518545,
                27.89685437534041
              ],
              [
                86.91876542778485,
                27.89694464957656
              ],
              [
                86.91886703727766,
                27.896944709422325
              ],
              [
                86.91886710459741,
                27.896854435186174
              ],
              [
                86.91907032340339,
                27.896854554653125
              ],
              [
                86.91907039056143,
                27.896764280416974
              ],
              [
                86.91917199988357,
                27.89676434003816
              ],
              [
                86.91917206695179,
                27.89667406580201
              ],
              [
                86.91968011314924,
                27.896674362785042
              ],
              [
                86.91968017978627,
                27.89658408854889
              ],
              [
                86.91978178894671,
                27.89658414772092
              ],
              [
                86.91978185550289,
                27.896493873475787
              ],
              [
                86.91998507365308,
                27.896493991595264
              ],
              [
                86.9199850072586,
                27.896584265840396
              ],
              [
                86.9201882255705,
                27.896584383663427
              ],
              [
                86.9201882917943,
                27.89649410940931
              ],
              [
                86.92028990086492,
                27.89649416821303
              ],
              [
                86.92028996700786,
                27.896403893967896
              ],
              [
                86.92039157599763,
                27.89640395269077
              ],
              [
                86.92039170810386,
                27.896223404191517
              ],
              [
                86.92049331692294,
                27.89622346283354
              ],
              [
                86.92049325095067,
                27.896313737087656
              ],
              [
                86.9206964687685,
                27.896313854156105
              ],
              [
                86.9206964029669,
                27.89640412841022
              ],
              [
                86.92079801195666,
                27.896404186827663
              ],
              [
                86.92079807766842,
                27.896313912582528
              ],
              [
                86.92089968657733,
                27.89631397092811
              ],
              [
                86.92089975220824,
                27.896223696682974
              ],
              [
                86.92150940514968,
                27.89622404519337
              ]
            ],
            [
              [
                86.92150940514968,
                27.89622404519337
              ],
              [
                86.92161101397774,
                27.896224103017925
              ],
              [
                86.92161094893072,
                27.89631437727204
              ],
              [
                86.92150934002181,
                27.896314319447487
              ],
              [
                86.92150940514968,
                27.89622404519337
              ]
            ],
            [
              [
                86.92760515422438,
                27.897400947369857
              ],
              [
                86.92760521429473,
                27.897310673124725
              ],
              [
                86.92770682414687,
                27.897310726457704
              ],
              [
                86.92770676415736,
                27.897401000702835
              ],
              [
                86.92760515422438,
                27.897400947369857
              ]
            ],
            [
              [
                86.92902698666245,
                27.898484978145962
              ],
              [
                86.9292302085766,
                27.898485082646978
              ],
              [
                86.92923009112187,
                27.89866563111928
              ],
              [
                86.9291284800031,
                27.898665578909196
              ],
              [
                86.92912853880682,
                27.898575304673045
              ],
              [
                86.9290269277689,
                27.898575252382113
              ],
              [
                86.92902698666245,
                27.898484978145962
              ]
            ],
            [
              [
                86.92933199545075,
                27.89821431205878
              ],
              [
                86.92923038474521,
                27.89821425992056
              ],
              [
                86.92923044346807,
                27.898123985675426
              ],
              [
                86.92912883285237,
                27.898123933465342
              ],
              [
                86.92912895046878,
                27.89794338498406
              ],
              [
                86.92902734002375,
                27.897943332693128
              ],
              [
                86.9290273989173,
                27.897853058447993
              ],
              [
                86.92933223000985,
                27.897853215078246
              ],
              [
                86.92933199545075,
                27.89821431205878
              ]
            ],
            [
              [
                86.93014679378798,
                27.895235675751362
              ],
              [
                86.93024840170874,
                27.895235727206863
              ],
              [
                86.93024822809134,
                27.89550655005006
              ],
              [
                86.93004501173777,
                27.895506447058214
              ],
              [
                86.93004495369763,
                27.89559672133928
              ],
              [
                86.9299433454355,
                27.895596669731066
              ],
              [
                86.9299432873145,
                27.895686944012134
              ],
              [
                86.92984167897154,
                27.895686892332055
              ],
              [
                86.92984162076071,
                27.895777166604137
              ],
              [
                86.92963840391306,
                27.895777063019402
              ],
              [
                86.92963834553156,
                27.895867337300466
              ],
              [
                86.92973995403622,
                27.895867389124277
              ],
              [
                86.92973989574455,
                27.89595766339636
              ],
              [
                86.92984150433904,
                27.895957715157287
              ],
              [
                86.92984144612821,
                27.89604798942937
              ],
              [
                86.92953662009319,
                27.896047833939978
              ],
              [
                86.9295367370179,
                27.895867285386828
              ],
              [
                86.92933351999959,
                27.895867181352934
              ],
              [
                86.92933363726566,
                27.89568663280877
              ],
              [
                86.9296384622856,
                27.89568678874732
              ],
              [
                86.9296385206671,
                27.895596514466252
              ],
              [
                86.92974012892923,
                27.895596566299044
              ],
              [
                86.9297401872209,
                27.895506292017977
              ],
              [
                86.9298417953932,
                27.895506343778905
              ],
              [
                86.92984185360403,
                27.895416069497838
              ],
              [
                86.93004506977793,
                27.89541617278613
              ],
              [
                86.93004512781808,
                27.895325898505064
              ],
              [
                86.93014673582867,
                27.89532595003243
              ],
              [
                86.93014679378798,
                27.895235675751362
              ]
            ],
            [
              [
                86.9308574181848,
                27.89622905141462
              ],
              [
                86.93085724607658,
                27.896499874221885
              ],
              [
                86.93065402787248,
                27.89649977212835
              ],
              [
                86.93065414294666,
                27.89631922359317
              ],
              [
                86.9305525340198,
                27.896319172434115
              ],
              [
                86.93055259163773,
                27.896228898171014
              ],
              [
                86.93065420049275,
                27.896228949321085
              ],
              [
                86.93065425802985,
                27.896138675049002
              ],
              [
                86.93075586679502,
                27.896138726136193
              ],
              [
                86.93075580933878,
                27.896229000408276
              ],
              [
                86.9308574181848,
                27.89622905141462
              ]
            ],
            [
              [
                86.91398778367949,
                27.8994694300979
              ],
              [
                86.91398785505963,
                27.89937915590666
              ],
              [
                86.91408946680721,
                27.899379219282807
              ],
              [
                86.91408939551691,
                27.89946949347404
              ],
              [
                86.91398778367949,
                27.8994694300979
              ]
            ],
            [
              [
                86.91439444414549,
                27.899198860561643
              ],
              [
                86.91439451518426,
                27.89910858637041
              ],
              [
                86.91449612668032,
                27.899108649441125
              ],
              [
                86.91449619763824,
                27.899018375240907
              ],
              [
                86.91469942046866,
                27.899018501166744
              ],
              [
                86.91469927890316,
                27.89919904956718
              ],
              [
                86.91439444414549,
                27.899198860561643
              ]
            ],
            [
              [
                86.91439479933037,
                27.898747489560556
              ],
              [
                86.91439487036914,
                27.898657215360338
              ],
              [
                86.91449648145198,
                27.898657278431052
              ],
              [
                86.91449641049405,
                27.898747552640256
              ],
              [
                86.91439479933037,
                27.898747489560556
              ]
            ],
            [
              [
                86.91469970360866,
                27.89865740435689
              ],
              [
                86.91469984517416,
                27.898476855938487
              ],
              [
                86.91510628881379,
                27.89847710688286
              ],
              [
                86.91510621836791,
                27.898567381092064
              ],
              [
                86.91480138537992,
                27.898567192993827
              ],
              [
                86.9148013146825,
                27.898657467203027
              ],
              [
                86.91469970360866,
                27.89865740435689
              ]
            ],
            [
              [
                86.91480018346103,
                27.900101854334643
              ],
              [
                86.91480039557122,
                27.899831031769924
              ],
              [
                86.91510523209858,
                27.899831219877143
              ],
              [
                86.91510509119783,
                27.900011768259613
              ],
              [
                86.91500347885734,
                27.900011705629073
              ],
              [
                86.91500340832164,
                27.900101979820306
              ],
              [
                86.91480018346103,
                27.900101854334643
              ]
            ],
            [
              [
                86.91500256186609,
                27.90118526997139
              ],
              [
                86.91500263241079,
                27.901094995798122
              ],
              [
                86.91510424576636,
                27.901095058428663
              ],
              [
                86.9151041753115,
                27.90118533260193
              ],
              [
                86.91500256186609,
                27.90118526997139
              ]
            ],
            [
              [
                86.91500284402692,
                27.900824173269335
              ],
              [
                86.91500291456263,
                27.900733899096064
              ],
              [
                86.91510452757684,
                27.90073396172661
              ],
              [
                86.91510445713097,
                27.900824235899876
              ],
              [
                86.91500284402692,
                27.900824173269335
              ]
            ],
            [
              [
                86.91520656280822,
                27.900192379182794
              ],
              [
                86.91520663317326,
                27.900102105000542
              ],
              [
                86.91540985804286,
                27.900102229875348
              ],
              [
                86.91540971764516,
                27.900282778248833
              ],
              [
                86.91530810504418,
                27.900282715851855
              ],
              [
                86.91530817532836,
                27.90019244166062
              ],
              [
                86.91520656280822,
                27.900192379182794
              ]
            ],
            [
              [
                86.91530712104758,
                27.901546554322525
              ],
              [
                86.91530726161595,
                27.901366005984972
              ],
              [
                86.91540887523203,
                27.901366068390935
              ],
              [
                86.91540894543537,
                27.901275794217668
              ],
              [
                86.91551055896163,
                27.901275856551763
              ],
              [
                86.91551062907514,
                27.901185582378496
              ],
              [
                86.91561224252054,
                27.901185644631745
              ],
              [
                86.9156123125532,
                27.901095370458478
              ],
              [
                86.91571392591776,
                27.90109543263986
              ],
              [
                86.91571399586059,
                27.901005158466592
              ],
              [
                86.91581560913531,
                27.90100522056713
              ],
              [
                86.91581546941134,
                27.901185768922648
              ],
              [
                86.91571385596595,
                27.90118570681313
              ],
              [
                86.91571378601414,
                27.901275980986398
              ],
              [
                86.91591701307561,
                27.901276105124587
              ],
              [
                86.91591694329449,
                27.901366379297855
              ],
              [
                86.91581532967841,
                27.901366317269186
              ],
              [
                86.91581525981643,
                27.90145659143347
              ],
              [
                86.9157136461195,
                27.901456529332933
              ],
              [
                86.91571357616768,
                27.90154680349722
              ],
              [
                86.91530712104758,
                27.901546554322525
              ]
            ],
            [
              [
                86.91540943684079,
                27.900643874986823
              ],
              [
                86.91540957724747,
                27.90046332662232
              ],
              [
                86.91561280278182,
                27.900463451200682
              ],
              [
                86.91561273274915,
                27.900553725382935
              ],
              [
                86.91571434560167,
                27.90055378756432
              ],
              [
                86.91571427565884,
                27.900644061746572
              ],
              [
                86.91540943684079,
                27.900643874986823
              ]
            ],
            [
              [
                86.91551203137224,
                27.899380098661602
              ],
              [
                86.91551210148576,
                27.899289824461388
              ],
              [
                86.9156137131525,
                27.899289886714637
              ],
              [
                86.91561364312882,
                27.899380160914852
              ],
              [
                86.91551203137224,
                27.899380098661602
              ]
            ],
            [
              [
                86.91551287268044,
                27.898296808205092
              ],
              [
                86.91551294279395,
                27.898206533995893
              ],
              [
                86.91561455345457,
                27.898206596240158
              ],
              [
                86.9156144834309,
                27.898296870458342
              ],
              [
                86.91551287268044,
                27.898296808205092
              ]
            ],
            [
              [
                86.91561476351661,
                27.897935773603574
              ],
              [
                86.9156148335403,
                27.89784549938539
              ],
              [
                86.91571644385957,
                27.89784556155779
              ],
              [
                86.91571637392572,
                27.897935835775975
              ],
              [
                86.91561476351661,
                27.897935773603574
              ]
            ],
            [
              [
                86.9157147652766,
                27.900012142443863
              ],
              [
                86.91571490517124,
                27.899831594061393
              ],
              [
                86.91581651735002,
                27.89983165617091
              ],
              [
                86.91581658720303,
                27.899741381970696
              ],
              [
                86.91601981139888,
                27.899741505956168
              ],
              [
                86.91601974170759,
                27.899831780147405
              ],
              [
                86.9159181295288,
                27.899831718199582
              ],
              [
                86.91591805974767,
                27.899921992390816
              ],
              [
                86.91581644748804,
                27.899921930362147
              ],
              [
                86.91581637762606,
                27.90001220455338
              ],
              [
                86.9157147652766,
                27.900012142443863
              ]
            ],
            [
              [
                86.9157157444762,
                27.898748303676747
              ],
              [
                86.91571581441903,
                27.898658029467548
              ],
              [
                86.91581742550186,
                27.89865809156808
              ],
              [
                86.91581749535486,
                27.89856781735888
              ],
              [
                86.91602071734984,
                27.898567941335372
              ],
              [
                86.91602064766752,
                27.898658215544575
              ],
              [
                86.9159190365847,
                27.898658153596752
              ],
              [
                86.91591896681254,
                27.89874842779697
              ],
              [
                86.9157157444762,
                27.898748303676747
              ]
            ],
            [
              [
                86.91591722241003,
                27.9010052825958
              ],
              [
                86.91591736197229,
                27.90082473424028
              ],
              [
                86.91612058818936,
                27.90082485807304
              ],
              [
                86.91612044896846,
                27.901005406437545
              ],
              [
                86.91591722241003,
                27.9010052825958
              ]
            ],
            [
              [
                86.9159187574961,
                27.899019250415588
              ],
              [
                86.9159188970404,
                27.89883870200617
              ],
              [
                86.91612211953844,
                27.898838825829948
              ],
              [
                86.9161219803355,
                27.89901937423937
              ],
              [
                86.9159187574961,
                27.899019250415588
              ]
            ],
            [
              [
                86.9160191841682,
                27.900553973650332
              ],
              [
                86.9160193235508,
                27.900373425285828
              ],
              [
                86.91612093623263,
                27.900373487161783
              ],
              [
                86.91612086663116,
                27.900463761344035
              ],
              [
                86.91632409216551,
                27.900463884880352
              ],
              [
                86.91632402272575,
                27.900554159062604
              ],
              [
                86.9160191841682,
                27.900553973650332
              ]
            ],
            [
              [
                86.91612030973857,
                27.90118595478408
              ],
              [
                86.916120379358,
                27.901095680610812
              ],
              [
                86.9164252194337,
                27.90109586580749
              ],
              [
                86.91642515008377,
                27.90118613998076
              ],
              [
                86.91612030973857,
                27.90118595478408
              ]
            ],
            [
              [
                86.9161212842759,
                27.899922116214594
              ],
              [
                86.91612142348782,
                27.899741567832127
              ],
              [
                86.91622303558576,
                27.899741629636218
              ],
              [
                86.91622289654451,
                27.899922178018688
              ],
              [
                86.9161212842759,
                27.899922116214594
              ]
            ],
            [
              [
                86.91622400886546,
                27.898477790797237
              ],
              [
                86.91622407838607,
                27.898387516588038
              ],
              [
                86.91642730004868,
                27.898387639962657
              ],
              [
                86.91642736939862,
                27.898297365744476
              ],
              [
                86.91652898014908,
                27.898297427323985
              ],
              [
                86.91652904940919,
                27.898207153105805
              ],
              [
                86.9166306600788,
                27.89820721460447
              ],
              [
                86.91663059089953,
                27.898297488822653
              ],
              [
                86.91683381239147,
                27.8982976115954
              ],
              [
                86.91683367436532,
                27.898478160022787
              ],
              [
                86.91673206345317,
                27.89847809866785
              ],
              [
                86.91673199435476,
                27.898568372877055
              ],
              [
                86.91652877235079,
                27.898568249960572
              ],
              [
                86.91652884161988,
                27.898477975742388
              ],
              [
                86.91622400886546,
                27.898477790797237
              ]
            ],
            [
              [
                86.91642757743946,
                27.898026543098904
              ],
              [
                86.91642771613934,
                27.89784599466254
              ],
              [
                86.91663093678686,
                27.89784611773173
              ],
              [
                86.91663086761658,
                27.897936391949916
              ],
              [
                86.91652925719849,
                27.89793633045125
              ],
              [
                86.9165291879384,
                27.898026604669436
              ],
              [
                86.91642757743946,
                27.898026543098904
              ]
            ],
            [
              [
                86.916630175806,
                27.89883913408684
              ],
              [
                86.91663031417352,
                27.89865858566844
              ],
              [
                86.91683353634816,
                27.898658708441186
              ],
              [
                86.91683339832203,
                27.89883925685959
              ],
              [
                86.916630175806,
                27.89883913408684
              ]
            ],
            [
              [
                86.9167325471151,
                27.89784617915853
              ],
              [
                86.91673261621351,
                27.897755904931362
              ],
              [
                86.91683422645193,
                27.897755966286297
              ],
              [
                86.91683415744335,
                27.89784624050448
              ],
              [
                86.9167325471151,
                27.89784617915853
              ]
            ],
            [
              [
                86.91693459599118,
                27.89938096336193
              ],
              [
                86.9169346649279,
                27.899290689161713
              ],
              [
                86.91713788827934,
                27.899290811485304
              ],
              [
                86.91713775075625,
                27.899471359894722
              ],
              [
                86.91703613890985,
                27.899471298764368
              ],
              [
                86.91703620775674,
                27.89938102456415
              ],
              [
                86.91693459599118,
                27.89938096336193
              ]
            ],
            [
              [
                86.91703668967592,
                27.898749105126694
              ],
              [
                86.91703675851383,
                27.898658830917494
              ],
              [
                86.91723998068848,
                27.898658953097357
              ],
              [
                86.91723991201228,
                27.898749227306556
              ],
              [
                86.91703668967592,
                27.898749105126694
              ]
            ],
            [
              [
                86.91713706311387,
                27.900374101834018
              ],
              [
                86.9171371318799,
                27.900283827642784
              ],
              [
                86.91744196969184,
                27.90028401058469
              ],
              [
                86.91744190118632,
                27.900374284775925
              ],
              [
                86.91713706311387,
                27.900374101834018
              ]
            ],
            [
              [
                86.91724053008015,
                27.89793675936985
              ],
              [
                86.91724066743255,
                27.8977562109245
              ],
              [
                86.91764710841316,
                27.89775645436794
              ],
              [
                86.91764717674802,
                27.897666180140774
              ],
              [
                86.91774878690558,
                27.89766624082197
              ],
              [
                86.91774871865158,
                27.897756515040154
              ],
              [
                86.917850328899,
                27.897756575640503
              ],
              [
                86.91785026073482,
                27.897846849867673
              ],
              [
                86.91764704007832,
                27.89784672859511
              ],
              [
                86.9176469717345,
                27.897937002813293
              ],
              [
                86.91724053008015,
                27.89793675936985
              ]
            ],
            [
              [
                86.91724080477597,
                27.89757566247915
              ],
              [
                86.91724094211939,
                27.897395114024814
              ],
              [
                86.91734255202545,
                27.897395174993473
              ],
              [
                86.91734248343907,
                27.89748544922064
              ],
              [
                86.91744409342596,
                27.89748551011743
              ],
              [
                86.91744402492941,
                27.8975757843446
              ],
              [
                86.91724080477597,
                27.89757566247915
              ]
            ],
            [
              [
                86.9173410430444,
                27.899381207721653
              ],
              [
                86.91734118022613,
                27.899200659312235
              ],
              [
                86.91754440341587,
                27.89920078104294
              ],
              [
                86.91754447184056,
                27.89911050684272
              ],
              [
                86.91774769485963,
                27.899110628267998
              ],
              [
                86.91774776311362,
                27.8990203540588
              ],
              [
                86.91784937453781,
                27.89902041466813
              ],
              [
                86.9178492382005,
                27.899200963077547
              ],
              [
                86.91774762660563,
                27.8992009024772
              ],
              [
                86.91774755835164,
                27.899291176677416
              ],
              [
                86.91764594666692,
                27.8992911160052
              ],
              [
                86.91764580998826,
                27.899471664405638
              ],
              [
                86.91774742183466,
                27.899471725086837
              ],
              [
                86.91774735358067,
                27.89956199928705
              ],
              [
                86.91764574164444,
                27.899561938605856
              ],
              [
                86.9176456733096,
                27.899652212806075
              ],
              [
                86.91744244927543,
                27.899652091228084
              ],
              [
                86.91744258629545,
                27.899471542827648
              ],
              [
                86.91754419814185,
                27.899471603652575
              ],
              [
                86.91754426656654,
                27.899381329452357
              ],
              [
                86.9173410430444,
                27.899381207721653
              ]
            ],
            [
              [
                86.91754276114283,
                27.9013673616146
              ],
              [
                86.91754282957649,
                27.90127708743235
              ],
              [
                86.91774605663797,
                27.901277208875594
              ],
              [
                86.91774598837499,
                27.901367483048862
              ],
              [
                86.91754276114283,
                27.9013673616146
              ]
            ],
            [
              [
                86.91754310329316,
                27.900915990721312
              ],
              [
                86.9175431717268,
                27.900825716530075
              ],
              [
                86.91764478483984,
                27.900825777292123
              ],
              [
                86.91764471649601,
                27.900916051474372
              ],
              [
                86.91754310329316,
                27.900915990721312
              ]
            ],
            [
              [
                86.9177466709958,
                27.900464741226347
              ],
              [
                86.91774687577575,
                27.90019391866163
              ],
              [
                86.91784848829589,
                27.900193979261978
              ],
              [
                86.91784842012274,
                27.90028425345321
              ],
              [
                86.9179500327327,
                27.900284313981693
              ],
              [
                86.91794996464041,
                27.90037458817293
              ],
              [
                86.91784835194959,
                27.900374527644445
              ],
              [
                86.91784828376746,
                27.900464801835682
              ],
              [
                86.9177466709958,
                27.900464741226347
              ]
            ],
            [
              [
                86.91774817263759,
                27.89847870879461
              ],
              [
                86.91774824089158,
                27.89838843458541
              ],
              [
                86.91784985173187,
                27.89838849518576
              ],
              [
                86.91784978355872,
                27.89847876939496
              ],
              [
                86.91774817263759,
                27.89847870879461
              ]
            ],
            [
              [
                86.91774844565357,
                27.898117611930857
              ],
              [
                86.91774851389859,
                27.898027337712673
              ],
              [
                86.91785012439752,
                27.898027398313022
              ],
              [
                86.91785005623335,
                27.898117672531207
              ],
              [
                86.91774844565357,
                27.898117611930857
              ]
            ],
            [
              [
                86.91794955608661,
                27.900916233293387
              ],
              [
                86.91794962417892,
                27.900825959111135
              ],
              [
                86.91805123729195,
                27.900826019567756
              ],
              [
                86.9180513053034,
                27.900735745385504
              ],
              [
                86.91815291832658,
                27.900735805761272
              ],
              [
                86.91815285040497,
                27.90082607995251
              ],
              [
                86.918254463518,
                27.900826140256413
              ],
              [
                86.91825439567722,
                27.900916414438665
              ],
              [
                86.91794955608661,
                27.900916233293387
              ]
            ],
            [
              [
                86.91805218938038,
                27.899562180872504
              ],
              [
                86.91805225738285,
                27.899471906672286
              ],
              [
                86.91815386922924,
                27.899471967048058
              ],
              [
                86.91815393715086,
                27.89938169284784
              ],
              [
                86.91805232538532,
                27.899381632463086
              ],
              [
                86.91805239338778,
                27.899291358262868
              ],
              [
                86.91815400507248,
                27.89929141863864
              ],
              [
                86.91815407298512,
                27.899201144438422
              ],
              [
                86.91825568457999,
                27.899201204733345
              ],
              [
                86.91825561674821,
                27.899291478942544
              ],
              [
                86.91835722843291,
                27.899291539174584
              ],
              [
                86.9183570251801,
                27.89956236178422
              ],
              [
                86.91805218938038,
                27.899562180872504
              ]
            ],
            [
              [
                86.91805252939271,
                27.89911080985345
              ],
              [
                86.91805259739519,
                27.89902053564425
              ],
              [
                86.91825582025255,
                27.899020656323923
              ],
              [
                86.91825575242076,
                27.899110930533126
              ],
              [
                86.91805252939271,
                27.89911080985345
              ]
            ],
            [
              [
                86.91805273340012,
                27.89883998722585
              ],
              [
                86.91805286940505,
                27.898659438798465
              ],
              [
                86.91815448048789,
                27.898659499174233
              ],
              [
                86.9181545484095,
                27.898569224965033
              ],
              [
                86.91825615941148,
                27.898569285268938
              ],
              [
                86.9182560915797,
                27.898659559478137
              ],
              [
                86.91835770267151,
                27.898659619710177
              ],
              [
                86.91835756717862,
                27.89884016812858
              ],
              [
                86.91805273340012,
                27.89883998722585
              ]
            ],
            [
              [
                86.9181547521564,
                27.898298402319465
              ],
              [
                86.91815482006903,
                27.89820812810128
              ],
              [
                86.91835804140824,
                27.89820824862824
              ],
              [
                86.91835797366629,
                27.898298522846424
              ],
              [
                86.9181547521564,
                27.898298402319465
              ]
            ],
            [
              [
                86.9181553633791,
                27.897485934310893
              ],
              [
                86.91815543129174,
                27.897395660083724
              ],
              [
                86.91825704119778,
                27.897395720378647
              ],
              [
                86.91825710902955,
                27.89730544615148
              ],
              [
                86.91835871885475,
                27.897305506374536
              ],
              [
                86.9183586511128,
                27.897395780601705
              ],
              [
                86.91846026101884,
                27.897395840752896
              ],
              [
                86.91846019336671,
                27.89748611498006
              ],
              [
                86.91856180336258,
                27.897486175050407
              ],
              [
                86.91856187093386,
                27.897395900823238
              ],
              [
                86.91876509075492,
                27.897396020748328
              ],
              [
                86.91876495594475,
                27.897576569202663
              ],
              [
                86.91825690554317,
                27.89757626883298
              ],
              [
                86.91825697337497,
                27.897485994605812
              ],
              [
                86.9181553633791,
                27.897485934310893
              ]
            ],
            [
              [
                86.91845856944624,
                27.89965269613563
              ],
              [
                86.91845863711633,
                27.89956242193541
              ],
              [
                86.91876347291604,
                27.899562601948812
              ],
              [
                86.91876340550647,
                27.89965287614903
              ],
              [
                86.91886501752354,
                27.899652936003775
              ],
              [
                86.91886488286609,
                27.899833484404212
              ],
              [
                86.91876327067833,
                27.899833424549463
              ],
              [
                86.9187633380879,
                27.899743150349245
              ],
              [
                86.91866172598998,
                27.899743090422636
              ],
              [
                86.9186617934804,
                27.899652816222417
              ],
              [
                86.91845856944624,
                27.89965269613563
              ]
            ],
            [
              [
                86.91866091597909,
                27.900826380735413
              ],
              [
                86.91866098347849,
                27.90073610655316
              ],
              [
                86.91876259651067,
                27.900736166479774
              ],
              [
                86.9187625290921,
                27.90082644067101
              ],
              [
                86.91866091597909,
                27.900826380735413
              ]
            ],
            [
              [
                86.91866240095713,
                27.89884034836656
              ],
              [
                86.91866253594696,
                27.898659799939175
              ],
              [
                86.91886575813061,
                27.89865991971155
              ],
              [
                86.91886582545933,
                27.89856964550235
              ],
              [
                86.9189674364703,
                27.89856970527625
              ],
              [
                86.91896736922241,
                27.898659979494433
              ],
              [
                86.91906898031424,
                27.898660039196468
              ],
              [
                86.91906877884009,
                27.89893086183305
              ],
              [
                86.91876394481005,
                27.89893068250237
              ],
              [
                86.91876401221963,
                27.89884040829317
              ],
              [
                86.91866240095713,
                27.89884034836656
              ]
            ],
            [
              [
                86.91866267093681,
                27.898479251502806
              ],
              [
                86.91866273842723,
                27.898388977284622
              ],
              [
                86.91876434926752,
                27.898389037211235
              ],
              [
                86.91876428185795,
                27.89847931142942
              ],
              [
                86.91866267093681,
                27.898479251502806
              ]
            ],
            [
              [
                86.91886427688057,
                27.90064595215227
              ],
              [
                86.918864411547,
                27.900465403769804
              ],
              [
                86.91916924987997,
                27.90046558289387
              ],
              [
                86.91916918280278,
                27.900555857085106
              ],
              [
                86.91906756994128,
                27.900555797445953
              ],
              [
                86.91906750277424,
                27.900646071637187
              ],
              [
                86.91886427688057,
                27.90064595215227
              ]
            ],
            [
              [
                86.9189668312753,
                27.899382173177024
              ],
              [
                86.91896689852318,
                27.89929189896782
              ],
              [
                86.91927173357729,
                27.899292077858327
              ],
              [
                86.91927166658094,
                27.899382352058545
              ],
              [
                86.91917005481538,
                27.899382292509223
              ],
              [
                86.91916998773819,
                27.89947256670944
              ],
              [
                86.9190683758828,
                27.899472507079274
              ],
              [
                86.91906844304982,
                27.899382232879056
              ],
              [
                86.9189668312753,
                27.899382173177024
              ]
            ],
            [
              [
                86.91906730128213,
                27.90091689420191
              ],
              [
                86.9190674356072,
                27.90073634582842
              ],
              [
                86.91927066167156,
                27.900736465016895
              ],
              [
                86.91927059467521,
                27.900826739208128
              ],
              [
                86.91916898156218,
                27.900826679649825
              ],
              [
                86.91916891448498,
                27.900916953832077
              ],
              [
                86.91906730128213,
                27.90091689420191
              ]
            ],
            [
              [
                86.9195755675219,
                27.90064636905141
              ],
              [
                86.91957563425774,
                27.90055609486018
              ],
              [
                86.91967724712823,
                27.900556154122036
              ],
              [
                86.91967718047323,
                27.90064642831327
              ],
              [
                86.9195755675219,
                27.90064636905141
              ]
            ],
            [
              [
                86.91967844692711,
                27.898931218482186
              ],
              [
                86.9196785135821,
                27.898840944264002
              ],
              [
                86.91978012484459,
                27.898841003445014
              ],
              [
                86.91978005827045,
                27.898931277654214
              ],
              [
                86.91967844692711,
                27.898931218482186
              ]
            ],
            [
              [
                86.91978152270403,
                27.896945244683486
              ],
              [
                86.91978158926021,
                27.896854970447336
              ],
              [
                86.91988319867217,
                27.896855029538514
              ],
              [
                86.91988313219684,
                27.89694530378365
              ],
              [
                86.91978152270403,
                27.896945244683486
              ]
            ],
            [
              [
                86.9198813372012,
                27.899382707809362
              ],
              [
                86.91988153665415,
                27.89911188518176
              ],
              [
                86.91998314816817,
                27.89911194421006
              ],
              [
                86.9199830817737,
                27.899202218428243
              ],
              [
                86.92008469336857,
                27.899202277375693
              ],
              [
                86.92008462705493,
                27.899292551584892
              ],
              [
                86.92018623873963,
                27.89929261046946
              ],
              [
                86.92018610627406,
                27.89947315888786
              ],
              [
                86.91998288256329,
                27.89947304104686
              ],
              [
                86.91998294896676,
                27.899382766846642
              ],
              [
                86.9198813372012,
                27.899382707809362
              ]
            ],
            [
              [
                86.91998188651131,
                27.900827154014195
              ],
              [
                86.91998195291477,
                27.900736879822958
              ],
              [
                86.92008356594695,
                27.900736938779392
              ],
              [
                86.92008363226957,
                27.90064666458816
              ],
              [
                86.92028685817223,
                27.900646782285424
              ],
              [
                86.92028692432416,
                27.90055650809419
              ],
              [
                86.92038853719464,
                27.900556566826044
              ],
              [
                86.92038860326574,
                27.900466292625826
              ],
              [
                86.92059182882703,
                27.90046640987394
              ],
              [
                86.9205917629356,
                27.900556684065172
              ],
              [
                86.9206933757971,
                27.900556742572448
              ],
              [
                86.92069330998653,
                27.90064701676368
              ],
              [
                86.92079492293786,
                27.90064707519909
              ],
              [
                86.92079485720812,
                27.900737349390326
              ],
              [
                86.92049001809363,
                27.900737173868503
              ],
              [
                86.92049008408387,
                27.900646899677266
              ],
              [
                86.92038847112356,
                27.900646841017277
              ],
              [
                86.92038833899036,
                27.900827389399748
              ],
              [
                86.92028672586835,
                27.900827330667894
              ],
              [
                86.92028665971641,
                27.900917604850147
              ],
              [
                86.9200834333107,
                27.90091748716186
              ],
              [
                86.92008349963332,
                27.900827212970626
              ],
              [
                86.91998188651131,
                27.900827154014195
              ]
            ],
            [
              [
                86.92018643743799,
                27.899021787832872
              ],
              [
                86.92018650367078,
                27.898931513623673
              ],
              [
                86.92028811502311,
                27.89893157242739
              ],
              [
                86.92028818116606,
                27.898841298209206
              ],
              [
                86.92059301496253,
                27.898841474171206
              ],
              [
                86.92059288317968,
                27.89902202260757
              ],
              [
                86.92018643743799,
                27.899021787832872
              ]
            ],
            [
              [
                86.92028738738773,
                27.899924588710633
              ],
              [
                86.92028751968262,
                27.8997440403102
              ],
              [
                86.92038913179852,
                27.899744099033068
              ],
              [
                86.92038899966532,
                27.899924647442486
              ],
              [
                86.92028738738773,
                27.899924588710633
              ]
            ],
            [
              [
                86.92028864418471,
                27.898209378672938
              ],
              [
                86.92028871032767,
                27.898119104454754
              ],
              [
                86.92039032091643,
                27.898119163177622
              ],
              [
                86.92039025485431,
                27.89820943740479
              ],
              [
                86.92028864418471,
                27.898209378672938
              ]
            ],
            [
              [
                86.92038946211802,
                27.89929272800503
              ],
              [
                86.92038952818014,
                27.89920245379583
              ],
              [
                86.92059275138784,
                27.899202571025974
              ],
              [
                86.92059268548743,
                27.899292845235177
              ],
              [
                86.92038946211802,
                27.89929272800503
              ]
            ],
            [
              [
                86.92038999061488,
                27.89857053428651
              ],
              [
                86.92039005667698,
                27.898480260068325
              ],
              [
                86.92059327853723,
                27.89848037729847
              ],
              [
                86.92059314674539,
                27.898660925734838
              ],
              [
                86.92049153565357,
                27.89866086716468
              ],
              [
                86.92049160162584,
                27.898570592937514
              ],
              [
                86.92038999061488,
                27.89857053428651
              ]
            ],
            [
              [
                86.92049239332907,
                27.89748730222049
              ],
              [
                86.92049245930134,
                27.897397027993325
              ],
              [
                86.92059406921636,
                27.89739708656348
              ],
              [
                86.92059413510779,
                27.89730681232733
              ],
              [
                86.92079735477614,
                27.897306929252046
              ],
              [
                86.92079722333466,
                27.897487477724347
              ],
              [
                86.92049239332907,
                27.89748730222049
              ]
            ],
            [
              [
                86.92059196062785,
                27.900285861482484
              ],
              [
                86.92059209242868,
                27.90010531308205
              ],
              [
                86.92079531731623,
                27.900105430024734
              ],
              [
                86.92079518585678,
                27.900285978416186
              ],
              [
                86.92059196062785,
                27.900285861482484
              ]
            ],
            [
              [
                86.92089653588918,
                27.900647133562636
              ],
              [
                86.92089666718695,
                27.90046658517118
              ],
              [
                86.92120150553788,
                27.90046675979469
              ],
              [
                86.92120137475216,
                27.90064730818614
              ],
              [
                86.92089653588918,
                27.900647133562636
              ]
            ],
            [
              [
                86.92100024668518,
                27.89775841705209
              ],
              [
                86.92100037778532,
                27.897577868588773
              ],
              [
                86.92130520805141,
                27.897578042969734
              ],
              [
                86.92130514275287,
                27.897668317196903
              ],
              [
                86.92120353257734,
                27.897668259147768
              ],
              [
                86.92120346719796,
                27.897758533383918
              ],
              [
                86.92100024668518,
                27.89775841705209
              ]
            ],
            [
              [
                86.92110100582377,
                27.898932040162194
              ],
              [
                86.92110113677118,
                27.898751491725825
              ],
              [
                86.92130435913448,
                27.898751607913923
              ],
              [
                86.92130422852843,
                27.89893215635029
              ],
              [
                86.92110100582377,
                27.898932040162194
              ]
            ],
            [
              [
                86.92110126770962,
                27.898570943289457
              ],
              [
                86.92110133318782,
                27.89848066906229
              ],
              [
                86.92120294411794,
                27.898480727192272
              ],
              [
                86.92120287872957,
                27.89857100141944
              ],
              [
                86.92110126770962,
                27.898570943289457
              ]
            ],
            [
              [
                86.92120215945751,
                27.899564017774548
              ],
              [
                86.92120242101099,
                27.899202920937743
              ],
              [
                86.92150725583154,
                27.899203094878533
              ],
              [
                86.9215071906947,
                27.899293369087733
              ],
              [
                86.92140557901,
                27.89929331118233
              ],
              [
                86.92140551378333,
                27.89938358539153
              ],
              [
                86.92130390200879,
                27.899383527414262
              ],
              [
                86.92130377140272,
                27.899564075832664
              ],
              [
                86.92120215945751,
                27.899564017774548
              ]
            ],
            [
              [
                86.92120327104182,
                27.898029356074403
              ],
              [
                86.9212033364302,
                27.897939081838253
              ],
              [
                86.92140655727533,
                27.897939197873637
              ],
              [
                86.92140649205764,
                27.898029472100806
              ],
              [
                86.92120327104182,
                27.898029356074403
              ]
            ],
            [
              [
                86.92140538333896,
                27.899564133809932
              ],
              [
                86.92140544856564,
                27.899473859600732
              ],
              [
                86.92150706042102,
                27.899473917515117
              ],
              [
                86.92150699528418,
                27.89956419172432
              ],
              [
                86.92140538333896,
                27.899564133809932
              ]
            ],
            [
              [
                86.92140681813711,
                27.897578100947005
              ],
              [
                86.9214068833548,
                27.897487826710854
              ],
              [
                86.92150849335965,
                27.897487884607273
              ],
              [
                86.9215084282318,
                27.897578158843423
              ],
              [
                86.92140681813711,
                27.897578100947005
              ]
            ],
            [
              [
                86.9216089975384,
                27.899022604275704
              ],
              [
                86.92160906259438,
                27.89893233005752
              ],
              [
                86.92171067394672,
                27.89893238781919
              ],
              [
                86.92171060898056,
                27.899022662028393
              ],
              [
                86.9216089975384,
                27.899022604275704
              ]
            ],
            [
              [
                86.92170976438453,
                27.90019622673902
              ],
              [
                86.92170982935967,
                27.9001059525388
              ],
              [
                86.92181144180795,
                27.90010601022861
              ],
              [
                86.92181137692263,
                27.900196284428826
              ],
              [
                86.92170976438453,
                27.90019622673902
              ]
            ],
            [
              [
                86.92191460941065,
                27.897939486637085
              ],
              [
                86.92191473900162,
                27.89775893817377
              ],
              [
                86.92221956977077,
                27.89775911053352
              ],
              [
                86.92221969885867,
                27.89757856206122
              ],
              [
                86.922118088764,
                27.897578504685825
              ],
              [
                86.9221181533888,
                27.897488230449675
              ],
              [
                86.92221976339364,
                27.897488287825073
              ],
              [
                86.9222198279376,
                27.897398013588923
              ],
              [
                86.92232143786161,
                27.89739807088347
              ],
              [
                86.92232124449026,
                27.897668893600905
              ],
              [
                86.9224228546658,
                27.897668950823586
              ],
              [
                86.92242279029252,
                27.897759225059737
              ],
              [
                86.92232118003614,
                27.89775916782807
              ],
              [
                86.92232111558201,
                27.89784944206422
              ],
              [
                86.92211789488958,
                27.89784932738529
              ],
              [
                86.92211783026478,
                27.89793960161246
              ],
              [
                86.92191460941065,
                27.897939486637085
              ]
            ],
            [
              [
                86.92191532212502,
                27.896946470021465
              ],
              [
                86.9219153869205,
                27.89685619578532
              ],
              [
                86.92201699633247,
                27.896856253304446
              ],
              [
                86.92201706103812,
                27.89676597905931
              ],
              [
                86.92222027970934,
                27.896766093890953
              ],
              [
                86.92222008609545,
                27.89703691661737
              ],
              [
                86.92201686692117,
                27.897036801794712
              ],
              [
                86.92201693162681,
                27.896946527549577
              ],
              [
                86.92191532212502,
                27.896946470021465
              ]
            ],
            [
              [
                86.92201440783698,
                27.90046722216655
              ],
              [
                86.92201447256059,
                27.900376947966333
              ],
              [
                86.9221160852604,
                27.90037700543156
              ],
              [
                86.9221160206266,
                27.900467279622795
              ],
              [
                86.92201440783698,
                27.90046722216655
              ]
            ],
            [
              [
                86.92201550801269,
                27.898932560628104
              ],
              [
                86.92201557271834,
                27.89884228640992
              ],
              [
                86.92211718398981,
                27.898842343866164
              ],
              [
                86.92211711936501,
                27.89893261808435
              ],
              [
                86.92201550801269,
                27.898932560628104
              ]
            ],
            [
              [
                86.92201738456637,
                27.89631460781568
              ],
              [
                86.92201744927202,
                27.896224333561563
              ],
              [
                86.92211905810008,
                27.896224391008822
              ],
              [
                86.92211899347528,
                27.89631466526294
              ],
              [
                86.92201738456637,
                27.89631460781568
              ]
            ],
            [
              [
                86.9221182826384,
                27.89730768196839
              ],
              [
                86.9221183472632,
                27.89721740773224
              ],
              [
                86.92232156676985,
                27.897217522411168
              ],
              [
                86.92232150231573,
                27.89730779664732
              ],
              [
                86.9221182826384,
                27.89730768196839
              ]
            ],
            [
              [
                86.92221769796917,
                27.900377062806957
              ],
              [
                86.92221789161002,
                27.900106240206306
              ],
              [
                86.92242111651555,
                27.900106354750488
              ],
              [
                86.92242105213329,
                27.900196628950706
              ],
              [
                86.9225226646714,
                27.900196686110508
              ],
              [
                86.92252260037897,
                27.900286960310723
              ],
              [
                86.92242098776002,
                27.900286903150924
              ],
              [
                86.92242092337776,
                27.90037717735114
              ],
              [
                86.92221769796917,
                27.900377062806957
              ]
            ],
            [
              [
                86.92232092221067,
                27.898120264754706
              ],
              [
                86.92232098666479,
                27.89802999052754
              ],
              [
                86.9224225971727,
                27.898030047759207
              ],
              [
                86.92242253279943,
                27.898120321986372
              ],
              [
                86.92232092221067,
                27.898120264754706
              ]
            ],
            [
              [
                86.92252472199306,
                27.897307911029806
              ],
              [
                86.9225247862765,
                27.89721763678467
              ],
              [
                86.92262639602983,
                27.897217693863624
              ],
              [
                86.92262633182723,
                27.897307968099774
              ],
              [
                86.92252472199306,
                27.897307911029806
              ]
            ],
            [
              [
                86.92262421299793,
                27.90028701739866
              ],
              [
                86.92262434142108,
                27.900106468989243
              ],
              [
                86.92272595387834,
                27.900106526005313
              ],
              [
                86.92272588974761,
                27.90019680020553
              ],
              [
                86.92282750228571,
                27.900196857140752
              ],
              [
                86.92282743824481,
                27.90028713134097
              ],
              [
                86.92262421299793,
                27.90028701739866
              ]
            ],
            [
              [
                86.92272685162769,
                27.898842687031586
              ],
              [
                86.92272691574942,
                27.89875241280442
              ],
              [
                86.9229301381217,
                27.898752526594016
              ],
              [
                86.92293007417064,
                27.8988428008122
              ],
              [
                86.92272685162769,
                27.898842687031586
              ]
            ],
            [
              [
                86.92272710811466,
                27.8984815901319
              ],
              [
                86.92272723635816,
                27.89830104168655
              ],
              [
                86.92282884712657,
                27.898301098612787
              ],
              [
                86.92282878308568,
                27.898391372839956
              ],
              [
                86.92293039393495,
                27.898391429694332
              ],
              [
                86.92293032998388,
                27.898481703921497
              ],
              [
                86.92272710811466,
                27.8984815901319
              ]
            ],
            [
              [
                86.92272730047989,
                27.8982107674504
              ],
              [
                86.92272749283615,
                27.897939944759916
              ],
              [
                86.92282910326321,
                27.897940001695137
              ],
              [
                86.92282891115849,
                27.89821082438562
              ],
              [
                86.92272730047989,
                27.8982107674504
              ]
            ],
            [
              [
                86.92272762107963,
                27.897759396296596
              ],
              [
                86.9227276851924,
                27.897669122060446
              ],
              [
                86.92282929536793,
                27.897669178986686
              ],
              [
                86.92282923133602,
                27.897759453222836
              ],
              [
                86.92272762107963,
                27.897759396296596
              ]
            ],
            [
              [
                86.92272787754865,
                27.897398299343013
              ],
              [
                86.92272800578316,
                27.897217750861728
              ],
              [
                86.92282961554547,
                27.897217807787968
              ],
              [
                86.92282967957738,
                27.897127533551817
              ],
              [
                86.92293128924088,
                27.89712759039721
              ],
              [
                86.92293135319194,
                27.89703731616106
              ],
              [
                86.92313457236622,
                27.897037429636246
              ],
              [
                86.92313444480546,
                27.897217978126513
              ],
              [
                86.9229312252988,
                27.897217864642343
              ],
              [
                86.9229310334456,
                27.89748868736876
              ],
              [
                86.92282942344075,
                27.897488630514385
              ],
              [
                86.92282948747265,
                27.897398356269253
              ],
              [
                86.92272787754865,
                27.897398299343013
              ]
            ],
            [
              [
                86.92282788654008,
                27.899655211894533
              ],
              [
                86.92282795058097,
                27.89956493768533
              ],
              [
                86.92292956252619,
                27.899564994548687
              ],
              [
                86.92292962648624,
                27.899474720330506
              ],
              [
                86.9230312383506,
                27.899474777113014
              ],
              [
                86.92303136609104,
                27.89929422868563
              ],
              [
                86.92313297778472,
                27.899294285396273
              ],
              [
                86.92313272263624,
                27.89965538225104
              ],
              [
                86.92282788654008,
                27.899655211894533
              ]
            ],
            [
              [
                86.92292930669498,
                27.899926091385492
              ],
              [
                86.92292943461507,
                27.89974554296709
              ],
              [
                86.92323427096277,
                27.899745713090038
              ],
              [
                86.92323420726322,
                27.89983598729924
              ],
              [
                86.9231325950575,
                27.899835930669443
              ],
              [
                86.92313253126812,
                27.899926204878646
              ],
              [
                86.92292930669498,
                27.899926091385492
              ]
            ],
            [
              [
                86.92303162157191,
                27.898933131812893
              ],
              [
                86.92303174931234,
                27.898752583376524
              ],
              [
                86.92313336050297,
                27.898752640078186
              ],
              [
                86.9231332967136,
                27.89884291430535
              ],
              [
                86.92323490799406,
                27.89884297093515
              ],
              [
                86.92323484429453,
                27.898933245153334
              ],
              [
                86.92303162157191,
                27.898933131812893
              ]
            ],
            [
              [
                86.92303328209873,
                27.896586001690952
              ],
              [
                86.92303334595995,
                27.896495727445817
              ],
              [
                86.92313495503954,
                27.89649578414748
              ],
              [
                86.92313501881993,
                27.896405509893363
              ],
              [
                86.92323662781868,
                27.896405566514176
              ],
              [
                86.92323650042859,
                27.89658611502241
              ],
              [
                86.92303328209873,
                27.896586001690952
              ]
            ],
            [
              [
                86.92323452577888,
                27.89938461624425
              ],
              [
                86.92323458947841,
                27.899294342026067
              ],
              [
                86.92333620118109,
                27.899294398583997
              ],
              [
                86.9233361375624,
                27.89938467280218
              ],
              [
                86.92323452577888,
                27.89938461624425
              ]
            ],
            [
              [
                86.92323541759036,
                27.89812077711781
              ],
              [
                86.9232354812899,
                27.898030502890645
              ],
              [
                86.92333709180679,
                27.898030559448575
              ],
              [
                86.92333715541649,
                27.897940285212425
              ],
              [
                86.92343876585254,
                27.897940341689505
              ],
              [
                86.92343863879482,
                27.898120890152825
              ],
              [
                86.92323541759036,
                27.89812077711781
              ]
            ],
            [
              [
                86.92323560868897,
                27.897849954427326
              ],
              [
                86.9232356723885,
                27.897759680191175
              ],
              [
                86.92364211343201,
                27.897759905955773
              ],
              [
                86.92364205007382,
                27.897850180191924
              ],
              [
                86.92323560868897,
                27.897849954427326
              ]
            ],
            [
              [
                86.92333779154049,
                27.89703754281499
              ],
              [
                86.9233379187689,
                27.89685699432472
              ],
              [
                86.92364274702275,
                27.896857163522405
              ],
              [
                86.92364262030641,
                27.897037712021657
              ],
              [
                86.92333779154049,
                27.89703754281499
              ]
            ],
            [
              [
                86.92343825760372,
                27.89866253552481
              ],
              [
                86.92343832113258,
                27.89857226129764
              ],
              [
                86.92353993216152,
                27.898572317702858
              ],
              [
                86.9235398687135,
                27.898662591930027
              ],
              [
                86.92343825760372,
                27.89866253552481
              ]
            ],
            [
              [
                86.92384489161432,
                27.898391938015017
              ],
              [
                86.92384508119478,
                27.898121115324532
              ],
              [
                86.92435313420147,
                27.898121395104827
              ],
              [
                86.92435300866191,
                27.898301943568146
              ],
              [
                86.92394656557923,
                27.898301719896622
              ],
              [
                86.92394650247259,
                27.89839199412379
              ],
              [
                86.92384489161432,
                27.898391938015017
              ]
            ],
            [
              [
                86.92384546034671,
                27.89757946990763
              ],
              [
                86.92384552353421,
                27.89748919567148
              ],
              [
                86.92394713354805,
                27.89748925177127
              ],
              [
                86.9239470704414,
                27.897579526016404
              ],
              [
                86.92384546034671,
                27.89757946990763
              ]
            ],
            [
              [
                86.92384615543614,
                27.89658645320218
              ],
              [
                86.92384628181112,
                27.896405904693946
              ],
              [
                86.92404949980862,
                27.89640601682166
              ],
              [
                86.924049373766,
                27.896586565329894
              ],
              [
                86.92384615543614,
                27.89658645320218
              ]
            ],
            [
              [
                86.92394688112145,
                27.897850348724855
              ],
              [
                86.92394700733476,
                27.897669800252554
              ],
              [
                86.92435344805486,
                27.897670023924075
              ],
              [
                86.92435338528958,
                27.897760298160225
              ],
              [
                86.92445499555494,
                27.89776035389171
              ],
              [
                86.9244549328705,
                27.897850628127856
              ],
              [
                86.92425171216908,
                27.89785051659303
              ],
              [
                86.92425164931396,
                27.897940790829182
              ],
              [
                86.92404842844188,
                27.897940678997912
              ],
              [
                86.92404849146767,
                27.897850404761762
              ],
              [
                86.92394688112145,
                27.897850348724855
              ]
            ],
            [
              [
                86.92404868053609,
                27.89757958204433
              ],
              [
                86.9240487435619,
                27.897489307799194
              ],
              [
                86.92415035357573,
                27.897489363755252
              ],
              [
                86.9241504165117,
                27.8973990895191
              ],
              [
                86.92425202643571,
                27.897399145394314
              ],
              [
                86.92425190073445,
                27.8975796938756
              ],
              [
                86.92404868053609,
                27.89757958204433
              ]
            ],
            [
              [
                86.92414934652837,
                27.898933751470775
              ],
              [
                86.92414940947332,
                27.89884347724361
              ],
              [
                86.92425102074479,
                27.898843533127803
              ],
              [
                86.92425095788967,
                27.898933807345987
              ],
              [
                86.92414934652837,
                27.898933751470775
              ]
            ],
            [
              [
                86.92415079412751,
                27.89685744403932
              ],
              [
                86.92415091999945,
                27.896676895540068
              ],
              [
                86.92435413850897,
                27.896677007218624
              ],
              [
                86.9243540129784,
                27.896857555717876
              ],
              [
                86.92415079412751,
                27.89685744403932
              ]
            ],
            [
              [
                86.92425114646402,
                27.898662984673468
              ],
              [
                86.92425120931914,
                27.898572710446302
              ],
              [
                86.92435282034808,
                27.89857276625863
              ],
              [
                86.9243527575738,
                27.898663040485797
              ],
              [
                86.92425114646402,
                27.898662984673468
              ]
            ],
            [
              [
                86.92425278066122,
                27.896315854398814
              ],
              [
                86.92425284350736,
                27.896225580135713
              ],
              [
                86.92445606117246,
                27.896225691661556
              ],
              [
                86.92445593581256,
                27.896406240178774
              ],
              [
                86.92435432680485,
                27.896406184456275
              ],
              [
                86.92435438957013,
                27.896315910193177
              ],
              [
                86.92425278066122,
                27.896315854398814
              ]
            ],
            [
              [
                86.9243523181539,
                27.899294960040034
              ],
              [
                86.92435244370245,
                27.899114411603666
              ],
              [
                86.92445405523443,
                27.899114467335146
              ],
              [
                86.924453992541,
                27.89920474155333
              ],
              [
                86.92455560416283,
                27.899204797212946
              ],
              [
                86.92455554155026,
                27.89929507143113
              ],
              [
                86.9243523181539,
                27.899294960040034
              ]
            ],
            [
              [
                86.92445330293131,
                27.900197757899456
              ],
              [
                86.92445342831816,
                27.900017209481053
              ],
              [
                86.92455504069457,
                27.90001726514067
              ],
              [
                86.92455491546941,
                27.90019781355907
              ],
              [
                86.92445330293131,
                27.900197757899456
              ]
            ],
            [
              [
                86.924453553705,
                27.89983666106265
              ],
              [
                86.92445361639844,
                27.89974638685345
              ],
              [
                86.9247584527551,
                27.899746553607716
              ],
              [
                86.9247583903222,
                27.89983682781692
              ],
              [
                86.924453553705,
                27.89983666106265
              ]
            ],
            [
              [
                86.92455623020774,
                27.89830205495924
              ],
              [
                86.92455629281133,
                27.89821178072309
              ],
              [
                86.92475951418648,
                27.898211891808756
              ],
              [
                86.92475945175357,
                27.898302166044907
              ],
              [
                86.92486106252198,
                27.89830222147096
              ],
              [
                86.92486100016993,
                27.89839249570711
              ],
              [
                86.9246577784624,
                27.898392384765174
              ],
              [
                86.92465784097617,
                27.89830211053801
              ],
              [
                86.92455623020774,
                27.89830205495924
              ]
            ],
            [
              [
                86.92455673101851,
                27.897579861061054
              ],
              [
                86.9245567936221,
                27.897489586824904
              ],
              [
                86.92465840363595,
                27.89748964240367
              ],
              [
                86.9246584661497,
                27.89739936815854
              ],
              [
                86.92486168601567,
                27.897399479091494
              ],
              [
                86.92486162366362,
                27.897489753336625
              ],
              [
                86.92476001364977,
                27.897489697910572
              ],
              [
                86.92475995121687,
                27.897579972146723
              ],
              [
                86.92455673101851,
                27.897579861061054
              ]
            ],
            [
              [
                86.924658903755,
                27.896767448424637
              ],
              [
                86.92465902878253,
                27.896586899916404
              ],
              [
                86.92486224713035,
                27.89658701084936
              ],
              [
                86.92486218478727,
                27.896677285103475
              ],
              [
                86.92476057552803,
                27.896677229677422
              ],
              [
                86.92476051309511,
                27.89676750393154
              ],
              [
                86.924658903755,
                27.896767448424637
              ]
            ],
            [
              [
                86.9247588898304,
                27.89911463408043
              ],
              [
                86.92475901470522,
                27.89893408563508
              ],
              [
                86.92496223742783,
                27.898934196433284
              ],
              [
                86.92496211289439,
                27.899114744878638
              ],
              [
                86.9247588898304,
                27.89911463408043
              ]
            ],
            [
              [
                86.92486025194516,
                27.899475786397186
              ],
              [
                86.92486031429722,
                27.899385512179002
              ],
              [
                86.92506353787324,
                27.89938562281551
              ],
              [
                86.92506347568288,
                27.899475897033696
              ],
              [
                86.92486025194516,
                27.899475786397186
              ]
            ],
            [
              [
                86.92486237181652,
                27.896406462341126
              ],
              [
                86.92486243415959,
                27.896316188078025
              ],
              [
                86.9249640430775,
                27.896316243432214
              ],
              [
                86.92496398081526,
                27.89640651768633
              ],
              [
                86.92486237181652,
                27.896406462341126
              ]
            ],
            [
              [
                86.924862745875,
                27.89586481677151
              ],
              [
                86.92486280821808,
                27.895774542508413
              ],
              [
                86.92496441663292,
                27.895774597862598
              ],
              [
                86.92496435437069,
                27.8958648721257
              ],
              [
                86.924862745875,
                27.89586481677151
              ]
            ],
            [
              [
                86.9249624242325,
                27.898663373751784
              ],
              [
                86.92496254876595,
                27.89848282529745
              ],
              [
                86.92526738159223,
                27.898482990910857
              ],
              [
                86.92526725756186,
                27.898663539374173
              ],
              [
                86.9249624242325,
                27.898663373751784
              ]
            ],
            [
              [
                86.92506440843059,
                27.898121783644154
              ],
              [
                86.92506447061197,
                27.898031509408003
              ],
              [
                86.92516608113785,
                27.89803156461846
              ],
              [
                86.92516601903732,
                27.89812183885461
              ],
              [
                86.92506440843059,
                27.898121783644154
              ]
            ],
            [
              [
                86.9251652117573,
                27.899295403807784
              ],
              [
                86.92516539805891,
                27.89902458114425
              ],
              [
                86.92526700950107,
                27.899024636273857
              ],
              [
                86.92526707152075,
                27.898934362055673
              ],
              [
                86.92547029425236,
                27.898934472099295
              ],
              [
                86.92547017055435,
                27.89911502054465
              ],
              [
                86.92536855902236,
                27.89911496555877
              ],
              [
                86.9253684970925,
                27.899205239785935
              ],
              [
                86.92557172032716,
                27.899205349676844
              ],
              [
                86.92557165855901,
                27.89929562389503
              ],
              [
                86.92567327026167,
                27.899295678728194
              ],
              [
                86.92567320858335,
                27.89938595295536
              ],
              [
                86.9253683732238,
                27.899385788222304
              ],
              [
                86.92536843516264,
                27.89929551400412
              ],
              [
                86.9251652117573,
                27.899295403807784
              ]
            ],
            [
              [
                86.92526880782945,
                27.896406683299737
              ],
              [
                86.92526893184187,
                27.89622613478252
              ],
              [
                86.92537054067893,
                27.89622618983128
              ],
              [
                86.92537047875805,
                27.89631646409438
              ],
              [
                86.92547208767594,
                27.896316519071277
              ],
              [
                86.92547202583592,
                27.896406793325394
              ],
              [
                86.92526880782945,
                27.896406683299737
              ]
            ],
            [
              [
                86.9253681254954,
                27.899746885086056
              ],
              [
                86.92536818742525,
                27.899656610876857
              ],
              [
                86.92557141150434,
                27.899656720767766
              ],
              [
                86.92557134974516,
                27.89974699498595
              ],
              [
                86.9253681254954,
                27.899746885086056
              ]
            ],
            [
              [
                86.92537004529397,
                27.896948383873198
              ],
              [
                86.92537010721485,
                27.896858109628063
              ],
              [
                86.92547171664478,
                27.896858164604957
              ],
              [
                86.92547165480475,
                27.896948438859074
              ],
              [
                86.92537004529397,
                27.896948383873198
              ]
            ],
            [
              [
                86.92547190215588,
                27.896587341842608
              ],
              [
                86.92547196399589,
                27.89649706758849
              ],
              [
                86.92567518217304,
                27.896497177317706
              ],
              [
                86.9256751205037,
                27.896587451571822
              ],
              [
                86.92547190215588,
                27.896587341842608
              ]
            ],
            [
              [
                86.92557382010321,
                27.896136025450108
              ],
              [
                86.9255739436036,
                27.895955476923906
              ],
              [
                86.92577716077463,
                27.895955586500406
              ],
              [
                86.92577703760662,
                27.896136135026605
              ],
              [
                86.92557382010321,
                27.896136025450108
              ]
            ],
            [
              [
                86.92567419541862,
                27.897941565284754
              ],
              [
                86.9256743187663,
                27.89776101680347
              ],
              [
                86.92577592903166,
                27.89776107156477
              ],
              [
                86.92577605221763,
                27.897580523074502
              ],
              [
                86.92608088251966,
                27.897580686891278
              ],
              [
                86.92608075984572,
                27.897761235381545
              ],
              [
                86.92618237012007,
                27.89776128983742
              ],
              [
                86.92618230886396,
                27.89785156407357
              ],
              [
                86.92628391921916,
                27.897851618457576
              ],
              [
                86.9262837968776,
                27.898032166938858
              ],
              [
                86.92608057583482,
                27.89803205809898
              ],
              [
                86.9260806371718,
                27.89794178386283
              ],
              [
                86.92597902673575,
                27.89794172932611
              ],
              [
                86.92597896530894,
                27.89803200357124
              ],
              [
                86.92587735479205,
                27.898031948962657
              ],
              [
                86.92587741629072,
                27.897941674726507
              ],
              [
                86.92567419541862,
                27.897941565284754
              ]
            ],
            [
              [
                86.92567481214799,
                27.897038822842404
              ],
              [
                86.92567487381734,
                27.896948548588288
              ],
              [
                86.92577648332812,
                27.896948603340604
              ],
              [
                86.92577642174861,
                27.89703887759472
              ],
              [
                86.92567481214799,
                27.897038822842404
              ]
            ],
            [
              [
                86.92577445079996,
                27.899927653007797
              ],
              [
                86.92577457399491,
                27.899747104580413
              ],
              [
                86.92597779824467,
                27.899747213878435
              ],
              [
                86.92597773681787,
                27.89983748809662
              ],
              [
                86.92607934902361,
                27.89983754263334
              ],
              [
                86.92607928767765,
                27.89992781684254
              ],
              [
                86.92577445079996,
                27.899927653007797
              ]
            ],
            [
              [
                86.92577611380612,
                27.89749024882937
              ],
              [
                86.92577623698313,
                27.897309700339104
              ],
              [
                86.92597945667842,
                27.89730980962814
              ],
              [
                86.9259793952606,
                27.897400083873276
              ],
              [
                86.92587778532761,
                27.897400029264688
              ],
              [
                86.92587772381997,
                27.897490303509823
              ],
              [
                86.92577611380612,
                27.89749024882937
              ]
            ],
            [
              [
                86.9257766680936,
                27.896677780578255
              ],
              [
                86.9257767296821,
                27.89658750632414
              ],
              [
                86.92587833885153,
                27.896587561004587
              ],
              [
                86.92587827735287,
                27.896677835258703
              ],
              [
                86.9257766680936,
                27.896677780578255
              ]
            ],
            [
              [
                86.92587655518365,
                27.89920551395176
              ],
              [
                86.9258767397066,
                27.898934691279244
              ],
              [
                86.92597835107688,
                27.89893474588783
              ],
              [
                86.92597828965009,
                27.899025020114998
              ],
              [
                86.92618151255238,
                27.89902512910759
              ],
              [
                86.92618157380849,
                27.898934854880423
              ],
              [
                86.92628318517879,
                27.89893490926443
              ],
              [
                86.92628312400352,
                27.899025183491595
              ],
              [
                86.9264863469058,
                27.899025292035034
              ],
              [
                86.926486163901,
                27.89929611470755
              ],
              [
                86.92638455218936,
                27.899296060476257
              ],
              [
                86.92638449110392,
                27.89938633469444
              ],
              [
                86.92607965573539,
                27.89938617154242
              ],
              [
                86.92607971708134,
                27.899295897324237
              ],
              [
                86.92597810537868,
                27.899295842787513
              ],
              [
                86.92597816679648,
                27.899205568560348
              ],
              [
                86.92587655518365,
                27.89920551395176
              ]
            ],
            [
              [
                86.92587796983258,
                27.897129206520304
              ],
              [
                86.9258780928389,
                27.896948658021056
              ],
              [
                86.92597970235867,
                27.89694871262964
              ],
              [
                86.92597976377648,
                27.896858438375524
              ],
              [
                86.92618298262737,
                27.896858547359134
              ],
              [
                86.92618292138023,
                27.89694882161325
              ],
              [
                86.92628453089101,
                27.896948875988276
              ],
              [
                86.92628440855844,
                27.89712942449651
              ],
              [
                86.92587796983258,
                27.897129206520304
              ]
            ],
            [
              [
                86.92587864635384,
                27.896136189707057
              ],
              [
                86.92587870786147,
                27.896045915443956
              ],
              [
                86.92608192519421,
                27.896046024571298
              ],
              [
                86.92608186386623,
                27.896136298834396
              ],
              [
                86.92587864635384,
                27.896136189707057
              ]
            ],
            [
              [
                86.92618377884912,
                27.895684981956805
              ],
              [
                86.92618390134339,
                27.89550443341264
              ],
              [
                86.9262855095067,
                27.89550448778766
              ],
              [
                86.92628538718311,
                27.89568503633183
              ],
              [
                86.92618377884912,
                27.895684981956805
              ]
            ],
            [
              [
                86.926285570664,
                27.89541421351558
              ],
              [
                86.9262856318303,
                27.895323939243497
              ],
              [
                86.92638723982292,
                27.895323993546658
              ],
              [
                86.92638717874647,
                27.89541426781874
              ],
              [
                86.926285570664,
                27.89541421351558
              ]
            ],
            [
              [
                86.92659002944978,
                27.89595602181501
              ],
              [
                86.92659015127032,
                27.895775473279826
              ],
              [
                86.92679336810897,
                27.895775581365122
              ],
              [
                86.92679324662082,
                27.895956129900306
              ],
              [
                86.92659002944978,
                27.89595602181501
              ]
            ],
            [
              [
                86.92740259696474,
                27.896407823666074
              ],
              [
                86.9274027174378,
                27.896227275139875
              ],
              [
                86.92750432628382,
                27.896227328625567
              ],
              [
                86.92750438643502,
                27.896137054353485
              ],
              [
                86.9279108214598,
                27.8961372675237
              ],
              [
                86.92791088127862,
                27.8960469932606
              ],
              [
                86.92801248994499,
                27.896047046360017
              ],
              [
                86.92801237048702,
                27.8962275948952
              ],
              [
                86.92811397933305,
                27.89622764792275
              ],
              [
                86.92811403898118,
                27.896137373659652
              ],
              [
                86.92821564773737,
                27.896137426615336
              ],
              [
                86.92821576686298,
                27.89595687807117
              ],
              [
                86.92831737544849,
                27.89595693095499
              ],
              [
                86.92831743492594,
                27.89586665668291
              ],
              [
                86.92852065193529,
                27.89586676221699
              ],
              [
                86.9285205926285,
                27.895957036489072
              ],
              [
                86.928622201223,
                27.89595708913933
              ],
              [
                86.92862214199708,
                27.896047363411412
              ],
              [
                86.92841892464638,
                27.89604725803005
              ],
              [
                86.92841880586215,
                27.89622780656523
              ],
              [
                86.92831719701613,
                27.896227753762258
              ],
              [
                86.92831713753867,
                27.89631802802536
              ],
              [
                86.92821552861179,
                27.896317975141535
              ],
              [
                86.92821546905348,
                27.896408249413618
              ],
              [
                86.92811386003677,
                27.896408196457934
              ],
              [
                86.92811380039763,
                27.896498470721035
              ],
              [
                86.92791058220251,
                27.89649836458508
              ],
              [
                86.92791064202133,
                27.896408090321984
              ],
              [
                86.92780903300462,
                27.89640803714172
              ],
              [
                86.92780915280395,
                27.896227488606534
              ],
              [
                86.9277075439669,
                27.896227435354405
              ],
              [
                86.9277074839774,
                27.896317709617506
              ],
              [
                86.92750426613263,
                27.896317602888665
              ],
              [
                86.92750420597245,
                27.896407877151766
              ],
              [
                86.92740259696474,
                27.896407823666074
              ]
            ],
            [
              [
                86.92740283791086,
                27.896046726613676
              ],
              [
                86.9274028981429,
                27.895956452341593
              ],
              [
                86.9275045067374,
                27.8959565058183
              ],
              [
                86.92750444658621,
                27.896046780090384
              ],
              [
                86.92740283791086,
                27.896046726613676
              ]
            ],
            [
              [
                86.92770688413636,
                27.897220452203587
              ],
              [
                86.92770694411686,
                27.89713017794947
              ],
              [
                86.92780855380731,
                27.8971302312016
              ],
              [
                86.92780861370697,
                27.897039956947484
              ],
              [
                86.92791022330759,
                27.89704001013673
              ],
              [
                86.92791010366996,
                27.897220558635983
              ],
              [
                86.92801171344125,
                27.89722061174438
              ],
              [
                86.9280116537033,
                27.897310885998497
              ],
              [
                86.927808433999,
                27.897310779709834
              ],
              [
                86.92780849389867,
                27.897220505455717
              ],
              [
                86.92770688413636,
                27.897220452203587
              ]
            ],
            [
              [
                86.92811356180509,
                27.896859567755467
              ],
              [
                86.92811362145322,
                27.89676929350135
              ],
              [
                86.92821523080231,
                27.896769346457035
              ],
              [
                86.92821517123502,
                27.89685962071115
              ],
              [
                86.92811356180509,
                27.896859567755467
              ]
            ],
            [
              [
                86.92811445649117,
                27.89550545375507
              ],
              [
                86.92811457577847,
                27.89532490520192
              ],
              [
                86.92821618378008,
                27.89532495815761
              ],
              [
                86.92821612422178,
                27.895415232438673
              ],
              [
                86.9284193403867,
                27.895415338116486
              ],
              [
                86.92841928099907,
                27.89550561239755
              ],
              [
                86.92882571367926,
                27.895505822854854
              ],
              [
                86.92882559556877,
                27.895686371408004
              ],
              [
                86.92831755388086,
                27.895686108138744
              ],
              [
                86.92831767282678,
                27.895505559585594
              ],
              [
                86.92811445649117,
                27.89550545375507
              ]
            ],
            [
              [
                86.92841856828471,
                27.89658890361763
              ],
              [
                86.92841868707792,
                27.89640835509143
              ],
              [
                86.92862190510236,
                27.89640846048178
              ],
              [
                86.92862196432829,
                27.89631818621868
              ],
              [
                86.9289267911089,
                27.89631834372928
              ],
              [
                86.9289267321435,
                27.896408618001363
              ],
              [
                86.92882512312679,
                27.896408565566702
              ],
              [
                86.92882506407155,
                27.8964988398298
              ],
              [
                86.92872345497399,
                27.89649878732327
              ],
              [
                86.92872333669281,
                27.89667933584947
              ],
              [
                86.9289265552203,
                27.896679440790663
              ],
              [
                86.9289264372805,
                27.89685998930788
              ],
              [
                86.92862160897272,
                27.896859831788294
              ],
              [
                86.92862166819864,
                27.896769557534178
              ],
              [
                86.92852005884956,
                27.896769504874936
              ],
              [
                86.9285201774721,
                27.896588956348737
              ],
              [
                86.92841856828471,
                27.89658890361763
              ]
            ],
            [
              [
                86.92882530029253,
                27.896137742768417
              ],
              [
                86.92882535934778,
                27.896047468496334
              ],
              [
                86.92902857669847,
                27.896047573284815
              ],
              [
                86.9290285178139,
                27.896137847556897
              ],
              [
                86.92882530029253,
                27.896137742768417
              ]
            ],
            [
              [
                86.92882547745828,
                27.89586691995217
              ],
              [
                86.92882553651351,
                27.895776645680087
              ],
              [
                86.92902875336115,
                27.895776750468563
              ],
              [
                86.92902869447659,
                27.895867024740646
              ],
              [
                86.92882547745828,
                27.89586691995217
              ]
            ],
            [
              [
                86.92933316820135,
                27.896408826976447
              ],
              [
                86.92933322683439,
                27.896318552704365
              ],
              [
                86.92953644469712,
                27.89631865674724
              ],
              [
                86.92953638622578,
                27.896408931010342
              ],
              [
                86.92933316820135,
                27.896408826976447
              ]
            ],
            [
              [
                86.92933381316477,
                27.895415809974555
              ],
              [
                86.92933387179781,
                27.895325535693487
              ],
              [
                86.92953708780104,
                27.895325639727382
              ],
              [
                86.9295371462634,
                27.895235365446315
              ],
              [
                86.92963875418415,
                27.89523541735097
              ],
              [
                86.92963863743012,
                27.895415965913102
              ],
              [
                86.92953702933868,
                27.895415914008446
              ],
              [
                86.92953697087631,
                27.895506188289513
              ],
              [
                86.92943536270403,
                27.895506136304007
              ],
              [
                86.92943542124723,
                27.895415862031925
              ],
              [
                86.92933381316477,
                27.895415809974555
              ]
            ],
            [
              [
                86.93004472152805,
                27.895957818445577
              ],
              [
                86.93004477956819,
                27.895867544173495
              ],
              [
                86.93014638808185,
                27.89586759570086
              ],
              [
                86.93014633012254,
                27.895957869972943
              ],
              [
                86.93004472152805,
                27.895957818445577
              ]
            ],
            [
              [
                86.93024793871705,
                27.89595792142844
              ],
              [
                86.93024805446497,
                27.895777372884275
              ],
              [
                86.93034966288879,
                27.895777424258927
              ],
              [
                86.93034960510016,
                27.89586769853999
              ],
              [
                86.93045121361382,
                27.89586774984278
              ],
              [
                86.93045115590604,
                27.89595802411486
              ],
              [
                86.93024793871705,
                27.89595792142844
              ]
            ],
            [
              [
                86.93045080966839,
                27.896499669738375
              ],
              [
                86.93045086737617,
                27.896409395475278
              ],
              [
                86.93055247639288,
                27.896409446706198
              ],
              [
                86.93055241877492,
                27.89649972097828
              ],
              [
                86.93045080966839,
                27.896499669738375
              ]
            ],
            [
              [
                86.93055299499028,
                27.895596978239485
              ],
              [
                86.93055311023515,
                27.895416429686335
              ],
              [
                86.93065471831761,
                27.895416480836406
              ],
              [
                86.9306546032524,
                27.89559702939854
              ],
              [
                86.93055299499028,
                27.895596978239485
              ]
            ],
            [
              [
                86.9218117013492,
                27.899744913409773
              ],
              [
                86.9219133134651,
                27.89974497100975
              ],
              [
                86.92191324866063,
                27.89983524521895
              ],
              [
                86.92181163646389,
                27.89983518760999
              ],
              [
                86.9218117013492,
                27.899744913409773
              ]
            ],
            [
              [
                86.9171374757011,
                27.89983245668661
              ],
              [
                86.91713733817801,
                27.90001300506908
              ],
              [
                86.91703572581956,
                27.900012943938723
              ],
              [
                86.91703579466645,
                27.89992266974749
              ],
              [
                86.916629345601,
                27.89992242448047
              ],
              [
                86.91662941478923,
                27.899832150289235
              ],
              [
                86.91652780261046,
                27.899832088790568
              ],
              [
                86.91652794114864,
                27.899651540399116
              ],
              [
                86.9168327771909,
                27.899651724679515
              ],
              [
                86.91683263915577,
                27.899832273070967
              ],
              [
                86.9171374757011,
                27.89983245668661
              ]
            ],
            [
              [
                86.91571455543914,
                27.900282965008582
              ],
              [
                86.91581616804012,
                27.9002830271181
              ],
              [
                86.91581609817814,
                27.900373301300352
              ],
              [
                86.91571448549631,
                27.900373239199816
              ],
              [
                86.91571455543914,
                27.900282965008582
              ]
            ],
            [
              [
                86.91571455543914,
                27.900282965008582
              ],
              [
                86.91561294283815,
                27.90028290283618
              ],
              [
                86.9156130128708,
                27.900192628644948
              ],
              [
                86.91571462539095,
                27.90019269082633
              ],
              [
                86.91571455543914,
                27.900282965008582
              ]
            ],
            [
              [
                86.92364097290397,
                27.899384842026816
              ],
              [
                86.92343774933693,
                27.899384729279266
              ],
              [
                86.92343781287477,
                27.899294455070063
              ],
              [
                86.92364103627114,
                27.89929456780863
              ],
              [
                86.92364097290397,
                27.899384842026816
              ]
            ],
            [
              [
                86.9255725232234,
                27.89803178468774
              ],
              [
                86.92577574426618,
                27.898031894282205
              ],
              [
                86.92577568267767,
                27.898122168518356
              ],
              [
                86.9258772932844,
                27.898122223198808
              ],
              [
                86.92587723177675,
                27.898212497434958
              ],
              [
                86.92557239970505,
                27.89821233316004
              ],
              [
                86.9255725232234,
                27.89803178468774
              ]
            ],
            [
              [
                86.91947629333441,
                27.897486712350744
              ],
              [
                86.91927307333368,
                27.897486593476682
              ],
              [
                86.91927320730844,
                27.89730604500438
              ],
              [
                86.91947642695881,
                27.897306163878444
              ],
              [
                86.91947629333441,
                27.897486712350744
              ]
            ],
            [
              [
                86.91967764706718,
                27.90001450894768
              ],
              [
                86.91947442235029,
                27.90001439036108
              ],
              [
                86.91947448917597,
                27.89992411616086
              ],
              [
                86.91957610145356,
                27.899924175494586
              ],
              [
                86.91957616818941,
                27.899833901294368
              ],
              [
                86.91977939257391,
                27.899834019728257
              ],
              [
                86.91977932599976,
                27.899924293928475
              ],
              [
                86.91967771373115,
                27.899924234747463
              ],
              [
                86.91967764706718,
                27.90001450894768
              ]
            ],
            [
              [
                86.92364071943533,
                27.899745938872602
              ],
              [
                86.92374233155122,
                27.899745995134086
              ],
              [
                86.92374220498759,
                27.89992654355249
              ],
              [
                86.923640592701,
                27.899926487299986
              ],
              [
                86.92364052933385,
                27.900016761500204
              ],
              [
                86.92353891696642,
                27.900016705166852
              ],
              [
                86.92353879006143,
                27.90019725357627
              ],
              [
                86.92364040259953,
                27.900197309918607
              ],
              [
                86.92364027586521,
                27.90037785831904
              ],
              [
                86.92333543773886,
                27.90037768909441
              ],
              [
                86.92333550135754,
                27.90028741489419
              ],
              [
                86.9232338887386,
                27.900287358327276
              ],
              [
                86.92323395243812,
                27.900197084127058
              ],
              [
                86.92333556497623,
                27.90019714068499
              ],
              [
                86.92333562860391,
                27.900106866484773
              ],
              [
                86.92343724105218,
                27.900106922961854
              ],
              [
                86.9234374316657,
                27.899836100343233
              ],
              [
                86.92364065606817,
                27.899836213090786
              ],
              [
                86.92364071943533,
                27.899745938872602
              ]
            ],
            [
              [
                86.92110048204307,
                27.899654233853767
              ],
              [
                86.9213037060952,
                27.899654350041864
              ],
              [
                86.92130364078768,
                27.899744624242082
              ],
              [
                86.92110041656487,
                27.899744508053985
              ],
              [
                86.92110048204307,
                27.899654233853767
              ]
            ],
            [
              [
                86.92191506296106,
                27.897307566993018
              ],
              [
                86.92191499817456,
                27.897397841229168
              ],
              [
                86.92181338825056,
                27.89739778362919
              ],
              [
                86.92181345312689,
                27.89730750939304
              ],
              [
                86.92191506296106,
                27.897307566993018
              ]
            ],
            [
              [
                86.91967764706718,
                27.90001450894768
              ],
              [
                86.91988087179304,
                27.900014627237837
              ],
              [
                86.91988080529974,
                27.900104901438056
              ],
              [
                86.91967758041218,
                27.9001047831479
              ],
              [
                86.91967764706718,
                27.90001450894768
              ]
            ],
            [
              [
                86.91347922191194,
                27.900101031414962
              ],
              [
                86.91368244676357,
                27.900101158840986
              ],
              [
                86.91368230350025,
                27.900281707205487
              ],
              [
                86.91347907830726,
                27.900281579779463
              ],
              [
                86.91347922191194,
                27.900101031414962
              ]
            ],
            [
              [
                86.92547258236918,
                27.895594324957496
              ],
              [
                86.92526936588088,
                27.895594214922856
              ],
              [
                86.9252694278826,
                27.895503940659754
              ],
              [
                86.92547264420921,
                27.89550405068541
              ],
              [
                86.92547258236918,
                27.895594324957496
              ]
            ],
            [
              [
                86.91662976071248,
                27.89938077930611
              ],
              [
                86.91642653719036,
                27.899380656227933
              ],
              [
                86.91642646784042,
                27.89947093042815
              ],
              [
                86.91632485599402,
                27.899470868776774
              ],
              [
                86.91632492543378,
                27.899380594576556
              ],
              [
                86.91622331367722,
                27.89938053284433
              ],
              [
                86.91622338319785,
                27.89929025864411
              ],
              [
                86.91642660654928,
                27.89929038202772
              ],
              [
                86.91642667589922,
                27.8992001078275
              ],
              [
                86.91662989908,
                27.899200230905677
              ],
              [
                86.91662976071248,
                27.89938077930611
              ]
            ],
            [
              [
                86.92110048204307,
                27.899654233853767
              ],
              [
                86.92099887001702,
                27.899654175642937
              ],
              [
                86.92099893557607,
                27.899563901433734
              ],
              [
                86.9211005475123,
                27.899563959644567
              ],
              [
                86.92110048204307,
                27.899654233853767
              ]
            ],
            [
              [
                86.92354005904855,
                27.898391769248526
              ],
              [
                86.92333683735,
                27.898391656366226
              ],
              [
                86.9233369645784,
                27.89821110791189
              ],
              [
                86.92343857525698,
                27.898211164388975
              ],
              [
                86.92343851172814,
                27.89830143861614
              ],
              [
                86.92354012249655,
                27.898301495021357
              ],
              [
                86.92354005904855,
                27.898391769248526
              ]
            ],
            [
              [
                86.91347922191194,
                27.900101031414962
              ],
              [
                86.91337760949062,
                27.900100967589662
              ],
              [
                86.91337768137382,
                27.90001069340741
              ],
              [
                86.91347929371429,
                27.90001075723271
              ],
              [
                86.91347922191194,
                27.900101031414962
              ]
            ],
            [
              [
                86.9218117013492,
                27.899744913409773
              ],
              [
                86.9217100892333,
                27.899744855719966
              ],
              [
                86.92171015420844,
                27.899654581519748
              ],
              [
                86.92181176623451,
                27.899654639200573
              ],
              [
                86.9218117013492,
                27.899744913409773
              ]
            ],
            [
              [
                86.92191558128899,
                27.89658537304093
              ],
              [
                86.9217123629681,
                27.896585257769114
              ],
              [
                86.92171249288246,
                27.896404709269866
              ],
              [
                86.92191571087096,
                27.896404824541683
              ],
              [
                86.92191558128899,
                27.89658537304093
              ]
            ],
            [
              [
                86.91947629333441,
                27.897486712350744
              ],
              [
                86.91957790333029,
                27.897486771675485
              ],
              [
                86.91957776986759,
                27.89766732012982
              ],
              [
                86.91947615970103,
                27.897667260805076
              ],
              [
                86.91947629333441,
                27.897486712350744
              ]
            ],
            [
              [
                86.91703717157716,
                27.89811718563534
              ],
              [
                86.91693556099739,
                27.898117124433117
              ],
              [
                86.91693562992512,
                27.898026850214936
              ],
              [
                86.91703724041507,
                27.898026911417155
              ],
              [
                86.91703717157716,
                27.89811718563534
              ]
            ],
            [
              [
                86.92191506296106,
                27.897307566993018
              ],
              [
                86.92191512775653,
                27.897217292747882
              ],
              [
                86.92201673750986,
                27.897217350275994
              ],
              [
                86.92201667280422,
                27.89730762452113
              ],
              [
                86.92191506296106,
                27.897307566993018
              ]
            ],
            [
              [
                86.92354005904855,
                27.898391769248526
              ],
              [
                86.9236416699068,
                27.898391825581875
              ],
              [
                86.92364160653965,
                27.898482099809044
              ],
              [
                86.92353999560952,
                27.898482043475692
              ],
              [
                86.92354005904855,
                27.898391769248526
              ]
            ],
            [
              [
                86.91764642504677,
                27.89865919654978
              ],
              [
                86.91795125831324,
                27.89865937835083
              ],
              [
                86.91795119022991,
                27.898749652560028
              ],
              [
                86.91784957905725,
                27.898749592031546
              ],
              [
                86.91784951088411,
                27.898839866249727
              ],
              [
                86.9177478996216,
                27.898839805640396
              ],
              [
                86.9177479678756,
                27.898749531431196
              ],
              [
                86.91764635670295,
                27.898749470758982
              ],
              [
                86.91764642504677,
                27.89865919654978
              ]
            ],
            [
              [
                86.9225232433212,
                27.899384218245665
              ],
              [
                86.92252311473634,
                27.899564766664067
              ],
              [
                86.92262472668156,
                27.899564823752005
              ],
              [
                86.92262466247897,
                27.899655097961205
              ],
              [
                86.92242143841784,
                27.899654983713468
              ],
              [
                86.92242150279112,
                27.899564709504265
              ],
              [
                86.92221827890069,
                27.899564594969068
              ],
              [
                86.9222184079886,
                27.899384046541684
              ],
              [
                86.9225232433212,
                27.899384218245665
              ]
            ],
            [
              [
                86.91764642504677,
                27.89865919654978
              ],
              [
                86.91754481395495,
                27.898659135796716
              ],
              [
                86.91754488237963,
                27.898568861587517
              ],
              [
                86.91764649338161,
                27.898568922331595
              ],
              [
                86.91764642504677,
                27.89865919654978
              ]
            ],
            [
              [
                86.91703717157716,
                27.89811718563534
              ],
              [
                86.91744361390526,
                27.898117429680653
              ],
              [
                86.91744354539973,
                27.898207703898837
              ],
              [
                86.9171387133999,
                27.898207520974896
              ],
              [
                86.91713850711974,
                27.898478343620464
              ],
              [
                86.91703689620759,
                27.89847828249011
              ],
              [
                86.91703717157716,
                27.89811718563534
              ]
            ],
            [
              [
                86.92232034207865,
                27.89893273277226
              ],
              [
                86.92232040653278,
                27.898842458554075
              ],
              [
                86.92252362907574,
                27.898842572945544
              ],
              [
                86.92252356478332,
                27.898932847163728
              ],
              [
                86.92232034207865,
                27.89893273277226
              ]
            ],
            [
              [
                86.92669121225182,
                27.89658799573529
              ],
              [
                86.92658960307341,
                27.89658794165671
              ],
              [
                86.92658966398817,
                27.896497667393607
              ],
              [
                86.9264880548996,
                27.896497613243163
              ],
              [
                86.92648817689081,
                27.896317064725945
              ],
              [
                86.92669139473558,
                27.896317172954973
              ],
              [
                86.92669121225182,
                27.89658799573529
              ]
            ],
            [
              [
                86.91825487055364,
                27.90028449512697
              ],
              [
                86.91845809577357,
                27.900284615510202
              ],
              [
                86.91845796043339,
                27.900465163892672
              ],
              [
                86.9182547348721,
                27.900465043509442
              ],
              [
                86.91825487055364,
                27.90028449512697
              ]
            ],
            [
              [
                86.91662976071248,
                27.89938077930611
              ],
              [
                86.91673137246906,
                27.89938084073291
              ],
              [
                86.91673130337064,
                27.899471114933128
              ],
              [
                86.91662969152424,
                27.89947105350633
              ],
              [
                86.91662976071248,
                27.89938077930611
              ]
            ],
            [
              [
                86.92191558128899,
                27.89658537304093
              ],
              [
                86.92232201793972,
                27.89658560268625
              ],
              [
                86.92232195349457,
                27.896675876940368
              ],
              [
                86.92191551650248,
                27.896675647286067
              ],
              [
                86.92191558128899,
                27.89658537304093
              ]
            ],
            [
              [
                86.92364097290397,
                27.899384842026816
              ],
              [
                86.92374258468749,
                27.89938489827932
              ],
              [
                86.92374271124214,
                27.899204349851935
              ],
              [
                86.92394593446782,
                27.899204462141345
              ],
              [
                86.92394587136118,
                27.89929473635953
              ],
              [
                86.92404748305486,
                27.89929479238745
              ],
              [
                86.92404735700326,
                27.89947534082382
              ],
              [
                86.92414896886764,
                27.89947539677988
              ],
              [
                86.92414890592268,
                27.899565670998065
              ],
              [
                86.92394568202327,
                27.899565559005097
              ],
              [
                86.92394561890764,
                27.899655833214297
              ],
              [
                86.92374239483753,
                27.899655720924887
              ],
              [
                86.92374245812385,
                27.899565446706703
              ],
              [
                86.92364084616965,
                27.8995653904542
              ],
              [
                86.92364097290397,
                27.899384842026816
              ]
            ],
            [
              [
                86.92669121225182,
                27.89658799573529
              ],
              [
                86.92679282143023,
                27.896588049742004
              ],
              [
                86.92679276068614,
                27.89667832399612
              ],
              [
                86.9266911514269,
                27.896678269989405
              ],
              [
                86.92669121225182,
                27.89658799573529
              ]
            ],
            [
              [
                86.9225232433212,
                27.899384218245665
              ],
              [
                86.9225233076226,
                27.89929394402748
              ],
              [
                86.92262491931629,
                27.899294001106433
              ],
              [
                86.92262485510471,
                27.899384275324618
              ],
              [
                86.9225232433212,
                27.899384218245665
              ]
            ],
            [
              [
                86.92364071943533,
                27.899745938872602
              ],
              [
                86.92343749520354,
                27.899745826134033
              ],
              [
                86.92343755873239,
                27.899655551924834
              ],
              [
                86.9236407828025,
                27.899655664663403
              ],
              [
                86.92364071943533,
                27.899745938872602
              ]
            ],
            [
              [
                86.9255725232234,
                27.89803178468774
              ],
              [
                86.92547091269752,
                27.89803172978271
              ],
              [
                86.9254708508575,
                27.89812200401886
              ],
              [
                86.92526762964404,
                27.89812189398422
              ],
              [
                86.92526775366545,
                27.89794134551192
              ],
              [
                86.92557258498258,
                27.897941510451588
              ],
              [
                86.9255725232234,
                27.89803178468774
              ]
            ],
            [
              [
                86.91916951819776,
                27.900104486110965
              ],
              [
                86.91937274308533,
                27.900104605155708
              ],
              [
                86.91937267616983,
                27.90019487934694
              ],
              [
                86.91916945112057,
                27.900194760311184
              ],
              [
                86.91916951819776,
                27.900104486110965
              ]
            ],
            [
              [
                86.92232034207865,
                27.89893273277226
              ],
              [
                86.92232027761555,
                27.899023006990443
              ],
              [
                86.92221866617339,
                27.899022949686913
              ],
              [
                86.92221873071735,
                27.89893267546873
              ],
              [
                86.92232034207865,
                27.89893273277226
              ]
            ],
            [
              [
                86.91916951819776,
                27.900104486110965
              ],
              [
                86.9189662933102,
                27.900104366778763
              ],
              [
                86.91896636055809,
                27.900014092578544
              ],
              [
                86.91906797291652,
                27.90001415228956
              ],
              [
                86.91906804008356,
                27.899923878089346
              ],
              [
                86.91916965235217,
                27.899923937719514
              ],
              [
                86.91916951819776,
                27.900104486110965
              ]
            ],
            [
              [
                86.91734070006763,
                27.89983257871376
              ],
              [
                86.91744231225539,
                27.899832639619536
              ],
              [
                86.9174422437409,
                27.89992291381077
              ],
              [
                86.91764546827811,
                27.899923035397745
              ],
              [
                86.91764553662193,
                27.899832761197526
              ],
              [
                86.9177471488097,
                27.89983282187872
              ],
              [
                86.91774708054672,
                27.89992309607894
              ],
              [
                86.91805191736152,
                27.899923277664392
              ],
              [
                86.91805184935008,
                27.90001355186461
              ],
              [
                86.91825507406696,
                27.900013672544286
              ],
              [
                86.91825487055364,
                27.90028449512697
              ],
              [
                86.91805164533369,
                27.900284374438314
              ],
              [
                86.91805178134761,
                27.900103826055844
              ],
              [
                86.91764533159045,
                27.900103583789196
              ],
              [
                86.91764539993427,
                27.900013309588978
              ],
              [
                86.91734056287692,
                27.90001312710521
              ],
              [
                86.91734070006763,
                27.89983257871376
              ]
            ],
            [
              [
                86.9171374757011,
                27.89983245668661
              ],
              [
                86.91713768199021,
                27.89956163409494
              ],
              [
                86.91723929392644,
                27.89956169514445
              ],
              [
                86.91723922524126,
                27.899651969344664
              ],
              [
                86.91734083725834,
                27.899652030322308
              ],
              [
                86.91734070006763,
                27.89983257871376
              ],
              [
                86.9171374757011,
                27.89983245668661
              ]
            ],
            [
              [
                86.92577746869016,
                27.895504215157956
              ],
              [
                86.92577734552215,
                27.895684763702125
              ],
              [
                86.92547252053815,
                27.895684599220594
              ],
              [
                86.92547258236918,
                27.895594324957496
              ],
              [
                86.92557419061335,
                27.89559437985354
              ],
              [
                86.92557425236353,
                27.89550410558146
              ],
              [
                86.92577746869016,
                27.895504215157956
              ]
            ],
            [
              [
                86.92872191721992,
                27.89884591777759
              ],
              [
                86.928721976365,
                27.898755643550423
              ],
              [
                86.9291284211904,
                27.898755853145346
              ],
              [
                86.9291283623777,
                27.89884612737251
              ],
              [
                86.92922997366715,
                27.89884617959158
              ],
              [
                86.92922991494427,
                27.898936453818745
              ],
              [
                86.92902669219471,
                27.89893634932671
              ],
              [
                86.92902663330115,
                27.89902662355388
              ],
              [
                86.92892502184102,
                27.899026571191083
              ],
              [
                86.92892496285765,
                27.899116845427233
              ],
              [
                86.92862012823473,
                27.89911668788968
              ],
              [
                86.92862006899982,
                27.899206962116846
              ],
              [
                86.92872168062163,
                27.899207014704224
              ],
              [
                86.92872162147656,
                27.89929728893139
              ],
              [
                86.92811195121561,
                27.899296972284237
              ],
              [
                86.9281118915585,
                27.899387246511402
              ],
              [
                86.9277054443885,
                27.89938703391611
              ],
              [
                86.92770550437798,
                27.89929675968894
              ],
              [
                86.92780711608964,
                27.899296812950055
              ],
              [
                86.92780717599828,
                27.899206538722886
              ],
              [
                86.92811201087274,
                27.89920669805707
              ],
              [
                86.92811207052087,
                27.899116423829902
              ],
              [
                86.92851851668476,
                27.89911663523044
              ],
              [
                86.92851857600951,
                27.899026360994288
              ],
              [
                86.92841696454938,
                27.89902630826318
              ],
              [
                86.92841708335158,
                27.898845759799862
              ],
              [
                86.92872191721992,
                27.89884591777759
              ]
            ]
          ],
          [
            [
              [
                86.92872191721992,
                27.89884591777759
              ],
              [
                86.9289251397988,
                27.898846022727763
              ],
              [
                86.92892508081543,
                27.898936296963914
              ],
              [
                86.92872185807484,
                27.89893619201374
              ],
              [
                86.92872191721992,
                27.89884591777759
              ]
            ]
          ],
          [
            [
              [
                86.92415205279299,
                27.895051958804274
              ],
              [
                86.92415198985702,
                27.895142233076356
              ],
              [
                86.92405038204406,
                27.89514217712928
              ],
              [
                86.92405044505189,
                27.895051902857197
              ],
              [
                86.92415205279299,
                27.895051958804274
              ]
            ]
          ],
          [
            [
              [
                86.92425372337124,
                27.894961740407403
              ],
              [
                86.92425378621738,
                27.89487146613532
              ],
              [
                86.92445700134924,
                27.89487157765218
              ],
              [
                86.92445706403367,
                27.894781303380096
              ],
              [
                86.92466027899486,
                27.894781414600512
              ],
              [
                86.9246601539853,
                27.89496196315366
              ],
              [
                86.92496497693911,
                27.894962129422836
              ],
              [
                86.92496491468586,
                27.89505240369492
              ],
              [
                86.92486330694476,
                27.895052348349715
              ],
              [
                86.92486324461066,
                27.895142622621798
              ],
              [
                86.92466002896677,
                27.895142511697827
              ],
              [
                86.924659966453,
                27.89523278596991
              ],
              [
                86.9245583585502,
                27.895232730400124
              ],
              [
                86.92455829595559,
                27.895323004672207
              ],
              [
                86.92445668796297,
                27.895322949021576
              ],
              [
                86.92445675064741,
                27.895232674749494
              ],
              [
                86.92435514273564,
                27.895232619026995
              ],
              [
                86.92435507997932,
                27.895322893299078
              ],
              [
                86.92415186400305,
                27.89532278162052
              ],
              [
                86.92415192693004,
                27.89523250734844
              ],
              [
                86.92425353483283,
                27.89523256322365
              ],
              [
                86.92425359767897,
                27.89514228895157
              ],
              [
                86.92435520550092,
                27.895142344754913
              ],
              [
                86.92435533102251,
                27.894961796201766
              ],
              [
                86.92425372337124,
                27.894961740407403
              ]
            ],
            [
              [
                86.9246601539853,
                27.89496196315366
              ],
              [
                86.92466009147154,
                27.895052237425745
              ],
              [
                86.92455848373943,
                27.89505218185596
              ],
              [
                86.92455854632504,
                27.894961907574892
              ],
              [
                86.9246601539853,
                27.89496196315366
              ]
            ]
          ],
          [
            [
              [
                86.92425372337124,
                27.894961740407403
              ],
              [
                86.92425366052511,
                27.895052014679486
              ],
              [
                86.92415205279299,
                27.895051958804274
              ],
              [
                86.92415211571998,
                27.89496168453219
              ],
              [
                86.92425372337124,
                27.894961740407403
              ]
            ]
          ],
          [
            [
              [
                86.92547307704446,
                27.894872130762867
              ],
              [
                86.92547301521343,
                27.89496240504393
              ],
              [
                86.92537140756215,
                27.894962350067036
              ],
              [
                86.92537134564128,
                27.895052624348104
              ],
              [
                86.92557456112348,
                27.895052734221043
              ],
              [
                86.9255744993733,
                27.89514300849313
              ],
              [
                86.92537128372041,
                27.895142898620186
              ],
              [
                86.92537122179954,
                27.89523317289227
              ],
              [
                86.92526961389675,
                27.895233117843507
              ],
              [
                86.92526973790018,
                27.895052569290357
              ],
              [
                86.92506652242696,
                27.89505245896826
              ],
              [
                86.92506658459936,
                27.894962184696176
              ],
              [
                86.92496497693911,
                27.894962129422836
              ],
              [
                86.92496503920134,
                27.89487185514177
              ],
              [
                86.92547307704446,
                27.894872130762867
              ]
            ]
          ],
          [
            [
              [
                86.92608284513194,
                27.894691910472087
              ],
              [
                86.92608278380396,
                27.894782184753154
              ],
              [
                86.92598117631438,
                27.8947821302344
              ],
              [
                86.92598111490555,
                27.894872404515464
              ],
              [
                86.92587950733513,
                27.89487234991586
              ],
              [
                86.92587944583647,
                27.894962624187944
              ],
              [
                86.9257778381852,
                27.894962569516476
              ],
              [
                86.9257777765967,
                27.89505284378856
              ],
              [
                86.92557456112348,
                27.895052734221043
              ],
              [
                86.92557462287368,
                27.89496245993998
              ],
              [
                86.92567623052494,
                27.89496251476416
              ],
              [
                86.9256762921943,
                27.894872240483096
              ],
              [
                86.92547307704446,
                27.894872130762867
              ],
              [
                86.92547313888448,
                27.8947818564818
              ],
              [
                86.92567635385466,
                27.89478196621101
              ],
              [
                86.925676415524,
                27.894691691929946
              ],
              [
                86.92557480811527,
                27.894691637105762
              ],
              [
                86.92557486986546,
                27.894601362824698
              ],
              [
                86.92577808450325,
                27.894601472392214
              ],
              [
                86.92577802292374,
                27.894691746673278
              ],
              [
                86.92608284513194,
                27.894691910472087
              ]
            ]
          ],
          [
            [
              [
                86.92618463626411,
                27.894421142075778
              ],
              [
                86.9262862434213,
                27.89442119644182
              ],
              [
                86.92628618225501,
                27.894511470731867
              ],
              [
                86.92659100396915,
                27.894511633407785
              ],
              [
                86.92659094306337,
                27.89460190768885
              ],
              [
                86.92638772842558,
                27.894601799316096
              ],
              [
                86.92638760627267,
                27.894782347878227
              ],
              [
                86.9262859987831,
                27.89478229358405
              ],
              [
                86.92628593762579,
                27.894872567856133
              ],
              [
                86.92618433005538,
                27.894872513481108
              ],
              [
                86.92618445254067,
                27.894691964918977
              ],
              [
                86.92608284513194,
                27.894691910472087
              ],
              [
                86.9260829677879,
                27.894511361909956
              ],
              [
                86.92618457502596,
                27.894511416356846
              ],
              [
                86.92618463626411,
                27.894421142075778
              ]
            ]
          ],
          [
            [
              [
                86.92699458591764,
                27.89875473939609
              ],
              [
                86.92668975231881,
                27.898754577600524
              ],
              [
                86.92668981315272,
                27.898664303364374
              ],
              [
                86.92679142426249,
                27.89866435737109
              ],
              [
                86.92679148501556,
                27.89857408314392
              ],
              [
                86.9268930960445,
                27.89857413707877
              ],
              [
                86.92689303538127,
                27.898664411305937
              ],
              [
                86.92699464650003,
                27.89866446516892
              ],
              [
                86.92699458591764,
                27.89875473939609
              ]
            ]
          ],
          [
            [
              [
                86.92699458591764,
                27.89875473939609
              ],
              [
                86.92729941951649,
                27.898754900526903
              ],
              [
                86.92729947984735,
                27.898664626299734
              ],
              [
                86.92719786872858,
                27.89866457266133
              ],
              [
                86.92719792914028,
                27.898574298425178
              ],
              [
                86.92699470708241,
                27.89857419093277
              ],
              [
                86.9269948282382,
                27.898393642469454
              ],
              [
                86.92719804996369,
                27.898393749961862
              ],
              [
                86.92719811037539,
                27.89830347572571
              ],
              [
                86.92729972115279,
                27.898303529355132
              ],
              [
                86.92729966083093,
                27.898393803591283
              ],
              [
                86.92740127169816,
                27.89839385714884
              ],
              [
                86.92740121144816,
                27.89848413138499
              ],
              [
                86.9277060443014,
                27.89848429161749
              ],
              [
                86.92770592432241,
                27.898664840080805
              ],
              [
                86.92740109096611,
                27.89866467985729
              ],
              [
                86.92740091023406,
                27.898935502547776
              ],
              [
                86.92719768749348,
                27.898935395351813
              ],
              [
                86.92719750624939,
                27.899206218033314
              ],
              [
                86.92709589462756,
                27.899206164323044
              ],
              [
                86.927095834135,
                27.89929643855021
              ],
              [
                86.92689261072069,
                27.89929633090509
              ],
              [
                86.92689273205612,
                27.899115782450757
              ],
              [
                86.92679112051515,
                27.899115728515905
              ],
              [
                86.92679118126821,
                27.89902545428874
              ],
              [
                86.9269944041705,
                27.899025562086575
              ],
              [
                86.92699446475288,
                27.898935287859405
              ],
              [
                86.92709607612318,
                27.898935341641543
              ],
              [
                86.92709613662471,
                27.898845067414374
              ],
              [
                86.92699452533526,
                27.89884501363224
              ],
              [
                86.92699458591764,
                27.89875473939609
              ]
            ]
          ],
          [
            [
              [
                86.92943266922244,
                27.89965875184964
              ],
              [
                86.92963589331947,
                27.899658855748786
              ],
              [
                86.92963595171895,
                27.899568581521617
              ],
              [
                86.92973756368214,
                27.899568633363394
              ],
              [
                86.92973768029245,
                27.89938808490906
              ],
              [
                86.92994090389541,
                27.899388188359048
              ],
              [
                86.92994102016436,
                27.899207639904713
              ],
              [
                86.93024585505678,
                27.899207794513757
              ],
              [
                86.93024591294422,
                27.899117520286588
              ],
              [
                86.93014430139425,
                27.899117468822105
              ],
              [
                86.93014435936254,
                27.899027194585955
              ],
              [
                86.93004274790242,
                27.899027143049608
              ],
              [
                86.93004280595154,
                27.898936868822442
              ],
              [
                86.92983958320198,
                27.898936765516183
              ],
              [
                86.9298396414218,
                27.898846491289017
              ],
              [
                86.92994125271123,
                27.898846542969096
              ],
              [
                86.92994136898916,
                27.898665994496795
              ],
              [
                86.93014459123569,
                27.898666097650338
              ],
              [
                86.9301445332674,
                27.89875637188649
              ],
              [
                86.9300429220588,
                27.89875632035014
              ],
              [
                86.93004286400966,
                27.898846594586292
              ],
              [
                86.93055092047486,
                27.89884685152243
              ],
              [
                86.93055080521204,
                27.89902739999473
              ],
              [
                86.93034758229177,
                27.899027297443055
              ],
              [
                86.93034740888997,
                27.89929812013354
              ],
              [
                86.93044902060163,
                27.899298171454294
              ],
              [
                86.93044896288488,
                27.89938844568146
              ],
              [
                86.93065218648785,
                27.89938854808042
              ],
              [
                86.93065235913507,
                27.899117725389935
              ],
              [
                86.93116041687587,
                27.899117980080284
              ],
              [
                86.93116047399974,
                27.899027705844134
              ],
              [
                86.93126208545986,
                27.899027756563015
              ],
              [
                86.9312621995459,
                27.898847208090714
              ],
              [
                86.93116058824748,
                27.898847157371833
              ],
              [
                86.93116064537135,
                27.898756883135682
              ],
              [
                86.93075420052797,
                27.898756679532525
              ],
              [
                86.93075425798422,
                27.898666405296375
              ],
              [
                86.93065264686545,
                27.898666354209183
              ],
              [
                86.93065258931937,
                27.898756628445334
              ],
              [
                86.93055097810179,
                27.898756577286278
              ],
              [
                86.9305510357377,
                27.898666303050128
              ],
              [
                86.9303478134822,
                27.898666200498454
              ],
              [
                86.93034792907741,
                27.898485652017172
              ],
              [
                86.93065276194862,
                27.8984858057279
              ],
              [
                86.93065270440255,
                27.898576079973033
              ],
              [
                86.93085592648735,
                27.898576182066567
              ],
              [
                86.93085586911197,
                27.898666456311698
              ],
              [
                86.93126231362297,
                27.89866665960943
              ],
              [
                86.93126225657994,
                27.89875693384558
              ],
              [
                86.93136386779751,
                27.89875698448361
              ],
              [
                86.9313640386571,
                27.89848616176618
              ],
              [
                86.93146564962314,
                27.898486212332347
              ],
              [
                86.9314655927508,
                27.898576486568498
              ],
              [
                86.93156720378872,
                27.898576537053817
              ],
              [
                86.93156726058021,
                27.898486262817666
              ],
              [
                86.93166887153728,
                27.898486313231118
              ],
              [
                86.93166881483562,
                27.898576587467268
              ],
              [
                86.93187203692942,
                27.8985766880696
              ],
              [
                86.9318720934604,
                27.89848641383345
              ],
              [
                86.93177048250334,
                27.898486363563723
              ],
              [
                86.93177053911516,
                27.89839608931859
              ],
              [
                86.9319737608676,
                27.89839618977719
              ],
              [
                86.93197370441747,
                27.898486464022323
              ],
              [
                86.93227853730664,
                27.898486614130807
              ],
              [
                86.93227859349626,
                27.898396339885675
              ],
              [
                86.93217698262005,
                27.898396289921376
              ],
              [
                86.93217709517896,
                27.89821574143111
              ],
              [
                86.93238031659902,
                27.898215841278855
              ],
              [
                86.93238026049025,
                27.89830611553297
              ],
              [
                86.93248187128562,
                27.898306165344554
              ],
              [
                86.93248209538834,
                27.897945068346054
              ],
              [
                86.93227887447132,
                27.89794496864204
              ],
              [
                86.93227898685954,
                27.89776442014279
              ],
              [
                86.9324822074352,
                27.89776451983782
              ],
              [
                86.93248226346313,
                27.897674245583705
              ],
              [
                86.9325838736656,
                27.89767429532342
              ],
              [
                86.9325839296037,
                27.89758402106032
              ],
              [
                86.93268553972534,
                27.897584070728172
              ],
              [
                86.93268559558258,
                27.897493796465074
              ],
              [
                86.93248237550999,
                27.897493697066487
              ],
              [
                86.9324824315379,
                27.89740342281237
              ],
              [
                86.93278726139079,
                27.89740357179796
              ],
              [
                86.932787428702,
                27.897132749008662
              ],
              [
                86.93288903840143,
                27.8971327985238
              ],
              [
                86.932889094088,
                27.8970425242607
              ],
              [
                86.93309231331617,
                27.897042623057416
              ],
              [
                86.93309247986383,
                27.89677180025913
              ],
              [
                86.9331940892219,
                27.89677184954071
              ],
              [
                86.93319414465692,
                27.896681575277608
              ],
              [
                86.93339736321137,
                27.896681673616182
              ],
              [
                86.93339741847572,
                27.896591399353085
              ],
              [
                86.9334990276721,
                27.89659144841008
              ],
              [
                86.93349919320465,
                27.896320625593834
              ],
              [
                86.93319436637911,
                27.896320478189278
              ],
              [
                86.93319431095306,
                27.89641075246136
              ],
              [
                86.93329591997875,
                27.896410801671074
              ],
              [
                86.93329586462455,
                27.896501075943156
              ],
              [
                86.93309264641148,
                27.896500977442884
              ],
              [
                86.9330925908956,
                27.896591251714966
              ],
              [
                86.93299098169922,
                27.896591202361524
              ],
              [
                86.93299087049678,
                27.896771750896708
              ],
              [
                86.93268604241358,
                27.89677160236926
              ],
              [
                86.93268587485981,
                27.89704242516754
              ],
              [
                86.93227943640346,
                27.897042226073925
              ],
              [
                86.93227932401524,
                27.897222774591143
              ],
              [
                86.93217771423497,
                27.897222724635828
              ],
              [
                86.9321775454056,
                27.897493547407162
              ],
              [
                86.93207593537379,
                27.897493497371
              ],
              [
                86.93207599173408,
                27.897403223116882
              ],
              [
                86.93197438178314,
                27.897403173008858
              ],
              [
                86.93197443823327,
                27.897312898745756
              ],
              [
                86.93207604809439,
                27.897312948862766
              ],
              [
                86.93207627353559,
                27.896951851810368
              ],
              [
                86.93187305448707,
                27.896951751513466
              ],
              [
                86.93187311100907,
                27.896861477250365
              ],
              [
                86.93217793934379,
                27.89686162758343
              ],
              [
                86.93217799561425,
                27.896771353311347
              ],
              [
                86.93258443305552,
                27.896771552701406
              ],
              [
                86.93258448899361,
                27.896681278438308
              ],
              [
                86.93268609827084,
                27.896681328097177
              ],
              [
                86.93268615412808,
                27.896591053825095
              ],
              [
                86.93278776331546,
                27.896591103412096
              ],
              [
                86.93278781908288,
                27.896500829140013
              ],
              [
                86.93268620997634,
                27.896500779553012
              ],
              [
                86.93268626583358,
                27.89641050528991
              ],
              [
                86.93258465680789,
                27.896410455622057
              ],
              [
                86.93258471274598,
                27.896320181349974
              ],
              [
                86.93248310380113,
                27.89632013161924
              ],
              [
                86.93248315982906,
                27.89622985734716
              ],
              [
                86.93238155097406,
                27.896229807535576
              ],
              [
                86.93238160707384,
                27.896139533263494
              ],
              [
                86.93248321584801,
                27.89613958306609
              ],
              [
                86.93248327186694,
                27.89604930879401
              ],
              [
                86.93258488055127,
                27.896049358524742
              ],
              [
                86.93258482461319,
                27.89613963280581
              ],
              [
                86.93268643338735,
                27.89613968246468
              ],
              [
                86.9326863775301,
                27.89622995673676
              ],
              [
                86.93288959524911,
                27.89623005582992
              ],
              [
                86.9328896509267,
                27.89613978155784
              ],
              [
                86.93299125970086,
                27.896139830992126
              ],
              [
                86.93299148209677,
                27.895778733876845
              ],
              [
                86.93288987365499,
                27.895778684442558
              ],
              [
                86.93288992934154,
                27.89568841016149
              ],
              [
                86.9329915376935,
                27.89568845959578
              ],
              [
                86.9329917044837,
                27.8954176367436
              ],
              [
                86.93319492067558,
                27.89541773537862
              ],
              [
                86.93319469896238,
                27.895778832520847
              ],
              [
                86.93309309052957,
                27.895778783230288
              ],
              [
                86.93309303501368,
                27.895869057511355
              ],
              [
                86.93319464353632,
                27.895869106801914
              ],
              [
                86.93319458810129,
                27.895959381073997
              ],
              [
                86.93329619670477,
                27.895959430283707
              ],
              [
                86.93329614135956,
                27.896049704564774
              ],
              [
                86.93360096742154,
                27.89604985174475
              ],
              [
                86.9336010776089,
                27.895869303182618
              ],
              [
                86.93349946908626,
                27.895869254197486
              ],
              [
                86.93349957944429,
                27.895688705635354
              ],
              [
                86.93360118779626,
                27.895688754620487
              ],
              [
                86.93360124288094,
                27.89559848033942
              ],
              [
                86.93349963461883,
                27.895598431354287
              ],
              [
                86.93349968979335,
                27.89550815706424
              ],
              [
                86.93329647343079,
                27.895508058878377
              ],
              [
                86.933296528776,
                27.89541778458833
              ],
              [
                86.93349974496788,
                27.89541788278317
              ],
              [
                86.93349985531692,
                27.895237334203074
              ],
              [
                86.93360146324666,
                27.895237383188206
              ],
              [
                86.93360151834034,
                27.895147108898158
              ],
              [
                86.93410955756687,
                27.895147352682958
              ],
              [
                86.93410961223833,
                27.89505707839291
              ],
              [
                86.93431282776545,
                27.89505717538401
              ],
              [
                86.93431266426309,
                27.89532799826314
              ],
              [
                86.93441427228267,
                27.8953280466464
              ],
              [
                86.93441438111357,
                27.895147498066304
              ],
              [
                86.93451598896246,
                27.89514754636872
              ],
              [
                86.93451615195279,
                27.89487672348959
              ],
              [
                86.93461775955016,
                27.894876771720135
              ],
              [
                86.9346177053009,
                27.89496704601917
              ],
              [
                86.93492252834454,
                27.894967190270634
              ],
              [
                86.93492258233329,
                27.894876915971604
              ],
              [
                86.93543062032013,
                27.894877154887535
              ],
              [
                86.93543078102874,
                27.89460633199044
              ],
              [
                86.93553238837458,
                27.894606379556233
              ],
              [
                86.93553244186027,
                27.89451610524822
              ],
              [
                86.93563404912527,
                27.894516152733164
              ],
              [
                86.93563399572042,
                27.894606427032198
              ],
              [
                86.93593881775796,
                27.894606569037876
              ],
              [
                86.93593876460464,
                27.89469684333691
              ],
              [
                86.93604037204031,
                27.89469689052541
              ],
              [
                86.93604031896784,
                27.894787164824443
              ],
              [
                86.93593871146031,
                27.89478711763594
              ],
              [
                86.93593860515368,
                27.894967666234006
              ],
              [
                86.93604021284088,
                27.894967713422506
              ],
              [
                86.93604015976841,
                27.89505798772154
              ],
              [
                86.93624337530451,
                27.89505808186498
              ],
              [
                86.9362434282063,
                27.894967807565948
              ],
              [
                86.93634503588451,
                27.894967854529874
              ],
              [
                86.93634508870545,
                27.89487758023084
              ],
              [
                86.93644669630282,
                27.894877627113914
              ],
              [
                86.93644674903393,
                27.89478735281488
              ],
              [
                86.93664996405799,
                27.894787446356453
              ],
              [
                86.93664991149757,
                27.894877720655487
              ],
              [
                86.93675151910392,
                27.894877767313982
              ],
              [
                86.93675146662434,
                27.894968041613012
              ],
              [
                86.93685307431154,
                27.894968088199644
              ],
              [
                86.93685296952306,
                27.895148636797707
              ],
              [
                86.93695457738094,
                27.895148683312474
              ],
              [
                86.93695462968985,
                27.89505840901344
              ],
              [
                86.93715784522594,
                27.89505850180941
              ],
              [
                86.93715779308772,
                27.895148776108442
              ],
              [
                86.9372594009456,
                27.895148822389647
              ],
              [
                86.937259452994,
                27.8950585480996
              ],
              [
                86.93736106077102,
                27.895058594308935
              ],
              [
                86.93736111273857,
                27.8949683200099
              ],
              [
                86.93766593580017,
                27.89496845818876
              ],
              [
                86.93766588407519,
                27.895058732487794
              ],
              [
                86.93756427630713,
                27.895058686503035
              ],
              [
                86.93756422451027,
                27.895148960802064
              ],
              [
                86.93736100879451,
                27.89514886860797
              ],
              [
                86.93736095682696,
                27.895239142898017
              ],
              [
                86.93725934888823,
                27.89523909668868
              ],
              [
                86.93725929683087,
                27.89532937098771
              ],
              [
                86.93756412089859,
                27.89532950940013
              ],
              [
                86.93756417270443,
                27.895239235101098
              ],
              [
                86.93766578064316,
                27.895239281085857
              ],
              [
                86.93766583235917,
                27.895149006786824
              ],
              [
                86.93797065593282,
                27.895149144300927
              ],
              [
                86.9379707073973,
                27.895058870001897
              ],
              [
                86.93807231516534,
                27.89505891569021
              ],
              [
                86.93807226378172,
                27.895149189989244
              ],
              [
                86.93817387163959,
                27.895149235596712
              ],
              [
                86.93817392294238,
                27.89505896129768
              ],
              [
                86.93827553071043,
                27.89505900683328
              ],
              [
                86.93827547949748,
                27.895149281141297
              ],
              [
                86.93847869521325,
                27.89514937198792
              ],
              [
                86.93847864417097,
                27.895239646286953
              ],
              [
                86.93868186004843,
                27.895239736837134
              ],
              [
                86.938681910929,
                27.8951494625381
              ],
              [
                86.93929155807629,
                27.895149732392014
              ],
              [
                86.93929150770776,
                27.895240006691044
              ],
              [
                86.93949472359421,
                27.895240096046464
              ],
              [
                86.93949467339634,
                27.895330370345498
              ],
              [
                86.93969788945347,
                27.895330459395492
              ],
              [
                86.93969778939012,
                27.89551100799356
              ],
              [
                86.94000261397888,
                27.895511141007102
              ],
              [
                86.94000251441858,
                27.895691689605165
              ],
              [
                86.94020573115843,
                27.89569177790956
              ],
              [
                86.9402057807634,
                27.895601503610525
              ],
              [
                86.94030738905248,
                27.895601547654923
              ],
              [
                86.9403074385766,
                27.895511273355893
              ],
              [
                86.94061226317432,
                27.895511405021963
              ],
              [
                86.94061231244692,
                27.895421130731915
              ],
              [
                86.94081552867472,
                27.89542121812901
              ],
              [
                86.9408154795728,
                27.89551149242804
              ],
              [
                86.94091708777205,
                27.89551153602328
              ],
              [
                86.94091703875098,
                27.89560181032231
              ],
              [
                86.94101864704005,
                27.895601853836705
              ],
              [
                86.9410185002194,
                27.89587267672482
              ],
              [
                86.94112010876,
                27.895872720167347
              ],
              [
                86.9411196690706,
                27.896685188768807
              ],
              [
                86.94101805977542,
                27.89668514532628
              ],
              [
                86.94101796189499,
                27.89686569388841
              ],
              [
                86.94111957136086,
                27.896865737330938
              ],
              [
                86.94111952250148,
                27.896956011612005
              ],
              [
                86.94101791295476,
                27.89695596816948
              ],
              [
                86.94101786401455,
                27.89704624244156
              ],
              [
                86.94081464474147,
                27.897046155331928
              ],
              [
                86.94081459563955,
                27.897136429612992
              ],
              [
                86.94071298592215,
                27.89713638594589
              ],
              [
                86.94071313349738,
                27.89686556310269
              ],
              [
                86.94040830510878,
                27.896865431652213
              ],
              [
                86.94040825565652,
                27.89695570593328
              ],
              [
                86.9405098652122,
                27.896955749824965
              ],
              [
                86.9405098158498,
                27.89704602410603
              ],
              [
                86.94061142547736,
                27.89704606792585
              ],
              [
                86.94061127764161,
                27.897316890751082
              ],
              [
                86.94040805787444,
                27.897316803039576
              ],
              [
                86.94040795897891,
                27.897497351583745
              ],
              [
                86.94050956902868,
                27.897497395475426
              ],
              [
                86.94050951966625,
                27.897587669747512
              ],
              [
                86.94030629939603,
                27.897587581883293
              ],
              [
                86.94030605173052,
                27.89803895322574
              ],
              [
                86.9402044411687,
                27.89803890918134
              ],
              [
                86.94020439154576,
                27.898129183444443
              ],
              [
                86.9401027809031,
                27.898129139319195
              ],
              [
                86.94010268150451,
                27.898309687845394
              ],
              [
                86.94000107069118,
                27.898309643648282
              ],
              [
                86.94000097111292,
                27.8984901921655
              ],
              [
                86.93989936013789,
                27.89849014789652
              ],
              [
                86.93989941000338,
                27.898399873642404
              ],
              [
                86.93979779910919,
                27.89839982929258
              ],
              [
                86.93979769919856,
                27.898580377809797
              ],
              [
                86.93969608813369,
                27.898580333388104
              ],
              [
                86.93969613817883,
                27.898490059133987
              ],
              [
                86.93959452719481,
                27.898490014640434
              ],
              [
                86.93959457732082,
                27.898399740377332
              ],
              [
                86.93949296642663,
                27.89839969581191
              ],
              [
                86.93949301663346,
                27.898309421548813
              ],
              [
                86.93928979501577,
                27.898309332184407
              ],
              [
                86.93928984539329,
                27.89821905793029
              ],
              [
                86.9393914561168,
                27.898219102648426
              ],
              [
                86.93939150641347,
                27.898128828385325
              ],
              [
                86.93928989577081,
                27.89812878366719
              ],
              [
                86.93928994614834,
                27.898038509404092
              ],
              [
                86.93908672503369,
                27.898038419743244
              ],
              [
                86.93908657339807,
                27.89830924252356
              ],
              [
                86.9386801301537,
                27.898309062294565
              ],
              [
                86.93867997750299,
                27.898579885065896
              ],
              [
                86.9385783664471,
                27.898579839826738
              ],
              [
                86.93857831547669,
                27.898670114080854
              ],
              [
                86.93847670433098,
                27.89867006876085
              ],
              [
                86.93847665327972,
                27.898760343005982
              ],
              [
                86.93837504204417,
                27.89876029761411
              ],
              [
                86.93837499091207,
                27.898850571868227
              ],
              [
                86.93847660222846,
                27.8988506172601
              ],
              [
                86.93847655116822,
                27.898940891514215
              ],
              [
                86.93857816256546,
                27.898940936834222
              ],
              [
                86.93857811160404,
                27.899031211079354
              ],
              [
                86.93837488863888,
                27.89903112036748
              ],
              [
                86.93837493977098,
                27.898940846113362
              ],
              [
                86.93827332837374,
                27.898940800649626
              ],
              [
                86.9382734308176,
                27.898760252150375
              ],
              [
                86.93817181959105,
                27.89876020660579
              ],
              [
                86.93817192219662,
                27.898579658097557
              ],
              [
                86.93807031114073,
                27.898579612481107
              ],
              [
                86.93807041391699,
                27.898399063972875
              ],
              [
                86.93796880303178,
                27.898399018275576
              ],
              [
                86.93796875155832,
                27.898489292529693
              ],
              [
                86.93786714058328,
                27.898489246760526
              ],
              [
                86.93786719213759,
                27.89839897250641
              ],
              [
                86.9377655812434,
                27.898398926665383
              ],
              [
                86.93776542631996,
                27.898669749427732
              ],
              [
                86.93766381517423,
                27.898669703505856
              ],
              [
                86.93766371171526,
                27.898850252005104
              ],
              [
                86.93776532303166,
                27.898850297926984
              ],
              [
                86.93776527138752,
                27.898940572172116
              ],
              [
                86.93746043719578,
                27.898940434190887
              ],
              [
                86.93746038530011,
                27.899030708436023
              ],
              [
                86.93735877382201,
                27.89903066229855
              ],
              [
                86.93735866985999,
                27.899211210788817
              ],
              [
                86.93705383491367,
                27.89921107190029
              ],
              [
                86.9370538871507,
                27.899120797655154
              ],
              [
                86.93725711027757,
                27.89912089032536
              ],
              [
                86.93725721441028,
                27.898940341826112
              ],
              [
                86.93715560301303,
                27.898940295535922
              ],
              [
                86.93715565516024,
                27.89885002129079
              ],
              [
                86.93725726647664,
                27.898850067580977
              ],
              [
                86.937257318534,
                27.898759793335845
              ],
              [
                86.93756215222268,
                27.89875993176623
              ],
              [
                86.93756225584335,
                27.898579383257996
              ],
              [
                86.93735903372259,
                27.89857929104593
              ],
              [
                86.93735918966114,
                27.89830846828358
              ],
              [
                86.93746080047448,
                27.89830851443004
              ],
              [
                86.93746085236117,
                27.898218240175922
              ],
              [
                86.93756246308467,
                27.89821828624153
              ],
              [
                86.93756251489951,
                27.89812801197843
              ],
              [
                86.93735929362317,
                27.898127919775348
              ],
              [
                86.93735924164665,
                27.898218194029464
              ],
              [
                86.93715602019964,
                27.898218101520957
              ],
              [
                86.93715596805244,
                27.898308375775073
              ],
              [
                86.93705435724807,
                27.898308329413023
              ],
              [
                86.93705425278299,
                27.898488877921256
              ],
              [
                86.93695264180795,
                27.898488831478357
              ],
              [
                86.9369524848543,
                27.89875965423172
              ],
              [
                86.93705409608087,
                27.89875970067462
              ],
              [
                86.93705399161578,
                27.898940249164887
              ],
              [
                86.93685076883028,
                27.898940156207225
              ],
              [
                86.93685071642257,
                27.899030430452356
              ],
              [
                86.93674910494448,
                27.899030383856743
              ],
              [
                86.93674905245591,
                27.899120658101875
              ],
              [
                86.93664744089698,
                27.899120611434398
              ],
              [
                86.93664728317975,
                27.899391434160815
              ],
              [
                86.93644405954984,
                27.899391340601277
              ],
              [
                86.9364442705102,
                27.899030243629728
              ],
              [
                86.9363426590321,
                27.89903019673767
              ],
              [
                86.93634276468296,
                27.898849648238418
              ],
              [
                86.93644437599038,
                27.89884969513946
              ],
              [
                86.93644463968185,
                27.898398323886845
              ],
              [
                86.93654625057603,
                27.898398370698054
              ],
              [
                86.9365463032263,
                27.898308096443937
              ],
              [
                86.93644469242194,
                27.89830804963273
              ],
              [
                86.9364448506422,
                27.898037226861394
              ],
              [
                86.93634324008939,
                27.898037179969336
              ],
              [
                86.93634329291032,
                27.89794690571522
              ],
              [
                86.93603846151235,
                27.89794676458989
              ],
              [
                86.93603835536742,
                27.898127313107103
              ],
              [
                86.9361399660011,
                27.898127360223743
              ],
              [
                86.93613991300947,
                27.89821763447786
              ],
              [
                86.936241523724,
                27.898217681513646
              ],
              [
                86.93624147082221,
                27.898307955776747
              ],
              [
                86.93613986001786,
                27.898307908731976
              ],
              [
                86.93613975403461,
                27.89848845724021
              ],
              [
                86.93593653209352,
                27.898488362926088
              ],
              [
                86.93593647893123,
                27.898578637180204
              ],
              [
                86.93583486787534,
                27.89857858991085
              ],
              [
                86.93583476138006,
                27.898759138410103
              ],
              [
                86.93593637260663,
                27.898759185679452
              ],
              [
                86.93593626628204,
                27.89893973416972
              ],
              [
                86.93603787767928,
                27.898939781358223
              ],
              [
                86.93603782459783,
                27.899030055603355
              ],
              [
                86.93624104755402,
                27.899030149764762
              ],
              [
                86.93624088883068,
                27.89930097249118
              ],
              [
                86.93613927710106,
                27.899300925455393
              ],
              [
                86.93613922410046,
                27.899391199691543
              ],
              [
                86.93603761229,
                27.899391152574907
              ],
              [
                86.93603755920854,
                27.899481426811057
              ],
              [
                86.93593594730824,
                27.899481379613572
              ],
              [
                86.93593600047055,
                27.899391105377422
              ],
              [
                86.9357327768496,
                27.899391010766855
              ],
              [
                86.93573272351662,
                27.899481285003006
              ],
              [
                86.93563111161633,
                27.899481237589924
              ],
              [
                86.93563100478868,
                27.899661786062225
              ],
              [
                86.93573261685067,
                27.899661833475307
              ],
              [
                86.93573267018365,
                27.899571559239156
              ],
              [
                86.93593589414594,
                27.899571653858704
              ],
              [
                86.93593584098365,
                27.899661928094854
              ],
              [
                86.93603745305462,
                27.899661975283358
              ],
              [
                86.9360375061271,
                27.899571701047208
              ],
              [
                86.93613911811723,
                27.899571748163844
              ],
              [
                86.93613906511662,
                27.899662022408975
              ],
              [
                86.93624067718761,
                27.899662069444766
              ],
              [
                86.93624062427683,
                27.899752343680916
              ],
              [
                86.93613901212501,
                27.899752296636144
              ],
              [
                86.93613895913339,
                27.899842570872295
              ],
              [
                86.93634218359874,
                27.89984266488997
              ],
              [
                86.93634207794788,
                27.90002321335329
              ],
              [
                86.93644369035124,
                27.900023260245348
              ],
              [
                86.93644374310031,
                27.89993298601818
              ],
              [
                86.93654535541384,
                27.899933032838373
              ],
              [
                86.93654546073232,
                27.899752484366072
              ],
              [
                86.9364438485805,
                27.899752437545878
              ],
              [
                86.93644395406068,
                27.899571889073577
              ],
              [
                86.93654556605081,
                27.89957193589377
              ],
              [
                86.93654551339156,
                27.89966221012992
              ],
              [
                86.93664712546254,
                27.899662256878248
              ],
              [
                86.93664723060137,
                27.899481708396966
              ],
              [
                86.93674884250167,
                27.899481755073428
              ],
              [
                86.9367487900131,
                27.899572029309578
              ],
              [
                86.93685040200323,
                27.89957207590519
              ],
              [
                86.93685034959552,
                27.89966235014134
              ],
              [
                86.93705357373749,
                27.89966244310799
              ],
              [
                86.93705362597451,
                27.89957216887184
              ],
              [
                86.9372568499458,
                27.899572261533063
              ],
              [
                86.9372569540785,
                27.899391713051777
              ],
              [
                86.93746017770843,
                27.899391805416556
              ],
              [
                86.93746022961308,
                27.89930153117142
              ],
              [
                86.9375618413427,
                27.899301577246014
              ],
              [
                86.93756173771305,
                27.899482125727296
              ],
              [
                86.93766334962234,
                27.89948217172104
              ],
              [
                86.93766329788836,
                27.89957244596617
              ],
              [
                86.93786652185965,
                27.899572537729078
              ],
              [
                86.93786641874203,
                27.899753086210364
              ],
              [
                86.93776480658121,
                27.89975304036035
              ],
              [
                86.93776485822536,
                27.8996627661242
              ],
              [
                86.93756163408341,
                27.89966267420858
              ],
              [
                86.9375614268241,
                27.90002377115318
              ],
              [
                86.93766303923644,
                27.900023817146923
              ],
              [
                86.93766298750246,
                27.900114091383074
              ],
              [
                86.93756137500928,
                27.90011404538933
              ],
              [
                86.93756132319444,
                27.9002043196165
              ],
              [
                86.93735809804637,
                27.900204227395452
              ],
              [
                86.93735804606087,
                27.900294501631603
              ],
              [
                86.93745965871575,
                27.900294547778056
              ],
              [
                86.93745960682008,
                27.900384822005226
              ],
              [
                86.9375612195648,
                27.900384868079815
              ],
              [
                86.93756116774998,
                27.900475142306984
              ],
              [
                86.93745955491542,
                27.90047509623239
              ],
              [
                86.93745950301975,
                27.90056537045956
              ],
              [
                86.93766272884156,
                27.900565462527894
              ],
              [
                86.93766252191463,
                27.900926559427578
              ],
              [
                86.93756090866687,
                27.900926513433834
              ],
              [
                86.93756080502823,
                27.901107061870203
              ],
              [
                86.93766241844668,
                27.901107107872928
              ],
              [
                86.93766226324475,
                27.90137793052748
              ],
              [
                86.93756064957476,
                27.901377884524756
              ],
              [
                86.93756059775096,
                27.90146815874294
              ],
              [
                86.93766221151077,
                27.90146820473668
              ],
              [
                86.93766205629986,
                27.901739027382252
              ],
              [
                86.93786528432254,
                27.90173911915414
              ],
              [
                86.93786523275924,
                27.90182939336334
              ],
              [
                86.93756039047369,
                27.901829255588726
              ],
              [
                86.9375604422975,
                27.901738981379523
              ],
              [
                86.93745882828615,
                27.901738935304934
              ],
              [
                86.93745888019082,
                27.901648661095734
              ],
              [
                86.93715403840832,
                27.901648522422803
              ],
              [
                86.9371540905645,
                27.9015582482136
              ],
              [
                86.93654440752951,
                27.901557968846532
              ],
              [
                86.93654451285698,
                27.90137742041915
              ],
              [
                86.93644289917802,
                27.90137737358997
              ],
              [
                86.93644295192709,
                27.90128709938077
              ],
              [
                86.93603649758853,
                27.90128691133643
              ],
              [
                86.93603655066998,
                27.90119663712723
              ],
              [
                86.93593493717067,
                27.901196589929746
              ],
              [
                86.93593499033297,
                27.901106315711562
              ],
              [
                86.93552853667713,
                27.90110612617602
              ],
              [
                86.93552859018078,
                27.901015851957837
              ],
              [
                86.93532536351455,
                27.901015756736417
              ],
              [
                86.93532547086323,
                27.900835208300048
              ],
              [
                86.9352238577053,
                27.90083516058154
              ],
              [
                86.93522375018594,
                27.90101570901791
              ],
              [
                86.93502052352869,
                27.90101561334733
              ],
              [
                86.93502057745455,
                27.90092533913813
              ],
              [
                86.93461412447245,
                27.900925146898658
              ],
              [
                86.93461417873968,
                27.900834872680473
              ],
              [
                86.93441095241481,
                27.900834776120565
              ],
              [
                86.93441089798588,
                27.90092505033875
              ],
              [
                86.93420767149932,
                27.90092495347341
              ],
              [
                86.93420772609892,
                27.90083467925523
              ],
              [
                86.93410611294098,
                27.90083463071027
              ],
              [
                86.93410616762144,
                27.900744356492087
              ],
              [
                86.93319164996352,
                27.900743916218783
              ],
              [
                86.93319170540754,
                27.9006536420006
              ],
              [
                86.93309009242027,
                27.90065359271004
              ],
              [
                86.93309003689541,
                27.90074386691924
              ],
              [
                86.9329884238273,
                27.900743817556815
              ],
              [
                86.9329883682126,
                27.900834091766015
              ],
              [
                86.93288675505465,
                27.900834042322742
              ],
              [
                86.93288686644576,
                27.90065349389536
              ],
              [
                86.93278525345849,
                27.900653444371237
              ],
              [
                86.9327851976821,
                27.90074371858942
              ],
              [
                86.93248035846878,
                27.900743569585863
              ],
              [
                86.93248041450569,
                27.90065329536768
              ],
              [
                86.93217557554391,
                27.900653145690388
              ],
              [
                86.93217563183234,
                27.900562871472204
              ],
              [
                86.93207401893491,
                27.90056282143604
              ],
              [
                86.93207407530419,
                27.90047254721786
              ],
              [
                86.93197246248761,
                27.900472497100846
              ],
              [
                86.93197240602849,
                27.90056277131005
              ],
              [
                86.93176918023363,
                27.90056267085145
              ],
              [
                86.93176923685445,
                27.900472396633266
              ],
              [
                86.93166762403786,
                27.90047234629168
              ],
              [
                86.9316676807485,
                27.900382072073494
              ],
              [
                86.93156606801277,
                27.90038202166004
              ],
              [
                86.93156618159576,
                27.90020147322367
              ],
              [
                86.93136295647463,
                27.900201372163203
              ],
              [
                86.93136301343681,
                27.900111097945018
              ],
              [
                86.93115978847737,
                27.900110996588104
              ],
              [
                86.9311597313535,
                27.90020127080629
              ],
              [
                86.93126134390958,
                27.90020132152517
              ],
              [
                86.93126128686656,
                27.900291595743354
              ],
              [
                86.93136289951246,
                27.900291646381387
              ],
              [
                86.93136284255927,
                27.90038192059957
              ],
              [
                86.9309563916343,
                27.9003817175893
              ],
              [
                86.93095656352693,
                27.900110894925763
              ],
              [
                86.93085495105171,
                27.90011084399129
              ],
              [
                86.93085500843608,
                27.90002056976412
              ],
              [
                86.93075339604171,
                27.900020518748796
              ],
              [
                86.9307533385765,
                27.900110792975962
              ],
              [
                86.93055011362604,
                27.900110690711752
              ],
              [
                86.93055005599014,
                27.900200964938918
              ],
              [
                86.93065166855519,
                27.900201016097974
              ],
              [
                86.93065161100013,
                27.900291290316158
              ],
              [
                86.9302451604255,
                27.90029108520383
              ],
              [
                86.93024521831293,
                27.900200810985645
              ],
              [
                86.93014360575687,
                27.900200759521162
              ],
              [
                86.93014354778859,
                27.900291033739347
              ],
              [
                86.92973709721396,
                27.90029082712683
              ],
              [
                86.9297371555236,
                27.900200552908647
              ],
              [
                86.92953393041147,
                27.900200449162213
              ],
              [
                86.92953387193114,
                27.900290723371416
              ],
              [
                86.92933064665729,
                27.900290619319556
              ],
              [
                86.92933070529932,
                27.90020034510137
              ],
              [
                86.92922909274324,
                27.900200292963152
              ],
              [
                86.9292291514751,
                27.900110018744968
              ],
              [
                86.92912753899988,
                27.900109966534885
              ],
              [
                86.92912759782156,
                27.9000196923167
              ],
              [
                86.92922921020696,
                27.900019744526784
              ],
              [
                86.92922926892983,
                27.899929470308603
              ],
              [
                86.92912765663426,
                27.899929418098516
              ],
              [
                86.92912771544697,
                27.89983914388033
              ],
              [
                86.92933093988538,
                27.899839248228638
              ],
              [
                86.92933099852739,
                27.899748974010453
              ],
              [
                86.92943261066125,
                27.899749026067823
              ],
              [
                86.92943266922244,
                27.89965875184964
              ]
            ],
            [
              [
                86.93248187128562,
                27.898306165344554
              ],
              [
                86.93268509286739,
                27.89830626474314
              ],
              [
                86.93268503701013,
                27.898396538988273
              ],
              [
                86.93248181525769,
                27.898396439589686
              ],
              [
                86.93248187128562,
                27.898306165344554
              ]
            ],
            [
              [
                86.9324822074352,
                27.89776451983782
              ],
              [
                86.93278703830316,
                27.89776466882341
              ],
              [
                86.93278692675935,
                27.897945217331642
              ],
              [
                86.93288853721337,
                27.897945266846783
              ],
              [
                86.9328886485865,
                27.89776471833855
              ],
              [
                86.93299025887882,
                27.897764767772838
              ],
              [
                86.93299020327309,
                27.897855042026954
              ],
              [
                86.93309181364626,
                27.89785509138938
              ],
              [
                86.93309186917112,
                27.897764817135265
              ],
              [
                86.93319347945446,
                27.897764866425824
              ],
              [
                86.93319364575957,
                27.89749404365449
              ],
              [
                86.93299042568698,
                27.897493945001507
              ],
              [
                86.93299053688942,
                27.89731339648429
              ],
              [
                86.93309214675953,
                27.897313445846713
              ],
              [
                86.93309220227542,
                27.897223171583615
              ],
              [
                86.93329542184496,
                27.897223270083884
              ],
              [
                86.93329525580036,
                27.8974940928642
              ],
              [
                86.93360008590476,
                27.89749424005316
              ],
              [
                86.9335999757174,
                27.897674788570377
              ],
              [
                86.93329514510097,
                27.897674641381418
              ],
              [
                86.93329508974678,
                27.897764915635534
              ],
              [
                86.9333967000391,
                27.89776496477338
              ],
              [
                86.93339664476575,
                27.89785523903648
              ],
              [
                86.9334982551479,
                27.897855288093478
              ],
              [
                86.93349819996439,
                27.897945562347594
              ],
              [
                86.93359981041841,
                27.89794561134171
              ],
              [
                86.93359975532474,
                27.898035885595828
              ],
              [
                86.9332949236932,
                27.898035738397883
              ],
              [
                86.93329497904739,
                27.897945464152752
              ],
              [
                86.93319336858438,
                27.897945414934057
              ],
              [
                86.93319320227928,
                27.89821623768742
              ],
              [
                86.93309159156476,
                27.898216188396862
              ],
              [
                86.93309164708963,
                27.89812591415173
              ],
              [
                86.93288842584023,
                27.89812581534603
              ],
              [
                86.9328883701447,
                27.898216089600147
              ],
              [
                86.93258353801909,
                27.898215940830156
              ],
              [
                86.93258376178044,
                27.897854843831656
              ],
              [
                86.93248215140727,
                27.897854794091938
              ],
              [
                86.9324822074352,
                27.89776451983782
              ]
            ],
            [
              [
                86.93441427228267,
                27.8953280466464
              ],
              [
                86.93451588029326,
                27.8953280949578
              ],
              [
                86.93451582596316,
                27.895418369238865
              ],
              [
                86.93441421786272,
                27.895418320936454
              ],
              [
                86.93441427228267,
                27.8953280466464
              ]
            ],
            [
              [
                86.93634207794788,
                27.90002321335329
              ],
              [
                86.93634197229701,
                27.900203761816606
              ],
              [
                86.93603713457492,
                27.90020362068229
              ],
              [
                86.93603718765635,
                27.90011334644614
              ],
              [
                86.93573235018577,
                27.900113204638092
              ],
              [
                86.93573245685174,
                27.899932656174773
              ],
              [
                86.93624051845529,
                27.899932892153217
              ],
              [
                86.93624046554453,
                27.900023166380382
              ],
              [
                86.93634207794788,
                27.90002321335329
              ]
            ],
            [
              [
                86.93929150770776,
                27.895240006691044
              ],
              [
                86.93929145733922,
                27.895330280990077
              ],
              [
                86.93918984931067,
                27.895330236200078
              ],
              [
                86.93918989976903,
                27.895239961901044
              ],
              [
                86.93929150770776,
                27.895240006691044
              ]
            ],
            [
              [
                86.94101805977542,
                27.89668514532628
              ],
              [
                86.94091645048023,
                27.896685101802902
              ],
              [
                86.94091640145018,
                27.89677537608397
              ],
              [
                86.94071318268914,
                27.896775288821622
              ],
              [
                86.94071333027335,
                27.896504465978424
              ],
              [
                86.94091654852237,
                27.89650455323179
              ],
              [
                86.9409164995013,
                27.896594827521838
              ],
              [
                86.94101810871564,
                27.89659487103623
              ],
              [
                86.94101805977542,
                27.89668514532628
              ]
            ],
            [
              [
                86.92973727214289,
                27.900020004472278
              ],
              [
                86.92973733045254,
                27.899929730254094
              ],
              [
                86.92983894275707,
                27.899929782024007
              ],
              [
                86.9298390009769,
                27.899839507796838
              ],
              [
                86.93004222542429,
                27.899839611103097
              ],
              [
                86.93004216736617,
                27.899929885321278
              ],
              [
                86.92994055506162,
                27.899929833713067
              ],
              [
                86.92994049692265,
                27.90002010793125
              ],
              [
                86.92973727214289,
                27.900020004472278
              ]
            ],
            [
              [
                86.92994078761748,
                27.899568736813382
              ],
              [
                86.92994084575645,
                27.899478462586213
              ],
              [
                86.93004245763878,
                27.89947851420341
              ],
              [
                86.93004251568792,
                27.899388239976243
              ],
              [
                86.93024573929088,
                27.899388342977073
              ],
              [
                86.93024562351602,
                27.899568891431407
              ],
              [
                86.92994078761748,
                27.899568736813382
              ]
            ],
            [
              [
                86.93014366372515,
                27.900110485302978
              ],
              [
                86.93014372170242,
                27.900020211084794
              ],
              [
                86.93024533408781,
                27.900020262549276
              ],
              [
                86.93024527620038,
                27.90011053676746
              ],
              [
                86.93014366372515,
                27.900110485302978
              ]
            ],
            [
              [
                86.93024539197525,
                27.899929988331092
              ],
              [
                86.93024544986268,
                27.899839714103926
              ],
              [
                86.93034706208638,
                27.899839765496544
              ],
              [
                86.9303470042798,
                27.89993003971473
              ],
              [
                86.93024539197525,
                27.899929988331092
              ]
            ],
            [
              [
                86.93065189874848,
                27.899839919216255
              ],
              [
                86.9306520713957,
                27.899569096543736
              ],
              [
                86.93075368336785,
                27.899569147630928
              ],
              [
                86.93075362590263,
                27.899659421858093
              ],
              [
                86.93085523795564,
                27.89965947287342
              ],
              [
                86.93085512319587,
                27.89984002131877
              ],
              [
                86.93065189874848,
                27.899839919216255
              ]
            ],
            [
              [
                86.93085535271543,
                27.899478924419086
              ],
              [
                86.93085546746622,
                27.899298375955766
              ],
              [
                86.93105869090749,
                27.89929847776184
              ],
              [
                86.9310586336938,
                27.899388751989004
              ],
              [
                86.93126185729676,
                27.89938885348965
              ],
              [
                86.93126191433979,
                27.89929857926248
              ],
              [
                86.93166836121335,
                27.899298781374437
              ],
              [
                86.931668417915,
                27.899208507138287
              ],
              [
                86.9320748644562,
                27.8992087080465
              ],
              [
                86.93207475172662,
                27.899389256509817
              ],
              [
                86.93197313991615,
                27.899389206401793
              ],
              [
                86.93197302701589,
                27.899569754856127
              ],
              [
                86.93217625096021,
                27.89956985501828
              ],
              [
                86.93217630724865,
                27.89947958078213
              ],
              [
                86.93227791913098,
                27.899479630746427
              ],
              [
                86.93227786293238,
                27.899569904982577
              ],
              [
                86.93237947491353,
                27.89956995487501
              ],
              [
                86.93237936267802,
                27.89975050332934
              ],
              [
                86.93217613839232,
                27.899750403472616
              ],
              [
                86.93217619468076,
                27.899660129245447
              ],
              [
                86.93187135851274,
                27.89965997889442
              ],
              [
                86.93187141504372,
                27.89956970466725
              ],
              [
                86.93176980307155,
                27.899569654406513
              ],
              [
                86.93176974645074,
                27.899659928633678
              ],
              [
                86.93166813439773,
                27.89965987829209
              ],
              [
                86.93166807768708,
                27.899750152519257
              ],
              [
                86.93146485341038,
                27.899750051611502
              ],
              [
                86.93146491028271,
                27.899659777384333
              ],
              [
                86.93116007411469,
                27.899659625461254
              ],
              [
                86.93116013124754,
                27.899569351234085
              ],
              [
                86.93126174321073,
                27.899569401952967
              ],
              [
                86.93126180025374,
                27.8994791277258
              ],
              [
                86.93085535271543,
                27.899478924419086
              ]
            ],
            [
              [
                86.9315670334322,
                27.898847359780234
              ],
              [
                86.9315670902237,
                27.898757085544084
              ],
              [
                86.9316687014323,
                27.898757135957535
              ],
              [
                86.93166864473064,
                27.898847410193685
              ],
              [
                86.9315670334322,
                27.898847359780234
              ]
            ],
            [
              [
                86.93187096275095,
                27.900291898466623
              ],
              [
                86.93187101928194,
                27.90020162424844
              ],
              [
                86.93207424441205,
                27.90020172455432
              ],
              [
                86.93207418804276,
                27.900291998772506
              ],
              [
                86.93187096275095,
                27.900291898466623
              ]
            ],
            [
              [
                86.93197274475624,
                27.900021125991962
              ],
              [
                86.93197280120637,
                27.899930851764793
              ],
              [
                86.93217602582443,
                27.899930951926947
              ],
              [
                86.93217608211287,
                27.899840677699782
              ],
              [
                86.93227769433656,
                27.899840727664078
              ],
              [
                86.93227763813796,
                27.899931001891243
              ],
              [
                86.93237925045149,
                27.899931051783675
              ],
              [
                86.93237919433373,
                27.900021326010844
              ],
              [
                86.93227758193936,
                27.900021276118412
              ],
              [
                86.93227752574076,
                27.900111550345578
              ],
              [
                86.93237913821598,
                27.900111600229028
              ],
              [
                86.93237908209822,
                27.900201874456194
              ],
              [
                86.93258230722833,
                27.900201974016476
              ],
              [
                86.9325823631754,
                27.90011169978931
              ],
              [
                86.93268397565961,
                27.90011174945716
              ],
              [
                86.93268386392715,
                27.900292297902514
              ],
              [
                86.93237902598945,
                27.900292148674378
              ],
              [
                86.93237896987169,
                27.900382422901544
              ],
              [
                86.93217574440023,
                27.900382323035835
              ],
              [
                86.93217591325654,
                27.9001115003723
              ],
              [
                86.93207430078132,
                27.900111450336137
              ],
              [
                86.93207435715061,
                27.90002117610897
              ],
              [
                86.93197274475624,
                27.900021125991962
              ]
            ],
            [
              [
                86.93248080672811,
                27.900021375822426
              ],
              [
                86.93248091879293,
                27.899840827377073
              ],
              [
                86.9326841432493,
                27.899840926784645
              ],
              [
                86.93268408738308,
                27.89993120101181
              ],
              [
                86.93258247506955,
                27.89993115134396
              ],
              [
                86.93258241912248,
                27.900021425571126
              ],
              [
                86.93248080672811,
                27.900021375822426
              ]
            ],
            [
              [
                86.93258269885786,
                27.899570054426306
              ],
              [
                86.93258275480494,
                27.89947978019914
              ],
              [
                86.93268436669625,
                27.89947982986699
              ],
              [
                86.93268431083003,
                27.89957010409416
              ],
              [
                86.93258269885786,
                27.899570054426306
              ]
            ],
            [
              [
                86.93258297858426,
                27.899118683263524
              ],
              [
                86.93258309046942,
                27.898938134782238
              ],
              [
                86.93268470185768,
                27.898938184450092
              ],
              [
                86.93268459013422,
                27.899118732922393
              ],
              [
                86.93258297858426,
                27.899118683263524
              ]
            ],
            [
              [
                86.93258320236357,
                27.898757586300956
              ],
              [
                86.93258331424875,
                27.89857703781967
              ],
              [
                86.93288814738945,
                27.898577186589666
              ],
              [
                86.93288809170288,
                27.898667460825816
              ],
              [
                86.93278648056615,
                27.898667411310676
              ],
              [
                86.93278636901336,
                27.898847959800943
              ],
              [
                86.93268475771494,
                27.898847910204957
              ],
              [
                86.93268481357218,
                27.898757635968806
              ],
              [
                86.93258320236357,
                27.898757586300956
              ]
            ],
            [
              [
                86.93288697783684,
                27.90047294545899
              ],
              [
                86.93288708922795,
                27.90029239701364
              ],
              [
                86.93298870188283,
                27.900292446456913
              ],
              [
                86.93298864626813,
                27.900382720684078
              ],
              [
                86.93309025900386,
                27.900382770046505
              ],
              [
                86.933090203479,
                27.900473044264686
              ],
              [
                86.93288697783684,
                27.90047294545899
              ]
            ],
            [
              [
                86.93288781324311,
                27.899118832033516
              ],
              [
                86.93288792462522,
                27.898938283552233
              ],
              [
                86.93298953601348,
                27.898938332995506
              ],
              [
                86.93298970283064,
                27.89866751026909
              ],
              [
                86.93309131396737,
                27.898667559631512
              ],
              [
                86.9330912584425,
                27.898757833876648
              ],
              [
                86.93319286966008,
                27.898757883167207
              ],
              [
                86.93319275878102,
                27.89893843164849
              ],
              [
                86.93309114739276,
                27.89893838235793
              ],
              [
                86.93309098082715,
                27.899209205075366
              ],
              [
                86.93298936918735,
                27.899209155703957
              ],
              [
                86.93298942479308,
                27.899118881467807
              ],
              [
                86.93288781324311,
                27.899118832033516
              ]
            ],
            [
              [
                86.93298981404207,
                27.898486961778822
              ],
              [
                86.9329899252535,
                27.898306413288555
              ],
              [
                86.93319314684425,
                27.898306511941538
              ],
              [
                86.93319309140921,
                27.898396786186673
              ],
              [
                86.93359953492308,
                27.898396982594328
              ],
              [
                86.9335994798294,
                27.89848725683946
              ],
              [
                86.93380270176151,
                27.898487354594128
              ],
              [
                86.93380275669348,
                27.898397080348996
              ],
              [
                86.93390436756971,
                27.89839712910955
              ],
              [
                86.93390431272756,
                27.898487403363667
              ],
              [
                86.9340059236936,
                27.898487452052354
              ],
              [
                86.93400581416203,
                27.89866800054262
              ],
              [
                86.93390420303427,
                27.898667951853934
              ],
              [
                86.93390414818315,
                27.898758226099066
              ],
              [
                86.93400575940073,
                27.898758274787756
              ],
              [
                86.93400570463943,
                27.898848549032888
              ],
              [
                86.93410731593787,
                27.89884859764971
              ],
              [
                86.93410726126639,
                27.89893887188586
              ],
              [
                86.93370081571335,
                27.898938676978393
              ],
              [
                86.93370087072617,
                27.89884840273326
              ],
              [
                86.9333960368219,
                27.898848255759898
              ],
              [
                86.93339609209524,
                27.898757981523747
              ],
              [
                86.93349770331282,
                27.89875803058973
              ],
              [
                86.93349781367984,
                27.898577482099462
              ],
              [
                86.93309136948325,
                27.89857728538638
              ],
              [
                86.93309142500812,
                27.898487011141246
              ],
              [
                86.93298981404207,
                27.898486961778822
              ]
            ],
            [
              [
                86.93319392292577,
                27.897042672347975
              ],
              [
                86.93319403379584,
                27.89686212381279
              ],
              [
                86.93329564323476,
                27.8968621730225
              ],
              [
                86.93329569858895,
                27.89677189875042
              ],
              [
                86.93339730794702,
                27.896771947888265
              ],
              [
                86.93339725268265,
                27.89686222216035
              ],
              [
                86.93360047157846,
                27.89686232020248
              ],
              [
                86.93360052667214,
                27.89677204593938
              ],
              [
                86.93380374539726,
                27.896772143685066
              ],
              [
                86.93380369047425,
                27.89686241795715
              ],
              [
                86.93390529992216,
                27.896862466717703
              ],
              [
                86.93390524508001,
                27.8969527409808
              ],
              [
                86.93370202601353,
                27.89695264338783
              ],
              [
                86.93370197100968,
                27.89704291765093
              ],
              [
                86.93349875177252,
                27.89704281975253
              ],
              [
                86.93349880695604,
                27.89695254548943
              ],
              [
                86.93329558788955,
                27.896952447285603
              ],
              [
                86.93329553254435,
                27.897042721557685
              ],
              [
                86.93319392292577,
                27.897042672347975
              ]
            ],
            [
              [
                86.93329414875254,
                27.89929957782077
              ],
              [
                86.93329420410672,
                27.89920930358462
              ],
              [
                86.93339581574651,
                27.899209352722465
              ],
              [
                86.93339576047318,
                27.899299626958616
              ],
              [
                86.93329414875254,
                27.89929957782077
              ]
            ],
            [
              [
                86.93339504193773,
                27.90047319192077
              ],
              [
                86.93339509721106,
                27.900382917702586
              ],
              [
                86.93369993541826,
                27.900383064684934
              ],
              [
                86.93369999044008,
                27.900292790457765
              ],
              [
                86.93380160308598,
                27.90029283930815
              ],
              [
                86.93380143828105,
                27.900563661971688
              ],
              [
                86.93349659956182,
                27.900563515213918
              ],
              [
                86.93349665475431,
                27.900473240995733
              ],
              [
                86.93339504193773,
                27.90047319192077
              ]
            ],
            [
              [
                86.9333955393888,
                27.899660723894232
              ],
              [
                86.93339559466213,
                27.899570449658082
              ],
              [
                86.9334972066343,
                27.899570498724064
              ],
              [
                86.93349726182679,
                27.899480224496898
              ],
              [
                86.93359887371811,
                27.89948027348203
              ],
              [
                86.93359892882077,
                27.89938999925486
              ],
              [
                86.93370054063124,
                27.89939004816813
              ],
              [
                86.93370048560944,
                27.89948032240428
              ],
              [
                86.93380209750075,
                27.89948037124568
              ],
              [
                86.93380187776384,
                27.899841468172315
              ],
              [
                86.93359865330747,
                27.899841370408662
              ],
              [
                86.93359870841013,
                27.899751096181497
              ],
              [
                86.93349709625831,
                27.89975104718738
              ],
              [
                86.9334971514508,
                27.899660772960214
              ],
              [
                86.9333955393888,
                27.899660723894232
              ]
            ],
            [
              [
                86.93349797923037,
                27.89830665935508
              ],
              [
                86.93349808959738,
                27.898126110855827
              ],
              [
                86.93370131085575,
                27.898126208754228
              ],
              [
                86.9337012008211,
                27.89830675726246
              ],
              [
                86.93349797923037,
                27.89830665935508
              ]
            ],
            [
              [
                86.93349864141449,
                27.89722336827873
              ],
              [
                86.93349869658901,
                27.89713309401563
              ],
              [
                86.93390513539572,
                27.897133289515985
              ],
              [
                86.93390508055356,
                27.897223563779086
              ],
              [
                86.93349864141449,
                27.89722336827873
              ]
            ],
            [
              [
                86.93370230106869,
                27.8965012720364
              ],
              [
                86.93370235608151,
                27.896410997764317
              ],
              [
                86.9338039651072,
                27.896411046596736
              ],
              [
                86.9338040200302,
                27.89632077232465
              ],
              [
                86.93390562897504,
                27.896320821085204
              ],
              [
                86.9339055741329,
                27.896411095357287
              ],
              [
                86.93400718315858,
                27.896411144045977
              ],
              [
                86.93400712839728,
                27.89650141831806
              ],
              [
                86.93370230106869,
                27.8965012720364
              ]
            ],
            [
              [
                86.93400537605366,
                27.899390194467756
              ],
              [
                86.93400559510785,
                27.899029097514173
              ],
              [
                86.93420881805505,
                27.899029194675954
              ],
              [
                86.9342085996746,
                27.899390291629537
              ],
              [
                86.93400537605366,
                27.899390194467756
              ]
            ],
            [
              [
                86.93410797207632,
                27.89776530664523
              ],
              [
                86.9341080267478,
                27.897675032391113
              ],
              [
                86.93420963695927,
                27.897675080927087
              ],
              [
                86.93420958236864,
                27.897765355181203
              ],
              [
                86.93410797207632,
                27.89776530664523
              ]
            ],
            [
              [
                86.93410862816988,
                27.896682015470066
              ],
              [
                86.93410873751282,
                27.896501466925898
              ],
              [
                86.93431195573487,
                27.896501563925984
              ],
              [
                86.93431201023566,
                27.8964112896539
              ],
              [
                86.93441361927034,
                27.89641133803716
              ],
              [
                86.9344135648504,
                27.896501612309244
              ],
              [
                86.93471839218799,
                27.896501757018854
              ],
              [
                86.93471833801958,
                27.896592031290936
              ],
              [
                86.9346167288232,
                27.896591983132254
              ],
              [
                86.93461667457395,
                27.896682257404336
              ],
              [
                86.93441345601052,
                27.89668216085341
              ],
              [
                86.93441351043046,
                27.896591886581326
              ],
              [
                86.93421029203772,
                27.896591789733957
              ],
              [
                86.93421023744709,
                27.89668206400604
              ],
              [
                86.93410862816988,
                27.896682015470066
              ]
            ],
            [
              [
                86.93420892724527,
                27.898848646185687
              ],
              [
                86.93420903643549,
                27.89866809769542
              ],
              [
                86.93461548097343,
                27.898668291111683
              ],
              [
                86.93461553523169,
                27.89857801686655
              ],
              [
                86.93471714628757,
                27.898578065034215
              ],
              [
                86.93471720045598,
                27.8984877907801
              ],
              [
                86.93502203336313,
                27.898487934833938
              ],
              [
                86.93502192552037,
                27.898668483324204
              ],
              [
                86.9351235366571,
                27.898668531195426
              ],
              [
                86.93512348283005,
                27.898758805440558
              ],
              [
                86.93522509404764,
                27.898758853230934
              ],
              [
                86.9352252553042,
                27.89848803048655
              ],
              [
                86.93542847723631,
                27.898488125842718
              ],
              [
                86.93542853082081,
                27.898397851597583
              ],
              [
                86.93563175259123,
                27.898397946648323
              ],
              [
                86.93563180600506,
                27.898307672403188
              ],
              [
                86.93573341680941,
                27.89830771981627
              ],
              [
                86.93573325681946,
                27.898578542569638
              ],
              [
                86.9355300347077,
                27.898578447662626
              ],
              [
                86.93552998121302,
                27.89866872190776
              ],
              [
                86.93542837007628,
                27.898668674341966
              ],
              [
                86.93542831649178,
                27.8987589485871
              ],
              [
                86.93532670527419,
                27.898758900949442
              ],
              [
                86.9353265979345,
                27.89893944943971
              ],
              [
                86.93502176376074,
                27.898939306059606
              ],
              [
                86.93502187160348,
                27.89875875756934
              ],
              [
                86.93451381549761,
                27.898758517117287
              ],
              [
                86.93451376115853,
                27.89884879136242
              ],
              [
                86.93420892724527,
                27.898848646185687
              ]
            ],
            [
              [
                86.93420947317841,
                27.89794590369842
              ],
              [
                86.93420952776904,
                27.8978556294443
              ],
              [
                86.93431113815119,
                27.897855677908414
              ],
              [
                86.93431108364142,
                27.89794595216253
              ],
              [
                86.93420947317841,
                27.89794590369842
              ]
            ],
            [
              [
                86.9342097461405,
                27.89749453240987
              ],
              [
                86.93420985532174,
                27.89731398388367
              ],
              [
                86.93431146519185,
                27.89731403234778
              ],
              [
                86.93431151969264,
                27.89722375808468
              ],
              [
                86.93451473927115,
                27.897223854779337
              ],
              [
                86.93451479361025,
                27.897133580516236
              ],
              [
                86.93441318390184,
                27.89713353220484
              ],
              [
                86.93441323832178,
                27.897043257932758
              ],
              [
                86.9342100190936,
                27.89704316108539
              ],
              [
                86.93421007367523,
                27.896952886822287
              ],
              [
                86.93451490227945,
                27.896953031981056
              ],
              [
                86.93451484794035,
                27.89704330625314
              ],
              [
                86.93471806717751,
                27.897043402651352
              ],
              [
                86.9347179588407,
                27.897223951186533
              ],
              [
                86.93481956862995,
                27.89722399927335
              ],
              [
                86.93481962271751,
                27.897133725001268
              ],
              [
                86.93502284212535,
                27.897133820959308
              ],
              [
                86.93502273429159,
                27.897314369485507
              ],
              [
                86.935429173781,
                27.897314560494284
              ],
              [
                86.93542912020548,
                27.897404834757385
              ],
              [
                86.93532751024554,
                27.897404787119726
              ],
              [
                86.93532745658018,
                27.897495061382823
              ],
              [
                86.93502262645782,
                27.897494918011706
              ],
              [
                86.93502251862405,
                27.897675466537905
              ],
              [
                86.93532734925846,
                27.897675609909026
              ],
              [
                86.93532740292382,
                27.897585335645925
              ],
              [
                86.93563223329771,
                27.897585478334324
              ],
              [
                86.93563217988388,
                27.897675752597426
              ],
              [
                86.93553056968139,
                27.89767570511248
              ],
              [
                86.93553046268306,
                27.897856253629694
              ],
              [
                86.93563207306521,
                27.897856301123625
              ],
              [
                86.93563196624653,
                27.898036849631858
              ],
              [
                86.93553035569371,
                27.898036802146912
              ],
              [
                86.93553040918839,
                27.89794652788381
              ],
              [
                86.93542879872538,
                27.897946480327
              ],
              [
                86.9354288523099,
                27.8978562060639
              ],
              [
                86.93532724192775,
                27.89785615842624
              ],
              [
                86.93532718826239,
                27.897946432680357
              ],
              [
                86.93492074641041,
                27.897946241375134
              ],
              [
                86.93492085441486,
                27.897765692857917
              ],
              [
                86.93481924412254,
                27.897765644842966
              ],
              [
                86.93481935228868,
                27.89758509632575
              ],
              [
                86.9346161320454,
                27.897585000071267
              ],
              [
                86.93461618629468,
                27.89749472580817
              ],
              [
                86.93481940637625,
                27.89749482206265
              ],
              [
                86.93481946046381,
                27.89740454779955
              ],
              [
                86.93492107041476,
                27.897404595814503
              ],
              [
                86.93492112442148,
                27.897314321551402
              ],
              [
                86.93451468493207,
                27.89731412904244
              ],
              [
                86.93451463059297,
                27.897404403305536
              ],
              [
                86.93441302064201,
                27.89740435499414
              ],
              [
                86.93441296621309,
                27.897494629257242
              ],
              [
                86.9342097461405,
                27.89749453240987
              ]
            ],
            [
              [
                86.93430982988973,
                27.900022259719748
              ],
              [
                86.93430988440848,
                27.899931985492582
              ],
              [
                86.934411496722,
                27.899932033884827
              ],
              [
                86.93441144229308,
                27.900022308111993
              ],
              [
                86.93430982988973,
                27.900022259719748
              ]
            ],
            [
              [
                86.93431032050461,
                27.899209791621345
              ],
              [
                86.93431037501439,
                27.899119517376214
              ],
              [
                86.93451359813227,
                27.899119614088836
              ],
              [
                86.93451370681943,
                27.898939065607554
              ],
              [
                86.93481854098421,
                27.898939210101567
              ],
              [
                86.9348184328091,
                27.899119758591834
              ],
              [
                86.9346152096912,
                27.899119662328367
              ],
              [
                86.93461515543297,
                27.899209936573502
              ],
              [
                86.93431032050461,
                27.899209791621345
              ]
            ],
            [
              [
                86.93451495661854,
                27.896862757708973
              ],
              [
                86.93451501094864,
                27.89677248343689
              ],
              [
                86.9346166203157,
                27.89677253167642
              ],
              [
                86.93461656606644,
                27.896862805948505
              ],
              [
                86.93451495661854,
                27.896862757708973
              ]
            ],
            [
              [
                86.93461732556506,
                27.895598966049512
              ],
              [
                86.93461737981433,
                27.895508691768445
              ],
              [
                86.93471898800458,
                27.895508739927127
              ],
              [
                86.93471893383617,
                27.895599014208194
              ],
              [
                86.93461732556506,
                27.895598966049512
              ]
            ],
            [
              [
                86.93471660454955,
                27.899480807449617
              ],
              [
                86.93471665872694,
                27.899390533213467
              ],
              [
                86.93481827053742,
                27.899390581309266
              ],
              [
                86.93481832462498,
                27.899300307064134
              ],
              [
                86.93552960672334,
                27.899300641614712
              ],
              [
                86.93552949971603,
                27.899481190095994
              ],
              [
                86.93532627592441,
                27.89948109488356
              ],
              [
                86.93532622225905,
                27.89957136911971
              ],
              [
                86.93512299829675,
                27.899571273610828
              ],
              [
                86.9351230521328,
                27.899480999374678
              ],
              [
                86.93502144023249,
                27.899480951503456
              ],
              [
                86.93502138631561,
                27.899571225739606
              ],
              [
                86.93491977433446,
                27.89957117779652
              ],
              [
                86.93491982834117,
                27.89948090356037
              ],
              [
                86.93471660454955,
                27.899480807449617
              ]
            ],
            [
              [
                86.93471817551433,
                27.896862854107187
              ],
              [
                86.93471828385117,
                27.896682305572003
              ],
              [
                86.93481989312838,
                27.89668235365882
              ],
              [
                86.93481994721594,
                27.896592079377754
              ],
              [
                86.93502316560868,
                27.89659217532681
              ],
              [
                86.93502300386702,
                27.89686299815204
              ],
              [
                86.93471817551433,
                27.896862854107187
              ]
            ],
            [
              [
                86.93492231236259,
                27.895328287439817
              ],
              [
                86.9349224743468,
                27.895057464560683
              ],
              [
                86.93502408211485,
                27.895057512494787
              ],
              [
                86.93502397429008,
                27.89523806108387
              ],
              [
                86.93532879809727,
                27.89523820443702
              ],
              [
                86.93532869077555,
                27.895418753017122
              ],
              [
                86.93502386647427,
                27.895418609663967
              ],
              [
                86.93502392038218,
                27.895328335373918
              ],
              [
                86.93492231236259,
                27.895328287439817
              ]
            ],
            [
              [
                86.93502073923216,
                27.900654516474596
              ],
              [
                86.93502084708389,
                27.900473968029242
              ],
              [
                86.93512245990047,
                27.900474015900464
              ],
              [
                86.93512256758153,
                27.900293467455114
              ],
              [
                86.9352241802364,
                27.900293515245487
              ],
              [
                86.93522423399159,
                27.90020324101832
              ],
              [
                86.93532584656563,
                27.90020328873683
              ],
              [
                86.93532590023997,
                27.90011301450966
              ],
              [
                86.93552912520839,
                27.9001131097221
              ],
              [
                86.93552896470639,
                27.9003839324036
              ],
              [
                86.93542735196168,
                27.900383884837805
              ],
              [
                86.93542729837716,
                27.900474159064974
              ],
              [
                86.9353256855516,
                27.90047411141833
              ],
              [
                86.9353255782119,
                27.90065465986368
              ],
              [
                86.93522396521567,
                27.90065461214517
              ],
              [
                86.93522391146048,
                27.900744886363356
              ],
              [
                86.93512229838338,
                27.900744838564002
              ],
              [
                86.93512235221942,
                27.900654564345817
              ],
              [
                86.93502073923216,
                27.900654516474596
              ]
            ],
            [
              [
                86.93512445182478,
                27.897133868821545
              ],
              [
                86.93512450566082,
                27.897043594549462
              ],
              [
                86.93522611527939,
                27.897043642339835
              ],
              [
                86.9352260615332,
                27.897133916602936
              ],
              [
                86.93512445182478,
                27.897133868821545
              ]
            ],
            [
              [
                86.93532885175365,
                27.895147930146972
              ],
              [
                86.93532890541003,
                27.895057655847943
              ],
              [
                86.93553212093714,
                27.895057751042412
              ],
              [
                86.93553206745145,
                27.895148025341445
              ],
              [
                86.93532885175365,
                27.895147930146972
              ]
            ],
            [
              [
                86.93542928094104,
                27.897134011959103
              ],
              [
                86.93542933451656,
                27.89704373768702
              ],
              [
                86.93553094413514,
                27.897043785252816
              ],
              [
                86.93553089064945,
                27.897134059524898
              ],
              [
                86.93542928094104,
                27.897134011959103
              ]
            ],
            [
              [
                86.93552875069176,
                27.900745029303284
              ],
              [
                86.93552880419541,
                27.90065475507612
              ],
              [
                86.93573203017893,
                27.90065484999211
              ],
              [
                86.93573197684594,
                27.900745124219277
              ],
              [
                86.93583358992304,
                27.900745171560494
              ],
              [
                86.93583353667091,
                27.90083544578766
              ],
              [
                86.93563031034604,
                27.9008353510154
              ],
              [
                86.93563036376885,
                27.900745076797214
              ],
              [
                86.93552875069176,
                27.900745029303284
              ]
            ],
            [
              [
                86.93573288350657,
                27.89921046228557
              ],
              [
                86.93573299017254,
                27.899029913804288
              ],
              [
                86.93583460165063,
                27.8990299611455
              ],
              [
                86.93583449515535,
                27.899210509626787
              ],
              [
                86.93573288350657,
                27.89921046228557
              ]
            ],
            [
              [
                86.93573411005728,
                27.897134154422922
              ],
              [
                86.93573416338128,
                27.897043880159824
              ],
              [
                86.93593738262742,
                27.897043974761406
              ],
              [
                86.93593732946512,
                27.897134249024507
              ],
              [
                86.93573411005728,
                27.897134154422922
              ]
            ],
            [
              [
                86.93583364317517,
                27.90065489734231
              ],
              [
                86.93583374967943,
                27.900474348896957
              ],
              [
                86.93593536250499,
                27.90047439616631
              ],
              [
                86.93593541566729,
                27.90038412193914
              ],
              [
                86.93624025389246,
                27.900384263298033
              ],
              [
                86.93624020098169,
                27.900474537525202
              ],
              [
                86.93634181380726,
                27.900474584498106
              ],
              [
                86.93634176097733,
                27.900564858725275
              ],
              [
                86.93644337389273,
                27.900564905617333
              ],
              [
                86.93644332114366,
                27.9006551798445
              ],
              [
                86.9365449341399,
                27.900655226664693
              ],
              [
                86.93654488148066,
                27.90074550089186
              ],
              [
                86.936951333807,
                27.900745687427026
              ],
              [
                86.93695122916225,
                27.90092623587238
              ],
              [
                86.93654477616218,
                27.900926049328227
              ],
              [
                86.93654482882143,
                27.900835775110043
              ],
              [
                86.93644321565449,
                27.90083572828985
              ],
              [
                86.93644311016533,
                27.901016276726217
              ],
              [
                86.9362398834991,
                27.901016182861255
              ],
              [
                86.93623993641886,
                27.90092590864307
              ],
              [
                86.93613832317108,
                27.900925861589315
              ],
              [
                86.93613842916331,
                27.90074531315295
              ],
              [
                86.93603681608622,
                27.90074526602733
              ],
              [
                86.93603686916767,
                27.900654991809144
              ],
              [
                86.93583364317517,
                27.90065489734231
              ]
            ],
            [
              [
                86.93583385617471,
                27.900293800442622
              ],
              [
                86.93583390942683,
                27.900203526215456
              ],
              [
                86.93593552200088,
                27.900203573484806
              ],
              [
                86.93593546883858,
                27.900293847711975
              ],
              [
                86.93583385617471,
                27.900293800442622
              ]
            ],
            [
              [
                86.93624300501895,
                27.89569000191329
              ],
              [
                86.93624305791175,
                27.895599727623242
              ],
              [
                86.93634466619184,
                27.895599774578184
              ],
              [
                86.9363447190038,
                27.895509500288135
              ],
              [
                86.93644632719406,
                27.89550954718019
              ],
              [
                86.93644627446295,
                27.895599821470242
              ],
              [
                86.93654788273406,
                27.89559986828145
              ],
              [
                86.93654777744253,
                27.895780416861548
              ],
              [
                86.93644616900073,
                27.89578037005034
              ],
              [
                86.93644611626964,
                27.895870644331406
              ],
              [
                86.93634450773801,
                27.89587059744833
              ],
              [
                86.9363446133709,
                27.895690048868232
              ],
              [
                86.93624300501895,
                27.89569000191329
              ]
            ],
            [
              [
                86.93634424366027,
                27.896321968862644
              ],
              [
                86.93634434929317,
                27.896141420300513
              ],
              [
                86.9364459580763,
                27.896141467183586
              ],
              [
                86.93644585260512,
                27.896322015745717
              ],
              [
                86.93634424366027,
                27.896321968862644
              ]
            ],
            [
              [
                86.93644643265627,
                27.89532899859111
              ],
              [
                86.93644648538738,
                27.89523872430106
              ],
              [
                86.93654809331713,
                27.895238771112272
              ],
              [
                86.93654804067585,
                27.89532904540232
              ],
              [
                86.93644643265627,
                27.89532899859111
              ]
            ],
            [
              [
                86.9370529468841,
                27.90074573386993
              ],
              [
                86.93705299913012,
                27.900655459651745
              ],
              [
                86.9372562251226,
                27.90065555232195
              ],
              [
                86.9372561209809,
                27.9008361007673
              ],
              [
                86.93715450781399,
                27.90083605446813
              ],
              [
                86.93715455997017,
                27.900745780240964
              ],
              [
                86.9370529468841,
                27.90074573386993
              ]
            ],
            [
              [
                86.93705482732749,
                27.897495861063092
              ],
              [
                86.93705487956451,
                27.89740558679999
              ],
              [
                86.93715648952445,
                27.897405633162045
              ],
              [
                86.93715654167165,
                27.89731535888996
              ],
              [
                86.93725815154177,
                27.897315405180148
              ],
              [
                86.93725804742702,
                27.897495953715328
              ],
              [
                86.93705482732749,
                27.897495861063092
              ]
            ],
            [
              [
                86.93705508847671,
                27.897044489720642
              ],
              [
                86.93705514070477,
                27.89695421544856
              ],
              [
                86.93715675025148,
                27.896954261810613
              ],
              [
                86.93715669810427,
                27.897044536082696
              ],
              [
                86.93705508847671,
                27.897044489720642
              ]
            ],
            [
              [
                86.93725835978921,
                27.8969543081008
              ],
              [
                86.93725841184659,
                27.896864033828717
              ],
              [
                86.93736002130346,
                27.896864080038053
              ],
              [
                86.93735996932695,
                27.896954354310136
              ],
              [
                86.93725835978921,
                27.8969543081008
              ]
            ],
            [
              [
                86.9375639136842,
                27.89569060656931
              ],
              [
                86.93756406910173,
                27.89541978369018
              ],
              [
                86.93776728531157,
                27.895419875587834
              ],
              [
                86.93776713040607,
                27.895690698466964
              ],
              [
                86.9375639136842,
                27.89569060656931
              ]
            ],
            [
              [
                86.93766536688813,
                27.895961475424215
              ],
              [
                86.93766541861312,
                27.895871201134167
              ],
              [
                86.93776702713575,
                27.89587124704706
              ],
              [
                86.93776707877092,
                27.895780972757013
              ],
              [
                86.93786868722168,
                27.89578101859804
              ],
              [
                86.93786858412204,
                27.89596156717814
              ],
              [
                86.93766536688813,
                27.895961475424215
              ]
            ],
            [
              [
                86.93786781081631,
                27.897315681358197
              ],
              [
                86.93786791392493,
                27.897135132814032
              ],
              [
                86.93796952363336,
                27.897135178574214
              ],
              [
                86.9379694206954,
                27.89731572711838
              ],
              [
                86.93786781081631,
                27.897315681358197
              ]
            ],
            [
              [
                86.93786884187564,
                27.89551019571891
              ],
              [
                86.93786889342097,
                27.89541992142886
              ],
              [
                86.93797050153039,
                27.895419967189042
              ],
              [
                86.9379704500659,
                27.895510241488076
              ],
              [
                86.93786884187564,
                27.89551019571891
              ]
            ],
            [
              [
                86.93796921481052,
                27.897676824188743
              ],
              [
                86.93796931775745,
                27.897496275662544
              ],
              [
                86.93847736799732,
                27.897496503367503
              ],
              [
                86.93847731694606,
                27.897586777639585
              ],
              [
                86.93857892708567,
                27.897586822950608
              ],
              [
                86.93857887611526,
                27.89767709722269
              ],
              [
                86.93796921481052,
                27.897676824188743
              ]
            ],
            [
              [
                86.93797034713694,
                27.895690790068173
              ],
              [
                86.93797039860142,
                27.895600515778124
              ],
              [
                86.93807200688151,
                27.895600561466438
              ],
              [
                86.93807195549788,
                27.89569083575649
              ],
              [
                86.93797034713694,
                27.895690790068173
              ]
            ],
            [
              [
                86.93807108195813,
                27.897225498543595
              ],
              [
                86.93807113335075,
                27.897135224271512
              ],
              [
                86.93837596248495,
                27.897135360896282
              ],
              [
                86.93837591135285,
                27.897225635168365
              ],
              [
                86.93827430155461,
                27.897225589695648
              ],
              [
                86.93827425033267,
                27.89731586396773
              ],
              [
                86.93817264045359,
                27.897315818432126
              ],
              [
                86.93817269175636,
                27.897225544160044
              ],
              [
                86.93807108195813,
                27.897225498543595
              ]
            ],
            [
              [
                86.93817351255603,
                27.895781155662988
              ],
              [
                86.93817356385881,
                27.89569088137294
              ],
              [
                86.93827517221975,
                27.89569092690854
              ],
              [
                86.9382751210068,
                27.895781201198588
              ],
              [
                86.93817351255603,
                27.895781155662988
              ]
            ],
            [
              [
                86.93817361515262,
                27.89560060708289
              ],
              [
                86.9381736664554,
                27.895510332783857
              ],
              [
                86.93827527464566,
                27.895510378319457
              ],
              [
                86.93827522343271,
                27.89560065261849
              ],
              [
                86.93817361515262,
                27.89560060708289
              ]
            ],
            [
              [
                86.93847787848296,
                27.896593760619723
              ],
              [
                86.93847798057648,
                27.896413212057592
              ],
              [
                86.93857958962015,
                27.8964132573776
              ],
              [
                86.93857964058157,
                27.896322983096532
              ],
              [
                86.93868124953539,
                27.89632302833569
              ],
              [
                86.93868109689366,
                27.89659385117889
              ],
              [
                86.93847787848296,
                27.896593760619723
              ]
            ],
            [
              [
                86.9385800992344,
                27.89551051448609
              ],
              [
                86.93858015018685,
                27.89542024019604
              ],
              [
                86.93878336641465,
                27.895420330593506
              ],
              [
                86.93878331562391,
                27.89551060489254
              ],
              [
                86.9385800992344,
                27.89551051448609
              ]
            ],
            [
              [
                86.93868063897744,
                27.897406319654582
              ],
              [
                86.93868068985802,
                27.8973160453825
              ],
              [
                86.93888390962519,
                27.89731613564522
              ],
              [
                86.93888385890631,
                27.897406409917302
              ],
              [
                86.93868063897744,
                27.897406319654582
              ]
            ],
            [
              [
                86.9386809951415,
                27.89677439974102
              ],
              [
                86.93868104602207,
                27.896684125459952
              ],
              [
                86.93878265530827,
                27.896684170627246
              ],
              [
                86.93878260451753,
                27.896774444908313
              ],
              [
                86.9386809951415,
                27.89677439974102
              ]
            ],
            [
              [
                86.93878214734691,
                27.89758691336604
              ],
              [
                86.93878219814664,
                27.89749663909396
              ],
              [
                86.93888380819641,
                27.897496684189385
              ],
              [
                86.93888375748651,
                27.897586958452486
              ],
              [
                86.93878214734691,
                27.89758691336604
              ]
            ],
            [
              [
                86.93878316324268,
                27.89578142777167
              ],
              [
                86.93878321403342,
                27.89569115348162
              ],
              [
                86.93888482240335,
                27.895691198568066
              ],
              [
                86.93888477169345,
                27.895781472858115
              ],
              [
                86.93878316324268,
                27.89578142777167
              ]
            ],
            [
              [
                86.9390876853507,
                27.89632320854672
              ],
              [
                86.93908778642914,
                27.89614265996662
              ],
              [
                86.93929100400442,
                27.89614274962747
              ],
              [
                86.93929105437294,
                27.89605247533742
              ],
              [
                86.93939266307525,
                27.896052520055555
              ],
              [
                86.93939251221218,
                27.89632334291672
              ],
              [
                86.93929090325835,
                27.896323298198585
              ],
              [
                86.93929085288981,
                27.896413572479652
              ],
              [
                86.93918924384616,
                27.89641352768965
              ],
              [
                86.93918929430453,
                27.896323253408585
              ],
              [
                86.9390876853507,
                27.89632320854672
              ]
            ],
            [
              [
                86.93908788750757,
                27.895962111395505
              ],
              [
                86.93908798858601,
                27.895781562815408
              ],
              [
                86.93918959703677,
                27.89578160767727
              ],
              [
                86.93918949612902,
                27.895962156257372
              ],
              [
                86.93908788750757,
                27.895962111395505
              ]
            ],
            [
              [
                86.93918868881308,
                27.897406544745444
              ],
              [
                86.93918873927144,
                27.89731627047336
              ],
              [
                86.93929034915054,
                27.89731631526336
              ],
              [
                86.93929039952806,
                27.897226040991278
              ],
              [
                86.9393920093263,
                27.897226085709413
              ],
              [
                86.939392059614,
                27.89713581143733
              ],
              [
                86.93949366933138,
                27.897135856074616
              ],
              [
                86.9394935689177,
                27.897316404627766
              ],
              [
                86.93939195902963,
                27.897316359981495
              ],
              [
                86.93939190874194,
                27.897406634253578
              ],
              [
                86.93918868881308,
                27.897406544745444
              ]
            ],
            [
              [
                86.93939155670117,
                27.898038554122227
              ],
              [
                86.93939165728553,
                27.897858005596028
              ],
              [
                86.93959487806778,
                27.897858094807717
              ],
              [
                86.9395947778158,
                27.898038643333916
              ],
              [
                86.93939155670117,
                27.898038554122227
              ]
            ],
            [
              [
                86.9395946775728,
                27.898219191860118
              ],
              [
                86.93959472768981,
                27.898128917597017
              ],
              [
                86.93969633833247,
                27.898128962090574
              ],
              [
                86.9396962882963,
                27.898219236353672
              ],
              [
                86.9395946775728,
                27.898219191860118
              ]
            ],
            [
              [
                86.9395951787968,
                27.897316449193188
              ],
              [
                86.93959527903979,
                27.897135900649022
              ],
              [
                86.9396968887572,
                27.897135945133595
              ],
              [
                86.93969683872103,
                27.89722621941466
              ],
              [
                86.93979844851927,
                27.897226263827367
              ],
              [
                86.93979839856397,
                27.89731653809945
              ],
              [
                86.9395951787968,
                27.897316449193188
              ]
            ],
            [
              [
                86.9395954294088,
                27.896865077814805
              ],
              [
                86.9395954795258,
                27.89677480353374
              ],
              [
                86.93979869827787,
                27.896774892440003
              ],
              [
                86.93979864833155,
                27.89686516672107
              ],
              [
                86.93990025778842,
                27.89686521106191
              ],
              [
                86.93990015805745,
                27.897045759624046
              ],
              [
                86.93969693879335,
                27.897045670861512
              ],
              [
                86.93969703886567,
                27.896865122308363
              ],
              [
                86.9395954294088,
                27.896865077814805
              ]
            ],
            [
              [
                86.93969658853123,
                27.89767759076609
              ],
              [
                86.9396966385674,
                27.897587316502992
              ],
              [
                86.939798248707,
                27.8975873609157
              ],
              [
                86.93979829866231,
                27.897497086643618
              ],
              [
                86.93989990871209,
                27.897497130993443
              ],
              [
                86.93989995857757,
                27.89740685672136
              ],
              [
                86.94010317851541,
                27.897406945178464
              ],
              [
                86.94010307911682,
                27.897587493722632
              ],
              [
                86.94000146897723,
                27.89758744952552
              ],
              [
                86.94000136940797,
                27.897767998069686
              ],
              [
                86.93979814879637,
                27.89776790945088
              ],
              [
                86.93979819875169,
                27.897677635187783
              ],
              [
                86.93969658853123,
                27.89767759076609
              ]
            ],
            [
              [
                86.94020478848434,
                27.89740698930371
              ],
              [
                86.94020483810728,
                27.897316715022647
              ],
              [
                86.94030644798636,
                27.897316759067046
              ],
              [
                86.94030639845326,
                27.897407033339128
              ],
              [
                86.94020478848434,
                27.89740698930371
              ]
            ],
            [
              [
                86.94051016137777,
                27.896414104129583
              ],
              [
                86.94051026010263,
                27.89623355555847
              ],
              [
                86.94061186897561,
                27.896233599369307
              ],
              [
                86.94061177042144,
                27.896414147949404
              ],
              [
                86.94051016137777,
                27.896414104129583
              ]
            ],
            [
              [
                86.9406119675208,
                27.896053050789206
              ],
              [
                86.94061211534756,
                27.89578222791906
              ],
              [
                86.94081533225808,
                27.89578231532514
              ],
              [
                86.94081518493438,
                27.89605313820427
              ],
              [
                86.9406119675208,
                27.896053050789206
              ]
            ],
            [
              [
                86.9409167446156,
                27.896143456080576
              ],
              [
                86.94091679364566,
                27.896053181790524
              ],
              [
                86.94101840234795,
                27.896053225313903
              ],
              [
                86.94101835340774,
                27.89614349960395
              ],
              [
                86.9409167446156,
                27.896143456080576
              ]
            ],
            [
              [
                86.93715690667513,
                27.89668343898538
              ],
              [
                86.93715685453691,
                27.896773713257463
              ],
              [
                86.93705524516086,
                27.89677366689541
              ],
              [
                86.93705529738892,
                27.896683392623327
              ],
              [
                86.93715690667513,
                27.89668343898538
              ]
            ],
            [
              [
                86.93522439525715,
                27.899932418336817
              ],
              [
                86.93522444901234,
                27.899842144100667
              ],
              [
                86.93542767348669,
                27.89984223946582
              ],
              [
                86.93542772707119,
                27.89975196522967
              ],
              [
                86.93563095136587,
                27.899752060298376
              ],
              [
                86.93563084453821,
                27.89993260876169
              ],
              [
                86.93522439525715,
                27.899932418336817
              ]
            ],
            [
              [
                86.93522439525715,
                27.899932418336817
              ],
              [
                86.93522434150196,
                27.900022692563986
              ],
              [
                86.93512272909861,
                27.900022644773614
              ],
              [
                86.93512267526258,
                27.90011291900078
              ],
              [
                86.93502106277838,
                27.900112871129558
              ],
              [
                86.93502095492664,
                27.900293419583893
              ],
              [
                86.93481772961687,
                27.90029332361687
              ],
              [
                86.93481778371341,
                27.900203049389702
              ],
              [
                86.93451294600028,
                27.900202904886708
              ],
              [
                86.93451305469644,
                27.900022356432373
              ],
              [
                86.93461466709081,
                27.900022404671905
              ],
              [
                86.93461472135803,
                27.899932130444736
              ],
              [
                86.93471633367156,
                27.899932178612403
              ],
              [
                86.93471627949417,
                27.90002245283957
              ],
              [
                86.93491950430088,
                27.900022548959303
              ],
              [
                86.93491961231432,
                27.899842000495987
              ],
              [
                86.93471638784895,
                27.899841904385234
              ],
              [
                86.93471644202636,
                27.899751630149083
              ],
              [
                86.93502127847286,
                27.899751774202922
              ],
              [
                86.93502122454699,
                27.899842048439073
              ],
              [
                86.93512283677967,
                27.899842096310294
              ],
              [
                86.93512278294364,
                27.899932370537464
              ],
              [
                86.93522439525715,
                27.899932418336817
              ]
            ],
            [
              [
                86.9322780877268,
                27.899208808046957
              ],
              [
                86.93237969936659,
                27.89920885793939
              ],
              [
                86.93237964324884,
                27.89929913217554
              ],
              [
                86.9322780315282,
                27.899299082283108
              ],
              [
                86.9322780877268,
                27.899208808046957
              ]
            ],
            [
              [
                86.9343095573229,
                27.9004736308466
              ],
              [
                86.93410633168075,
                27.900473533828553
              ],
              [
                86.93410638636121,
                27.90038325961037
              ],
              [
                86.93430961183267,
                27.900383356619436
              ],
              [
                86.9343095573229,
                27.9004736308466
              ]
            ],
            [
              [
                86.93674852757029,
                27.900023400481345
              ],
              [
                86.93725658960504,
                27.90002363271381
              ],
              [
                86.93725638133064,
                27.900384729640447
              ],
              [
                86.93715476858593,
                27.90038468334128
              ],
              [
                86.93715487288932,
                27.90020413487796
              ],
              [
                86.93685003516721,
                27.900203995540277
              ],
              [
                86.9368499827595,
                27.900294269776428
              ],
              [
                86.93674837009563,
                27.90029422318081
              ],
              [
                86.93674852757029,
                27.900023400481345
              ]
            ],
            [
              [
                86.93918853742899,
                27.89767736755271
              ],
              [
                86.93918863834573,
                27.897496819017526
              ],
              [
                86.93929024840448,
                27.897496863807525
              ],
              [
                86.93929014764943,
                27.89767741234271
              ],
              [
                86.93918853742899,
                27.89767736755271
              ]
            ],
            [
              [
                86.93674978725986,
                27.897856818571192
              ],
              [
                86.93654656649555,
                27.89785672516437
              ],
              [
                86.93654661914582,
                27.89776645090127
              ],
              [
                86.9364450088535,
                27.89776640408108
              ],
              [
                86.9364450615846,
                27.897676129817977
              ],
              [
                86.93654667179607,
                27.89767617663817
              ],
              [
                86.93654672445531,
                27.89758590237507
              ],
              [
                86.93664833457694,
                27.897585949114415
              ],
              [
                86.93664828201652,
                27.897676223377516
              ],
              [
                86.936749892228,
                27.897676270044993
              ],
              [
                86.93674978725986,
                27.897856818571192
              ]
            ],
            [
              [
                86.93705602856366,
                27.895419552634504
              ],
              [
                86.93705597633561,
                27.895509826924552
              ],
              [
                86.93695436814535,
                27.895509780490638
              ],
              [
                86.93695442045426,
                27.895419506191605
              ],
              [
                86.93705602856366,
                27.895419552634504
              ]
            ],
            [
              [
                86.93624199987602,
                27.8974052131727
              ],
              [
                86.93624184116167,
                27.897676035961997
              ],
              [
                86.93593701052727,
                27.89767589462107
              ],
              [
                86.9359371699962,
                27.89740507183177
              ],
              [
                86.93624199987602,
                27.8974052131727
              ]
            ],
            [
              [
                86.9343095573229,
                27.9004736308466
              ],
              [
                86.93451278296504,
                27.900473727559227
              ],
              [
                86.93451272861697,
                27.900564001777408
              ],
              [
                86.93441111571056,
                27.90056395345703
              ],
              [
                86.93441106128164,
                27.900654227684196
              ],
              [
                86.93420783529812,
                27.90065413081886
              ],
              [
                86.93420788989773,
                27.900563856600677
              ],
              [
                86.93430950280414,
                27.900563905064786
              ],
              [
                86.9343095573229,
                27.9004736308466
              ]
            ],
            [
              [
                86.93685234080118,
                27.896231928269316
              ],
              [
                86.9368524979794,
                27.895961105417136
              ],
              [
                86.93695410659187,
                27.8959611519319
              ],
              [
                86.93695405428298,
                27.896051426212967
              ],
              [
                86.93705566298527,
                27.896051472655866
              ],
              [
                86.93705555852917,
                27.896232021217997
              ],
              [
                86.93685234080118,
                27.896231928269316
              ]
            ],
            [
              [
                86.9380713902779,
                27.89668385289313
              ],
              [
                86.93827460885929,
                27.896683944045183
              ],
              [
                86.93827455763736,
                27.896774218326247
              ],
              [
                86.93837616701339,
                27.896774263789986
              ],
              [
                86.93837611588128,
                27.89686453807105
              ],
              [
                86.93807128750164,
                27.89686440144628
              ],
              [
                86.9380713902779,
                27.89668385289313
              ]
            ],
            [
              [
                86.93725586062219,
                27.901287471867203
              ],
              [
                86.93725596476388,
                27.901106923430834
              ],
              [
                86.93735757819132,
                27.901106969649156
              ],
              [
                86.93735752619683,
                27.90119724386734
              ],
              [
                86.93745913970511,
                27.901197290013798
              ],
              [
                86.93745908780046,
                27.901287564231982
              ],
              [
                86.93725586062219,
                27.901287471867203
              ]
            ],
            [
              [
                86.93573501654724,
                27.895599491689715
              ],
              [
                86.93573512319523,
                27.89541894310962
              ],
              [
                86.93593833939609,
                27.8954190377112
              ],
              [
                86.93593828624276,
                27.89550931200125
              ],
              [
                86.93603989443302,
                27.895509359180767
              ],
              [
                86.93603984136953,
                27.89559963347082
              ],
              [
                86.93573501654724,
                27.895599491689715
              ]
            ],
            [
              [
                86.93319203806267,
                27.900111996673527
              ],
              [
                86.93319209350669,
                27.90002172244636
              ],
              [
                86.93329370590106,
                27.900021771665056
              ],
              [
                86.93329376126424,
                27.899931497437887
              ],
              [
                86.93339537357777,
                27.899931546575733
              ],
              [
                86.93339526303109,
                27.900112095030067
              ],
              [
                86.93319203806267,
                27.900111996673527
              ]
            ],
            [
              [
                86.9380713902779,
                27.89668385289313
              ],
              [
                86.93796978098271,
                27.896683807204816
              ],
              [
                86.93796993539412,
                27.896412984361618
              ],
              [
                86.93807154442881,
                27.89641303004993
              ],
              [
                86.93807159581243,
                27.896322755768868
              ],
              [
                86.93817320476626,
                27.896322801385317
              ],
              [
                86.9381730508669,
                27.896593624228515
              ],
              [
                86.93807144166153,
                27.896593578612066
              ],
              [
                86.9380713902779,
                27.89668385289313
              ]
            ],
            [
              [
                86.93319203806267,
                27.900111996673527
              ],
              [
                86.93319198261865,
                27.900202270900696
              ],
              [
                86.9330903700536,
                27.900202221601152
              ],
              [
                86.93309042557847,
                27.900111947382968
              ],
              [
                86.93319203806267,
                27.900111996673527
              ]
            ],
            [
              [
                86.93715419487687,
                27.901377699777235
              ],
              [
                86.93715414272069,
                27.90146797399542
              ],
              [
                86.93705252896986,
                27.901467927624385
              ],
              [
                86.9370525812069,
                27.9013776534062
              ],
              [
                86.93715419487687,
                27.901377699777235
              ]
            ],
            [
              [
                86.93553158604429,
                27.89596049393392
              ],
              [
                86.9358364118727,
                27.89596063617316
              ],
              [
                86.93583651835002,
                27.89578008760205
              ],
              [
                86.93614134367537,
                27.89578022915857
              ],
              [
                86.93614123770112,
                27.895960777729684
              ],
              [
                86.93603962908865,
                27.895960730622033
              ],
              [
                86.93603952295271,
                27.896141279184164
              ],
              [
                86.93614113173585,
                27.8961413263008
              ],
              [
                86.9361410257616,
                27.89632187486293
              ],
              [
                86.93603941681675,
                27.896321827746295
              ],
              [
                86.93603946988024,
                27.89623155346523
              ],
              [
                86.93593786102522,
                27.896231506276727
              ],
              [
                86.93593796733185,
                27.896050957714596
              ],
              [
                86.93553153254962,
                27.89605076822397
              ],
              [
                86.93553158604429,
                27.89596049393392
              ]
            ],
            [
              [
                86.93766438415815,
                27.89767668666566
              ],
              [
                86.93766428070816,
                27.897857235191857
              ],
              [
                86.93756267032602,
                27.897857189198113
              ],
              [
                86.93756261852018,
                27.897947463461215
              ],
              [
                86.93746100804819,
                27.897947417395606
              ],
              [
                86.93746095615252,
                27.898037691658704
              ],
              [
                86.93735934559969,
                27.89803764551225
              ],
              [
                86.93735944956173,
                27.897857096995033
              ],
              [
                86.93725783917058,
                27.89785705077671
              ],
              [
                86.93725789123694,
                27.897766776513613
              ],
              [
                86.93735950153824,
                27.897766822731935
              ],
              [
                86.93735955351477,
                27.897676548468834
              ],
              [
                86.93746116372623,
                27.897676594606306
              ],
              [
                86.93746121562191,
                27.89758632034321
              ],
              [
                86.93756282575252,
                27.897586366408813
              ],
              [
                86.93756277394668,
                27.897676640671914
              ],
              [
                86.93766438415815,
                27.89767668666566
              ]
            ],
            [
              [
                86.93705602856366,
                27.895419552634504
              ],
              [
                86.93705608078272,
                27.895329278335474
              ],
              [
                86.93715768881128,
                27.895329324697524
              ],
              [
                86.93715763666408,
                27.895419598996558
              ],
              [
                86.93705602856366,
                27.895419552634504
              ]
            ],
            [
              [
                86.9321765886549,
                27.89902820961036
              ],
              [
                86.93207497719477,
                27.8990281595742
              ],
              [
                86.93207503355507,
                27.89893788533805
              ],
              [
                86.93217664494333,
                27.89893793537421
              ],
              [
                86.9321765886549,
                27.89902820961036
              ]
            ],
            [
              [
                86.93766484967412,
                27.896864218234878
              ],
              [
                86.93766469450811,
                27.89713504106011
              ],
              [
                86.93776630421652,
                27.897135086973
              ],
              [
                86.93776625258137,
                27.897225361245084
              ],
              [
                86.93766464278312,
                27.897225315323208
              ],
              [
                86.93766459105812,
                27.89731558959529
              ],
              [
                86.93746137129995,
                27.897315497535942
              ],
              [
                86.93746152697798,
                27.897044674728676
              ],
              [
                86.93756313660555,
                27.897044720794284
              ],
              [
                86.93756324021723,
                27.896864172241134
              ],
              [
                86.93766484967412,
                27.896864218234878
              ]
            ],
            [
              [
                86.93166785086247,
                27.90011124941894
              ],
              [
                86.93176946334668,
                27.900111299760532
              ],
              [
                86.93176940672586,
                27.900201573978716
              ],
              [
                86.93166779416082,
                27.900201523637126
              ],
              [
                86.93166785086247,
                27.90011124941894
              ]
            ],
            [
              [
                86.93166785086247,
                27.90011124941894
              ],
              [
                86.93146462591203,
                27.900111148511186
              ],
              [
                86.93146468278437,
                27.90002087428402
              ],
              [
                86.93166790757311,
                27.900020975191776
              ],
              [
                86.93166785086247,
                27.90011124941894
              ]
            ],
            [
              [
                86.93674852757029,
                27.900023400481345
              ],
              [
                86.93664691516693,
                27.900023353813868
              ],
              [
                86.93664696773635,
                27.8999330795867
              ],
              [
                86.93674858005886,
                27.89993312625418
              ],
              [
                86.93674852757029,
                27.900023400481345
              ]
            ],
            [
              [
                86.93695311265093,
                27.89767636314639
              ],
              [
                86.93705472287138,
                27.89767640958929
              ],
              [
                86.93705467063434,
                27.89776668385239
              ],
              [
                86.93695306034203,
                27.89776663740949
              ],
              [
                86.93695311265093,
                27.89767636314639
              ]
            ],
            [
              [
                86.93187181078753,
                27.898937785032167
              ],
              [
                86.93187175425655,
                27.899028059268314
              ],
              [
                86.93166853132732,
                27.899027958665986
              ],
              [
                86.93166847461667,
                27.899118232902136
              ],
              [
                86.93156686306672,
                27.899118182488685
              ],
              [
                86.93156680628421,
                27.899208456724836
              ],
              [
                86.9313635830136,
                27.89920835567335
              ],
              [
                86.93136369692897,
                27.899027807201048
              ],
              [
                86.9314653083891,
                27.899027857767216
              ],
              [
                86.93146536526145,
                27.898937583531065
              ],
              [
                86.93187181078753,
                27.898937785032167
              ]
            ],
            [
              [
                86.93766438415815,
                27.89767668666566
              ],
              [
                86.93766448760815,
                27.897496138130474
              ],
              [
                86.93756287756734,
                27.897496092145715
              ],
              [
                86.9375629293732,
                27.897405817873633
              ],
              [
                86.93776614930205,
                27.897405909780268
              ],
              [
                86.93776609765791,
                27.89749618405235
              ],
              [
                86.93786770770768,
                27.89749622989338
              ],
              [
                86.93786760459007,
                27.89767677842856
              ],
              [
                86.93766438415815,
                27.89767668666566
              ]
            ],
            [
              [
                86.93197347862592,
                27.89884756098489
              ],
              [
                86.93197359152619,
                27.898667012503605
              ],
              [
                86.93207520265393,
                27.898667062620618
              ],
              [
                86.93207525901424,
                27.898576788375482
              ],
              [
                86.93217687006114,
                27.898576838411643
              ],
              [
                86.93217675750223,
                27.898757386892928
              ],
              [
                86.93207514628466,
                27.898757336856768
              ],
              [
                86.93207508992435,
                27.8988476111019
              ],
              [
                86.93197347862592,
                27.89884756098489
              ]
            ],
            [
              [
                86.93573501654724,
                27.895599491689715
              ],
              [
                86.93573496323222,
                27.895689765979768
              ],
              [
                86.93553174651933,
                27.89568967108174
              ],
              [
                86.93553180000502,
                27.89559939679169
              ],
              [
                86.93573501654724,
                27.895599491689715
              ]
            ],
            [
              [
                86.93187181078753,
                27.898937785032167
              ],
              [
                86.9318718673275,
                27.898847510796017
              ],
              [
                86.93197347862592,
                27.89884756098489
              ],
              [
                86.93197342217579,
                27.89893783522104
              ],
              [
                86.93187181078753,
                27.898937785032167
              ]
            ],
            [
              [
                86.9322780877268,
                27.899208808046957
              ],
              [
                86.93217647609599,
                27.89920875808266
              ],
              [
                86.9321765886549,
                27.89902820961036
              ],
              [
                86.932278200124,
                27.899028259574656
              ],
              [
                86.9322780877268,
                27.899208808046957
              ]
            ],
            [
              [
                86.9342106741451,
                27.89595986980243
              ],
              [
                86.93421061956347,
                27.896050144083492
              ],
              [
                86.93410901087016,
                27.89605009554752
              ],
              [
                86.93410895619868,
                27.8961403698196
              ],
              [
                86.93390573865035,
                27.896140272523073
              ],
              [
                86.93390590316783,
                27.89586944968886
              ],
              [
                86.93400751169045,
                27.895869498368562
              ],
              [
                86.93400762120407,
                27.89568894980643
              ],
              [
                86.93380440450017,
                27.895688852366174
              ],
              [
                86.93380451434615,
                27.895508303795058
              ],
              [
                86.9340077307087,
                27.895508401235315
              ],
              [
                86.93400778546102,
                27.895418126945266
              ],
              [
                86.93421100166188,
                27.89541822408908
              ],
              [
                86.93421094708023,
                27.89550849837913
              ],
              [
                86.93441416344278,
                27.895508595217517
              ],
              [
                86.93441410903183,
                27.895598869507566
              ],
              [
                86.93451571730294,
                27.895598917818965
              ],
              [
                86.93451566296385,
                27.89568919210003
              ],
              [
                86.93441405461189,
                27.895689143797618
              ],
              [
                86.93441400019195,
                27.895779418078682
              ],
              [
                86.93431239175915,
                27.895779369695422
              ],
              [
                86.93431233725836,
                27.89586964397649
              ],
              [
                86.93451555430363,
                27.895869740671145
              ],
              [
                86.93451560863375,
                27.895779466390078
              ],
              [
                86.93482043395012,
                27.895779610866125
              ],
              [
                86.93482048802869,
                27.89568933658506
              ],
              [
                86.93492209638065,
                27.89568938459103
              ],
              [
                86.93492220437611,
                27.895508836019914
              ],
              [
                86.93512542074765,
                27.895508931816256
              ],
              [
                86.9351253669206,
                27.895599206106304
              ],
              [
                86.9353285834628,
                27.89559930159722
              ],
              [
                86.93532852980644,
                27.895689575887268
              ],
              [
                86.9354301381584,
                27.895689623524927
              ],
              [
                86.93543008458288,
                27.895779897805994
              ],
              [
                86.93553169302466,
                27.89577994537179
              ],
              [
                86.93553158604429,
                27.89596049393392
              ],
              [
                86.93522676021587,
                27.895960351029924
              ],
              [
                86.93522670647866,
                27.89605062531099
              ],
              [
                86.93502348909202,
                27.896050529667363
              ],
              [
                86.93502343517514,
                27.89614080394843
              ],
              [
                86.93492182640098,
                27.89614075600534
              ],
              [
                86.9349218803987,
                27.896050481724277
              ],
              [
                86.93471866301208,
                27.89605038563149
              ],
              [
                86.93471850051583,
                27.896321208465704
              ],
              [
                86.93441367368129,
                27.896321063756098
              ],
              [
                86.93441378252118,
                27.896140515202948
              ],
              [
                86.93461700006951,
                27.896140611753875
              ],
              [
                86.93461705432775,
                27.896050337472808
              ],
              [
                86.93451544563443,
                27.896050289233276
              ],
              [
                86.93451549996453,
                27.895960014952212
              ],
              [
                86.9342106741451,
                27.89595986980243
              ]
            ],
            [
              [
                86.93675004967571,
                27.89740544724671
              ],
              [
                86.93695326959559,
                27.89740554035709
              ],
              [
                86.93695311265093,
                27.89767636314639
              ],
              [
                86.93685150243945,
                27.897676316631625
              ],
              [
                86.93685155483819,
                27.897586042368527
              ],
              [
                86.93674994470757,
                27.897585995781895
              ],
              [
                86.93675004967571,
                27.89740544724671
              ]
            ],
            [
              [
                86.93654682975583,
                27.89740535383989
              ],
              [
                86.93654693505636,
                27.897224805304706
              ],
              [
                86.93675015464385,
                27.897224898711528
              ],
              [
                86.93675004967571,
                27.89740544724671
              ],
              [
                86.93654682975583,
                27.89740535383989
              ]
            ],
            [
              [
                86.93644521979589,
                27.89740530702868
              ],
              [
                86.93654682975583,
                27.89740535383989
              ],
              [
                86.93654677710558,
                27.897495628111972
              ],
              [
                86.93644516705581,
                27.89749558129178
              ],
              [
                86.93644521979589,
                27.89740530702868
              ]
            ],
            [
              [
                86.93624199987602,
                27.8974052131727
              ],
              [
                86.93624215859036,
                27.897134390374415
              ],
              [
                86.93614054888195,
                27.897134343329643
              ],
              [
                86.9361406548562,
                27.896953794794463
              ],
              [
                86.93593743578074,
                27.896953700489323
              ],
              [
                86.93593748893406,
                27.89686342621724
              ],
              [
                86.93583587948615,
                27.896863378956873
              ],
              [
                86.93583598596346,
                27.896682830403723
              ],
              [
                86.93563276739106,
                27.896682735658413
              ],
              [
                86.93563287420973,
                27.896502187105263
              ],
              [
                86.93624252890287,
                27.896502470460852
              ],
              [
                86.93624242309929,
                27.896683019005017
              ],
              [
                86.9361408138131,
                27.89668297196923
              ],
              [
                86.93614076083045,
                27.896773246241313
              ],
              [
                86.93634397957354,
                27.896773340250007
              ],
              [
                86.9363439267526,
                27.89686361452209
              ],
              [
                86.93644553620051,
                27.896863661414148
              ],
              [
                86.93644521979589,
                27.89740530702868
              ],
              [
                86.93624199987602,
                27.8974052131727
              ]
            ],
            [
              [
                86.93715690667513,
                27.89668343898538
              ],
              [
                86.93715695882233,
                27.896593164704313
              ],
              [
                86.93685213121525,
                27.896593025393578
              ],
              [
                86.93685218361398,
                27.896502751112514
              ],
              [
                86.9364457471429,
                27.896502564307852
              ],
              [
                86.93644579987401,
                27.896412290026785
              ],
              [
                86.93654740890868,
                27.896412336837994
              ],
              [
                86.93654746155893,
                27.89632206256591
              ],
              [
                86.9367506794576,
                27.89632215596375
              ],
              [
                86.93675073193718,
                27.896231881682684
              ],
              [
                86.93685234080118,
                27.896231928269316
              ],
              [
                86.93685223600372,
                27.896412476831447
              ],
              [
                86.93736028117709,
                27.89641270865069
              ],
              [
                86.93736038513013,
                27.89623216008856
              ],
              [
                86.93715716739317,
                27.896232067589033
              ],
              [
                86.93715727167859,
                27.896051519017917
              ],
              [
                86.93725888038088,
                27.896051565308106
              ],
              [
                86.93725882831453,
                27.89614183958917
              ],
              [
                86.93776687223027,
                27.896142069908226
              ],
              [
                86.93776671732478,
                27.896412892760406
              ],
              [
                86.93786832635945,
                27.896412938601436
              ],
              [
                86.9378681201422,
                27.896774035716717
              ],
              [
                86.93776651076617,
                27.896773989875687
              ],
              [
                86.937766459131,
                27.896864264147773
              ],
              [
                86.93766484967412,
                27.896864218234878
              ],
              [
                86.93766495311512,
                27.896683669681728
              ],
              [
                86.93756334382891,
                27.896683623687984
              ],
              [
                86.93756339563475,
                27.8965933494159
              ],
              [
                86.93746178642941,
                27.896593303350294
              ],
              [
                86.93746183832508,
                27.89650302906923
              ],
              [
                86.93736022920058,
                27.896502982931757
              ],
              [
                86.93736017723303,
                27.89659325721282
              ],
              [
                86.93725856802767,
                27.8965932109945
              ],
              [
                86.93725851597031,
                27.896683485275567
              ],
              [
                86.93715690667513,
                27.89668343898538
              ]
            ],
            [
              [
                86.93674978725986,
                27.897856818571192
              ],
              [
                86.93695300802415,
                27.89785691167259
              ],
              [
                86.93695290339737,
                27.89803746019879
              ],
              [
                86.9367496822917,
                27.89803736708841
              ],
              [
                86.93674962980315,
                27.898127641342526
              ],
              [
                86.93695285107948,
                27.898127734452906
              ],
              [
                86.93695269412584,
                27.89839855722424
              ],
              [
                86.93685108324063,
                27.898398510700492
              ],
              [
                86.93685103083291,
                27.89848878495461
              ],
              [
                86.93674941986687,
                27.898488738367977
              ],
              [
                86.9367493673783,
                27.89857901261311
              ],
              [
                86.93654614526653,
                27.898578919206287
              ],
              [
                86.93654625057603,
                27.898398370698054
              ],
              [
                86.93664786146124,
                27.89839841744638
              ],
              [
                86.93664796660006,
                27.898217868938147
              ],
              [
                86.93654635588554,
                27.89821782218982
              ],
              [
                86.93654640853579,
                27.898127547935704
              ],
              [
                86.93664801916947,
                27.89812759467505
              ],
              [
                86.93664812430829,
                27.89794704615783
              ],
              [
                86.93674973477128,
                27.89794709282531
              ],
              [
                86.93674978725986,
                27.897856818571192
              ]
            ],
            [
              [
                86.93715419487687,
                27.901377699777235
              ],
              [
                86.93715424703306,
                27.901287425568032
              ],
              [
                86.93725586062219,
                27.901287471867203
              ],
              [
                86.93725580855583,
                27.901377746076403
              ],
              [
                86.93715419487687,
                27.901377699777235
              ]
            ],
            [
              [
                86.93908672503369,
                27.898038419743244
              ],
              [
                86.93888350391906,
                27.898038329776966
              ],
              [
                86.93888345320018,
                27.898128604040068
              ],
              [
                86.93868023192384,
                27.898128513777348
              ],
              [
                86.93868018104327,
                27.89821878804045
              ],
              [
                86.93857857031975,
                27.898218742792306
              ],
              [
                86.93857841740852,
                27.89848956557262
              ],
              [
                86.93837519545846,
                27.89848947485176
              ],
              [
                86.93837545113695,
                27.898038103563213
              ],
              [
                86.93827384058413,
                27.898038058099477
              ],
              [
                86.93827389180606,
                27.897947783836376
              ],
              [
                86.93837550227803,
                27.89794782930011
              ],
              [
                86.93837555341015,
                27.897857555037014
              ],
              [
                86.93857877418343,
                27.89785764574889
              ],
              [
                86.93857882515384,
                27.89776737148579
              ],
              [
                86.93868043545514,
                27.89776741672495
              ],
              [
                86.938680333685,
                27.89794796526013
              ],
              [
                86.93888355462896,
                27.89794805551387
              ],
              [
                86.93888365605774,
                27.89776750698767
              ],
              [
                86.93898526635903,
                27.89776755201123
              ],
              [
                86.93898531698808,
                27.89767727773915
              ],
              [
                86.93918853742899,
                27.89767736755271
              ],
              [
                86.93918843651224,
                27.897857916087894
              ],
              [
                86.93908682612111,
                27.897857871217045
              ],
              [
                86.93908672503369,
                27.898038419743244
              ]
            ]
          ],
          [
            [
              [
                86.9342106741451,
                27.89595986980243
              ],
              [
                86.93410906554162,
                27.89595982126645
              ],
              [
                86.93410917488455,
                27.895779272695336
              ],
              [
                86.93421078331735,
                27.895779321231313
              ],
              [
                86.9342106741451,
                27.89595986980243
              ]
            ]
          ],
          [
            [
              [
                86.9340077307087,
                27.895508401235315
              ],
              [
                86.93410933888998,
                27.895508449843156
              ],
              [
                86.93410928422749,
                27.895598724133205
              ],
              [
                86.9340076759564,
                27.895598675525367
              ],
              [
                86.9340077307087,
                27.895508401235315
              ]
            ]
          ],
          [
            [
              [
                86.9316696086409,
                27.897312747963536
              ],
              [
                86.9316694385449,
                27.89758357073487
              ],
              [
                86.93177104865755,
                27.897583621076457
              ],
              [
                86.9317709354339,
                27.89776416958469
              ],
              [
                86.93166932514158,
                27.897764119243103
              ],
              [
                86.93166938184325,
                27.897673844988987
              ],
              [
                86.93156777164076,
                27.89767379457553
              ],
              [
                86.93156794198829,
                27.897402971813182
              ],
              [
                86.93146633204631,
                27.897402921327863
              ],
              [
                86.93146638890967,
                27.897312647073747
              ],
              [
                86.9316696086409,
                27.897312747963536
              ]
            ]
          ],
          [
            [
              [
                86.93166932514158,
                27.897764119243103
              ],
              [
                86.93166921174725,
                27.897944667751336
              ],
              [
                86.93156760129324,
                27.89794461733788
              ],
              [
                86.93156771485825,
                27.897764068829648
              ],
              [
                86.93166932514158,
                27.897764119243103
              ]
            ]
          ],
          [
            [
              [
                86.93166921174725,
                27.897944667751336
              ],
              [
                86.9320756535633,
                27.897944868641584
              ],
              [
                86.932075597203,
                27.8980351428957
              ],
              [
                86.93217720773785,
                27.89803519293186
              ],
              [
                86.93217709517896,
                27.89821574143111
              ],
              [
                86.93207548447342,
                27.89821569139495
              ],
              [
                86.93207554083371,
                27.898125417149817
              ],
              [
                86.93177070896861,
                27.89812526658319
              ],
              [
                86.93177076558045,
                27.898034992338058
              ],
              [
                86.93166915504558,
                27.898034941996467
              ],
              [
                86.93166921174725,
                27.897944667751336
              ]
            ]
          ],
          [
            [
              [
                86.93166972203524,
                27.89713219944632
              ],
              [
                86.93177133172568,
                27.897132249778924
              ],
              [
                86.93177127511386,
                27.897222524042025
              ],
              [
                86.93187288489413,
                27.897222574302766
              ],
              [
                86.93187282836315,
                27.897312848565864
              ],
              [
                86.9316696086409,
                27.897312747963536
              ],
              [
                86.93166972203524,
                27.89713219944632
              ]
            ]
          ],
          [
            [
              [
                86.93827332837374,
                27.898940800649626
              ],
              [
                86.93827322592986,
                27.899121349139893
              ],
              [
                86.93837483749778,
                27.89912139461261
              ],
              [
                86.93837478635669,
                27.899211668857745
              ],
              [
                86.93867962131199,
                27.899211804817764
              ],
              [
                86.93867957042244,
                27.899302079062895
              ],
              [
                86.93888279389964,
                27.8993021693346
              ],
              [
                86.93888299676618,
                27.89894107234508
              ],
              [
                86.93878138536894,
                27.898941027249656
              ],
              [
                86.9387814869684,
                27.898760478741423
              ],
              [
                86.9389847094305,
                27.89876056886041
              ],
              [
                86.93898476005955,
                27.898670294606294
              ],
              [
                86.93888314891385,
                27.898670249582732
              ],
              [
                86.93888325034261,
                27.8984897010745
              ],
              [
                86.9391880832767,
                27.898489835911622
              ],
              [
                86.93918803281834,
                27.898580110165742
              ],
              [
                86.93949286600396,
                27.89858024432913
              ],
              [
                86.93949276559027,
                27.89876079283736
              ],
              [
                86.93979759928793,
                27.89876092631803
              ],
              [
                86.93979769919856,
                27.898580377809797
              ],
              [
                86.93989931026343,
                27.898580422159622
              ],
              [
                86.93989926038897,
                27.89867069641374
              ],
              [
                86.94000087153468,
                27.898670740682714
              ],
              [
                86.94000082175005,
                27.89876101493683
              ],
              [
                86.9398992105145,
                27.898760970667855
              ],
              [
                86.93989901102563,
                27.89912206767534
              ],
              [
                86.9396957878808,
                27.89912197890382
              ],
              [
                86.93969583792594,
                27.89903170465869
              ],
              [
                86.93959422643886,
                27.899031660165132
              ],
              [
                86.93959427656486,
                27.898941385911016
              ],
              [
                86.93939105377036,
                27.898941296690342
              ],
              [
                86.93939110405806,
                27.898851022445207
              ],
              [
                86.93928949274166,
                27.89885097771809
              ],
              [
                86.93928944236414,
                27.898941251972207
              ],
              [
                86.93908621956965,
                27.89894116231136
              ],
              [
                86.93908611847326,
                27.899121710801627
              ],
              [
                86.93918773004117,
                27.899121755672475
              ],
              [
                86.93918767957382,
                27.89921202992659
              ],
              [
                86.93928929123157,
                27.89921207471659
              ],
              [
                86.93928924084507,
                27.899302348970707
              ],
              [
                86.93918762910647,
                27.899302304171723
              ],
              [
                86.9391875786481,
                27.899392578416858
              ],
              [
                86.93908596682864,
                27.89939253354601
              ],
              [
                86.93908591627147,
                27.89948280779114
              ],
              [
                86.93898430437116,
                27.899482762839444
              ],
              [
                86.93898425373312,
                27.89957303708458
              ],
              [
                86.93867941777171,
                27.899572901798297
              ],
              [
                86.93867921422246,
                27.89993399875188
              ],
              [
                86.93857760189097,
                27.89993395350374
              ],
              [
                86.93857755092056,
                27.90002422773989
              ],
              [
                86.93847593850822,
                27.900024182419884
              ],
              [
                86.93847588745696,
                27.900114456656034
              ],
              [
                86.93857749995014,
                27.90011450197604
              ],
              [
                86.93857739800035,
                27.900295050448342
              ],
              [
                86.93837417268159,
                27.900294959727482
              ],
              [
                86.93837422382268,
                27.90020468549133
              ],
              [
                86.93817099866563,
                27.900204594474026
              ],
              [
                86.9381710499684,
                27.900114320237876
              ],
              [
                86.93806943747522,
                27.900114274621426
              ],
              [
                86.93806928329737,
                27.90038509731191
              ],
              [
                86.93837412153152,
                27.900385233954648
              ],
              [
                86.93837401924934,
                27.900565782417964
              ],
              [
                86.93817079341855,
                27.900565691391677
              ],
              [
                86.93817084473031,
                27.90047541716451
              ],
              [
                86.93806923189577,
                27.900475371539077
              ],
              [
                86.93806907771791,
                27.900746194220577
              ],
              [
                86.93796746463184,
                27.90074614852328
              ],
              [
                86.93796736166694,
                27.900926696977614
              ],
              [
                86.93786574841917,
                27.900926651199466
              ],
              [
                86.93786579998246,
                27.90083637698128
              ],
              [
                86.93776418681554,
                27.90083633113127
              ],
              [
                86.93776423845968,
                27.900746056904104
              ],
              [
                86.93786585154577,
                27.900746102754116
              ],
              [
                86.93786595467236,
                27.90056555429978
              ],
              [
                86.93766272884156,
                27.900565462527894
              ],
              [
                86.93766283230951,
                27.90038491407356
              ],
              [
                86.93786605779894,
                27.900385005845447
              ],
              [
                86.93786616092554,
                27.90020445738213
              ],
              [
                86.93776454835151,
                27.90020441153212
              ],
              [
                86.93776459999565,
                27.90011413730495
              ],
              [
                86.93786621248884,
                27.90011418314598
              ],
              [
                86.93786626405213,
                27.90002390891881
              ],
              [
                86.93796787646448,
                27.900023954687978
              ],
              [
                86.93796792793795,
                27.899933680451827
              ],
              [
                86.93806954026944,
                27.899933726149126
              ],
              [
                86.93806974583991,
                27.89957262919554
              ],
              [
                86.93796813384978,
                27.89957258349824
              ],
              [
                86.93796828827915,
                27.899301760771824
              ],
              [
                86.9375618413427,
                27.899301577246014
              ],
              [
                86.93756189315754,
                27.89921130300088
              ],
              [
                86.93776511645507,
                27.8992113949165
              ],
              [
                86.93776521974337,
                27.899030846426232
              ],
              [
                86.93796844270854,
                27.899030938036425
              ],
              [
                86.937968494182,
                27.89894066379129
              ],
              [
                86.93807010557924,
                27.898940709479607
              ],
              [
                86.93807015697186,
                27.898850435234472
              ],
              [
                86.93817176827928,
                27.898850480850925
              ],
              [
                86.93817171697648,
                27.89894075510504
              ],
              [
                86.93827332837374,
                27.898940800649626
              ]
            ],
            [
              [
                86.9381710499684,
                27.900114320237876
              ],
              [
                86.93817110128018,
                27.900024046001725
              ],
              [
                86.93827271369251,
                27.900024091555295
              ],
              [
                86.9382726624616,
                27.90011436578246
              ],
              [
                86.9381710499684,
                27.900114320237876
              ]
            ],
            [
              [
                86.93837478635669,
                27.899211668857745
              ],
              [
                86.9383746840835,
                27.899392217348012
              ],
              [
                86.93827307226404,
                27.89939217187529
              ],
              [
                86.93827317470792,
                27.899211623385025
              ],
              [
                86.93837478635669,
                27.899211668857745
              ]
            ],
            [
              [
                86.93878108056158,
                27.899482672729437
              ],
              [
                86.93878113136131,
                27.899392398484306
              ],
              [
                86.93888274318076,
                27.899392443579732
              ],
              [
                86.93888269246187,
                27.899482717824867
              ],
              [
                86.93878108056158,
                27.899482672729437
              ]
            ]
          ]
        ]
      },
      "id": "+7078+4704",
      "properties": {
        "area_m2": 1084640.936477947,
        "count": 10821,
        "image_id": "COPERNICUS/S1_GRD/S1A_IW_GRDH_1SDV_20211017T121358_20211017T121423_040159_04C195_E0B1",
        "lake_id": "imja-tsho",
        "observed_at": "2021-10-17T12:13:58Z",
        "water": 1
      }
    }
  ]
}
