{
  "type": "FeatureCollection",
  "features": [
    {
      "type": "Feature",
      "geometry": {
        "geodesic": false,
        "type": "MultiPolygon",
        "coordinates": [
          [
            [
              [
                86.92065358552347,
                27.900800262488023
              ],
              [
                86.92065365136997,
                27.90070998829679
              ],
              [
                86.92075526438418,
                27.900710046759148
              ],
              [
                86.92075519861852,
                27.90080032095038
              ],
              [
                86.92065358552347,
                27.900800262488023
              ]
            ]
          ],
          [
            [
              [
                86.92756357731842,
                27.900352696283356
              ],
              [
                86.92776680270904,
                27.90035280294931
              ],
              [
                86.92776674276446,
                27.900443077158513
              ],
              [
                86.92756351720317,
                27.900442970492556
              ],
              [
                86.92756357731842,
                27.900352696283356
              ]
            ]
          ],
          [
            [
              [
                86.93091668172394,
                27.90053496629605
              ],
              [
                86.93091662439346,
                27.900625240514234
              ],
              [
                86.93081501143315,
                27.900625189543824
              ],
              [
                86.93081506885346,
                27.90053491532564
              ],
              [
                86.93091668172394,
                27.90053496629605
              ]
            ]
          ],
          [
            [
              [
                86.91354203278136,
                27.899080774367516
              ],
              [
                86.91354210452083,
                27.898990500176282
              ],
              [
                86.91333888175329,
                27.898990372543647
              ],
              [
                86.91333916940283,
                27.898629275742774
              ],
              [
                86.91323755835592,
                27.89862921181866
              ],
              [
                86.91323763034691,
                27.89853893761844
              ],
              [
                86.91344085227901,
                27.898539065394807
              ],
              [
                86.91344070862044,
                27.898719613795244
              ],
              [
                86.9136439308939,
                27.898719741275166
              ],
              [
                86.91364400255252,
                27.898629467074947
              ],
              [
                86.9138472246553,
                27.898629594249442
              ],
              [
                86.91384729614323,
                27.898539320049224
              ],
              [
                86.91405051807533,
                27.898539446927273
              ],
              [
                86.91405058940157,
                27.898449172718074
              ],
              [
                86.91415220028676,
                27.898449236049302
              ],
              [
                86.91415248523238,
                27.898088139212497
              ],
              [
                86.91425409577623,
                27.898088202462876
              ],
              [
                86.91425416692279,
                27.897997928253677
              ],
              [
                86.9143557773858,
                27.897997991423207
              ],
              [
                86.9143558484515,
                27.897907717214007
              ],
              [
                86.91455906921581,
                27.89790784333747
              ],
              [
                86.91455899831178,
                27.897998117555655
              ],
              [
                86.91466060877478,
                27.897998180500608
              ],
              [
                86.91466053796059,
                27.898088454718792
              ],
              [
                86.91496536961009,
                27.898088643122456
              ],
              [
                86.91496544017275,
                27.897998368904272
              ],
              [
                86.91486382970076,
                27.8979983061839
              ],
              [
                86.9148640416403,
                27.897727483529348
              ],
              [
                86.91496565185176,
                27.897727546258704
              ],
              [
                86.91496572241442,
                27.89763727204052
              ],
              [
                86.91527055279731,
                27.897637459761466
              ],
              [
                86.91527062309946,
                27.89754718554328
              ],
              [
                86.9155754532308,
                27.897547372599472
              ],
              [
                86.91557552329041,
                27.897457098372307
              ],
              [
                86.91618518305903,
                27.897457470454498
              ],
              [
                86.91618525260661,
                27.89736719622733
              ],
              [
                86.91628686248569,
                27.89736725797752
              ],
              [
                86.91628693194343,
                27.897276983750356
              ],
              [
                86.91679498091668,
                27.897277291378423
              ],
              [
                86.91679491188115,
                27.89736756560559
              ],
              [
                86.91689652176024,
                27.897367626906625
              ],
              [
                86.91689659071493,
                27.89727735267946
              ],
              [
                86.91699820051316,
                27.89727741390863
              ],
              [
                86.916998269387,
                27.89718713968146
              ],
              [
                86.91730309852122,
                27.89718732291083
              ],
              [
                86.91730316714352,
                27.89709704867468
              ],
              [
                86.91791282491788,
                27.897097413112206
              ],
              [
                86.91791289302815,
                27.897007138876056
              ],
              [
                86.918319331215,
                27.897007380334223
              ],
              [
                86.91831939899289,
                27.896917106098073
              ],
              [
                86.91872583684737,
                27.896917346352495
              ],
              [
                86.9187259042839,
                27.896827072116345
              ],
              [
                86.91923395119103,
                27.896827370743296
              ],
              [
                86.91923401820534,
                27.896737096507145
              ],
              [
                86.91964045540406,
                27.89673733406662
              ],
              [
                86.91964038872212,
                27.89682760830277
              ],
              [
                86.91943716996106,
                27.896827489680238
              ],
              [
                86.9194370362648,
                27.89700803815254
              ],
              [
                86.9193354267091,
                27.897007978728983
              ],
              [
                86.91933535977563,
                27.897098252965133
              ],
              [
                86.91953857904872,
                27.89709837174038
              ],
              [
                86.91953851228592,
                27.89718864597653
              ],
              [
                86.9197417317297,
                27.897188764464318
              ],
              [
                86.91974166512861,
                27.897279038700468
              ],
              [
                86.91984327493583,
                27.897279097827578
              ],
              [
                86.91984320842457,
                27.89736937206373
              ],
              [
                86.91994481831264,
                27.897369431109993
              ],
              [
                86.91994475189121,
                27.897459705346144
              ],
              [
                86.9198431419133,
                27.897459646290894
              ],
              [
                86.91984307540204,
                27.897549920527045
              ],
              [
                86.91963985528453,
                27.897549802191975
              ],
              [
                86.91963992196648,
                27.897459527955824
              ],
              [
                86.91943670201965,
                27.897459409324306
              ],
              [
                86.91943650147076,
                27.89773023201479
              ],
              [
                86.91974133215008,
                27.89773040985427
              ],
              [
                86.91974126554898,
                27.897820684081434
              ],
              [
                86.91994448617854,
                27.897820802272776
              ],
              [
                86.9199443533177,
                27.89800135071813
              ],
              [
                86.91984274283674,
                27.898001291662883
              ],
              [
                86.91984267632547,
                27.89809156589005
              ],
              [
                86.91974106576366,
                27.89809150676294
              ],
              [
                86.91974113235578,
                27.89800123253577
              ],
              [
                86.91963952187481,
                27.89800117332781
              ],
              [
                86.91963938851093,
                27.898181721782144
              ],
              [
                86.91974099916257,
                27.89818178098112
              ],
              [
                86.91974093256148,
                27.898272055208288
              ],
              [
                86.91984254329397,
                27.8982721143354
              ],
              [
                86.91984260980523,
                27.898181840117214
              ],
              [
                86.92004583110851,
                27.898181958155845
              ],
              [
                86.92004569841836,
                27.898362506601195
              ],
              [
                86.92014730923171,
                27.898362565503728
              ],
              [
                86.92014724297196,
                27.898452839721912
              ],
              [
                86.92045207568148,
                27.89845301599832
              ],
              [
                86.92045187764788,
                27.898723838652874
              ],
              [
                86.92035026649317,
                27.898723779965934
              ],
              [
                86.92035020039513,
                27.89881405418412
              ],
              [
                86.92045181163967,
                27.898814112871055
              ],
              [
                86.92045174563145,
                27.89890438708924
              ],
              [
                86.92035013430608,
                27.898904328402303
              ],
              [
                86.92035000211,
                27.899084876829686
              ],
              [
                86.9206548365892,
                27.89908505265694
              ],
              [
                86.92065470490516,
                27.89926560107534
              ],
              [
                86.92085792822965,
                27.89926571791921
              ],
              [
                86.92085819093298,
                27.898904621073424
              ],
              [
                86.92065496828222,
                27.898904504229552
              ],
              [
                86.92065509996625,
                27.898723955793184
              ],
              [
                86.92055348880257,
                27.89872389725896
              ],
              [
                86.92055362065729,
                27.898543348822592
              ],
              [
                86.9206552316413,
                27.89854340735682
              ],
              [
                86.92065542916288,
                27.89827258469328
              ],
              [
                86.9203505969654,
                27.89827240886603
              ],
              [
                86.92035066305446,
                27.898182134647847
              ],
              [
                86.92014744176015,
                27.898182017058378
              ],
              [
                86.9201475080199,
                27.89809174283121
              ],
              [
                86.92065556084691,
                27.89809203623895
              ],
              [
                86.92065562668444,
                27.89800176201178
              ],
              [
                86.92055401620348,
                27.89800170348654
              ],
              [
                86.92055427989494,
                27.89764060656889
              ],
              [
                86.92045266974635,
                27.897640547962798
              ],
              [
                86.92045280176278,
                27.897459999499482
              ],
              [
                86.92004636186013,
                27.897459764329525
              ],
              [
                86.9200464282097,
                27.897369490093375
              ],
              [
                86.92014803809778,
                27.897369548995908
              ],
              [
                86.92014830312773,
                27.897008452051306
              ],
              [
                86.92004669357203,
                27.897008393148774
              ],
              [
                86.9200468262532,
                27.896827844667488
              ],
              [
                86.91984360749215,
                27.896827726637845
              ],
              [
                86.9198437405057,
                27.89664717815656
              ],
              [
                86.92004695894336,
                27.896647296186206
              ],
              [
                86.92004702527495,
                27.89655702194107
              ],
              [
                86.92025024354193,
                27.89655713966529
              ],
              [
                86.92025030971183,
                27.896466865420155
              ],
              [
                86.92035191876448,
                27.896466924169975
              ],
              [
                86.92035185267542,
                27.89655719842409
              ],
              [
                86.9204534618089,
                27.896557257093065
              ],
              [
                86.92045352780814,
                27.89646698284793
              ],
              [
                86.92055513686077,
                27.89646704145402
              ],
              [
                86.92055520277916,
                27.896376767208885
              ],
              [
                86.92075842070477,
                27.896376884187504
              ],
              [
                86.92075835495707,
                27.896467158432635
              ],
              [
                86.92085996400972,
                27.896467216814145
              ],
              [
                86.92086002966758,
                27.89637694256003
              ],
              [
                86.92096163863937,
                27.896377000869673
              ],
              [
                86.9209617042164,
                27.896286726615557
              ],
              [
                86.9211649219803,
                27.896286842992303
              ],
              [
                86.92116498739563,
                27.89619656874717
              ],
              [
                86.92146981378998,
                27.89619674275084
              ],
              [
                86.9214697486262,
                27.89628701700496
              ],
              [
                86.92157135750816,
                27.89628707485646
              ],
              [
                86.92157155273003,
                27.89601625209411
              ],
              [
                86.92207959589118,
                27.89601654023772
              ],
              [
                86.92207966054293,
                27.895926265974623
              ],
              [
                86.92228287763312,
                27.89592638070745
              ],
              [
                86.9222829421142,
                27.89583610644435
              ],
              [
                86.92268937597117,
                27.89583633501169
              ],
              [
                86.92268950426856,
                27.89565578648549
              ],
              [
                86.92279111255763,
                27.895655843438682
              ],
              [
                86.92279104849877,
                27.89574611770178
              ],
              [
                86.92329909041126,
                27.89574640134483
              ],
              [
                86.92329915404791,
                27.895656127081732
              ],
              [
                86.92390880384524,
                27.895656464974042
              ],
              [
                86.92390886697883,
                27.895566190710944
              ],
              [
                86.92431529983868,
                27.8955664144723
              ],
              [
                86.92431536263092,
                27.895476140209198
              ],
              [
                86.92441697076728,
                27.895476195958643
              ],
              [
                86.92441703347866,
                27.89538592168656
              ],
              [
                86.92462024957173,
                27.89538603296986
              ],
              [
                86.92462018703101,
                27.895476307241942
              ],
              [
                86.92482340330373,
                27.895476418228796
              ],
              [
                86.92482346567377,
                27.895386143956713
              ],
              [
                86.92512828982233,
                27.895386309866563
              ],
              [
                86.92512835194083,
                27.89529603559448
              ],
              [
                86.92533156788117,
                27.895296145826748
              ],
              [
                86.92533150592438,
                27.89538642009883
              ],
              [
                86.92543311397988,
                27.895386475102676
              ],
              [
                86.92543317584685,
                27.895296200830593
              ],
              [
                86.92573799974389,
                27.89529636539297
              ],
              [
                86.92573806135934,
                27.895206091120887
              ],
              [
                86.92604288501383,
                27.895206255009526
              ],
              [
                86.92604294636877,
                27.895115980737444
              ],
              [
                86.92614455417275,
                27.89511603521128
              ],
              [
                86.92614449289866,
                27.895206309492348
              ],
              [
                86.92644931655316,
                27.895206472482673
              ],
              [
                86.9264492555306,
                27.895296746754756
              ],
              [
                86.92705890335162,
                27.895297070714197
              ],
              [
                86.92705896387113,
                27.895206796442114
              ],
              [
                86.92716057175596,
                27.89520685017035
              ],
              [
                86.92716051131731,
                27.895297124442436
              ],
              [
                86.92736372726664,
                27.895297231683312
              ],
              [
                86.9273637875346,
                27.895206957402248
              ],
              [
                86.92787182697673,
                27.89520722418392
              ],
              [
                86.92787176713097,
                27.895297498464988
              ],
              [
                86.92797337510562,
                27.895297551600336
              ],
              [
                86.92797343486156,
                27.89520727731927
              ],
              [
                86.92827825853402,
                27.895207436267174
              ],
              [
                86.92827831803842,
                27.89511716198611
              ],
              [
                86.92837992585139,
                27.895117214816032
              ],
              [
                86.92837986642783,
                27.895207489097096
              ],
              [
                86.92858308220649,
                27.895207594532362
              ],
              [
                86.92858314145936,
                27.895117320251295
              ],
              [
                86.92868474927232,
                27.895117372865624
              ],
              [
                86.9286846901003,
                27.895207647146687
              ],
              [
                86.92878629799411,
                27.895207699680167
              ],
              [
                86.9287863570763,
                27.89511742539012
              ],
              [
                86.92888796488029,
                27.89511747785173
              ],
              [
                86.92888790587894,
                27.895207752132794
              ],
              [
                86.9292943374542,
                27.89520796121568
              ],
              [
                86.92929439611419,
                27.89511768693461
              ],
              [
                86.9295992195441,
                27.89511784295401
              ],
              [
                86.92959916113564,
                27.895208117235075
              ],
              [
                86.92990398481709,
                27.895208272589723
              ],
              [
                86.92990404297402,
                27.895117998308656
              ],
              [
                86.93010725859995,
                27.895118101498134
              ],
              [
                86.9301073165862,
                27.895027827208082
              ],
              [
                86.93061535521984,
                27.89502808388371
              ],
              [
                86.93061541279286,
                27.89493780959366
              ],
              [
                86.93122505865557,
                27.894938115119672
              ],
              [
                86.93122500159458,
                27.89502838940972
              ],
              [
                86.93142821705881,
                27.895028490649853
              ],
              [
                86.93142827394912,
                27.894938216368786
              ],
              [
                86.93163148924268,
                27.894938317312477
              ],
              [
                86.9316315459623,
                27.894848043022428
              ],
              [
                86.93173315352374,
                27.89484809338198
              ],
              [
                86.93173309688497,
                27.89493836767203
              ],
              [
                86.93183470453623,
                27.894938417950737
              ],
              [
                86.93183453486245,
                27.895209240820886
              ],
              [
                86.93173292696862,
                27.895209190533194
              ],
              [
                86.9317329836074,
                27.895118916243145
              ],
              [
                86.93163137579444,
                27.895118865883592
              ],
              [
                86.9316312623462,
                27.895299414454705
              ],
              [
                86.93183447831349,
                27.89529951510195
              ],
              [
                86.93183436519763,
                27.895480063673066
              ],
              [
                86.93163114888898,
                27.89547996302582
              ],
              [
                86.93163109216935,
                27.895570237306888
              ],
              [
                86.9315294839252,
                27.895570186875467
              ],
              [
                86.93152942711573,
                27.895660461156535
              ],
              [
                86.93173264375676,
                27.89566056194751
              ],
              [
                86.93173270040452,
                27.89557028766644
              ],
              [
                86.93213913335421,
                27.895570488368044
              ],
              [
                86.932138964435,
                27.895841311202258
              ],
              [
                86.9322405729307,
                27.895841361193504
              ],
              [
                86.93224062914726,
                27.895751086912437
              ],
              [
                86.93234223755312,
                27.895751136822835
              ],
              [
                86.93234206914595,
                27.89602195965705
              ],
              [
                86.93203724316481,
                27.896021809701278
              ],
              [
                86.93203741233555,
                27.895750986867064
              ],
              [
                86.93163097871214,
                27.89575078586902
              ],
              [
                86.93163092198353,
                27.895841060150087
              ],
              [
                86.93173253047921,
                27.89584111050964
              ],
              [
                86.93173230390613,
                27.89620220761594
              ],
              [
                86.93163069507807,
                27.8962021572474
              ],
              [
                86.93163063834946,
                27.896292431519484
              ],
              [
                86.93183385616727,
                27.89629253217571
              ],
              [
                86.93183340368587,
                27.897014726316442
              ],
              [
                86.93193501326851,
                27.89701477652328
              ],
              [
                86.93193484383727,
                27.897285599312582
              ],
              [
                86.9321380635146,
                27.897285699519653
              ],
              [
                86.93213800720821,
                27.89737597377377
              ],
              [
                86.9320363972842,
                27.89737592371066
              ],
              [
                86.93203628450071,
                27.897556472227873
              ],
              [
                86.93213789458642,
                27.897556522290984
              ],
              [
                86.93213710621593,
                27.89882036176777
              ],
              [
                86.93203549494446,
                27.898820311695676
              ],
              [
                86.93203515654909,
                27.899361957112575
              ],
              [
                86.93213676833261,
                27.89936200718467
              ],
              [
                86.93213665570184,
                27.899542555647987
              ],
              [
                86.931730207912,
                27.899542354919436
              ],
              [
                86.93173015125525,
                27.899632629146605
              ],
              [
                86.93162853922918,
                27.899632578778068
              ],
              [
                86.93162836901641,
                27.899903401450583
              ],
              [
                86.93152675672982,
                27.89990335101018
              ],
              [
                86.9315266999024,
                27.899993625237347
              ],
              [
                86.93162831226982,
                27.899993675677752
              ],
              [
                86.93162825553223,
                27.900083949904918
              ],
              [
                86.93172986798949,
                27.900084000273456
              ],
              [
                86.93172992464623,
                27.89999372604629
              ],
              [
                86.93183153701366,
                27.899993776342964
              ],
              [
                86.93183165014749,
                27.89981322789761
              ],
              [
                86.93203487454996,
                27.899813328257395
              ],
              [
                86.93203476174851,
                27.89999387671173
              ],
              [
                86.93213637411593,
                27.89999392678382
              ],
              [
                86.93213626148516,
                27.900174475229175
              ],
              [
                86.93203464894705,
                27.90017442515708
              ],
              [
                86.93203470534328,
                27.900084150929914
              ],
              [
                86.93193309289502,
                27.900084100785953
              ],
              [
                86.93193297992289,
                27.900264649231303
              ],
              [
                86.931729754676,
                27.900264548709824
              ],
              [
                86.93172969801925,
                27.900354822936993
              ],
              [
                86.93142485990188,
                27.900354671597817
              ],
              [
                86.93142491681016,
                27.900264397379633
              ],
              [
                86.93132330419121,
                27.900264346777533
              ],
              [
                86.93132313321486,
                27.900535169432082
              ],
              [
                86.93122152034438,
                27.900535118758118
              ],
              [
                86.93122157742333,
                27.900444844548918
              ],
              [
                86.9311199646337,
                27.900444793803086
              ],
              [
                86.9311200217935,
                27.900354519584905
              ],
              [
                86.93101840908471,
                27.900354468758223
              ],
              [
                86.93101829459442,
                27.900535017194592
              ],
              [
                86.93091668172394,
                27.90053496629605
              ],
              [
                86.93091673905442,
                27.900444692086847
              ],
              [
                86.93071351348415,
                27.90044459006518
              ],
              [
                86.93071345598298,
                27.900534864283365
              ],
              [
                86.9306118431125,
                27.90053481316024
              ],
              [
                86.9306117855215,
                27.900625087378426
              ],
              [
                86.93051017257018,
                27.90062503618344
              ],
              [
                86.93051023024202,
                27.900534761965254
              ],
              [
                86.93040861737154,
                27.900534710698402
              ],
              [
                86.93040867512423,
                27.900444436480218
              ],
              [
                86.93051028790488,
                27.90044448774707
              ],
              [
                86.93051034557672,
                27.90035421353787
              ],
              [
                86.93040873286795,
                27.900354162262033
              ],
              [
                86.93040879062063,
                27.90026388804385
              ],
              [
                86.9302055653917,
                27.900263785285564
              ],
              [
                86.93020550746834,
                27.900354059503748
              ],
              [
                86.93010389476854,
                27.900354008003333
              ],
              [
                86.93010395277275,
                27.90026373378515
              ],
              [
                86.9300023401538,
                27.90026368222185
              ],
              [
                86.93000228206873,
                27.90035395643105
              ],
              [
                86.92979905666014,
                27.900353853070897
              ],
              [
                86.92979917318063,
                27.900173304634528
              ],
              [
                86.9295959481134,
                27.900173200977928
              ],
              [
                86.92959588968698,
                27.900263475187128
              ],
              [
                86.92939266445805,
                27.9002633712251
              ],
              [
                86.92939260586094,
                27.900353645443282
              ],
              [
                86.92929099316115,
                27.90035359334998
              ],
              [
                86.92929111052604,
                27.900173044922596
              ],
              [
                86.92898627292969,
                27.900172888184546
              ],
              [
                86.92898615507072,
                27.90035343662091
              ],
              [
                86.92878292967112,
                27.900353331751585
              ],
              [
                86.92878304787145,
                27.9001727833242
              ],
              [
                86.92868143534233,
                27.90017273078174
              ],
              [
                86.92868137616131,
                27.900263004999925
              ],
              [
                86.92847815093239,
                27.90026289968144
              ],
              [
                86.9284780915807,
                27.900353173899624
              ],
              [
                86.92807164079946,
                27.900352962373326
              ],
              [
                86.92807170048353,
                27.900262688164123
              ],
              [
                86.92827492571246,
                27.900262794075495
              ],
              [
                86.92827504475719,
                27.90008224564811
              ],
              [
                86.92817343230892,
                27.90008219272836
              ],
              [
                86.92817349192111,
                27.899991918510175
              ],
              [
                86.92797026720424,
                27.89999181244609
              ],
              [
                86.92797038675204,
                27.8998112640187
              ],
              [
                86.9278687745553,
                27.899811210874372
              ],
              [
                86.9278686548458,
                27.89999175931074
              ],
              [
                86.92776704248736,
                27.899991706094543
              ],
              [
                86.92776698254278,
                27.900081980303742
              ],
              [
                86.92756375765522,
                27.90008187364677
              ],
              [
                86.92756381777048,
                27.899991599428585
              ],
              [
                86.92766543012891,
                27.899991652797496
              ],
              [
                86.92766555017977,
                27.899811104361127
              ],
              [
                86.927563937992,
                27.8998110510012
              ],
              [
                86.92756387788573,
                27.899901325219385
              ],
              [
                86.92746226560814,
                27.899901271769625
              ],
              [
                86.92746220541203,
                27.89999154598781
              ],
              [
                86.92725898070414,
                27.899991438881678
              ],
              [
                86.92725885997056,
                27.90017198730906
              ],
              [
                86.92695402239218,
                27.900171826079436
              ],
              [
                86.92695377991892,
                27.900532922925223
              ],
              [
                86.92675055419592,
                27.900532815064505
              ],
              [
                86.92675061498491,
                27.900442540855305
              ],
              [
                86.92664900221325,
                27.900442486812658
              ],
              [
                86.92664912395294,
                27.900261938394255
              ],
              [
                86.92654751134296,
                27.900261884279743
              ],
              [
                86.9265473894326,
                27.900442432698146
              ],
              [
                86.92644577666093,
                27.900442378502785
              ],
              [
                86.9264457156204,
                27.900532652711984
              ],
              [
                86.92624248989742,
                27.900532544096684
              ],
              [
                86.92624242868621,
                27.900622818305884
              ],
              [
                86.92614081574386,
                27.900622763885945
              ],
              [
                86.92614093832796,
                27.900442215476524
              ],
              [
                86.9260393255563,
                27.90044216098472
              ],
              [
                86.92603944831109,
                27.900261612566318
              ],
              [
                86.9259378357101,
                27.900261558002647
              ],
              [
                86.92593771278463,
                27.90044210642105
              ],
              [
                86.92583610001297,
                27.90044205177653
              ],
              [
                86.9258360384604,
                27.900532325985733
              ],
              [
                86.92563281274639,
                27.900532216472115
              ],
              [
                86.92563287446065,
                27.900441942271897
              ],
              [
                86.92553126168899,
                27.9004418874028
              ],
              [
                86.9255311998849,
                27.900532161612002
              ],
              [
                86.92502313560435,
                27.900531886152603
              ],
              [
                86.92502326004796,
                27.900351337743185
              ],
              [
                86.92492164735715,
                27.90035128242493
              ],
              [
                86.92492158505898,
                27.900441556634128
              ],
              [
                86.92481997228732,
                27.90044150124401
              ],
              [
                86.92481984750235,
                27.900622049644443
              ],
              [
                86.9245150086843,
                27.900621883024925
              ],
              [
                86.92451507132381,
                27.900531608824707
              ],
              [
                86.92441345847129,
                27.90053155312916
              ],
              [
                86.92441339574194,
                27.900621827329378
              ],
              [
                86.92431178280857,
                27.900621771570947
              ],
              [
                86.92431171999837,
                27.900712045771165
              ],
              [
                86.92421010697518,
                27.900711989922904
              ],
              [
                86.92421016986623,
                27.900621715722686
              ],
              [
                86.92380371812379,
                27.90062149161099
              ],
              [
                86.92380378135621,
                27.900531217410773
              ],
              [
                86.9237021685037,
                27.900531161203183
              ],
              [
                86.92370204186818,
                27.90071170959464
              ],
              [
                86.9234988158218,
                27.9007115969459
              ],
              [
                86.92349875233786,
                27.900801871137134
              ],
              [
                86.92319391302573,
                27.90080170158911
              ],
              [
                86.9231939767612,
                27.900711427397873
              ],
              [
                86.92309236374699,
                27.900711370732147
              ],
              [
                86.92309229992169,
                27.900801644932365
              ],
              [
                86.92268584750552,
                27.900801417514867
              ],
              [
                86.92268578334783,
                27.900891691715085
              ],
              [
                86.92238094378418,
                27.900891520370426
              ],
              [
                86.92238100820236,
                27.900801246170207
              ],
              [
                86.92227939509833,
                27.900801188911593
              ],
              [
                86.92227945959736,
                27.900710914711375
              ],
              [
                86.92217784658315,
                27.90071085737191
              ],
              [
                86.92217778200326,
                27.900801131572127
              ],
              [
                86.92207616889922,
                27.900801074151815
              ],
              [
                86.9220761042295,
                27.900891348352033
              ],
              [
                86.92146642512914,
                27.900891002285054
              ],
              [
                86.92146635995637,
                27.900981276476287
              ],
              [
                86.92126313342489,
                27.90098116052175
              ],
              [
                86.92126306808143,
                27.901071434712986
              ],
              [
                86.9208566146771,
                27.901071201905594
              ],
              [
                86.92085668035294,
                27.900980927723346
              ],
              [
                86.92095829361868,
                27.90098098603299
              ],
              [
                86.92095835922265,
                27.900890711841754
              ],
              [
                86.92085674603776,
                27.90089065353211
              ],
              [
                86.92085681171359,
                27.900800379340875
              ],
              [
                86.92095842481763,
                27.90080043765052
              ],
              [
                86.92095855600759,
                27.90061988926805
              ],
              [
                86.92075533014985,
                27.900619772567914
              ],
              [
                86.9207553959155,
                27.900529498376677
              ],
              [
                86.92024733169785,
                27.9005292053103
              ],
              [
                86.92024726550999,
                27.900619479501536
              ],
              [
                86.92034887844335,
                27.90061953826932
              ],
              [
                86.92034881233633,
                27.900709812460555
              ],
              [
                86.92014558631689,
                27.9007096948621
              ],
              [
                86.92014552004817,
                27.900799969053335
              ],
              [
                86.92065358552347,
                27.900800262488023
              ],
              [
                86.92065351967696,
                27.900890536679256
              ],
              [
                86.92045029331615,
                27.90089041952996
              ],
              [
                86.92045022729897,
                27.900980693712214
              ],
              [
                86.92055184056471,
                27.900980752327285
              ],
              [
                86.92055177462836,
                27.90107102651852
              ],
              [
                86.92034854793519,
                27.90107090921651
              ],
              [
                86.92034861403323,
                27.900980635025274
              ],
              [
                86.92024700076749,
                27.900980576266473
              ],
              [
                86.92024693457962,
                27.901070850448725
              ],
              [
                86.91994209453985,
                27.901070673714173
              ],
              [
                86.91994202810045,
                27.901160947896425
              ],
              [
                86.9194339609453,
                27.901160651829674
              ],
              [
                86.9194338940837,
                27.901250926011926
              ],
              [
                86.91862098598149,
                27.90125044840464
              ],
              [
                86.91862105351683,
                27.901160174222387
              ],
              [
                86.91841782666195,
                27.90116005407272
              ],
              [
                86.91841775895594,
                27.90125032825497
              ],
              [
                86.91780807789723,
                27.90124996600933
              ],
              [
                86.91780794147908,
                27.90143051436485
              ],
              [
                86.91740148676323,
                27.901430271361583
              ],
              [
                86.91740141821278,
                27.90152054553485
              ],
              [
                86.91719819069316,
                27.90152042358855
              ],
              [
                86.91719812198102,
                27.90161069776182
              ],
              [
                86.91699489429071,
                27.901610575510094
              ],
              [
                86.91699482539892,
                27.901700849683362
              ],
              [
                86.9165883696949,
                27.901700604281594
              ],
              [
                86.91658830046175,
                27.90179087845486
              ],
              [
                86.91648668645041,
                27.90179081691128
              ],
              [
                86.91648661714538,
                27.901881091084547
              ],
              [
                86.91608016076763,
                27.901880844182593
              ],
              [
                86.91608009112126,
                27.90197111834688
              ],
              [
                86.9158768627662,
                27.901970994451233
              ],
              [
                86.91587679294913,
                27.90206126861552
              ],
              [
                86.91557195016053,
                27.902061082197132
              ],
              [
                86.91557188009193,
                27.902151356361415
              ],
              [
                86.91547026574821,
                27.902151294072233
              ],
              [
                86.91547019558979,
                27.90224156823652
              ],
              [
                86.91536858116523,
                27.902241505875473
              ],
              [
                86.91536865140449,
                27.902151231711187
              ],
              [
                86.91516542271705,
                27.902151106764514
              ],
              [
                86.91516535230711,
                27.902241380919815
              ],
              [
                86.91455566574174,
                27.902241004274185
              ],
              [
                86.91455573665475,
                27.902150730118883
              ],
              [
                86.91465735099847,
                27.902150793081802
              ],
              [
                86.91465742182164,
                27.902060518917516
              ],
              [
                86.91475903608452,
                27.90206058180857
              ],
              [
                86.91475917756917,
                27.901880033479998
              ],
              [
                86.91486079166137,
                27.901880096290203
              ],
              [
                86.9148610742983,
                27.901518999633062
              ],
              [
                86.91475946053849,
                27.901518936822857
              ],
              [
                86.91475953128081,
                27.90142866264959
              ],
              [
                86.91455630394984,
                27.901428536804602
              ],
              [
                86.91455637486284,
                27.901338262640316
              ],
              [
                86.9144547612737,
                27.901338199605533
              ],
              [
                86.91445497425528,
                27.901067377085727
              ],
              [
                86.91435336092665,
                27.90106731397908
              ],
              [
                86.91435343201034,
                27.900977039805813
              ],
              [
                86.91425181876258,
                27.900976976627298
              ],
              [
                86.9142520322472,
                27.90070615409851
              ],
              [
                86.91435364523446,
                27.900706217277023
              ],
              [
                86.91435371631815,
                27.900615943103755
              ],
              [
                86.91394726468351,
                27.900615689922574
              ],
              [
                86.91394733609958,
                27.900525415740326
              ],
              [
                86.91364249763187,
                27.900525225072904
              ],
              [
                86.91364242596427,
                27.900615499255156
              ],
              [
                86.91343920016043,
                27.90061537176625
              ],
              [
                86.91343927198972,
                27.900525097584
              ],
              [
                86.91333765917314,
                27.90052503373175
              ],
              [
                86.91333773109226,
                27.900434759549498
              ],
              [
                86.91293128014932,
                27.90043450337693
              ],
              [
                86.9129314246613,
                27.90025395502141
              ],
              [
                86.91272819953119,
                27.900253826481475
              ],
              [
                86.91272827195337,
                27.900163552308207
              ],
              [
                86.91262665947815,
                27.90016348792595
              ],
              [
                86.91262680449319,
                27.899982939561447
              ],
              [
                86.91293164142478,
                27.899983132474656
              ],
              [
                86.91293156917328,
                27.900073406656908
              ],
              [
                86.91303318156766,
                27.900073470814583
              ],
              [
                86.9130332537383,
                27.899983196632334
              ],
              [
                86.91313486605183,
                27.899983260709163
              ],
              [
                86.91313501022245,
                27.899802712335678
              ],
              [
                86.91293178593676,
                27.89980258410117
              ],
              [
                86.91293185818826,
                27.899712309918918
              ],
              [
                86.91283024612626,
                27.899712245689376
              ],
              [
                86.91283031846758,
                27.899621971498142
              ],
              [
                86.9130335424209,
                27.89962209988536
              ],
              [
                86.91303368675322,
                27.899441551502893
              ],
              [
                86.91293207495174,
                27.8994414873542
              ],
              [
                86.91293200269125,
                27.899531761545433
              ],
              [
                86.91283039079994,
                27.89953169731589
              ],
              [
                86.91283046314126,
                27.899441423124657
              ],
              [
                86.9127288513308,
                27.899441358823246
              ],
              [
                86.91272906859733,
                27.899170536249542
              ],
              [
                86.91293229170623,
                27.89917066477151
              ],
              [
                86.91293236395772,
                27.899080390580277
              ],
              [
                86.91303397542684,
                27.89908045472897
              ],
              [
                86.91303404758851,
                27.898990180537737
              ],
              [
                86.91313565897677,
                27.898990244614566
              ],
              [
                86.91313558689595,
                27.8990805188058
              ],
              [
                86.91323719836505,
                27.899080582810765
              ],
              [
                86.91323712636509,
                27.899170857010983
              ],
              [
                86.91303390325619,
                27.89917072892919
              ],
              [
                86.91303383109452,
                27.899261003120422
              ],
              [
                86.9133386660049,
                27.899261195126332
              ],
              [
                86.91333873792402,
                27.8991709209351
              ],
              [
                86.91344034947399,
                27.899170984787347
              ],
              [
                86.91344042130328,
                27.899080710596113
              ],
              [
                86.91354203278136,
                27.899080774367516
              ]
            ],
            [
              [
                86.9129314246613,
                27.90025395502141
              ],
              [
                86.9129314969128,
                27.900163680839157
              ],
              [
                86.913033109397,
                27.900163744996835
              ],
              [
                86.91303303722636,
                27.900254019179087
              ],
              [
                86.9129314246613,
                27.90025395502141
              ]
            ],
            [
              [
                86.91354203278136,
                27.899080774367516
              ],
              [
                86.91374525571959,
                27.899080901703705
              ],
              [
                86.91374518415081,
                27.899171175894942
              ],
              [
                86.91364357259187,
                27.89917111226727
              ],
              [
                86.91364350092428,
                27.899261386467487
              ],
              [
                86.91354188928449,
                27.899261322758967
              ],
              [
                86.91354203278136,
                27.899080774367516
              ]
            ],
            [
              [
                86.9136439308939,
                27.898719741275166
              ],
              [
                86.91374554203064,
                27.898719804902836
              ],
              [
                86.91374547045287,
                27.898810079103054
              ],
              [
                86.9136438592353,
                27.898810015475384
              ],
              [
                86.9136439308939,
                27.898719741275166
              ]
            ],
            [
              [
                86.91496536961009,
                27.898088643122456
              ],
              [
                86.91506698015392,
                27.898088705770967
              ],
              [
                86.9150669096811,
                27.898178979980166
              ],
              [
                86.91527013094844,
                27.898179105061587
              ],
              [
                86.91527027156174,
                27.8979985566342
              ],
              [
                86.91516866109875,
                27.897998494129425
              ],
              [
                86.91516873149072,
                27.89790821992022
              ],
              [
                86.91537195225503,
                27.89790834484893
              ],
              [
                86.91537216291894,
                27.897637522194376
              ],
              [
                86.91557538318018,
                27.897637646817657
              ],
              [
                86.91557524306994,
                27.897818195254025
              ],
              [
                86.91567685337124,
                27.897818257453373
              ],
              [
                86.91567678340147,
                27.897908531671558
              ],
              [
                86.91588000416576,
                27.897908655854664
              ],
              [
                86.91587993436666,
                27.89799893007285
              ],
              [
                86.9155751029597,
                27.897998743690394
              ],
              [
                86.91557517301932,
                27.89790846947221
              ],
              [
                86.91547356263717,
                27.897908407200994
              ],
              [
                86.9154733522158,
                27.898179229837577
              ],
              [
                86.91557496284948,
                27.898179292117778
              ],
              [
                86.91557489279884,
                27.898269566335962
              ],
              [
                86.91486361777022,
                27.898269128820484
              ],
              [
                86.91486368841375,
                27.8981788546023
              ],
              [
                86.91496529904742,
                27.89817891733166
              ],
              [
                86.91496536961009,
                27.898088643122456
              ]
            ],
            [
              [
                86.91557195016053,
                27.902061082197132
              ],
              [
                86.91547033589765,
                27.902061019916932
              ],
              [
                86.91547040605607,
                27.901970745752646
              ],
              [
                86.91557202022912,
                27.901970808032846
              ],
              [
                86.91557195016053,
                27.902061082197132
              ]
            ],
            [
              [
                86.9200468262532,
                27.896827844667488
              ],
              [
                86.92004689260277,
                27.896737570422356
              ],
              [
                86.92014850189796,
                27.89673762932489
              ],
              [
                86.92014856815769,
                27.89664735508874
              ],
              [
                86.92025017737203,
                27.896647413910422
              ],
              [
                86.92025004502324,
                27.89682796240069
              ],
              [
                86.9200468262532,
                27.896827844667488
              ]
            ],
            [
              [
                86.92502326004796,
                27.900351337743185
              ],
              [
                86.92502332226529,
                27.900261063533982
              ],
              [
                86.92512493487526,
                27.900261118780374
              ],
              [
                86.92512487273879,
                27.90035139298059
              ],
              [
                86.92502326004796,
                27.900351337743185
              ]
            ],
            [
              [
                86.91344006215682,
                27.89953208156127
              ],
              [
                86.91344013398611,
                27.899441807370035
              ],
              [
                86.91354174579658,
                27.89944187115042
              ],
              [
                86.91354181754502,
                27.899351596959185
              ],
              [
                86.91364342926566,
                27.899351660658724
              ],
              [
                86.91364328593946,
                27.89953220904119
              ],
              [
                86.91344006215682,
                27.89953208156127
              ]
            ],
            [
              [
                86.91354138705438,
                27.89989324209761
              ],
              [
                86.91354145880281,
                27.899802967906375
              ],
              [
                86.91364307095465,
                27.899803031614894
              ],
              [
                86.91364299928705,
                27.899893305797146
              ],
              [
                86.91354138705438,
                27.89989324209761
              ]
            ],
            [
              [
                86.91384579477092,
                27.900435078083117
              ],
              [
                86.91384586626783,
                27.900344803900865
              ],
              [
                86.9141507042325,
                27.900344994119123
              ],
              [
                86.91415056174172,
                27.900525542483628
              ],
              [
                86.91404894892514,
                27.9005254791524
              ],
              [
                86.91404902025138,
                27.900435204970147
              ],
              [
                86.91384579477092,
                27.900435078083117
              ]
            ],
            [
              [
                86.91404916290385,
                27.900254656605647
              ],
              [
                86.9140493055653,
                27.900074108241142
              ],
              [
                86.91425253036303,
                27.900074234831735
              ],
              [
                86.91425245920747,
                27.900164509013983
              ],
              [
                86.91415084672326,
                27.900164445754623
              ],
              [
                86.91415077547788,
                27.900254719936875
              ],
              [
                86.91404916290385,
                27.900254656605647
              ]
            ],
            [
              [
                86.91425388231855,
                27.89835902509048
              ],
              [
                86.9142539534741,
                27.89826875088128
              ],
              [
                86.91455878561767,
                27.898268940183257
              ],
              [
                86.91455871472263,
                27.89835921439246
              ],
              [
                86.91425388231855,
                27.89835902509048
              ]
            ],
            [
              [
                86.91445589714847,
                27.89989381274341
              ],
              [
                86.91445596813334,
                27.899803538552177
              ],
              [
                86.91476080458884,
                27.899803727422963
              ],
              [
                86.9147607338465,
                27.899894001605215
              ],
              [
                86.91445589714847,
                27.89989381274341
              ]
            ],
            [
              [
                86.91445618110593,
                27.899532715978474
              ],
              [
                86.91445632307568,
                27.89935216758702
              ],
              [
                86.91476115826454,
                27.899352356457808
              ],
              [
                86.91476101678887,
                27.899532904840278
              ],
              [
                86.91445618110593,
                27.899532715978474
              ]
            ],
            [
              [
                86.914660325518,
                27.898359277346394
              ],
              [
                86.9146603963322,
                27.898269003137194
              ],
              [
                86.91476200704672,
                27.898269066019264
              ],
              [
                86.91476193632236,
                27.898359340228463
              ],
              [
                86.914660325518,
                27.898359277346394
              ]
            ],
            [
              [
                86.91475960202314,
                27.901338388485303
              ],
              [
                86.91475967276547,
                27.901248114312036
              ],
              [
                86.91486128626477,
                27.90124817712224
              ],
              [
                86.91486121561228,
                27.90133845129551
              ],
              [
                86.91475960202314,
                27.901338388485303
              ]
            ],
            [
              [
                86.91536907283114,
                27.901609586725478
              ],
              [
                86.91536914306143,
                27.90151931256119
              ],
              [
                86.91547075682125,
                27.901519374922238
              ],
              [
                86.91547068666283,
                27.901609649086524
              ],
              [
                86.91536907283114,
                27.901609586725478
              ]
            ],
            [
              [
                86.91567580377966,
                27.899172370600372
              ],
              [
                86.91567587375843,
                27.899082096400154
              ],
              [
                86.91577748523652,
                27.899082158527637
              ],
              [
                86.91577741534759,
                27.899172432727855
              ],
              [
                86.91567580377966,
                27.899172370600372
              ]
            ],
            [
              [
                86.91577531848209,
                27.901880658222346
              ],
              [
                86.91577538838898,
                27.90179038405806
              ],
              [
                86.91587700239134,
                27.90179044611368
              ],
              [
                86.91587693258326,
                27.901880720286947
              ],
              [
                86.91577531848209,
                27.901880658222346
              ]
            ],
            [
              [
                86.91587721184253,
                27.901519623611843
              ],
              [
                86.91587728165061,
                27.901429349438573
              ],
              [
                86.91597889532957,
                27.901429411431312
              ],
              [
                86.91597882559336,
                27.901519685595595
              ],
              [
                86.91587721184253,
                27.901519623611843
              ]
            ],
            [
              [
                86.91598126595666,
                27.89836008890239
              ],
              [
                86.91598140539317,
                27.898179540475002
              ],
              [
                86.91618462666949,
                27.89817966420895
              ],
              [
                86.91618448756537,
                27.898360212636337
              ],
              [
                86.91598126595666,
                27.89836008890239
              ]
            ],
            [
              [
                86.91608315530164,
                27.897999053950524
              ],
              [
                86.91608322493006,
                27.89790877973234
              ],
              [
                86.91618483531221,
                27.8979088415544
              ],
              [
                86.91618476576464,
                27.897999115772585
              ],
              [
                86.91608315530164,
                27.897999053950524
              ]
            ],
            [
              [
                86.91618205311299,
                27.90151980934751
              ],
              [
                86.91618212266954,
                27.90142953517424
              ],
              [
                86.91628373633952,
                27.90142959693342
              ],
              [
                86.91628366686382,
                27.901519871106686
              ],
              [
                86.91618205311299,
                27.90151980934751
              ]
            ],
            [
              [
                86.91679249525134,
                27.90052716281982
              ],
              [
                86.91679256430484,
                27.90043688863757
              ],
              [
                86.91689417704956,
                27.90043694994759
              ],
              [
                86.91689410808588,
                27.90052722412984
              ],
              [
                86.91679249525134,
                27.90052716281982
              ]
            ],
            [
              [
                86.91679442858752,
                27.89799948516881
              ],
              [
                86.91679449762306,
                27.897909210950626
              ],
              [
                86.91689610801419,
                27.897909272251663
              ],
              [
                86.91689624593253,
                27.89772872380631
              ],
              [
                86.91679463571208,
                27.897728662505276
              ],
              [
                86.9167947047566,
                27.897638388287092
              ],
              [
                86.91699792501784,
                27.897638510808314
              ],
              [
                86.91699778727018,
                27.897819059253663
              ],
              [
                86.91709939758046,
                27.89781912041097
              ],
              [
                86.91709925999449,
                27.897999668847337
              ],
              [
                86.91679442858752,
                27.89799948516881
              ]
            ],
            [
              [
                86.91750337430258,
                27.901069235511404
              ],
              [
                86.91750344276319,
                27.900978961338136
              ],
              [
                86.91760505601995,
                27.90097902211815
              ],
              [
                86.91760498764019,
                27.9010692963004
              ],
              [
                86.91750337430258,
                27.901069235511404
              ]
            ],
            [
              [
                86.91801205337214,
                27.90025707101662
              ],
              [
                86.91801212141054,
                27.900166796825385
              ],
              [
                86.91811373390372,
                27.900166857237085
              ],
              [
                86.91811366595516,
                27.900257131428322
              ],
              [
                86.91801205337214,
                27.90025707101662
              ]
            ],
            [
              [
                86.91811516088654,
                27.898271098915735
              ],
              [
                86.9181152288351,
                27.89818082469755
              ],
              [
                86.91821683947776,
                27.898180885028406
              ],
              [
                86.91821677161005,
                27.89827115924659
              ],
              [
                86.91811516088654,
                27.898271098915735
              ]
            ],
            [
              [
                86.91821548214133,
                27.899986369185473
              ],
              [
                86.91821561788576,
                27.899805820785037
              ],
              [
                86.91831723004657,
                27.899805881044028
              ],
              [
                86.9183171622597,
                27.899896155244242
              ],
              [
                86.91852038675201,
                27.899896275537643
              ],
              [
                86.91852031913581,
                27.89998654973786
              ],
              [
                86.91821548214133,
                27.899986369185473
              ]
            ],
            [
              [
                86.91882562766496,
                27.899354810206006
              ],
              [
                86.91882569502962,
                27.899264535996807
              ],
              [
                86.91892730668738,
                27.89926459580664
              ],
              [
                86.91892723941255,
                27.899354870015838
              ],
              [
                86.91882562766496,
                27.899354810206006
              ]
            ],
            [
              [
                86.91933288307547,
                27.90043839889421
              ],
              [
                86.91933301696038,
                27.900257850502758
              ],
              [
                86.91943462955238,
                27.900257909935295
              ],
              [
                86.91943449582918,
                27.900438458326747
              ],
              [
                86.91933288307547,
                27.90043839889421
              ]
            ],
            [
              [
                86.91943529812353,
                27.89935516793312
              ],
              [
                86.91943536497617,
                27.89926489372392
              ],
              [
                86.91953697663392,
                27.899264953084593
              ],
              [
                86.91953690986215,
                27.89935522728481
              ],
              [
                86.91943529812353,
                27.89935516793312
              ]
            ],
            [
              [
                86.91943676887227,
                27.89736913509714
              ],
              [
                86.91943683571591,
                27.89727886086099
              ],
              [
                86.91953844552313,
                27.89727892021268
              ],
              [
                86.91953837876035,
                27.89736919444883
              ],
              [
                86.91943676887227,
                27.89736913509714
              ]
            ],
            [
              [
                86.91953630890718,
                27.900167695104734
              ],
              [
                86.91953644245972,
                27.8999871467043
              ],
              [
                86.9196380547912,
                27.89998720599311
              ],
              [
                86.91963812148214,
                27.89989693179289
              ],
              [
                86.91984134598343,
                27.899897050136946
              ],
              [
                86.91984121294293,
                27.900077598537383
              ],
              [
                86.91973960052161,
                27.900077539401288
              ],
              [
                86.9197395339205,
                27.900167813601506
              ],
              [
                86.91953630890718,
                27.900167695104734
              ]
            ],
            [
              [
                86.91963818817307,
                27.899806657592674
              ],
              [
                86.919638254855,
                27.899716383392455
              ],
              [
                86.91973986694396,
                27.899716442600415
              ],
              [
                86.91973980033387,
                27.899806716800633
              ],
              [
                86.91963818817307,
                27.899806657592674
              ]
            ],
            [
              [
                86.91973893445676,
                27.900980281322614
              ],
              [
                86.91973906766793,
                27.900799732949128
              ],
              [
                86.91984068076299,
                27.900799792085223
              ],
              [
                86.9198405477135,
                27.90098034045871
              ],
              [
                86.91973893445676,
                27.900980281322614
              ]
            ],
            [
              [
                86.91994302466448,
                27.89980683500096
              ],
              [
                86.91994309110387,
                27.89971656079176
              ],
              [
                86.9201463152638,
                27.899716678686655
              ],
              [
                86.92014624900408,
                27.899806952895858
              ],
              [
                86.91994302466448,
                27.89980683500096
              ]
            ],
            [
              [
                86.92035132396298,
                27.897279392349226
              ],
              [
                86.92035139006101,
                27.897189118113076
              ],
              [
                86.9204529997784,
                27.89718917679103
              ],
              [
                86.9204529337702,
                27.89727945102718
              ],
              [
                86.92035132396298,
                27.897279392349226
              ]
            ],
            [
              [
                86.9204506894193,
                27.900348774373573
              ],
              [
                86.92045082144469,
                27.900168225982117
              ],
              [
                86.92055243395585,
                27.900168284588208
              ],
              [
                86.92055249988321,
                27.90007801038799
              ],
              [
                86.92065411230453,
                27.900078068922216
              ],
              [
                86.92065417815104,
                27.899987794721998
              ],
              [
                86.92075579049151,
                27.899987853184356
              ],
              [
                86.92075585624819,
                27.899897578984138
              ],
              [
                86.92085746849884,
                27.899897637374632
              ],
              [
                86.92085733714718,
                27.900078185775065
              ],
              [
                86.92075572472585,
                27.900078127384575
              ],
              [
                86.92075565896019,
                27.90016840158479
              ],
              [
                86.92065404645803,
                27.90016834312243
              ],
              [
                86.92065398061152,
                27.90025861732265
              ],
              [
                86.92055236801951,
                27.900258558788426
              ],
              [
                86.92055230209215,
                27.900348832988644
              ],
              [
                86.9204506894193,
                27.900348774373573
              ]
            ],
            [
              [
                86.92055282952899,
                27.899626639377917
              ],
              [
                86.92055289545634,
                27.899536365168718
              ],
              [
                86.9206545073746,
                27.89953642370294
              ],
              [
                86.9206544415281,
                27.899626697912144
              ],
              [
                86.92055282952899,
                27.899626639377917
              ]
            ],
            [
              [
                86.92075750018313,
                27.897640723547504
              ],
              [
                86.92075763168751,
                27.897460175084188
              ],
              [
                86.92096085164331,
                27.89746029176636
              ],
              [
                86.92096072048031,
                27.89764084023866
              ],
              [
                86.92075750018313,
                27.897640723547504
              ]
            ],
            [
              [
                86.92095993343035,
                27.8987241309467
              ],
              [
                86.92096006461134,
                27.898543582501347
              ],
              [
                86.92106167560434,
                27.898543640739128
              ],
              [
                86.92106154459404,
                27.898724189175496
              ],
              [
                86.92095993343035,
                27.8987241309467
              ]
            ],
            [
              [
                86.92106075851426,
                27.899807479712855
              ],
              [
                86.92106088953355,
                27.899626931303438
              ],
              [
                86.92116250153266,
                27.89962698946037
              ],
              [
                86.92116237068406,
                27.89980753787877
              ],
              [
                86.92106075851426,
                27.899807479712855
              ]
            ],
            [
              [
                86.92126561625155,
                27.897550740473303
              ],
              [
                86.9212657469115,
                27.897370192001006
              ],
              [
                86.92136735680856,
                27.89737025000522
              ],
              [
                86.92136729155494,
                27.89746052424137
              ],
              [
                86.92167212149765,
                27.897460697804867
              ],
              [
                86.92167205649555,
                27.897550972041017
              ],
              [
                86.92157044643679,
                27.89755091426138
              ],
              [
                86.92157038135386,
                27.89764118849753
              ],
              [
                86.92136716106566,
                27.89764107271367
              ],
              [
                86.92136722631031,
                27.89755079847752
              ],
              [
                86.92126561625155,
                27.897550740473303
              ]
            ],
            [
              [
                86.92136768303176,
                27.896918878806503
              ],
              [
                86.9213677482764,
                27.89682860456137
              ],
              [
                86.9214693576704,
                27.896828662493725
              ],
              [
                86.92146942282521,
                27.89673838824859
              ],
              [
                86.92167264143355,
                27.89673850387973
              ],
              [
                86.92167251145631,
                27.89691905237
              ],
              [
                86.92136768303176,
                27.896918878806503
              ]
            ],
            [
              [
                86.92146662064746,
                27.90062017971135
              ],
              [
                86.921466750993,
                27.900439631319898
              ],
              [
                86.9215683637557,
                27.900439689180384
              ],
              [
                86.92156842884762,
                27.900349414980166
              ],
              [
                86.92167004152047,
                27.900349472768788
              ],
              [
                86.92166997651837,
                27.900439746969006
              ],
              [
                86.92177158928106,
                27.900439804685764
              ],
              [
                86.92177152435981,
                27.900530078876997
              ],
              [
                86.92166991151628,
                27.900530021169224
              ],
              [
                86.92166984651419,
                27.900620295360458
              ],
              [
                86.92146662064746,
                27.90062017971135
              ]
            ],
            [
              [
                86.92146844538631,
                27.898092501799827
              ],
              [
                86.9214685105501,
                27.898002227563676
              ],
              [
                86.92157012104005,
                27.898002285424166
              ],
              [
                86.9215700559571,
                27.89809255965133
              ],
              [
                86.92146844538631,
                27.898092501799827
              ]
            ],
            [
              [
                86.92156979563433,
                27.898453656551016
              ],
              [
                86.92156992579122,
                27.898273108105666
              ],
              [
                86.92177314727417,
                27.89827322359308
              ],
              [
                86.92177301744965,
                27.898453772047414
              ],
              [
                86.92156979563433,
                27.898453656551016
              ]
            ],
            [
              [
                86.92197468530529,
                27.900620468277168
              ],
              [
                86.92197475005585,
                27.90053019407695
              ],
              [
                86.92217797575191,
                27.900530308980457
              ],
              [
                86.92217791117201,
                27.900620583180675
              ],
              [
                86.92197468530529,
                27.900620468277168
              ]
            ],
            [
              [
                86.92217855698884,
                27.899717841160534
              ],
              [
                86.92217862156873,
                27.89962756695133
              ],
              [
                86.92238184557594,
                27.89962768154941
              ],
              [
                86.92238178116673,
                27.899717955758614
              ],
              [
                86.92217855698884,
                27.899717841160534
              ]
            ],
            [
              [
                86.9226865532759,
                27.89980840130349
              ],
              [
                86.92268661743358,
                27.89971812709429
              ],
              [
                86.92278822952252,
                27.89971818405646
              ],
              [
                86.9227883576672,
                27.899537635638058
              ],
              [
                86.92288996959445,
                27.89953769251938
              ],
              [
                86.92288971363747,
                27.899898789356186
              ],
              [
                86.92278810137785,
                27.89989873247486
              ],
              [
                86.9227881654457,
                27.89980845826566
              ],
              [
                86.9226865532759,
                27.89980840130349
              ]
            ],
            [
              [
                86.92278848582086,
                27.899357087210674
              ],
              [
                86.92278854988871,
                27.89926681299249
              ],
              [
                86.92289016155544,
                27.899266869882798
              ],
              [
                86.92289009756844,
                27.899357144091997
              ],
              [
                86.92278848582086,
                27.899357087210674
              ]
            ],
            [
              [
                86.92309255521391,
                27.900440548131492
              ],
              [
                86.92309261903921,
                27.900350273931274
              ],
              [
                86.92319423172104,
                27.900350330597004
              ],
              [
                86.92319416798557,
                27.90044060479722
              ],
              [
                86.92309255521391,
                27.900440548131492
              ]
            ],
            [
              [
                86.92309466123324,
                27.897461498877522
              ],
              [
                86.92309472504957,
                27.89737122463239
              ],
              [
                86.92319633494662,
                27.897371281289136
              ],
              [
                86.9231963986731,
                27.897281007052985
              ],
              [
                86.92329800848931,
                27.89728106362888
              ],
              [
                86.92329788120702,
                27.897461612119148
              ],
              [
                86.92309466123324,
                27.897461498877522
              ]
            ],
            [
              [
                86.92319595256973,
                27.89791292671502
              ],
              [
                86.92319601629622,
                27.89782265247887
              ],
              [
                86.92329762661548,
                27.89782270906375
              ],
              [
                86.92329769026112,
                27.8977324348276
              ],
              [
                86.92339930049954,
                27.897732491340612
              ],
              [
                86.92339917337894,
                27.89791303980393
              ],
              [
                86.92319595256973,
                27.89791292671502
              ]
            ],
            [
              [
                86.9232969264955,
                27.898815725580555
              ],
              [
                86.92329705378678,
                27.8986351771352
              ],
              [
                86.92350027595245,
                27.89863529008038
              ],
              [
                86.92350014899354,
                27.898815838525735
              ],
              [
                86.9232969264955,
                27.898815725580555
              ]
            ],
            [
              [
                86.92339764779705,
                27.900079621094246
              ],
              [
                86.92339771136184,
                27.899989346885043
              ],
              [
                86.9234993237113,
                27.89998940332619
              ],
              [
                86.92349926022736,
                27.90007967752641
              ],
              [
                86.92339764779705,
                27.900079621094246
              ]
            ],
            [
              [
                86.92350173592139,
                27.896558982595028
              ],
              [
                86.92350179939635,
                27.89646870834091
              ],
              [
                86.92360340845798,
                27.89646876469223
              ],
              [
                86.92360334506387,
                27.896559038946346
              ],
              [
                86.92350173592139,
                27.896558982595028
              ]
            ],
            [
              [
                86.92360239418815,
                27.8979131525964
              ],
              [
                86.92360245758226,
                27.89782287836923
              ],
              [
                86.92370406791052,
                27.897822934648683
              ],
              [
                86.92370400459725,
                27.897913208884834
              ],
              [
                86.92360239418815,
                27.8979131525964
              ]
            ],
            [
              [
                86.92370311823855,
                27.89917704805619
              ],
              [
                86.9237031815518,
                27.899086773838004
              ],
              [
                86.92380479305685,
                27.899086830045594
              ],
              [
                86.92380472982444,
                27.89917710427276
              ],
              [
                86.92370311823855,
                27.89917704805619
              ]
            ],
            [
              [
                86.92400738544062,
                27.89998968439108
              ],
              [
                86.92400744850235,
                27.899899410181877
              ],
              [
                86.92410906077096,
                27.89989946617387
              ],
              [
                86.92410899779007,
                27.89998974038307
              ],
              [
                86.92400738544062,
                27.89998968439108
              ]
            ],
            [
              [
                86.92400921415003,
                27.89737173184815
              ],
              [
                86.9240093402645,
                27.897191183366864
              ],
              [
                86.92411094999987,
                27.897191239349873
              ],
              [
                86.92411082405607,
                27.89737178783116
              ],
              [
                86.92400921415003,
                27.89737173184815
              ]
            ],
            [
              [
                86.92410874587553,
                27.90035083720191
              ],
              [
                86.9241088088564,
                27.90026056300169
              ],
              [
                86.92421042145739,
                27.90026061891283
              ],
              [
                86.92421048434845,
                27.900170344712617
              ],
              [
                86.92451532189988,
                27.90017051200587
              ],
              [
                86.92451525926036,
                27.90026078620609
              ],
              [
                86.92461687186135,
                27.90026084182079
              ],
              [
                86.92461680930266,
                27.900351116029988
              ],
              [
                86.92410874587553,
                27.90035083720191
              ]
            ],
            [
              [
                86.92421287415456,
                27.8967399240084
              ],
              [
                86.92421293703663,
                27.896649649763265
              ],
              [
                86.92431454626893,
                27.89664970559356
              ],
              [
                86.92431460906117,
                27.896559431339444
              ],
              [
                86.92441621821263,
                27.896559487097875
              ],
              [
                86.92441609278087,
                27.896740035597123
              ],
              [
                86.92421287415456,
                27.8967399240084
              ]
            ],
            [
              [
                86.92431517424522,
                27.89574696300748
              ],
              [
                86.92431523704644,
                27.895656688735397
              ],
              [
                86.9244168453445,
                27.895656744493827
              ],
              [
                86.9244167826331,
                27.895747018756925
              ],
              [
                86.92431517424522,
                27.89574696300748
              ]
            ],
            [
              [
                86.92441389755882,
                27.899899633691703
              ],
              [
                86.92441396028818,
                27.89980935947352
              ],
              [
                86.92471879682452,
                27.89980952631762
              ],
              [
                86.92471873435568,
                27.899899800526818
              ],
              [
                86.92441389755882,
                27.899899633691703
              ]
            ],
            [
              [
                86.92441490112971,
                27.89845524617381
              ],
              [
                86.92441496385008,
                27.89836497193766
              ],
              [
                86.92451657468139,
                27.898365027624227
              ],
              [
                86.92451669996044,
                27.898184479160907
              ],
              [
                86.92461831062107,
                27.898184534775606
              ],
              [
                86.924618122963,
                27.89845535746609
              ],
              [
                86.92441490112971,
                27.89845524617381
              ]
            ],
            [
              [
                86.92451632414125,
                27.898726124541877
              ],
              [
                86.92451644941133,
                27.898545576087542
              ],
              [
                86.92461806041331,
                27.89854563169326
              ],
              [
                86.92461793530494,
                27.898726180147595
              ],
              [
                86.92451632414125,
                27.898726124541877
              ]
            ],
            [
              [
                86.92472117056876,
                27.896379105397806
              ],
              [
                86.92472129548848,
                27.89619855688059
              ],
              [
                86.92492451310868,
                27.896198667723713
              ],
              [
                86.92492457539785,
                27.89610839346061
              ],
              [
                86.92512779284736,
                27.89610850399831
              ],
              [
                86.92512773071988,
                27.896198778261407
              ],
              [
                86.92533094834008,
                27.89619888849368
              ],
              [
                86.92533082443545,
                27.896379437010893
              ],
              [
                86.92522921545466,
                27.896379381935184
              ],
              [
                86.92522927749232,
                27.896289107672082
              ],
              [
                86.92492445081051,
                27.89628894197783
              ],
              [
                86.92492438852132,
                27.89637921624093
              ],
              [
                86.92472117056876,
                27.896379105397806
              ]
            ],
            [
              [
                86.9248210952533,
                27.898816565370595
              ],
              [
                86.92482122002929,
                27.898636016925245
              ],
              [
                86.92492283111211,
                27.89863607230638
              ],
              [
                86.92492289341028,
                27.898545798079216
              ],
              [
                86.92502450441226,
                27.898545853388487
              ],
              [
                86.9250243177693,
                27.898816676069988
              ],
              [
                86.9248210952533,
                27.898816565370595
              ]
            ],
            [
              [
                86.92502394446541,
                27.89935832140604
              ],
              [
                86.92502406890003,
                27.899177772969676
              ],
              [
                86.92512568048592,
                27.89917782820708
              ],
              [
                86.92512555622197,
                27.89935837664345
              ],
              [
                86.92502394446541,
                27.89935832140604
              ]
            ],
            [
              [
                86.9254297726872,
                27.90026128405242
              ],
              [
                86.92542983456316,
                27.90017100984322
              ],
              [
                86.92553144708329,
                27.900171064784182
              ],
              [
                86.92553150888739,
                27.90008079057498
              ],
              [
                86.92563312131769,
                27.900080845435095
              ],
              [
                86.92563299788917,
                27.900261393853498
              ],
              [
                86.9254297726872,
                27.90026128405242
              ]
            ],
            [
              [
                86.92553175607681,
                27.89971969372021
              ],
              [
                86.92553200326621,
                27.899358596847474
              ],
              [
                86.92563361502279,
                27.89935865171657
              ],
              [
                86.92563349160325,
                27.89953920015294
              ],
              [
                86.9257351035305,
                27.89953925494119
              ],
              [
                86.92573498027267,
                27.899719803377558
              ],
              [
                86.92553175607681,
                27.89971969372021
              ]
            ],
            [
              [
                86.92553237403686,
                27.89881695151142
              ],
              [
                86.92553243583198,
                27.898726677284255
              ],
              [
                86.92563404700465,
                27.898726732144368
              ],
              [
                86.92563398529039,
                27.898817006371537
              ],
              [
                86.92553237403686,
                27.89881695151142
              ]
            ],
            [
              [
                86.92563509603028,
                27.897192070093883
              ],
              [
                86.92563515773556,
                27.897101795848748
              ],
              [
                86.92573676739008,
                27.897101850628015
              ],
              [
                86.9257368290145,
                27.89701157638288
              ],
              [
                86.92594004815284,
                27.897011685716834
              ],
              [
                86.9259401096066,
                27.896921411471702
              ],
              [
                86.92614332857426,
                27.89692152050921
              ],
              [
                86.9261432672912,
                27.897011794763326
              ],
              [
                86.92604165771752,
                27.897011740280504
              ],
              [
                86.92604159635361,
                27.89710201453462
              ],
              [
                86.92583837704458,
                27.897101905335415
              ],
              [
                86.92583831550999,
                27.89719217958953
              ],
              [
                86.92563509603028,
                27.897192070093883
              ]
            ],
            [
              [
                86.92583739242815,
                27.898546293185685
              ],
              [
                86.92583745397172,
                27.898456018958516
              ],
              [
                86.92614228672616,
                27.898456182640544
              ],
              [
                86.92614216415103,
                27.898636731103863
              ],
              [
                86.92593894197638,
                27.89863662205737
              ],
              [
                86.92593900343013,
                27.89854634782122
              ],
              [
                86.92583739242815,
                27.898546293185685
              ]
            ],
            [
              [
                86.92604000070313,
                27.899449144638595
              ],
              [
                86.92604018482182,
                27.89917832197506
              ],
              [
                86.92624340801157,
                27.89917843087782
              ],
              [
                86.92624328559815,
                27.899358979323175
              ],
              [
                86.92614167384157,
                27.899358924912217
              ],
              [
                86.92614161254951,
                27.8994491991304
              ],
              [
                86.92604000070313,
                27.899449144638595
              ]
            ],
            [
              [
                86.92624371404064,
                27.89872705975097
              ],
              [
                86.92624377524285,
                27.89863678551482
              ],
              [
                86.92634538632569,
                27.89863683985391
              ],
              [
                86.9263453252133,
                27.89872711408108
              ],
              [
                86.92624371404064,
                27.89872705975097
              ]
            ],
            [
              [
                86.92634624197099,
                27.897373000502892
              ],
              [
                86.92634630309237,
                27.897282726257757
              ],
              [
                86.92644791291757,
                27.897282780516
              ],
              [
                86.92644785188602,
                27.897373054770117
              ],
              [
                86.92634624197099,
                27.897373000502892
              ]
            ],
            [
              [
                86.92634691422523,
                27.896379983716592
              ],
              [
                86.92634703645001,
                27.896199435190393
              ],
              [
                86.92644864526909,
                27.896199489448637
              ],
              [
                86.92644858423756,
                27.896289763711735
              ],
              [
                86.92655019313749,
                27.89628981788913
              ],
              [
                86.92655013218679,
                27.89638009215223
              ],
              [
                86.92634691422523,
                27.896379983716592
              ]
            ],
            [
              [
                86.92654818184549,
                27.899268867897685
              ],
              [
                86.92654830374688,
                27.89908831944335
              ],
              [
                86.92675152677492,
                27.89908842760051
              ],
              [
                86.92675146598593,
                27.89917870182768
              ],
              [
                86.92695468918467,
                27.899178809679412
              ],
              [
                86.92695474979399,
                27.899088535452243
              ],
              [
                86.92705636130802,
                27.899088589270313
              ],
              [
                86.92705642183651,
                27.898998315043144
              ],
              [
                86.92725964469388,
                27.89899842244572
              ],
              [
                86.92725982577628,
                27.898727599755237
              ],
              [
                86.92746304813058,
                27.89872770686137
              ],
              [
                86.92746292774736,
                27.898908255315703
              ],
              [
                86.927361316404,
                27.89890820180306
              ],
              [
                86.9273611958501,
                27.89908875026638
              ],
              [
                86.92725958433607,
                27.899088696672887
              ],
              [
                86.92725952396928,
                27.899178970900056
              ],
              [
                86.92715791237441,
                27.8991789172347
              ],
              [
                86.92715785192678,
                27.89926919146187
              ],
              [
                86.92695462856635,
                27.899269083906578
              ],
              [
                86.92695456794803,
                27.899359358124762
              ],
              [
                86.92664973265137,
                27.89935919623038
              ],
              [
                86.92664979352122,
                27.899268922012197
              ],
              [
                86.92654818184549,
                27.899268867897685
              ]
            ],
            [
              [
                86.9265487304107,
                27.898456399844196
              ],
              [
                86.9265488523121,
                27.898275851371896
              ],
              [
                86.926752073813,
                27.898275959520074
              ],
              [
                86.92675195225299,
                27.898456507992375
              ],
              [
                86.9265487304107,
                27.898456399844196
              ]
            ],
            [
              [
                86.92716014871235,
                27.895838770083916
              ],
              [
                86.92716020914202,
                27.895748495811834
              ],
              [
                86.92726181753888,
                27.895748549468205
              ],
              [
                86.9272618778877,
                27.895658275196123
              ],
              [
                86.92746509451077,
                27.895658382284285
              ],
              [
                86.92746497414551,
                27.89583893082845
              ],
              [
                86.92716014871235,
                27.895838770083916
              ]
            ],
            [
              [
                86.92726006722545,
                27.89836650281962
              ],
              [
                86.92726012758325,
                27.89827622858347
              ],
              [
                86.92736173833372,
                27.898276282167974
              ],
              [
                86.92736167805676,
                27.898366556404124
              ],
              [
                86.92726006722545,
                27.89836650281962
              ]
            ],
            [
              [
                86.92736089445633,
                27.89954012138425
              ],
              [
                86.92736095473329,
                27.89944984715708
              ],
              [
                86.92746256658867,
                27.899449900678704
              ],
              [
                86.92746250639257,
                27.899540174896888
              ],
              [
                86.92736089445633,
                27.89954012138425
              ]
            ],
            [
              [
                86.92746455285359,
                27.896470850688118
              ],
              [
                86.92746473340598,
                27.896200027898818
              ],
              [
                86.92756634222506,
                27.896200081330612
              ],
              [
                86.92756640232236,
                27.89610980706751
              ],
              [
                86.92787122851908,
                27.896109966913734
              ],
              [
                86.92787110882756,
                27.896290515448914
              ],
              [
                86.92776949992763,
                27.8962904622417
              ],
              [
                86.92776943999203,
                27.8963807365048
              ],
              [
                86.92766783100228,
                27.896380683216737
              ],
              [
                86.92766777098583,
                27.89647095747984
              ],
              [
                86.92746455285359,
                27.896470850688118
              ]
            ],
            [
              [
                86.92756562100367,
                27.897283372433908
              ],
              [
                86.92756568110096,
                27.89719309817979
              ],
              [
                86.92776890058964,
                27.897193204827783
              ],
              [
                86.92776878071845,
                27.89737375332703
              ],
              [
                86.92766717081241,
                27.89737370003897
              ],
              [
                86.92766723082885,
                27.897283425793837
              ],
              [
                86.92756562100367,
                27.897283372433908
              ]
            ],
            [
              [
                86.92766669064493,
                27.89809589400902
              ],
              [
                86.92766693072866,
                27.89773479703747
              ],
              [
                86.92776854097606,
                27.89773485032553
              ],
              [
                86.92776848104047,
                27.897825124570666
              ],
              [
                86.9278700913777,
                27.89782517777788
              ],
              [
                86.92787003152296,
                27.897915452023014
              ],
              [
                86.92797164194103,
                27.897915505158362
              ],
              [
                86.92797158217611,
                27.898005779403494
              ],
              [
                86.9278699716682,
                27.898005726268146
              ],
              [
                86.92786991182244,
                27.898096000504296
              ],
              [
                86.92766669064493,
                27.89809589400902
              ]
            ],
            [
              [
                86.92787140805638,
                27.89583914411545
              ],
              [
                86.92787146790215,
                27.895748869843366
              ],
              [
                86.92797307629901,
                27.895748922969734
              ],
              [
                86.9279730165341,
                27.895839197241816
              ],
              [
                86.92787140805638,
                27.89583914411545
              ]
            ],
            [
              [
                86.92817396875586,
                27.899269724737753
              ],
              [
                86.92817408796229,
                27.899089176283418
              ],
              [
                86.92847892251335,
                27.899089334809116
              ],
              [
                86.92847886316166,
                27.899179609036285
              ],
              [
                86.9283772515578,
                27.899179556269242
              ],
              [
                86.92837719212527,
                27.89926983049641
              ],
              [
                86.92817396875586,
                27.899269724737753
              ]
            ],
            [
              [
                86.92837683551207,
                27.899811475832465
              ],
              [
                86.9283768949446,
                27.89972120161428
              ],
              [
                86.92847850705152,
                27.89972125438132
              ],
              [
                86.92847880380997,
                27.89926988326345
              ],
              [
                86.92858041549468,
                27.899269935949643
              ],
              [
                86.92858035623281,
                27.89936021017681
              ],
              [
                86.92868196799837,
                27.899360262791134
              ],
              [
                86.92868167208434,
                27.899811633909003
              ],
              [
                86.92837683551207,
                27.899811475832465
              ]
            ],
            [
              [
                86.9286826781705,
                27.898276971993266
              ],
              [
                86.92868273734253,
                27.898186697757115
              ],
              [
                86.92878434802113,
                27.89818675029059
              ],
              [
                86.92878428892995,
                27.898277024535727
              ],
              [
                86.9286826781705,
                27.898276971993266
              ]
            ],
            [
              [
                86.92878316607177,
                27.899992234887833
              ],
              [
                86.9287832842721,
                27.899811686451464
              ],
              [
                86.9289865086566,
                27.89981179131181
              ],
              [
                86.92898639079763,
                27.899992339748177
              ],
              [
                86.92878316607177,
                27.899992234887833
              ]
            ],
            [
              [
                86.92898692117197,
                27.899179871739605
              ],
              [
                86.92898698009246,
                27.89908959751244
              ],
              [
                86.92908859161547,
                27.899089649821338
              ],
              [
                86.92908865045513,
                27.89899937559417
              ],
              [
                86.92898703902195,
                27.89899932327629
              ],
              [
                86.92898709795143,
                27.89890904904912
              ],
              [
                86.92919032065609,
                27.898909153604038
              ],
              [
                86.9291902618883,
                27.898999427840188
              ],
              [
                86.92929187333046,
                27.898999480005354
              ],
              [
                86.9292918146525,
                27.899089754232524
              ],
              [
                86.92939342616653,
                27.899089806325826
              ],
              [
                86.92939330899029,
                27.89927035478016
              ],
              [
                86.92929169729659,
                27.89927030269584
              ],
              [
                86.92929163861864,
                27.89936057692301
              ],
              [
                86.92919002685309,
                27.89936052475784
              ],
              [
                86.92919008561189,
                27.89927025052169
              ],
              [
                86.92908847392718,
                27.899270198284654
              ],
              [
                86.92908853276684,
                27.89917992405749
              ],
              [
                86.92898692117197,
                27.899179871739605
              ]
            ],
            [
              [
                86.92898857107171,
                27.896652192857903
              ],
              [
                86.92898862999222,
                27.896561918594802
              ],
              [
                86.9291918483041,
                27.89656202314972
              ],
              [
                86.92919178955428,
                27.896652297412817
              ],
              [
                86.92898857107171,
                27.896652192857903
              ]
            ],
            [
              [
                86.92898880675371,
                27.896291095805505
              ],
              [
                86.92898886567421,
                27.896200821533423
              ],
              [
                86.9290904744933,
                27.89620087384232
              ],
              [
                86.92909041565363,
                27.896291148114404
              ],
              [
                86.92898880675371,
                27.896291095805505
              ]
            ],
            [
              [
                86.9291896742823,
                27.899902170093892
              ],
              [
                86.92918973304111,
                27.899811895875708
              ],
              [
                86.92929134523786,
                27.899811948040877
              ],
              [
                86.92929157994966,
                27.899450851150174
              ],
              [
                86.9296980273712,
                27.899451059065246
              ],
              [
                86.92969796903462,
                27.899541333292415
              ],
              [
                86.92949474515316,
                27.8995412294831
              ],
              [
                86.92949451111508,
                27.8999023263738
              ],
              [
                86.9291896742823,
                27.899902170093892
              ]
            ],
            [
              [
                86.92949439409155,
                27.90008287481017
              ],
              [
                86.92949445260781,
                27.899992600591986
              ],
              [
                86.92959606496625,
                27.89999265254156
              ],
              [
                86.92959600653982,
                27.900082926759744
              ],
              [
                86.92949439409155,
                27.90008287481017
              ]
            ],
            [
              [
                86.92949521321135,
                27.898819035638812
              ],
              [
                86.92949527171864,
                27.898728761402662
              ],
              [
                86.92969849408193,
                27.89872886521198
              ],
              [
                86.92969843574534,
                27.89881913944813
              ],
              [
                86.92949521321135,
                27.898819035638812
              ]
            ],
            [
              [
                86.92959647394225,
                27.899360732969356
              ],
              [
                86.92959664920356,
                27.89908991027887
              ],
              [
                86.92969826072657,
                27.899089962147595
              ],
              [
                86.9296980857078,
                27.89936078483808
              ],
              [
                86.92959647394225,
                27.899360732969356
              ]
            ],
            [
              [
                86.92979928969211,
                27.89999275619816
              ],
              [
                86.92979934794786,
                27.899902481979975
              ],
              [
                86.92990096022545,
                27.899902533695986
              ],
              [
                86.92990090205954,
                27.89999280792315
              ],
              [
                86.92979928969211,
                27.89999275619816
              ]
            ],
            [
              [
                86.92980202746065,
                27.895749866551125
              ],
              [
                86.92980214395419,
                27.895569317997975
              ],
              [
                86.92990375218038,
                27.895569369713986
              ],
              [
                86.92990363586651,
                27.895749918267136
              ],
              [
                86.92980202746065,
                27.895749866551125
              ]
            ],
            [
              [
                86.93000245633291,
                27.900083133785483
              ],
              [
                86.93000251441798,
                27.8999928595673
              ],
              [
                86.93010412678541,
                27.899992911130596
              ],
              [
                86.93010406878119,
                27.90008318534878
              ],
              [
                86.93000245633291,
                27.900083133785483
              ]
            ],
            [
              [
                86.93010441679752,
                27.899541540012727
              ],
              [
                86.93010447480174,
                27.89945126578556
              ],
              [
                86.93030769852149,
                27.89945136869656
              ],
              [
                86.93030764068794,
                27.899541642923726
              ],
              [
                86.93010441679752,
                27.899541540012727
              ]
            ],
            [
              [
                86.93010470680962,
                27.899090168867907
              ],
              [
                86.93010476481383,
                27.898999894631757
              ],
              [
                86.9303079876802,
                27.898999997542756
              ],
              [
                86.93030792984665,
                27.899090271778906
              ],
              [
                86.93010470680962,
                27.899090168867907
              ]
            ],
            [
              [
                86.93020591290498,
                27.899722139958495
              ],
              [
                86.93020597082834,
                27.899631865731326
              ],
              [
                86.93040919488047,
                27.899631968498596
              ],
              [
                86.9304090793751,
                27.899812516943946
              ],
              [
                86.93030746717835,
                27.899812465605226
              ],
              [
                86.93030752502087,
                27.89972219137806
              ],
              [
                86.93020591290498,
                27.899722139958495
              ]
            ],
            [
              [
                86.93020834525531,
                27.89593062149221
              ],
              [
                86.9302084031607,
                27.895840347220126
              ],
              [
                86.9303100116474,
                27.89584039863071
              ],
              [
                86.93030995382286,
                27.895930672902793
              ],
              [
                86.93020834525531,
                27.89593062149221
              ]
            ],
            [
              [
                86.93040884837332,
                27.900173613825665
              ],
              [
                86.930408906126,
                27.90008333960748
              ],
              [
                86.93061213102256,
                27.900083442078305
              ],
              [
                86.93061207344054,
                27.90017371629649
              ],
              [
                86.93040884837332,
                27.900173613825665
              ]
            ],
            [
              [
                86.93041127369882,
                27.896382095592944
              ],
              [
                86.93041138917725,
                27.89620154705776
              ],
              [
                86.93051299799633,
                27.89620159831563
              ],
              [
                86.93051305565021,
                27.89611132404355
              ],
              [
                86.93061466439742,
                27.89611137522955
              ],
              [
                86.93061460682439,
                27.896201649501634
              ],
              [
                86.93071621564347,
                27.896201700615777
              ],
              [
                86.93071615816028,
                27.89629197488786
              ],
              [
                86.93091937597809,
                27.896292076882574
              ],
              [
                86.93091954793361,
                27.896021254066326
              ],
              [
                86.93102115659099,
                27.896021304955887
              ],
              [
                86.93102121382266,
                27.895931030683805
              ],
              [
                86.93112282239021,
                27.895931081492517
              ],
              [
                86.93112265094673,
                27.89620190431775
              ],
              [
                86.93132586859387,
                27.896202005710595
              ],
              [
                86.9313257546336,
                27.89638255425476
              ],
              [
                86.93142736363234,
                27.896382604838895
              ],
              [
                86.93142730673306,
                27.896472879110977
              ],
              [
                86.93122408857387,
                27.896472777861863
              ],
              [
                86.93122403151288,
                27.896563052133946
              ],
              [
                86.93112242234346,
                27.896563001397098
              ],
              [
                86.93112247949428,
                27.896472727125015
              ],
              [
                86.9307160431849,
                27.89647252342304
              ],
              [
                86.93071598570171,
                27.896562797695122
              ],
              [
                86.93051276737185,
                27.89656269539498
              ],
              [
                86.93051288268857,
                27.896382146859796
              ],
              [
                86.93041127369882,
                27.896382095592944
              ]
            ],
            [
              [
                86.9305109799041,
                27.899361197083948
              ],
              [
                86.93051109522982,
                27.89918064862063
              ],
              [
                86.93061270683367,
                27.899180699815616
              ],
              [
                86.93061276441568,
                27.899090425579466
              ],
              [
                86.93071437593869,
                27.89909047669361
              ],
              [
                86.9307143184465,
                27.89918075092976
              ],
              [
                86.93081593005036,
                27.899180801972033
              ],
              [
                86.93081587263903,
                27.899271076208183
              ],
              [
                86.93071426094535,
                27.899271025165906
              ],
              [
                86.93071420345316,
                27.899361299393075
              ],
              [
                86.9305109799041,
                27.899361197083948
              ]
            ],
            [
              [
                86.93061500980863,
                27.89556972957909
              ],
              [
                86.93061506738165,
                27.895479455298023
              ],
              [
                86.930716675527,
                27.895479506412162
              ],
              [
                86.9307166180438,
                27.895569780684244
              ],
              [
                86.93061500980863,
                27.89556972957909
              ]
            ],
            [
              [
                86.93081547075074,
                27.899902995798353
              ],
              [
                86.9308155855734,
                27.89972244734402
              ],
              [
                86.9310188098052,
                27.89972254921297
              ],
              [
                86.93101875255556,
                27.899812823431155
              ],
              [
                86.93112036476128,
                27.899812874257833
              ],
              [
                86.93112030760149,
                27.899903148476017
              ],
              [
                86.93081547075074,
                27.899902995798353
              ]
            ],
            [
              [
                86.93091777095817,
                27.898819755997838
              ],
              [
                86.93091788561016,
                27.898639207525537
              ],
              [
                86.93112110781176,
                27.898639309232795
              ],
              [
                86.93112105066095,
                27.898729583468945
              ],
              [
                86.9310194394703,
                27.89872953265125
              ],
              [
                86.93101938222966,
                27.898819806896384
              ],
              [
                86.93091777095817,
                27.898819755997838
              ]
            ],
            [
              [
                86.93091840153059,
                27.89782673931934
              ],
              [
                86.93091845885209,
                27.897736465065222
              ],
              [
                86.93102006910847,
                27.897736515954783
              ],
              [
                86.93102001186783,
                27.8978267902089
              ],
              [
                86.93091840153059,
                27.89782673931934
              ]
            ],
            [
              [
                86.93101892429547,
                27.899542000758636
              ],
              [
                86.93101903877678,
                27.89936145229532
              ],
              [
                86.9311206505513,
                27.899361503113013
              ],
              [
                86.93112059339151,
                27.899451777349164
              ],
              [
                86.93122220525588,
                27.89945182808601
              ],
              [
                86.93122214818591,
                27.89954210232216
              ],
              [
                86.93101892429547,
                27.899542000758636
              ]
            ],
            [
              [
                86.93173100103456,
                27.898278515586384
              ],
              [
                86.93173111433008,
                27.898097967087132
              ],
              [
                86.93183272492783,
                27.898098017383806
              ],
              [
                86.931832611794,
                27.898278565874072
              ],
              [
                86.93173100103456,
                27.898278515586384
              ]
            ],
            [
              [
                86.92004490223255,
                27.899445797165505
              ],
              [
                86.91974006674724,
                27.89944561999078
              ],
              [
                86.91974013334833,
                27.89935534578158
              ],
              [
                86.91963852160973,
                27.89935528657362
              ],
              [
                86.91963872166454,
                27.899084463946018
              ],
              [
                86.91943549869039,
                27.899084345305518
              ],
              [
                86.91943556554301,
                27.898994071096315
              ],
              [
                86.91953717694925,
                27.898994130448006
              ],
              [
                86.91953724372102,
                27.898903856238807
              ],
              [
                86.91963885503742,
                27.89890391551863
              ],
              [
                86.91963892172834,
                27.89881364130943
              ],
              [
                86.91974053296389,
                27.89881370051739
              ],
              [
                86.91974066616608,
                27.898633152081022
              ],
              [
                86.9199438883048,
                27.898633270272367
              ],
              [
                86.91994382187438,
                27.89872354449055
              ],
              [
                86.92004543302907,
                27.898723603473933
              ],
              [
                86.92004536667952,
                27.898813877692113
              ],
              [
                86.92014697791505,
                27.89881393659465
              ],
              [
                86.92014684539559,
                27.898994485022033
              ],
              [
                86.91994362257415,
                27.89899436713612
              ],
              [
                86.91994348971332,
                27.89917491555452
              ],
              [
                86.91984187813641,
                27.899174856499272
              ],
              [
                86.91984181161617,
                27.899265130708475
              ],
              [
                86.91994342327392,
                27.89926518976372
              ],
              [
                86.9199433568435,
                27.89935546397292
              ],
              [
                86.9200449685911,
                27.899355522956302
              ],
              [
                86.92004490223255,
                27.899445797165505
              ]
            ],
            [
              [
                86.9148631938822,
                27.898810774057726
              ],
              [
                86.91486305258618,
                27.898991322467143
              ],
              [
                86.91496466398343,
                27.8989913851965
              ],
              [
                86.91496452284912,
                27.89917193358795
              ],
              [
                86.91486291129017,
                27.899171870867576
              ],
              [
                86.91486298194268,
                27.89908159666736
              ],
              [
                86.91476137046457,
                27.899081533857157
              ],
              [
                86.91476158266461,
                27.898810711256502
              ],
              [
                86.9148631938822,
                27.898810774057726
              ]
            ],
            [
              [
                86.92126450556555,
                27.899085402281248
              ],
              [
                86.92126457090002,
                27.898995128072045
              ],
              [
                86.9211629594848,
                27.89899506998698
              ],
              [
                86.9211630249091,
                27.898904795768797
              ],
              [
                86.92136624755987,
                27.898904911867064
              ],
              [
                86.92136611706161,
                27.899085460294447
              ],
              [
                86.92126450556555,
                27.899085402281248
              ]
            ],
            [
              [
                86.9281737899462,
                27.899540547410272
              ],
              [
                86.92807217800997,
                27.899540494418652
              ],
              [
                86.92807205863285,
                27.899721042864
              ],
              [
                86.92797044652593,
                27.899720989791536
              ],
              [
                86.92797062583865,
                27.899450167128002
              ],
              [
                86.92817384954942,
                27.899450273192087
              ],
              [
                86.9281737899462,
                27.899540547410272
              ]
            ],
            [
              [
                86.91415170161399,
                27.899081155459807
              ],
              [
                86.91405009014488,
                27.899081092137564
              ],
              [
                86.91405001881864,
                27.899171366328797
              ],
              [
                86.91394840725971,
                27.899171302925705
              ],
              [
                86.91394855007387,
                27.898990754534253
              ],
              [
                86.91374532729735,
                27.89899062750349
              ],
              [
                86.91374539887511,
                27.898900353303272
              ],
              [
                86.91415184409578,
                27.898900607068356
              ],
              [
                86.91415170161399,
                27.899081155459807
              ]
            ],
            [
              [
                86.9148631938822,
                27.898810774057726
              ],
              [
                86.91486326453469,
                27.898720499857507
              ],
              [
                86.91496487567143,
                27.898720562586863
              ],
              [
                86.91496480510875,
                27.89881083678708
              ],
              [
                86.9148631938822,
                27.898810774057726
              ]
            ],
            [
              [
                86.92807253613233,
                27.898998849064633
              ],
              [
                86.92807259582538,
                27.898908574837467
              ],
              [
                86.92817420716874,
                27.898908627820102
              ],
              [
                86.92817414756551,
                27.898998902056253
              ],
              [
                86.92807253613233,
                27.898998849064633
              ]
            ],
            [
              [
                86.92807253613233,
                27.898998849064633
              ],
              [
                86.92807241676421,
                27.899179397518967
              ],
              [
                86.92797080516034,
                27.899179344455483
              ],
              [
                86.92797092470815,
                27.89899879600115
              ],
              [
                86.92807253613233,
                27.898998849064633
              ]
            ],
            [
              [
                86.91415170161399,
                27.899081155459807
              ],
              [
                86.91425331309208,
                27.89908121871917
              ],
              [
                86.91425324193654,
                27.899171492910405
              ],
              [
                86.91415163037759,
                27.899171429660026
              ],
              [
                86.91415170161399,
                27.899081155459807
              ]
            ],
            [
              [
                86.92004490223255,
                27.899445797165505
              ],
              [
                86.92014651406996,
                27.89944585607702
              ],
              [
                86.92014644780124,
                27.899536130277237
              ],
              [
                86.92004483588298,
                27.899536071374705
              ],
              [
                86.92004490223255,
                27.899445797165505
              ]
            ],
            [
              [
                86.9281737899462,
                27.899540547410272
              ],
              [
                86.92827540188243,
                27.899540600330024
              ],
              [
                86.92827534236007,
                27.89963087454821
              ],
              [
                86.92817373034298,
                27.899630821637437
              ],
              [
                86.9281737899462,
                27.899540547410272
              ]
            ],
            [
              [
                86.9274638306081,
                27.8975541417465
              ],
              [
                86.92736222053139,
                27.897554088233857
              ],
              [
                86.92736228079936,
                27.89746381397974
              ],
              [
                86.92746389079524,
                27.89746386749238
              ],
              [
                86.9274638306081,
                27.8975541417465
              ]
            ],
            [
              [
                86.9274638306081,
                27.8975541417465
              ],
              [
                86.92756544068483,
                27.89755419517829
              ],
              [
                86.92756538058754,
                27.897644469423426
              ],
              [
                86.92746377042099,
                27.897644415991632
              ],
              [
                86.9274638306081,
                27.8975541417465
              ]
            ],
            [
              [
                86.92126450556555,
                27.899085402281248
              ],
              [
                86.92126444022209,
                27.899175676499432
              ],
              [
                86.9211628286452,
                27.899175618414365
              ],
              [
                86.92116276322089,
                27.899265892623564
              ],
              [
                86.92106115156314,
                27.899265834466632
              ],
              [
                86.92106108605797,
                27.899356108675835
              ],
              [
                86.92095947430141,
                27.89935605044704
              ],
              [
                86.92095967107737,
                27.899085227810453
              ],
              [
                86.92126450556555,
                27.899085402281248
              ]
            ],
            [
              [
                86.92695426486544,
                27.899810729224665
              ],
              [
                86.92695438610207,
                27.899630180788296
              ],
              [
                86.92715761013623,
                27.899630288343587
              ],
              [
                86.9271575496886,
                27.89972056256177
              ],
              [
                86.92705593759067,
                27.89972050882455
              ],
              [
                86.9270558770532,
                27.899810783042735
              ],
              [
                86.92695426486544,
                27.899810729224665
              ]
            ],
            [
              [
                86.92685259197852,
                27.899900949552915
              ],
              [
                86.92685265267768,
                27.89981067533473
              ],
              [
                86.92695426486544,
                27.899810729224665
              ],
              [
                86.92695420424712,
                27.89990100344285
              ],
              [
                86.92685259197852,
                27.899900949552915
              ]
            ],
            [
              [
                86.92695402239218,
                27.900171826079436
              ],
              [
                86.92664918482278,
                27.900171664185056
              ],
              [
                86.92664924569263,
                27.90008138996687
              ],
              [
                86.92675085813191,
                27.90008144400952
              ],
              [
                86.92675097970991,
                27.89990089558213
              ],
              [
                86.92685259197852,
                27.899900949552915
              ],
              [
                86.9268524705712,
                27.9000814979803
              ],
              [
                86.92695408301049,
                27.900081551870233
              ],
              [
                86.92695402239218,
                27.900171826079436
              ]
            ]
          ],
          [
            [
              [
                86.91994475189121,
                27.897459705346144
              ],
              [
                86.92004636186013,
                27.897459764329525
              ],
              [
                86.92004629551955,
                27.89755003855669
              ],
              [
                86.91994468546079,
                27.897549979582294
              ],
              [
                86.91994475189121,
                27.897459705346144
              ]
            ]
          ],
          [
            [
              [
                86.92756375765522,
                27.90008187364677
              ],
              [
                86.92756369754893,
                27.900172147864954
              ],
              [
                86.92746208501981,
                27.900172094415193
              ],
              [
                86.92746202482371,
                27.900262368633378
              ],
              [
                86.92736041221374,
                27.900262315111753
              ],
              [
                86.92736053277663,
                27.90008176668437
              ],
              [
                86.92756375765522,
                27.90008187364677
              ]
            ]
          ],
          [
            [
              [
                86.92746202482371,
                27.900262368633378
              ],
              [
                86.92756363743368,
                27.900262422074153
              ],
              [
                86.92756357731842,
                27.900352696283356
              ],
              [
                86.9274619646276,
                27.900352642842577
              ],
              [
                86.92746202482371,
                27.900262368633378
              ]
            ]
          ]
        ]
      },
      "id": "+17832+5149",
      "properties": {
        "area_m2": 892590.8940230889,
        "count": 8905,
        "image_id": "COPERNICUS/S1_GRD/S1A_IW_GRDH_1SDV_20211118T001138_20211118T001203_040618_04D193_4A07",
        "lake_id": "imja-tsho",
        "observed_at": "2021-11-18T00:11:38Z",
        "water": 1
      }
    }
  ]
}
