{
  "type": "FeatureCollection",
  "features": [
    {
      "type": "Feature",
      "geometry": {
        "geodesic": false,
        "type": "MultiPolygon",
        "coordinates": [
          [
            [
              [
                86.9143422266321,
                27.901123880155904
              ],
              [
                86.91434215554841,
                27.90121415432917
              ],
              [
                86.91424054207606,
                27.90121409113269
              ],
              [
                86.91424061324959,
                27.901123816959423
              ],
              [
                86.9143422266321,
                27.901123880155904
              ]
            ]
          ],
          [
            [
              [
                86.91668203102884,
                27.897604619079445
              ],
              [
                86.91658042093415,
                27.897604557616713
              ],
              [
                86.91658049014934,
                27.897514283389544
              ],
              [
                86.91668210016319,
                27.897514344852276
              ],
              [
                86.91668203102884,
                27.897604619079445
              ]
            ]
          ],
          [
            [
              [
                86.91952591200372,
                27.899231245483406
              ],
              [
                86.91962752362554,
                27.899231304781196
              ],
              [
                86.9196274569346,
                27.8993215789904
              ],
              [
                86.91952584522295,
                27.899321519692606
              ],
              [
                86.91952591200372,
                27.899231245483406
              ]
            ]
          ],
          [
            [
              [
                86.91373426449073,
                27.89895691944416
              ],
              [
                86.91353104177709,
                27.898956792098986
              ],
              [
                86.9135311135345,
                27.898866517898767
              ],
              [
                86.91332789099155,
                27.89886639025715
              ],
              [
                86.91332803482979,
                27.898685841856715
              ],
              [
                86.91373447924198,
                27.89868609684351
              ],
              [
                86.91373440765523,
                27.898776371043727
              ],
              [
                86.91383601884587,
                27.898776434608514
              ],
              [
                86.91383609035177,
                27.8986861604083
              ],
              [
                86.91393770145255,
                27.898686223892238
              ],
              [
                86.91393777286862,
                27.89859594968304
              ],
              [
                86.91403938388858,
                27.898596013095116
              ],
              [
                86.9140394552148,
                27.898505738894897
              ],
              [
                86.91414106615392,
                27.898505802226126
              ],
              [
                86.9141411373993,
                27.898415528016923
              ],
              [
                86.91424274824857,
                27.898415591276287
              ],
              [
                86.9142429617332,
                27.898144768648685
              ],
              [
                86.91434457233993,
                27.89814483183618
              ],
              [
                86.91434464341462,
                27.89805455762698
              ],
              [
                86.91454786443944,
                27.89805468376841
              ],
              [
                86.91454800625647,
                27.897874135341027
              ],
              [
                86.9148528373041,
                27.89787432399622
              ],
              [
                86.9148527666516,
                27.89796459820542
              ],
              [
                86.91505598751472,
                27.897964723601252
              ],
              [
                86.91505605799652,
                27.897874449383067
              ],
              [
                86.91525927869795,
                27.897874574482454
              ],
              [
                86.9152594193292,
                27.897694026046086
              ],
              [
                86.91536102951372,
                27.897694088478996
              ],
              [
                86.91536095928343,
                27.89778436269718
              ],
              [
                86.91658028249478,
                27.897785106062063
              ],
              [
                86.9165802132706,
                27.897875380280247
              ],
              [
                86.91668182362581,
                27.89787544174298
              ],
              [
                86.91668175449146,
                27.897965715961163
              ],
              [
                86.91678336492751,
                27.897965777352027
              ],
              [
                86.9167835030345,
                27.897785228906677
              ],
              [
                86.91688511329987,
                27.897785290216696
              ],
              [
                86.91688518227251,
                27.89769501599851
              ],
              [
                86.9166819618945,
                27.897694893297626
              ],
              [
                86.91668203102884,
                27.897604619079445
              ],
              [
                86.91678364113251,
                27.897604680461328
              ],
              [
                86.916783710186,
                27.89751440623416
              ],
              [
                86.91688532019984,
                27.897514467544177
              ],
              [
                86.91688552709982,
                27.897243644871658
              ],
              [
                86.91719035639574,
                27.897243828343573
              ],
              [
                86.91719042510786,
                27.897153554116407
              ],
              [
                86.91729203478933,
                27.897153615120995
              ],
              [
                86.91729210342062,
                27.89706334089383
              ],
              [
                86.91749532261287,
                27.897063462687417
              ],
              [
                86.91749518569165,
                27.897244011150732
              ],
              [
                86.91729196615805,
                27.897243889357146
              ],
              [
                86.91729189753573,
                27.897334163584315
              ],
              [
                86.91708867783146,
                27.8973340414853
              ],
              [
                86.9170885402365,
                27.897514589939636
              ],
              [
                86.91719015025932,
                27.897514651025073
              ],
              [
                86.91719021897146,
                27.897424376797908
              ],
              [
                86.91729182890445,
                27.89742443781148
              ],
              [
                86.91729176027316,
                27.89751471203865
              ],
              [
                86.91749498030983,
                27.897514833832236
              ],
              [
                86.91749511723104,
                27.8973342853779
              ],
              [
                86.91759672708318,
                27.897334346166897
              ],
              [
                86.91759693221347,
                27.897063523467427
              ],
              [
                86.91769854180511,
                27.897063584175577
              ],
              [
                86.91769861009503,
                27.896973309948407
              ],
              [
                86.91790182912558,
                27.896973431140122
              ],
              [
                86.91790189724483,
                27.89688315690397
              ],
              [
                86.91810511611368,
                27.896883277799244
              ],
              [
                86.91810504815612,
                27.896973552035394
              ],
              [
                86.9182066576759,
                27.89697361236625
              ],
              [
                86.91820672554361,
                27.8968833381301
              ],
              [
                86.91840994440348,
                27.896883458576212
              ],
              [
                86.9184098090094,
                27.897064007048513
              ],
              [
                86.91861302821063,
                27.897064127189196
              ],
              [
                86.91861309573699,
                27.89697385296203
              ],
              [
                86.91871470525675,
                27.89697391291559
              ],
              [
                86.91871477270226,
                27.89688363867944
              ],
              [
                86.91901960100104,
                27.896883818108936
              ],
              [
                86.91901966819503,
                27.896793543872786
              ],
              [
                86.91912127754411,
                27.896793603529904
              ],
              [
                86.91912134465726,
                27.896703329293754
              ],
              [
                86.91922295392548,
                27.896703388879008
              ],
              [
                86.91922302094879,
                27.896613114633872
              ],
              [
                86.91942623931459,
                27.8966132335798
              ],
              [
                86.91942617245297,
                27.896703507824935
              ],
              [
                86.91932456318474,
                27.896703448383413
              ],
              [
                86.91932442930882,
                27.896883996864695
              ],
              [
                86.9192228198699,
                27.89688393736029
              ],
              [
                86.91922261879999,
                27.89715476006874
              ],
              [
                86.91932422848144,
                27.89715481958213
              ],
              [
                86.91932409459653,
                27.897335368045447
              ],
              [
                86.91962892417094,
                27.897335546136453
              ],
              [
                86.91962885748,
                27.89742582036362
              ],
              [
                86.91973046742197,
                27.897425879580563
              ],
              [
                86.91973040082088,
                27.89751615380773
              ],
              [
                86.91993362087551,
                27.897516272008055
              ],
              [
                86.91993375374533,
                27.89733572354474
              ],
              [
                86.92003536360644,
                27.89733578252812
              ],
              [
                86.92003516454876,
                27.897606605227587
              ],
              [
                86.92013677466142,
                27.897606664139104
              ],
              [
                86.9201367083927,
                27.897696938375255
              ],
              [
                86.92003509819021,
                27.897696879454752
              ],
              [
                86.92003496549108,
                27.897877427918072
              ],
              [
                86.91993335511792,
                27.897877368925705
              ],
              [
                86.9199332886875,
                27.897967643152874
              ],
              [
                86.91973006778845,
                27.89796752495255
              ],
              [
                86.91973013439853,
                27.897877250725383
              ],
              [
                86.91983174476272,
                27.897877309861478
              ],
              [
                86.91983194432346,
                27.897606487179974
              ],
              [
                86.9197303342108,
                27.89760642804388
              ],
              [
                86.91973026760971,
                27.89769670227105
              ],
              [
                86.91952704721372,
                27.897696583765295
              ],
              [
                86.91952691367017,
                27.89787713222861
              ],
              [
                86.91942530330599,
                27.897877072858954
              ],
              [
                86.91942523644438,
                27.897967347086123
              ],
              [
                86.91952684688941,
                27.897967406446796
              ],
              [
                86.91952678011764,
                27.898057680673965
              ],
              [
                86.9196283906525,
                27.898057739962773
              ],
              [
                86.91962825726166,
                27.898238288408123
              ],
              [
                86.9197298679672,
                27.898238347625067
              ],
              [
                86.91972973474705,
                27.898418896061436
              ],
              [
                86.9196281238798,
                27.898418836853473
              ],
              [
                86.91962805718889,
                27.898509111071657
              ],
              [
                86.91952644623181,
                27.89850905178285
              ],
              [
                86.91952637945106,
                27.898599326001033
              ],
              [
                86.91942476841314,
                27.898599266631376
              ],
              [
                86.91942490213636,
                27.898418718195007
              ],
              [
                86.91932329126911,
                27.898418658753485
              ],
              [
                86.919323425163,
                27.89823811031712
              ],
              [
                86.91942503585956,
                27.898238169758642
              ],
              [
                86.91942510272116,
                27.898147895531473
              ],
              [
                86.91922188148975,
                27.898147776585546
              ],
              [
                86.91922181446645,
                27.89823805080373
              ],
              [
                86.91901859306435,
                27.898237931552377
              ],
              [
                86.91901832427045,
                27.898599028425114
              ],
              [
                86.91922154634628,
                27.898599147676467
              ],
              [
                86.919221479314,
                27.89868942189465
              ],
              [
                86.91891664594871,
                27.898689242896346
              ],
              [
                86.91891644409728,
                27.898960065532933
              ],
              [
                86.91901805546756,
                27.89896012527988
              ],
              [
                86.91901798827358,
                27.899050399489084
              ],
              [
                86.91911959972472,
                27.899050459155184
              ],
              [
                86.91911966684684,
                27.898960184945985
              ],
              [
                86.91922127821714,
                27.898960244531235
              ],
              [
                86.91922134524943,
                27.898869970322036
              ],
              [
                86.91932295653888,
                27.89887002983542
              ],
              [
                86.91932288958743,
                27.898960304044625
              ],
              [
                86.91952611233701,
                27.898960422855804
              ],
              [
                86.91952631267928,
                27.898689600210233
              ],
              [
                86.91962792379805,
                27.898689659508026
              ],
              [
                86.91962785710712,
                27.898779933717226
              ],
              [
                86.91972946830674,
                27.89877999293417
              ],
              [
                86.9197292684765,
                27.899050815570757
              ],
              [
                86.91952604556523,
                27.899050697065004
              ],
              [
                86.91952591200372,
                27.899231245483406
              ],
              [
                86.91942430037291,
                27.89923118612273
              ],
              [
                86.91942416664071,
                27.89941173453215
              ],
              [
                86.91952577844219,
                27.89941179390181
              ],
              [
                86.91952564488068,
                27.899592342311227
              ],
              [
                86.91962725684387,
                27.899592401600035
              ],
              [
                86.91962719014396,
                27.899682675809235
              ],
              [
                86.92003363834702,
                27.899682912227853
              ],
              [
                86.92003377106413,
                27.899502363818435
              ],
              [
                86.92013538294646,
                27.899502422738934
              ],
              [
                86.92013531667774,
                27.899592696939152
              ],
              [
                86.92033854061309,
                27.89959281455557
              ],
              [
                86.92033860672011,
                27.89950254034637
              ],
              [
                86.92044021860245,
                27.89950259904229
              ],
              [
                86.92044028461964,
                27.89941232483309
              ],
              [
                86.92003383742268,
                27.899412089609232
              ],
              [
                86.92003403649832,
                27.89914126698163
              ],
              [
                86.91993242495735,
                27.899141207989267
              ],
              [
                86.91993249139675,
                27.899050933780064
              ],
              [
                86.91983087993663,
                27.899050874715833
              ],
              [
                86.91983094646585,
                27.898960600506634
              ],
              [
                86.91993255784513,
                27.898960659570864
              ],
              [
                86.91993262428453,
                27.89887038535268
              ],
              [
                86.92003423557398,
                27.898870444345043
              ],
              [
                86.92003410285687,
                27.89905099277243
              ],
              [
                86.92023732578612,
                27.89905111053258
              ],
              [
                86.92023739197398,
                27.898960836314394
              ],
              [
                86.92044061472356,
                27.8989609537781
              ],
              [
                86.92044054870637,
                27.899051227987304
              ],
              [
                86.92054216016649,
                27.899051286611357
              ],
              [
                86.92054209423014,
                27.89914156082056
              ],
              [
                86.92044048268917,
                27.899141502205488
              ],
              [
                86.9204403506458,
                27.89932205062389
              ],
              [
                86.92054196235746,
                27.899322109238962
              ],
              [
                86.92054189642113,
                27.899412383448162
              ],
              [
                86.92064350822261,
                27.89941244199137
              ],
              [
                86.92064357406912,
                27.899322167782167
              ],
              [
                86.92074518578976,
                27.89932222625351
              ],
              [
                86.92074525155542,
                27.89923195204431
              ],
              [
                86.92084686318623,
                27.8992320104348
              ],
              [
                86.92084699455586,
                27.899051462007417
              ],
              [
                86.92074538309572,
                27.899051403616923
              ],
              [
                86.92074551462706,
                27.89887085518954
              ],
              [
                86.92054229203917,
                27.898870738174992
              ],
              [
                86.92054235797552,
                27.89878046396579
              ],
              [
                86.92064396918411,
                27.898780522500015
              ],
              [
                86.92064410088612,
                27.898599974063647
              ],
              [
                86.92074571192404,
                27.898600032534986
              ],
              [
                86.9207457776897,
                27.898509758316806
              ],
              [
                86.92084738864676,
                27.898509816707296
              ],
              [
                86.92084745433158,
                27.89841954248013
              ],
              [
                86.92094906520781,
                27.898419600798757
              ],
              [
                86.92094913080278,
                27.89832932657159
              ],
              [
                86.92074590922103,
                27.898329209871452
              ],
              [
                86.92074604075235,
                27.898148661417117
              ],
              [
                86.92084765137704,
                27.89814871980761
              ],
              [
                86.92084771705287,
                27.898058445580446
              ],
              [
                86.92054288544828,
                27.898058270193367
              ],
              [
                86.92054275358458,
                27.89823881863872
              ],
              [
                86.9203395321735,
                27.89823870133671
              ],
              [
                86.92033966437856,
                27.898058152882374
              ],
              [
                86.9202380538437,
                27.898058094123574
              ],
              [
                86.92023818621944,
                27.89787754566924
              ],
              [
                86.92033979658362,
                27.897877604437024
              ],
              [
                86.92033986268166,
                27.897787330200874
              ],
              [
                86.92054308324833,
                27.897787447502886
              ],
              [
                86.92054314917569,
                27.897697173275716
              ],
              [
                86.92044153898219,
                27.897697114660645
              ],
              [
                86.92044160499937,
                27.89760684043348
              ],
              [
                86.92033999488672,
                27.89760678174654
              ],
              [
                86.92034006098476,
                27.89751650751039
              ],
              [
                86.92023845095295,
                27.89751644875159
              ],
              [
                86.92023851714083,
                27.897426174515438
              ],
              [
                86.92054334696675,
                27.89742635057625
              ],
              [
                86.92054328103939,
                27.8975166248124
              ],
              [
                86.92064489107119,
                27.897516683346623
              ],
              [
                86.92064482522468,
                27.897606957582774
              ],
              [
                86.92074643533734,
                27.897607016045132
              ],
              [
                86.92074636957167,
                27.897697290281283
              ],
              [
                86.92094958996766,
                27.897697406981422
              ],
              [
                86.92094972115763,
                27.897516858518102
              ],
              [
                86.92105133118943,
                27.897516916755883
              ],
              [
                86.92105126567529,
                27.897607190992034
              ],
              [
                86.92125448590959,
                27.897607307243014
              ],
              [
                86.9212546165875,
                27.897426758770713
              ],
              [
                86.92115300664554,
                27.89742670068565
              ],
              [
                86.92115307206984,
                27.8973364264495
              ],
              [
                86.92094985234759,
                27.897336310045805
              ],
              [
                86.9209497867526,
                27.897426584281956
              ],
              [
                86.9206449569177,
                27.897426409119458
              ],
              [
                86.92064502276422,
                27.897336134883307
              ],
              [
                86.92054341290309,
                27.8973360763401
              ],
              [
                86.92054347883045,
                27.89724580210395
              ],
              [
                86.92044186905915,
                27.89724574349786
              ],
              [
                86.92044200108455,
                27.897065195016577
              ],
              [
                86.92023878187435,
                27.897065077570836
              ],
              [
                86.92023871568647,
                27.897155351806987
              ],
              [
                86.92003549630557,
                27.89715523405582
              ],
              [
                86.92003542995602,
                27.89724550829197
              ],
              [
                86.91983221040444,
                27.897245390244358
              ],
              [
                86.91983234344494,
                27.897064841772057
              ],
              [
                86.91952751463411,
                27.897064664139194
              ],
              [
                86.91952784849299,
                27.896613292940476
              ],
              [
                86.91973106685879,
                27.896613411437244
              ],
              [
                86.91973100025768,
                27.896703685673394
              ],
              [
                86.91983260952593,
                27.89670374480949
              ],
              [
                86.91983254300568,
                27.896794019054624
              ],
              [
                86.91993415235476,
                27.89679407811885
              ],
              [
                86.91993435166397,
                27.896523255383453
              ],
              [
                86.92034078806319,
                27.896523490876806
              ],
              [
                86.92034085416122,
                27.89643321663167
              ],
              [
                86.92064568121135,
                27.89643339245892
              ],
              [
                86.92064574704888,
                27.89634311821379
              ],
              [
                86.92095057384748,
                27.896343293367302
              ],
              [
                86.92095063944245,
                27.89625301912217
              ],
              [
                86.92125546598953,
                27.896253193601947
              ],
              [
                86.92125553133297,
                27.89616291934783
              ],
              [
                86.92135714009815,
                27.89616297736103
              ],
              [
                86.9213572053428,
                27.896072703106913
              ],
              [
                86.9216620313958,
                27.896072876688375
              ],
              [
                86.92166209639788,
                27.89598260243426
              ],
              [
                86.92217013938836,
                27.89598289023651
              ],
              [
                86.92217020396824,
                27.895892615982394
              ],
              [
                86.92247502951818,
                27.895892787758243
              ],
              [
                86.9224749651988,
                27.895983062021344
              ],
              [
                86.92257657379331,
                27.89598311913623
              ],
              [
                86.92257644531625,
                27.896163667644462
              ],
              [
                86.92267805409041,
                27.896163724678498
              ],
              [
                86.92267811823912,
                27.89607345042438
              ],
              [
                86.92277972693243,
                27.896073507386554
              ],
              [
                86.92277979100028,
                27.895983233132437
              ],
              [
                86.9226781823968,
                27.895983176170265
              ],
              [
                86.92267824655447,
                27.895892901907168
              ],
              [
                86.92257663803183,
                27.895892844873128
              ],
              [
                86.92257670227934,
                27.89580257061003
              ],
              [
                86.92288152757776,
                27.895802741496546
              ],
              [
                86.92288146359076,
                27.895893015759643
              ],
              [
                86.9229830721044,
                27.895893072569102
              ],
              [
                86.92298313601056,
                27.895802798306004
              ],
              [
                86.92308474444336,
                27.8958028550436
              ],
              [
                86.92308480825967,
                27.895712580780497
              ],
              [
                86.92359285001946,
                27.895712863336588
              ],
              [
                86.92359291341356,
                27.895622589073486
              ],
              [
                86.9238977382179,
                27.895622757714214
              ],
              [
                86.92389780136048,
                27.895532483442132
              ],
              [
                86.92399940954176,
                27.89553253950599
              ],
              [
                86.92399947260348,
                27.895442265242888
              ],
              [
                86.9244059050052,
                27.895442488734748
              ],
              [
                86.92440584228483,
                27.895532763006834
              ],
              [
                86.9245074504661,
                27.895532818693397
              ],
              [
                86.92450751310562,
                27.895442544421314
              ],
              [
                86.92460912120605,
                27.895442600036013
              ],
              [
                86.92460918375575,
                27.89535232576393
              ],
              [
                86.92471079177533,
                27.89535238129778
              ],
              [
                86.92471072930648,
                27.895442655569862
              ],
              [
                86.92491394550733,
                27.89544276642197
              ],
              [
                86.9249140078055,
                27.895352492149886
              ],
              [
                86.9254220479034,
                27.89535276795963
              ],
              [
                86.92542210977935,
                27.895262493687547
              ],
              [
                86.92562532565681,
                27.89526260348862
              ],
              [
                86.92562526394255,
                27.895352877760708
              ],
              [
                86.92572687196213,
                27.895352932548956
              ],
              [
                86.92572693358656,
                27.895262658276874
              ],
              [
                86.92714944471979,
                27.895263417443118
              ],
              [
                86.92714926339485,
                27.89553424026835
              ],
              [
                86.92735247977537,
                27.89553434751821
              ],
              [
                86.92735260032929,
                27.895353798974046
              ],
              [
                86.92725099230073,
                27.895353745380557
              ],
              [
                86.92725105266751,
                27.895263471108475
              ],
              [
                86.92806391619531,
                27.8952638977184
              ],
              [
                86.92806397587938,
                27.89517362344632
              ],
              [
                86.928368799462,
                27.895173782187612
              ],
              [
                86.92836885889456,
                27.89508350790655
              ],
              [
                86.92857207443963,
                27.895083613359777
              ],
              [
                86.92857201517778,
                27.895173887640844
              ],
              [
                86.92877523089354,
                27.89517399279763
              ],
              [
                86.92877517180236,
                27.895264267078698
              ],
              [
                86.92887677975007,
                27.895264319549295
              ],
              [
                86.9288768387604,
                27.895174045268227
              ],
              [
                86.92918166234303,
                27.89517420221289
              ],
              [
                86.92918172110184,
                27.895083927931825
              ],
              [
                86.92948654443293,
                27.89508408420275
              ],
              [
                86.92948648592566,
                27.895174358483818
              ],
              [
                86.92979130951727,
                27.89517451408101
              ],
              [
                86.92979125126153,
                27.89526478837106
              ],
              [
                86.92999446715696,
                27.89526489172223
              ],
              [
                86.92999452524202,
                27.895174617441164
              ],
              [
                86.9304009567005,
                27.89517482326316
              ],
              [
                86.9304010144442,
                27.895084548973113
              ],
              [
                86.93050262222124,
                27.895084600239965
              ],
              [
                86.9305026798841,
                27.8949943259589
              ],
              [
                86.93060428758028,
                27.894994377144904
              ],
              [
                86.93060434515331,
                27.89490410286384
              ],
              [
                86.93070595276865,
                27.89490415397798
              ],
              [
                86.93070583778429,
                27.895084702549095
              ],
              [
                86.93080744557031,
                27.89508475359137
              ],
              [
                86.93080738815897,
                27.895175027881418
              ],
              [
                86.9310106038927,
                27.89517512974139
              ],
              [
                86.93101066113336,
                27.895084855451337
              ],
              [
                86.9312138766964,
                27.895084957014866
              ],
              [
                86.93121376255647,
                27.89526550558598
              ],
              [
                86.93151858640859,
                27.89526565736533
              ],
              [
                86.93151852959015,
                27.895355931646396
              ],
              [
                86.9314169215526,
                27.89535588113413
              ],
              [
                86.93141686464433,
                27.895446155415193
              ],
              [
                86.9315184727717,
                27.895446205936445
              ],
              [
                86.93151835912583,
                27.89562675449858
              ],
              [
                86.93141675083676,
                27.895626703977324
              ],
              [
                86.93141669393748,
                27.895716978258392
              ],
              [
                86.9315183023074,
                27.895717028779643
              ],
              [
                86.93151824548896,
                27.895807303051726
              ],
              [
                86.9316198539487,
                27.895807353501112
              ],
              [
                86.93161979721111,
                27.89589762778218
              ],
              [
                86.93151818867051,
                27.895897577332793
              ],
              [
                86.93151796138775,
                27.896258674430108
              ],
              [
                86.93161957026074,
                27.896258724879495
              ],
              [
                86.93161951352315,
                27.896348999151577
              ],
              [
                86.93172112249493,
                27.896349049520115
              ],
              [
                86.93172106583819,
                27.896439323792197
              ],
              [
                86.93161945678555,
                27.89643927342366
              ],
              [
                86.93161922983518,
                27.896800370494024
              ],
              [
                86.93151762045017,
                27.896800320044637
              ],
              [
                86.93151744997687,
                27.897071142833937
              ],
              [
                86.9316190596224,
                27.897071193283324
              ],
              [
                86.93161888940064,
                27.89734201606364
              ],
              [
                86.93151727950358,
                27.897341965614253
              ],
              [
                86.93151705220286,
                27.89770306263072
              ],
              [
                86.9316186624323,
                27.897703113080105
              ],
              [
                86.93161860569471,
                27.89779338733422
              ],
              [
                86.93172021600499,
                27.897793437711744
              ],
              [
                86.93172015934825,
                27.89788371196586
              ],
              [
                86.93182176974835,
                27.897883762262534
              ],
              [
                86.93182171317245,
                27.89797403651665
              ],
              [
                86.9317201026915,
                27.897973986210992
              ],
              [
                86.93171993271228,
                27.898244808955376
              ],
              [
                86.93182154345375,
                27.898244859261034
              ],
              [
                86.93182137372607,
                27.898515681996432
              ],
              [
                86.93171976274205,
                27.898515631690778
              ],
              [
                86.93171953609709,
                27.898876728653345
              ],
              [
                86.93151631344634,
                27.898876627826436
              ],
              [
                86.93151625661892,
                27.898966902062586
              ],
              [
                86.93141464521268,
                27.898966851541335
              ],
              [
                86.93141458829543,
                27.899057125777485
              ],
              [
                86.93131297680836,
                27.899057075175385
              ],
              [
                86.93131274880696,
                27.89941817210202
              ],
              [
                86.93141436063539,
                27.89941822270412
              ],
              [
                86.9314141898926,
                27.899689045394606
              ],
              [
                86.93151580197257,
                27.899689095924842
              ],
              [
                86.93151574514513,
                27.899779370152007
              ],
              [
                86.93161735731493,
                27.899779420601394
              ],
              [
                86.93161758430124,
                27.899418323683744
              ],
              [
                86.93151597247281,
                27.899418273234357
              ],
              [
                86.93151619979149,
                27.899057176298736
              ],
              [
                86.93171942277462,
                27.899057277125646
              ],
              [
                86.93171930945215,
                27.899237825597947
              ],
              [
                86.9316176977944,
                27.899237775220424
              ],
              [
                86.93161764104782,
                27.899328049456575
              ],
              [
                86.9317192527954,
                27.899328099834097
              ],
              [
                86.93171902614148,
                27.899689196751748
              ],
              [
                86.93182063823042,
                27.899689247057402
              ],
              [
                86.93182046849375,
                27.89996006972992
              ],
              [
                86.9316172438128,
                27.899959969046744
              ],
              [
                86.93161713031965,
                27.900140517492098
              ],
              [
                86.93151551781747,
                27.90014046704271
              ],
              [
                86.93151540414466,
                27.90032101547908
              ],
              [
                86.9316170168265,
                27.900321065937447
              ],
              [
                86.93161690332435,
                27.900501614373816
              ],
              [
                86.93182012901143,
                27.900501715056993
              ],
              [
                86.93182018558731,
                27.90041144083881
              ],
              [
                86.93192179835,
                27.9004114910726
              ],
              [
                86.93192185484504,
                27.90032121684543
              ],
              [
                86.93202346751791,
                27.900321267007357
              ],
              [
                86.9320235239321,
                27.90023099278019
              ],
              [
                86.9321251365241,
                27.900231042861268
              ],
              [
                86.93212502386639,
                27.900411591306618
              ],
              [
                86.93242986214545,
                27.90041174109171
              ],
              [
                86.93242974999977,
                27.900592289528078
              ],
              [
                86.9323281370664,
                27.900592239671578
              ],
              [
                86.93232808090373,
                27.900682513889763
              ],
              [
                86.93182001585065,
                27.90068226349336
              ],
              [
                86.93181995926577,
                27.90077253770256
              ],
              [
                86.93121028069541,
                27.90077223474573
              ],
              [
                86.93121033778334,
                27.90068196053653
              ],
              [
                86.93141356380278,
                27.90068206182158
              ],
              [
                86.93141362072004,
                27.900591787603396
              ],
              [
                86.93151523364442,
                27.90059183813363
              ],
              [
                86.93151529048083,
                27.900501563915444
              ],
              [
                86.93131206479376,
                27.90050146278311
              ],
              [
                86.93131200779565,
                27.900591737001296
              ],
              [
                86.9311087819469,
                27.900591635563533
              ],
              [
                86.93110872476913,
                27.900681909781717
              ],
              [
                86.9310071117639,
                27.900681858946054
              ],
              [
                86.93100716902252,
                27.900591584736855
              ],
              [
                86.93080394316478,
                27.900591482849936
              ],
              [
                86.93080400059407,
                27.900501208640733
              ],
              [
                86.93070238775054,
                27.900501157580493
              ],
              [
                86.9307023302404,
                27.900591431798677
              ],
              [
                86.93060071731601,
                27.900591380666572
              ],
              [
                86.93060077491599,
                27.90050110645737
              ],
              [
                86.93049916207246,
                27.9005010552534
              ],
              [
                86.93049921975329,
                27.900410781035216
              ],
              [
                86.93039760699958,
                27.90041072975938
              ],
              [
                86.93039772251394,
                27.90023018132301
              ],
              [
                86.93019449734791,
                27.90023007854676
              ],
              [
                86.93019443941556,
                27.900320352764943
              ],
              [
                86.92999121407884,
                27.900320249683265
              ],
              [
                86.92999127217288,
                27.90022997546508
              ],
              [
                86.92978804700684,
                27.900229872086957
              ],
              [
                86.9297879887421,
                27.90032014629616
              ],
              [
                86.92968637606926,
                27.9003200944993
              ],
              [
                86.9296863177147,
                27.9004103687085
              ],
              [
                86.92948309221629,
                27.90041026488122
              ],
              [
                86.92948315073254,
                27.900319990663036
              ],
              [
                86.92867024939464,
                27.90031957235354
              ],
              [
                86.92867042698259,
                27.90004874970797
              ],
              [
                86.92846720214892,
                27.900048644380504
              ],
              [
                86.92846708342758,
                27.90022919280789
              ],
              [
                86.92836547084455,
                27.900229140031865
              ],
              [
                86.92836541140304,
                27.900319414241068
              ],
              [
                86.92816218606632,
                27.900319308464443
              ],
              [
                86.9281622456875,
                27.90022903425524
              ],
              [
                86.92826385827053,
                27.900229087183977
              ],
              [
                86.92826397732425,
                27.90004853874761
              ],
              [
                86.9281623649209,
                27.900048485827856
              ],
              [
                86.92816230529971,
                27.90013876003706
              ],
              [
                86.92806069280651,
                27.900138707036454
              ],
              [
                86.92806063310448,
                27.90022898125464
              ],
              [
                86.92795902052146,
                27.90022892817319
              ],
              [
                86.92795896073858,
                27.900319202391373
              ],
              [
                86.92775573541084,
                27.90031909601288
              ],
              [
                86.92775567545728,
                27.90040937022208
              ],
              [
                86.92765406271256,
                27.900409316925032
              ],
              [
                86.92765412274697,
                27.900319042706847
              ],
              [
                86.9275525100831,
                27.900318989337936
              ],
              [
                86.92755257020734,
                27.900228715119752
              ],
              [
                86.92765418279036,
                27.900228768497648
              ],
              [
                86.92765430285918,
                27.900048220070264
              ],
              [
                86.92755269045583,
                27.90004816669237
              ],
              [
                86.9275527505711,
                27.89995789248317
              ],
              [
                86.92745113824859,
                27.89995783903341
              ],
              [
                86.92745107804349,
                27.900048113242608
              ],
              [
                86.92734946563115,
                27.900048059720984
              ],
              [
                86.92734934505029,
                27.90022860814837
              ],
              [
                86.92724773247625,
                27.900228554545897
              ],
              [
                86.92724779285203,
                27.900138280336694
              ],
              [
                86.92714618035883,
                27.900138226662357
              ],
              [
                86.92714605943661,
                27.90031877508076
              ],
              [
                86.92724767210048,
                27.900318828755097
              ],
              [
                86.92724761172471,
                27.900409102964296
              ],
              [
                86.92714599898,
                27.90040904928996
              ],
              [
                86.92714593851439,
                27.90049932349916
              ],
              [
                86.92694271285428,
                27.900499215925905
              ],
              [
                86.92694277349057,
                27.900408941716705
              ],
              [
                86.92673954799214,
                27.90040883383802
              ],
              [
                86.92673942640516,
                27.900589382256424
              ],
              [
                86.92663781348978,
                27.90058932820479
              ],
              [
                86.9266378743686,
                27.900499053995592
              ],
              [
                86.92653626154303,
                27.900498999872095
              ],
              [
                86.92653656636836,
                27.900047628826094
              ],
              [
                86.92673979118406,
                27.900047736992235
              ],
              [
                86.92673985197305,
                27.899957462783036
              ],
              [
                86.92684146430454,
                27.89995751675382
              ],
              [
                86.92684152501269,
                27.899867242544616
              ],
              [
                86.9265366882967,
                27.899867080398707
              ],
              [
                86.92653674925637,
                27.899776806180522
              ],
              [
                86.92684158572084,
                27.89977696832643
              ],
              [
                86.92684164642898,
                27.899686694108247
              ],
              [
                86.92674003436699,
                27.899686640137467
              ],
              [
                86.92674009515598,
                27.899596365919283
              ],
              [
                86.92663848317483,
                27.89959631186765
              ],
              [
                86.92663854405366,
                27.899506037649466
              ],
              [
                86.92633370834378,
                27.899505875054402
              ],
              [
                86.92633364721343,
                27.899596149272586
              ],
              [
                86.92623203523227,
                27.89959609492451
              ],
              [
                86.92623197401208,
                27.899686369142696
              ],
              [
                86.92633358608306,
                27.89968642349077
              ],
              [
                86.92633346382236,
                27.899866971918154
              ],
              [
                86.92643507605503,
                27.899867026194364
              ],
              [
                86.92643501500552,
                27.89995730041255
              ],
              [
                86.9262317903605,
                27.899957191788264
              ],
              [
                86.92623166792912,
                27.900137740215648
              ],
              [
                86.92613005543593,
                27.900137685786724
              ],
              [
                86.9261299941349,
                27.900227959995927
              ],
              [
                86.92623160670892,
                27.900228014424847
              ],
              [
                86.92623148427754,
                27.90040856284325
              ],
              [
                86.92612987153282,
                27.900408508414326
              ],
              [
                86.92612968762073,
                27.900679331032947
              ],
              [
                86.9260280746245,
                27.90067927653216
              ],
              [
                86.92602813601536,
                27.900589002322956
              ],
              [
                86.92582491019354,
                27.900588893096803
              ],
              [
                86.925824848632,
                27.900679167306002
              ],
              [
                86.92562162263951,
                27.900679057774422
              ],
              [
                86.92562168437173,
                27.900588783574204
              ],
              [
                86.92541845854993,
                27.90058867375516
              ],
              [
                86.92541858233777,
                27.90040812534574
              ],
              [
                86.92531696959306,
                27.900408070314946
              ],
              [
                86.92531703156783,
                27.900317796114727
              ],
              [
                86.92521541891294,
                27.90031774101207
              ],
              [
                86.92521548097754,
                27.900227466802868
              ],
              [
                86.9251138684035,
                27.900227411628343
              ],
              [
                86.92511380625805,
                27.900317685837546
              ],
              [
                86.92501219360317,
                27.900317630591154
              ],
              [
                86.92501206914159,
                27.90049817900057
              ],
              [
                86.92491045631603,
                27.900498123673334
              ],
              [
                86.9249103939999,
                27.900588397882537
              ],
              [
                86.92480878109347,
                27.90058834248343
              ],
              [
                86.92480884349045,
                27.90049806827423
              ],
              [
                86.9247072306649,
                27.90049801280326
              ],
              [
                86.9247072931517,
                27.900407738603043
              ],
              [
                86.92480890589641,
                27.900407794074013
              ],
              [
                86.9248089682934,
                27.900317519864814
              ],
              [
                86.92460574298363,
                27.900317408842028
              ],
              [
                86.92460561784831,
                27.900497957251446
              ],
              [
                86.92450400502274,
                27.900497901627762
              ],
              [
                86.92450394237423,
                27.90058817582798
              ],
              [
                86.92430071655242,
                27.900588064356036
              ],
              [
                86.92430065373324,
                27.900678338556254
              ],
              [
                86.92338613682992,
                27.900677833217973
              ],
              [
                86.92338607324716,
                27.90076810741819
              ],
              [
                86.92297962095675,
                27.90076788087206
              ],
              [
                86.92297955704161,
                27.900858155072278
              ],
              [
                86.92216665179605,
                27.900857698386755
              ],
              [
                86.9221667163939,
                27.900767424195518
              ],
              [
                86.92206510332579,
                27.900767366775206
              ],
              [
                86.92206503864709,
                27.900857640966443
              ],
              [
                86.92186181234018,
                27.900857525892253
              ],
              [
                86.92186174749081,
                27.900947800083486
              ],
              [
                86.92155690778341,
                27.90094762691525
              ],
              [
                86.92155703798524,
                27.90076707853278
              ],
              [
                86.92135381184902,
                27.900766962712993
              ],
              [
                86.92135387712061,
                27.900676688521756
              ],
              [
                86.92115065115506,
                27.900676572405523
              ],
              [
                86.9211505857128,
                27.90076684659676
              ],
              [
                86.9212521987809,
                27.90076690469081
              ],
              [
                86.92125213342847,
                27.900857178882042
              ],
              [
                86.92135374657742,
                27.900857236904226
              ],
              [
                86.92135368131483,
                27.90094751109546
              ],
              [
                86.92104884160743,
                27.90094733680433
              ],
              [
                86.92104890713055,
                27.900857062613095
              ],
              [
                86.92084568083263,
                27.900856946047703
              ],
              [
                86.92084574651744,
                27.90076667185647
              ],
              [
                86.92094735958555,
                27.900766730175096
              ],
              [
                86.92094742518952,
                27.900676455983863
              ],
              [
                86.9210490381678,
                27.900676514230625
              ],
              [
                86.92104910369092,
                27.90058624003939
              ],
              [
                86.92094749079348,
                27.90058618179263
              ],
              [
                86.92094755639745,
                27.900495907601393
              ],
              [
                86.92064271795668,
                27.900495732411947
              ],
              [
                86.9206426521012,
                27.90058600660318
              ],
              [
                86.92074426499863,
                27.900586065074524
              ],
              [
                86.92074400190903,
                27.90094716183946
              ],
              [
                86.92064238867023,
                27.900947103368118
              ],
              [
                86.92064225695925,
                27.901127651741607
              ],
              [
                86.92054064354978,
                27.9011275931984
              ],
              [
                86.9205407094951,
                27.901037319007163
              ],
              [
                86.92023586954517,
                27.901037142919403
              ],
              [
                86.92023580334832,
                27.901127417110636
              ],
              [
                86.91993096314685,
                27.901127240340156
              ],
              [
                86.91993089669847,
                27.901217514522408
              ],
              [
                86.91982928321714,
                27.901217455458177
              ],
              [
                86.91982934974637,
                27.901127181266943
              ],
              [
                86.9195245095539,
                27.90112700360713
              ],
              [
                86.91952444276416,
                27.901217277789378
              ],
              [
                86.9191179888388,
                27.90121703985261
              ],
              [
                86.91911812308304,
                27.901036491488107
              ],
              [
                86.91901650977239,
                27.901036431822007
              ],
              [
                86.91901644256043,
                27.90112670600426
              ],
              [
                86.91891482916894,
                27.901126646257307
              ],
              [
                86.91891469458334,
                27.90130719462181
              ],
              [
                86.91881308101217,
                27.901307134794013
              ],
              [
                86.9188131483948,
                27.90121686061176
              ],
              [
                86.91830508098812,
                27.901216560385812
              ],
              [
                86.91830501319227,
                27.90130683456806
              ],
              [
                86.91789855894353,
                27.901306593038033
              ],
              [
                86.91789849080632,
                27.9013968672113
              ],
              [
                86.91759364986824,
                27.901396685275504
              ],
              [
                86.9175935814795,
                27.901486959448775
              ],
              [
                86.91728874028989,
                27.901486776839242
              ],
              [
                86.91728867164063,
                27.90157705101251
              ],
              [
                86.91708544402219,
                27.90157692889553
              ],
              [
                86.91708537520226,
                27.9016672030688
              ],
              [
                86.91688214741313,
                27.901667080655375
              ],
              [
                86.91688207843151,
                27.90175735481966
              ],
              [
                86.9163740085365,
                27.90175704747007
              ],
              [
                86.91637386972882,
                27.901937595807624
              ],
              [
                86.91596741313548,
                27.90193734857329
              ],
              [
                86.91596734339926,
                27.902027622737574
              ],
              [
                86.91566250070049,
                27.9020274365258
              ],
              [
                86.91566236071601,
                27.902207984845386
              ],
              [
                86.91464621674884,
                27.902207359267607
              ],
              [
                86.91464642926327,
                27.901936536783733
              ],
              [
                86.91484965754647,
                27.90193666250296
              ],
              [
                86.91485022288323,
                27.90121446916173
              ],
              [
                86.91474860941088,
                27.90121440634254
              ],
              [
                86.91474853866855,
                27.901304680515807
              ],
              [
                86.91464692511535,
                27.901304617624756
              ],
              [
                86.91464685427421,
                27.90139489178904
              ],
              [
                86.91444362700611,
                27.901394765782356
              ],
              [
                86.91444369800895,
                27.901304491609086
              ],
              [
                86.91454531156215,
                27.901304554652853
              ],
              [
                86.91454538248414,
                27.90121428048857
              ],
              [
                86.9146469959475,
                27.901214343451485
              ],
              [
                86.91464706677966,
                27.901124069278218
              ],
              [
                86.9143422266321,
                27.901123880155904
              ],
              [
                86.91434229772477,
                27.901033605982633
              ],
              [
                86.91444391101747,
                27.901033669098265
              ],
              [
                86.91444405302315,
                27.90085312075173
              ],
              [
                86.91464727928513,
                27.900853246758412
              ],
              [
                86.91464749178161,
                27.900582424220644
              ],
              [
                86.91454587890215,
                27.900582361257726
              ],
              [
                86.91454580798914,
                27.900672635439978
              ],
              [
                86.91403774318758,
                27.900672319484524
              ],
              [
                86.91403781452279,
                27.900582045302272
              ],
              [
                86.91383458877284,
                27.900581918397272
              ],
              [
                86.91383451726695,
                27.900672192579524
              ],
              [
                86.91363129134632,
                27.900672065369097
              ],
              [
                86.9136313630229,
                27.90058179119583
              ],
              [
                86.91352975015242,
                27.900581727478325
              ],
              [
                86.91352982190985,
                27.900491453305058
              ],
              [
                86.91342820912021,
                27.90049138951569
              ],
              [
                86.91342813728194,
                27.900581663688957
              ],
              [
                86.913224911532,
                27.900581535885642
              ],
              [
                86.91322505555888,
                27.900400987530123
              ],
              [
                86.91271699204191,
                27.900400666705803
              ],
              [
                86.91271691961074,
                27.900490940888055
              ],
              [
                86.91251369403149,
                27.90049081203371
              ],
              [
                86.91251362142964,
                27.900581086206977
              ],
              [
                86.91241200855916,
                27.900581021672007
              ],
              [
                86.91241208125084,
                27.90049074749874
              ],
              [
                86.91210724289093,
                27.900490553426707
              ],
              [
                86.91210731583412,
                27.900400279253436
              ],
              [
                86.91231054123372,
                27.90040040870067
              ],
              [
                86.91231075954231,
                27.900129586171882
              ],
              [
                86.91241237199057,
                27.900129650778716
              ],
              [
                86.91241244468225,
                27.90003937660545
              ],
              [
                86.91271728177554,
                27.90003956998578
              ],
              [
                86.91271742663787,
                27.89985902162128
              ],
              [
                86.91281903883461,
                27.899859085931666
              ],
              [
                86.91281911118492,
                27.899768811749418
              ],
              [
                86.91292072329183,
                27.89976887598794
              ],
              [
                86.91292065103136,
                27.899859150170194
              ],
              [
                86.91312387542484,
                27.899859278422667
              ],
              [
                86.91312394752363,
                27.899769004240415
              ],
              [
                86.91302233540773,
                27.89976894014562
              ],
              [
                86.913022479767,
                27.899588391772134
              ],
              [
                86.91281925587656,
                27.899588263375932
              ],
              [
                86.91281954525985,
                27.89922716661099
              ],
              [
                86.91322599168426,
                27.899227423106957
              ],
              [
                86.91322606369322,
                27.89913714891572
              ],
              [
                86.91312445217021,
                27.899137084901774
              ],
              [
                86.91312459635878,
                27.898956536510322
              ],
              [
                86.91332781906344,
                27.89895666445737
              ],
              [
                86.91332774714432,
                27.899046938648603
              ],
              [
                86.91353097001966,
                27.899047066299204
              ],
              [
                86.91353089827122,
                27.899137340490437
              ],
              [
                86.91363250979423,
                27.89913740420794
              ],
              [
                86.91363258146183,
                27.899047130007723
              ],
              [
                86.91373419290397,
                27.89904719364438
              ],
              [
                86.91373426449073,
                27.89895691944416
              ]
            ],
            [
              [
                86.91271699204191,
                27.900400666705803
              ],
              [
                86.91251376663332,
                27.900400537860442
              ],
              [
                86.91251383923516,
                27.90031026367819
              ],
              [
                86.91271706447307,
                27.900310392532532
              ],
              [
                86.91271699204191,
                27.900400666705803
              ]
            ],
            [
              [
                86.91373426449073,
                27.89895691944416
              ],
              [
                86.91373433607747,
                27.898866645243945
              ],
              [
                86.91383594734896,
                27.898866708808733
              ],
              [
                86.91383587584305,
                27.89895698300895
              ],
              [
                86.91373426449073,
                27.89895691944416
              ]
            ],
            [
              [
                86.9163740085365,
                27.90175704747007
              ],
              [
                86.91627239455211,
                27.901756985773776
              ],
              [
                86.9162724640368,
                27.90166671160949
              ],
              [
                86.91637407793135,
                27.9016667732968
              ],
              [
                86.9163740085365,
                27.90175704747007
              ]
            ],
            [
              [
                86.91668175449146,
                27.897965715961163
              ],
              [
                86.9166816162138,
                27.89814626439753
              ],
              [
                86.91678322682051,
                27.898146325779415
              ],
              [
                86.91678315776701,
                27.8982365999976
              ],
              [
                86.91668154707945,
                27.898236538615713
              ],
              [
                86.91668147793612,
                27.898326812824916
              ],
              [
                86.9165798671677,
                27.898326751362184
              ],
              [
                86.91657993638289,
                27.89823647715298
              ],
              [
                86.91647832569531,
                27.898236415618385
              ],
              [
                86.91647846430536,
                27.898055867182016
              ],
              [
                86.91658007483123,
                27.898055928716616
              ],
              [
                86.91658014404643,
                27.89796565449843
              ],
              [
                86.91668175449146,
                27.897965715961163
              ]
            ],
            [
              [
                86.91769854180511,
                27.897063584175577
              ],
              [
                86.91780015140571,
                27.89706364481186
              ],
              [
                86.91780008319664,
                27.897153919048005
              ],
              [
                86.91769847351517,
                27.897153858411727
              ],
              [
                86.91769854180511,
                27.897063584175577
              ]
            ],
            [
              [
                86.91983254300568,
                27.896794019054624
              ],
              [
                86.91983247648542,
                27.896884293299756
              ],
              [
                86.91993408592435,
                27.896884352355002
              ],
              [
                86.91993401948496,
                27.896974626600137
              ],
              [
                86.91973080044542,
                27.89697450839981
              ],
              [
                86.9197309336566,
                27.89679395991853
              ],
              [
                86.91983254300568,
                27.896794019054624
              ]
            ],
            [
              [
                86.92054288544828,
                27.898058270193367
              ],
              [
                86.92044127491343,
                27.898058211578295
              ],
              [
                86.92044134093061,
                27.89796793735113
              ],
              [
                86.92054295138463,
                27.8979679959662
              ],
              [
                86.92054288544828,
                27.898058270193367
              ]
            ],
            [
              [
                86.92054347883045,
                27.89724580210395
              ],
              [
                86.9205435447578,
                27.8971555278678
              ],
              [
                86.92064515445723,
                27.89715558640202
              ],
              [
                86.92064528614127,
                27.89697503792972
              ],
              [
                86.92074689567002,
                27.89697509639208
              ],
              [
                86.92074702719236,
                27.896794547901813
              ],
              [
                86.9206454178343,
                27.896794489439454
              ],
              [
                86.9206454836808,
                27.896704215203304
              ],
              [
                86.92054387440358,
                27.896704156660096
              ],
              [
                86.92054400626728,
                27.89652360816983
              ],
              [
                86.9207472244624,
                27.896523725166414
              ],
              [
                86.92074709294904,
                27.896704273665662
              ],
              [
                86.92084870221727,
                27.896704332047175
              ],
              [
                86.92084857086562,
                27.896884880537442
              ],
              [
                86.92095018030453,
                27.896884938847087
              ],
              [
                86.92095004912355,
                27.89706548732837
              ],
              [
                86.92105165873315,
                27.89706554556615
              ],
              [
                86.921051593228,
                27.8971558198023
              ],
              [
                86.92094998352857,
                27.89715576156452
              ],
              [
                86.92094991794256,
                27.897246035809655
              ],
              [
                86.92054347883045,
                27.89724580210395
              ]
            ],
            [
              [
                86.92297962095675,
                27.90076788087206
              ],
              [
                86.92287800788864,
                27.90076782405362
              ],
              [
                86.92287807188463,
                27.900677549853402
              ],
              [
                86.92297968487188,
                27.900677606680826
              ],
              [
                86.92297962095675,
                27.90076788087206
              ]
            ],
            [
              [
                86.92430071655242,
                27.900588064356036
              ],
              [
                86.92389426492677,
                27.900587840513833
              ],
              [
                86.92389432808731,
                27.900497566313618
              ],
              [
                86.92409755372947,
                27.90049767838743
              ],
              [
                86.92409761671934,
                27.900407404187213
              ],
              [
                86.92440245493552,
                27.900407571731996
              ],
              [
                86.92440239219718,
                27.900497845932215
              ],
              [
                86.9243007793806,
                27.900497790155818
              ],
              [
                86.92430071655242,
                27.900588064356036
              ]
            ],
            [
              [
                86.92612987153282,
                27.900408508414326
              ],
              [
                86.92602825878811,
                27.90040845391354
              ],
              [
                86.92602832017897,
                27.90031817970434
              ],
              [
                86.92612993283386,
                27.900318234205127
              ],
              [
                86.92612987153282,
                27.900408508414326
              ]
            ],
            [
              [
                86.93131274880696,
                27.89941817210202
              ],
              [
                86.93131269180884,
                27.89950844633817
              ],
              [
                86.93121107989957,
                27.89950839565522
              ],
              [
                86.93121113697852,
                27.899418121428056
              ],
              [
                86.93131274880696,
                27.89941817210202
              ]
            ],
            [
              [
                86.91332702789921,
                27.899949680560947
              ],
              [
                86.91332709981833,
                27.899859406369714
              ],
              [
                86.9135303242208,
                27.899859534020315
              ],
              [
                86.91353025246337,
                27.89994980821155
              ],
              [
                86.91332702789921,
                27.899949680560947
              ]
            ],
            [
              [
                86.91383551834052,
                27.899408353992072
              ],
              [
                86.91383558983743,
                27.899318079791854
              ],
              [
                86.9140388132248,
                27.899318206696854
              ],
              [
                86.91403874189858,
                27.89940848088809
              ],
              [
                86.91414035367312,
                27.8994085442283
              ],
              [
                86.91414028242772,
                27.899498818419534
              ],
              [
                86.91393705869899,
                27.899498691667247
              ],
              [
                86.91393713011506,
                27.899408417476014
              ],
              [
                86.91383551834052,
                27.899408353992072
              ]
            ],
            [
              [
                86.91413949865662,
                27.900491834469214
              ],
              [
                86.91413964115638,
                27.900311286104714
              ],
              [
                86.91424125378431,
                27.90031134937306
              ],
              [
                86.91424132494885,
                27.900221075181825
              ],
              [
                86.91434293748695,
                27.900221138378303
              ],
              [
                86.91434286640327,
                27.900311412560555
              ],
              [
                86.9144444790312,
                27.900311475676187
              ],
              [
                86.91444440802836,
                27.90040174985844
              ],
              [
                86.91434279531958,
                27.900401686742807
              ],
              [
                86.9143427242359,
                27.90049196092506
              ],
              [
                86.91413949865662,
                27.900491834469214
              ]
            ],
            [
              [
                86.91444611194382,
                27.898235169161012
              ],
              [
                86.91444618293767,
                27.898144894942828
              ],
              [
                86.9145477935354,
                27.898144957977614
              ],
              [
                86.91454772263138,
                27.898235232195795
              ],
              [
                86.91444611194382,
                27.898235169161012
              ]
            ],
            [
              [
                86.91495360079053,
                27.898957677235984
              ],
              [
                86.91495374193383,
                27.898777128826566
              ],
              [
                86.91505535313344,
                27.898777191484058
              ],
              [
                86.91505521215184,
                27.898957739893476
              ],
              [
                86.91495360079053,
                27.898957677235984
              ]
            ],
            [
              [
                86.91495409480106,
                27.898325757789546
              ],
              [
                86.9149541653727,
                27.898235483580347
              ],
              [
                86.91505577605129,
                27.898235546237835
              ],
              [
                86.91505584654209,
                27.898145272028636
              ],
              [
                86.91515745713984,
                27.898145334614263
              ],
              [
                86.9151575275498,
                27.89805506039608
              ],
              [
                86.91546235910047,
                27.898055247703798
              ],
              [
                86.9154622188016,
                27.898235796131182
              ],
              [
                86.91525899742645,
                27.898235671337222
              ],
              [
                86.91525892710632,
                27.898325945546425
              ],
              [
                86.91495409480106,
                27.898325757789546
              ]
            ],
            [
              [
                86.91505274483009,
                27.90211733623634
              ],
              [
                86.91505281532989,
                27.90202706208104
              ],
              [
                86.91525604378376,
                27.90202718718941
              ],
              [
                86.91525597345465,
                27.902117461353694
              ],
              [
                86.91505274483009,
                27.90211733623634
              ]
            ],
            [
              [
                86.91505323832858,
                27.901485417086345
              ],
              [
                86.91505337931916,
                27.90130486874879
              ],
              [
                86.91515499287237,
                27.90130493133442
              ],
              [
                86.91515485205247,
                27.901485479680954
              ],
              [
                86.91505323832858,
                27.901485417086345
              ]
            ],
            [
              [
                86.91505380229991,
                27.9007632237002
              ],
              [
                86.91505394329049,
                27.9005826753357
              ],
              [
                86.91525716904941,
                27.900582800444067
              ],
              [
                86.9152570987293,
                27.90067307462632
              ],
              [
                86.91515548576,
                27.90067301211256
              ],
              [
                86.91515541535004,
                27.900763286285827
              ],
              [
                86.91505380229991,
                27.9007632237002
              ]
            ],
            [
              [
                86.91505464822544,
                27.899679933468267
              ],
              [
                86.91505478920703,
                27.8994993850858
              ],
              [
                86.91525801294476,
                27.899499510185187
              ],
              [
                86.91525787229554,
                27.89968005857664
              ],
              [
                86.91505464822544,
                27.899679933468267
              ]
            ],
            [
              [
                86.91515464080464,
                27.901756302182793
              ],
              [
                86.91515471122358,
                27.901666028018507
              ],
              [
                86.91545955289827,
                27.901666215344196
              ],
              [
                86.91545941257245,
                27.901846763681746
              ],
              [
                86.91525618445095,
                27.901846638869824
              ],
              [
                86.91525625478005,
                27.901756364696553
              ],
              [
                86.91515464080464,
                27.901756302182793
              ]
            ],
            [
              [
                86.91515647148135,
                27.89940917348019
              ],
              [
                86.91515661230126,
                27.899228625079754
              ],
              [
                86.91535983552694,
                27.899228750035412
              ],
              [
                86.91535976528768,
                27.89931902423563
              ],
              [
                86.91525815359398,
                27.899318961793735
              ],
              [
                86.91525808326487,
                27.89940923599395
              ],
              [
                86.91515647148135,
                27.89940917348019
              ]
            ],
            [
              [
                86.91535758777142,
                27.90211752379559
              ],
              [
                86.91535765801967,
                27.902027249640287
              ],
              [
                86.91545927224661,
                27.90202731201032
              ],
              [
                86.9154592020792,
                27.90211758616562
              ],
              [
                86.91535758777142,
                27.90211752379559
              ]
            ],
            [
              [
                86.915561306939,
                27.901485729304806
              ],
              [
                86.91556144709415,
                27.90130518095827
              ],
              [
                86.91566306064736,
                27.90130524318457
              ],
              [
                86.91566292066288,
                27.901485791522123
              ],
              [
                86.915561306939,
                27.901485729304806
              ]
            ],
            [
              [
                86.91556277847825,
                27.89958997147753
              ],
              [
                86.91556284854684,
                27.89949969727731
              ],
              [
                86.9156644604202,
                27.899499759494628
              ],
              [
                86.91566453039896,
                27.89940948529441
              ],
              [
                86.91586775397498,
                27.899409609495482
              ],
              [
                86.91586768415792,
                27.899499883695697
              ],
              [
                86.91576607228457,
                27.899499821631096
              ],
              [
                86.91576593247976,
                27.899680370022548
              ],
              [
                86.91586754452379,
                27.899680432087152
              ],
              [
                86.91586747470673,
                27.899770706278385
              ],
              [
                86.91566425045697,
                27.899770582077313
              ],
              [
                86.91566439043245,
                27.89959003368586
              ],
              [
                86.91556277847825,
                27.89958997147753
              ]
            ],
            [
              [
                86.9155632689584,
                27.898958052076004
              ],
              [
                86.91556333902699,
                27.898867777875786
              ],
              [
                86.91576656158792,
                27.898867902229572
              ],
              [
                86.91576649169001,
                27.89895817642979
              ],
              [
                86.9155632689584,
                27.898958052076004
              ]
            ],
            [
              [
                86.91576439457297,
                27.901666402005127
              ],
              [
                86.91576446447986,
                27.901576127840844
              ],
              [
                86.91586607829358,
                27.901576189905445
              ],
              [
                86.91586600846753,
                27.901666464078712
              ],
              [
                86.91576439457297,
                27.901666402005127
              ]
            ],
            [
              [
                86.91586670669207,
                27.90076372233705
              ],
              [
                86.91586677650913,
                27.900673448154798
              ],
              [
                86.91596838947844,
                27.900673510147534
              ],
              [
                86.91596831974222,
                27.900763784329786
              ],
              [
                86.91586670669207,
                27.90076372233705
              ]
            ],
            [
              [
                86.91596797105215,
                27.901215155214093
              ],
              [
                86.91596804078837,
                27.901124881040825
              ],
              [
                86.91606965417988,
                27.901124942952716
              ],
              [
                86.91606958452451,
                27.901215217134965
              ],
              [
                86.91596797105215,
                27.901215155214093
              ]
            ],
            [
              [
                86.91607055965473,
                27.89995137856548
              ],
              [
                86.9160706989475,
                27.899770830183012
              ],
              [
                86.91617231107237,
                27.899770892023035
              ],
              [
                86.91617217194131,
                27.899951440405506
              ],
              [
                86.91607055965473,
                27.89995137856548
              ]
            ],
            [
              [
                86.91617279801316,
                27.899138972639477
              ],
              [
                86.9161728675787,
                27.899048698439262
              ],
              [
                86.91637609048098,
                27.899048821885746
              ],
              [
                86.91637602108612,
                27.899139096085964
              ],
              [
                86.91647763261813,
                27.89913915770141
              ],
              [
                86.91647756330411,
                27.899229431901627
              ],
              [
                86.91627434006945,
                27.899229308598873
              ],
              [
                86.91627440955413,
                27.899139034398655
              ],
              [
                86.91617279801316,
                27.899138972639477
              ]
            ],
            [
              [
                86.91627260301514,
                27.901486163262955
              ],
              [
                86.91627267249984,
                27.901395889089684
              ],
              [
                86.91637428614287,
                27.90139595078598
              ],
              [
                86.91637435554671,
                27.90130567661271
              ],
              [
                86.9164759690999,
                27.901305738228157
              ],
              [
                86.91647583046291,
                27.90148628657469
              ],
              [
                86.91627260301514,
                27.901486163262955
              ]
            ],
            [
              [
                86.91678246722307,
                27.89913934209859
              ],
              [
                86.91678253627657,
                27.899049067889386
              ],
              [
                86.91688414772771,
                27.89904912920839
              ],
              [
                86.91688407875506,
                27.899139403408608
              ],
              [
                86.91678246722307,
                27.89913934209859
              ]
            ],
            [
              [
                86.91708675139432,
                27.899861719405806
              ],
              [
                86.91708682019629,
                27.899771445214572
              ],
              [
                86.91718843232117,
                27.89977150630001
              ],
              [
                86.91718836360005,
                27.899861780500228
              ],
              [
                86.91708675139432,
                27.899861719405806
              ]
            ],
            [
              [
                86.91729134849442,
                27.898056357374703
              ],
              [
                86.91729141712571,
                27.89796608315652
              ],
              [
                86.91739302757074,
                27.897966144089242
              ],
              [
                86.91739295902029,
                27.898056418307426
              ],
              [
                86.91729134849442,
                27.898056357374703
              ]
            ],
            [
              [
                86.91769792718677,
                27.897876052229062
              ],
              [
                86.91769806376662,
                27.897695503783712
              ],
              [
                86.91779967396013,
                27.897695564419994
              ],
              [
                86.91779974216921,
                27.897605290192825
              ],
              [
                86.91800296237655,
                27.89760541124081
              ],
              [
                86.91800282629974,
                27.89778595968616
              ],
              [
                86.91779960575104,
                27.89778583863818
              ],
              [
                86.91779953754197,
                27.897876112865344
              ],
              [
                86.91769792718677,
                27.897876052229062
              ]
            ],
            [
              [
                86.91789985347874,
                27.89959138344051
              ],
              [
                86.9178999897352,
                27.899410835040072
              ],
              [
                86.91810321332021,
                27.899410955944326
              ],
              [
                86.91810314536266,
                27.89950123015353
              ],
              [
                86.91800153348032,
                27.899501169732844
              ],
              [
                86.91800146544192,
                27.89959144393306
              ],
              [
                86.91789985347874,
                27.89959138344051
              ]
            ],
            [
              [
                86.91800207784142,
                27.898778976086184
              ],
              [
                86.9180022139272,
                27.8985984276588
              ],
              [
                86.91820543599405,
                27.89859854841034
              ],
              [
                86.91820530024064,
                27.898779096837725
              ],
              [
                86.91800207784142,
                27.898778976086184
              ]
            ],
            [
              [
                86.91840886117897,
                27.898327846210886
              ],
              [
                86.91840892887602,
                27.898237571992702
              ],
              [
                86.91851053957258,
                27.89823763210796
              ],
              [
                86.91851047195638,
                27.898327906326145
              ],
              [
                86.91840886117897,
                27.898327846210886
              ]
            ],
            [
              [
                86.9185099986071,
                27.89895982582648
              ],
              [
                86.91851013384847,
                27.89877927740808
              ],
              [
                86.91861174505708,
                27.89877933744249
              ],
              [
                86.9186116099774,
                27.898959885869875
              ],
              [
                86.9185099986071,
                27.89895982582648
              ]
            ],
            [
              [
                86.9187118722129,
                27.900765429800842
              ],
              [
                86.91871193967637,
                27.90067515561859
              ],
              [
                86.91891516562394,
                27.900675275328084
              ],
              [
                86.91891509833114,
                27.90076554951932
              ],
              [
                86.9187118722129,
                27.900765429800842
              ]
            ],
            [
              [
                86.91871409822019,
                27.89778638099603
              ],
              [
                86.91871450291123,
                27.897244735624042
              ],
              [
                86.91881611268252,
                27.897244795505742
              ],
              [
                86.91881604531787,
                27.897335069741892
              ],
              [
                86.91891765517899,
                27.897335129551724
              ],
              [
                86.91891758789518,
                27.89742540377889
              ],
              [
                86.91901919783714,
                27.897425463516857
              ],
              [
                86.91901913064316,
                27.897515737753007
              ],
              [
                86.91912074066599,
                27.897515797410126
              ],
              [
                86.91912060643972,
                27.89769634587344
              ],
              [
                86.91901899624621,
                27.897696286207342
              ],
              [
                86.91901872746129,
                27.898057383107027
              ],
              [
                86.91891711693542,
                27.89805732336906
              ],
              [
                86.91891704965161,
                27.898147597596225
              ],
              [
                86.9188154390359,
                27.89814753777741
              ],
              [
                86.91881570850353,
                27.89778644088671
              ],
              [
                86.91871409822019,
                27.89778638099603
              ]
            ],
            [
              [
                86.91881415901746,
                27.899862747770193
              ],
              [
                86.91881429375577,
                27.899682199369757
              ],
              [
                86.91891590580879,
                27.899682259188573
              ],
              [
                86.9189159730926,
                27.899591984979374
              ],
              [
                86.91901758505578,
                27.899592044726322
              ],
              [
                86.91901751785282,
                27.89968231892654
              ],
              [
                86.91911912990584,
                27.89968237859264
              ],
              [
                86.91911899566159,
                27.899862926993077
              ],
              [
                86.91901738344689,
                27.899862867326974
              ],
              [
                86.91901731624392,
                27.89995314152719
              ],
              [
                86.91891570393938,
                27.899953081780243
              ],
              [
                86.91891577123218,
                27.89986280758901
              ],
              [
                86.91881415901746,
                27.899862747770193
              ]
            ],
            [
              [
                86.91891772245381,
                27.897244855315574
              ],
              [
                86.91891778973763,
                27.897154581088405
              ],
              [
                86.9190193994191,
                27.897154640817387
              ],
              [
                86.91901933222512,
                27.897244915053538
              ],
              [
                86.91891772245381,
                27.897244855315574
              ]
            ],
            [
              [
                86.91901778666468,
                27.8993212221077
              ],
              [
                86.91901785386764,
                27.899230947907483
              ],
              [
                86.91922107712028,
                27.899231067158837
              ],
              [
                86.9192209430557,
                27.89941161557724
              ],
              [
                86.91911933125422,
                27.899411555983004
              ],
              [
                86.91911939837634,
                27.899321281773805
              ],
              [
                86.91901778666468,
                27.8993212221077
              ]
            ],
            [
              [
                86.91911839157152,
                27.900675394741135
              ],
              [
                86.91911845869363,
                27.900585120549902
              ],
              [
                86.91922007159107,
                27.900585180144137
              ],
              [
                86.9192200045498,
                27.90067545433537
              ],
              [
                86.91911839157152,
                27.900675394741135
              ]
            ],
            [
              [
                86.9196268566534,
                27.900134046810322
              ],
              [
                86.91962705675311,
                27.89986322420967
              ],
              [
                86.91983028119152,
                27.89986334257169
              ],
              [
                86.91983034772075,
                27.899773068371474
              ],
              [
                86.91993195985461,
                27.899773127435704
              ],
              [
                86.91993182696683,
                27.899953675845122
              ],
              [
                86.9198302146623,
                27.89995361677191
              ],
              [
                86.91983008160383,
                27.900134165172346
              ],
              [
                86.9196268566534,
                27.900134046810322
              ]
            ],
            [
              [
                86.9199315611823,
                27.90031477262803
              ],
              [
                86.9199316276217,
                27.900224498436792
              ],
              [
                86.92003324018674,
                27.90022455742916
              ],
              [
                86.9200331738192,
                27.900314831629377
              ],
              [
                86.9199315611823,
                27.90031477262803
              ]
            ],
            [
              [
                86.92013432251221,
                27.900946809888516
              ],
              [
                86.92013438878992,
                27.900856535697283
              ],
              [
                86.92023600193887,
                27.900856594545917
              ],
              [
                86.92023593574203,
                27.90094686873715
              ],
              [
                86.92013432251221,
                27.900946809888516
              ]
            ],
            [
              [
                86.92013730480218,
                27.8968844702499
              ],
              [
                86.92013743733064,
                27.896703921768616
              ],
              [
                86.92023904659887,
                27.89670398060827
              ],
              [
                86.92023898041998,
                27.89679425484442
              ],
              [
                86.92034058976907,
                27.896794313612205
              ],
              [
                86.92034052367103,
                27.896884587848355
              ],
              [
                86.92013730480218,
                27.8968844702499
              ]
            ],
            [
              [
                86.92033761508783,
                27.900856653313703
              ],
              [
                86.92033774731087,
                27.900676104940217
              ],
              [
                86.92043936028914,
                27.90067616363614
              ],
              [
                86.9204392282368,
                27.900856712009624
              ],
              [
                86.92033761508783,
                27.900856653313703
              ]
            ],
            [
              [
                86.92054136891242,
                27.90013457707685
              ],
              [
                86.92054183048478,
                27.89950265765736
              ],
              [
                86.92074505424945,
                27.899502774671912
              ],
              [
                86.92074498848379,
                27.89959304887213
              ],
              [
                86.92084660044696,
                27.899593107271606
              ],
              [
                86.92084646907735,
                27.899773655681024
              ],
              [
                86.92074485694349,
                27.89977359729053
              ],
              [
                86.92074472540317,
                27.899954145690966
              ],
              [
                86.92084633770772,
                27.89995420409044
              ],
              [
                86.92084614064429,
                27.900225026691096
              ],
              [
                86.92074452808822,
                27.90022496829162
              ],
              [
                86.92074459386286,
                27.900134694091403
              ],
              [
                86.92054136891242,
                27.90013457707685
              ]
            ],
            [
              [
                86.9210498243913,
                27.899593223828013
              ],
              [
                86.92104988990543,
                27.899502949627795
              ],
              [
                86.92115150178778,
                27.89950300779371
              ],
              [
                86.92115143636347,
                27.89959328200291
              ],
              [
                86.9210498243913,
                27.899593223828013
              ]
            ],
            [
              [
                86.92115248323316,
                27.898148894529935
              ],
              [
                86.92115261409074,
                27.8979683460756
              ],
              [
                86.92125422454475,
                27.89796840416965
              ],
              [
                86.92125409385784,
                27.898148952623984
              ],
              [
                86.92115248323316,
                27.898148894529935
              ]
            ],
            [
              [
                86.92115366087957,
                27.896523958261263
              ],
              [
                86.92115379171919,
                27.896343409770996
              ],
              [
                86.92135700959092,
                27.89634352586028
              ],
              [
                86.92135687908367,
                27.89652407435953
              ],
              [
                86.92115366087957,
                27.896523958261263
              ]
            ],
            [
              [
                86.92145692404364,
                27.898690713914576
              ],
              [
                86.92145698922539,
                27.89860043969639
              ],
              [
                86.92155860026331,
                27.898600497565862
              ],
              [
                86.92155853517139,
                27.898690771784043
              ],
              [
                86.92145692404364,
                27.898690713914576
              ]
            ],
            [
              [
                86.92155729837988,
                27.900405981749877
              ],
              [
                86.9215573634718,
                27.900315707558644
              ],
              [
                86.92165897611771,
                27.900315765347266
              ],
              [
                86.92165891110663,
                27.900406039547484
              ],
              [
                86.92155729837988,
                27.900405981749877
              ]
            ],
            [
              [
                86.9215596416892,
                27.897156109868305
              ],
              [
                86.92155970678112,
                27.897065835632155
              ],
              [
                86.92176292600033,
                27.89706595112855
              ],
              [
                86.92176279616682,
                27.897246499609835
              ],
              [
                86.92166118638654,
                27.89724644190206
              ],
              [
                86.92166125138863,
                27.897156167656927
              ],
              [
                86.9215596416892,
                27.897156109868305
              ]
            ],
            [
              [
                86.92176091340578,
                27.899864452062932
              ],
              [
                86.92176104325725,
                27.899683903644533
              ],
              [
                86.92216749148727,
                27.89968413377494
              ],
              [
                86.92216742689841,
                27.899774407984143
              ],
              [
                86.92206581475556,
                27.899774350563828
              ],
              [
                86.92206575007685,
                27.89986462477303
              ],
              [
                86.92176091340578,
                27.899864452062932
              ]
            ],
            [
              [
                86.92206749617719,
                27.89742722078325
              ],
              [
                86.92206762550765,
                27.897246672301964
              ],
              [
                86.92216923528792,
                27.897246729722276
              ],
              [
                86.9221693644477,
                27.89706618123201
              ],
              [
                86.92227097405728,
                27.897066238571476
              ],
              [
                86.9222708450682,
                27.897246787061743
              ],
              [
                86.92237245484847,
                27.897246844320357
              ],
              [
                86.92237251925768,
                27.89715657008421
              ],
              [
                86.92267734835596,
                27.89715674141988
              ],
              [
                86.92267722003163,
                27.897337289901166
              ],
              [
                86.9225756101705,
                27.89733723286713
              ],
              [
                86.922575545923,
                27.897427507103277
              ],
              [
                86.92206749617719,
                27.89742722078325
              ]
            ],
            [
              [
                86.92216962276724,
                27.896705084251476
              ],
              [
                86.92216968734712,
                27.896614810006344
              ],
              [
                86.9222712965345,
                27.896614867345807
              ],
              [
                86.92227123204445,
                27.896705141590942
              ],
              [
                86.92216962276724,
                27.896705084251476
              ]
            ],
            [
              [
                86.92227058708103,
                27.897607884006344
              ],
              [
                86.92227065157108,
                27.897517609770194
              ],
              [
                86.92237226161187,
                27.897517667037793
              ],
              [
                86.92237219719368,
                27.897607941273943
              ],
              [
                86.92227058708103,
                27.897607884006344
              ]
            ],
            [
              [
                86.9224730353391,
                27.898691289213648
              ],
              [
                86.9224731640048,
                27.898510740768298
              ],
              [
                86.92257477497085,
                27.898510797883183
              ],
              [
                86.92257471072334,
                27.89860107211035
              ],
              [
                86.92267632177024,
                27.89860112915337
              ],
              [
                86.92267625760358,
                27.89869140338054
              ],
              [
                86.9224730353391,
                27.898691289213648
              ]
            ],
            [
              [
                86.9224736786586,
                27.897788546932993
              ],
              [
                86.92247374298697,
                27.897698272705828
              ],
              [
                86.92267696339194,
                27.89769838685475
              ],
              [
                86.92267689923426,
                27.8977886610909
              ],
              [
                86.9224736786586,
                27.897788546932993
              ]
            ],
            [
              [
                86.92277786873133,
                27.89869146034271
              ],
              [
                86.92277799689397,
                27.898510911897358
              ],
              [
                86.92287960786003,
                27.898510968787665
              ],
              [
                86.92287947986806,
                27.898691517242
              ],
              [
                86.92277786873133,
                27.89869146034271
              ]
            ],
            [
              [
                86.92298077143812,
                27.899142945160346
              ],
              [
                86.9229808992594,
                27.898962396723977
              ],
              [
                86.92308251064766,
                27.89896245346157
              ],
              [
                86.92308257447296,
                27.898872179243387
              ],
              [
                86.9232857970788,
                27.89887229250298
              ],
              [
                86.9232857334152,
                27.898962566730145
              ],
              [
                86.92318412203592,
                27.898962510136283
              ],
              [
                86.92318405829147,
                27.899052784354467
              ],
              [
                86.92308244682236,
                27.899052727679756
              ],
              [
                86.92308238298807,
                27.89914300189794
              ],
              [
                86.92298077143812,
                27.899142945160346
              ]
            ],
            [
              [
                86.92308295743375,
                27.89833053389835
              ],
              [
                86.92308308508434,
                27.898149985435033
              ],
              [
                86.92328630634272,
                27.898150098694625
              ],
              [
                86.92328617902449,
                27.89833064715794
              ],
              [
                86.92308295743375,
                27.89833053389835
              ]
            ],
            [
              [
                86.92328522413331,
                27.899684760448668
              ],
              [
                86.92328528779692,
                27.899594486239465
              ],
              [
                86.92348851175024,
                27.89959459920261
              ],
              [
                86.9234884482573,
                27.899684873420796
              ],
              [
                86.92328522413331,
                27.899684760448668
              ]
            ],
            [
              [
                86.92338931549159,
                27.896164121841654
              ],
              [
                86.92338944262117,
                27.895983573324436
              ],
              [
                86.92359265982815,
                27.895983686125888
              ],
              [
                86.92359253303094,
                27.896164234643102
              ],
              [
                86.92338931549159,
                27.896164121841654
              ]
            ],
            [
              [
                86.92348901968464,
                27.898872405466125
              ],
              [
                86.92348914666151,
                27.898691857020772
              ],
              [
                86.92369236892598,
                27.898691969687476
              ],
              [
                86.92369230561273,
                27.89878224390566
              ],
              [
                86.9237939168303,
                27.898782300131213
              ],
              [
                86.92379385358892,
                27.898872574349397
              ],
              [
                86.92389546489633,
                27.898872630494104
              ],
              [
                86.92389533858422,
                27.899053178939454
              ],
              [
                86.92369211564599,
                27.89905306657818
              ],
              [
                86.92369217896824,
                27.89896279235101
              ],
              [
                86.92359056757998,
                27.898962736062575
              ],
              [
                86.92359063098307,
                27.89887246183541
              ],
              [
                86.92348901968464,
                27.898872405466125
              ]
            ],
            [
              [
                86.92358967985584,
                27.900226575036303
              ],
              [
                86.92358974326791,
                27.900136300827103
              ],
              [
                86.92369135575211,
                27.90013635712452
              ],
              [
                86.92369141908334,
                27.9000460829243
              ],
              [
                86.92389464388107,
                27.90004619529456
              ],
              [
                86.92389445440841,
                27.900317017904197
              ],
              [
                86.92379284175352,
                27.900316961759493
              ],
              [
                86.92379290499493,
                27.900226687559275
              ],
              [
                86.92358967985584,
                27.900226575036303
              ]
            ],
            [
              [
                86.92369420511837,
                27.89607401666844
              ],
              [
                86.92369426843163,
                27.895983742414323
              ],
              [
                86.9237958770351,
                27.89598379862191
              ],
              [
                86.92379581381168,
                27.89607407288501
              ],
              [
                86.92369420511837,
                27.89607401666844
              ]
            ],
            [
              [
                86.92379442271657,
                27.898060106304893
              ],
              [
                86.9237945491814,
                27.897879557832592
              ],
              [
                86.9239977699367,
                27.897879670041156
              ],
              [
                86.92399770686599,
                27.897969944277307
              ],
              [
                86.92389609641197,
                27.89796988821345
              ],
              [
                86.9238960332604,
                27.898060162440615
              ],
              [
                86.92379442271657,
                27.898060106304893
              ]
            ],
            [
              [
                86.9240983725708,
                27.89932411365884
              ],
              [
                86.92409849854155,
                27.89914356522247
              ],
              [
                86.92420011010049,
                27.899143621142596
              ],
              [
                86.92420004720046,
                27.89923389536078
              ],
              [
                86.92430165884025,
                27.89923395120904
              ],
              [
                86.92430159603003,
                27.899324225427225
              ],
              [
                86.9240983725708,
                27.89932411365884
              ]
            ],
            [
              [
                86.92409875048305,
                27.89878246834075
              ],
              [
                86.92409881347292,
                27.898692194113583
              ],
              [
                86.92420042460067,
                27.89869225003371
              ],
              [
                86.92420048750071,
                27.898601975806542
              ],
              [
                86.92450532065938,
                27.898602143108782
              ],
              [
                86.92450525801087,
                27.898692417335948
              ],
              [
                86.9246068691476,
                27.89869247295963
              ],
              [
                86.92460680658893,
                27.898782747186797
              ],
              [
                86.92491164025066,
                27.898782913590722
              ],
              [
                86.9249115779435,
                27.898873187817887
              ],
              [
                86.92470835532868,
                27.8988730769568
              ],
              [
                86.92470829285085,
                27.898963351174984
              ],
              [
                86.92450507007433,
                27.898963240008467
              ],
              [
                86.92450519536236,
                27.898782691563117
              ],
              [
                86.92409875048305,
                27.89878246834075
              ]
            ],
            [
              [
                86.92420174542957,
                27.89679649102964
              ],
              [
                86.92420180832062,
                27.896706216775524
              ],
              [
                86.92430341760682,
                27.8967062726148
              ],
              [
                86.92430348041702,
                27.89661599836967
              ],
              [
                86.9244050896134,
                27.896616054128096
              ],
              [
                86.92440502688405,
                27.896706328382212
              ],
              [
                86.92450663617025,
                27.89670638406878
              ],
              [
                86.92450657353072,
                27.896796658322895
              ],
              [
                86.92440496416367,
                27.89679660263633
              ],
              [
                86.92440490143431,
                27.896886876881464
              ],
              [
                86.92430329198642,
                27.896886821123033
              ],
              [
                86.92430335479662,
                27.896796546868917
              ],
              [
                86.92420174542957,
                27.89679649102964
              ]
            ],
            [
              [
                86.92430134475329,
                27.899685322290978
              ],
              [
                86.92430140757247,
                27.899595048072793
              ],
              [
                86.92440301955362,
                27.89959510384919
              ],
              [
                86.92440295681529,
                27.89968537805839
              ],
              [
                86.92430134475329,
                27.899685322290978
              ]
            ],
            [
              [
                86.92440264314155,
                27.90013674911338
              ],
              [
                86.92440276861824,
                27.899956200694977
              ],
              [
                86.92460599324528,
                27.899956312014208
              ],
              [
                86.92460593068661,
                27.900046586223407
              ],
              [
                86.92470754308098,
                27.900046641775223
              ],
              [
                86.92470741811634,
                27.900227190184644
              ],
              [
                86.92450419297725,
                27.900227079018126
              ],
              [
                86.92450425562576,
                27.900136804808927
              ],
              [
                86.92440264314155,
                27.90013674911338
              ]
            ],
            [
              [
                86.924505884469,
                27.89778967501936
              ],
              [
                86.92450594710853,
                27.89769940077423
              ],
              [
                86.92460755731999,
                27.89769945639791
              ],
              [
                86.92460749476132,
                27.89778973063406
              ],
              [
                86.924505884469,
                27.89778967501936
              ]
            ],
            [
              [
                86.92470854276216,
                27.898602254275296
              ],
              [
                86.92470860523999,
                27.89851198004813
              ],
              [
                86.92481021621502,
                27.8985120355191
              ],
              [
                86.92481015381804,
                27.898602309746266
              ],
              [
                86.92470854276216,
                27.898602254275296
              ]
            ],
            [
              [
                86.9249136340165,
                27.895894137755434
              ],
              [
                86.92491369631468,
                27.895803863492336
              ],
              [
                86.92511691318926,
                27.895803974039016
              ],
              [
                86.92511685106177,
                27.895894248311098
              ],
              [
                86.9249136340165,
                27.895894137755434
              ]
            ],
            [
              [
                86.9251139926944,
                27.90004686320994
              ],
              [
                86.92511411698531,
                27.89986631479154
              ],
              [
                86.92531734145066,
                27.89986642505974
              ],
              [
                86.92531727947589,
                27.899956699277926
              ],
              [
                86.92521566716238,
                27.899956644175266
              ],
              [
                86.92521560509776,
                27.900046918384465
              ],
              [
                86.9251139926944,
                27.90004686320994
              ]
            ],
            [
              [
                86.92521597745844,
                27.899505273102314
              ],
              [
                86.92521603951405,
                27.89941499888413
              ],
              [
                86.9253176513335,
                27.89941505398679
              ],
              [
                86.92531758935874,
                27.89950532820497
              ],
              [
                86.92521597745844,
                27.899505273102314
              ]
            ],
            [
              [
                86.92531932453555,
                27.896977649655646
              ],
              [
                86.92531944846714,
                27.896797101147413
              ],
              [
                86.92562427656829,
                27.896797265970303
              ],
              [
                86.92562402972023,
                27.897158362977784
              ],
              [
                86.92552242001182,
                27.897158308108686
              ],
              [
                86.92552248180692,
                27.897068033863555
              ],
              [
                86.92542087218834,
                27.897067978913608
              ],
              [
                86.92542093407329,
                27.896977704668476
              ],
              [
                86.92531932453555,
                27.896977649655646
              ]
            ],
            [
              [
                86.92541982014437,
                27.898602640991044
              ],
              [
                86.9254198820293,
                27.898512366763878
              ],
              [
                86.92552149299536,
                27.89851242170484
              ],
              [
                86.92552155479946,
                27.89842214746869
              ],
              [
                86.92572477657885,
                27.89842225713502
              ],
              [
                86.92572471494543,
                27.89851253137117
              ],
              [
                86.9256231039704,
                27.898512476573938
              ],
              [
                86.92562304225613,
                27.898602750801103
              ],
              [
                86.92541982014437,
                27.898602640991044
              ]
            ],
            [
              [
                86.92552050412091,
                27.899956809249684
              ],
              [
                86.925520565925,
                27.8998665350315
              ],
              [
                86.92572379039935,
                27.89986664470681
              ],
              [
                86.92572372875695,
                27.89995691891601
              ],
              [
                86.92552050412091,
                27.899956809249684
              ]
            ],
            [
              [
                86.92562193126471,
                27.900227686746383
              ],
              [
                86.92562199298796,
                27.90013741253718
              ],
              [
                86.92572360548114,
                27.9001374673434
              ],
              [
                86.92572354383874,
                27.900227741552598
              ],
              [
                86.92562193126471,
                27.900227686746383
              ]
            ],
            [
              [
                86.9256237828542,
                27.897519459958318
              ],
              [
                86.9256239062917,
                27.89733891146805
              ],
              [
                86.92572551616182,
                27.897338966265284
              ],
              [
                86.9257254545284,
                27.897429240510416
              ],
              [
                86.92582706448835,
                27.8974292952268
              ],
              [
                86.92582700294477,
                27.897519569471935
              ],
              [
                86.9256237828542,
                27.897519459958318
              ]
            ],
            [
              [
                86.92562489368393,
                27.895894523375237
              ],
              [
                86.92562501711245,
                27.895713974840053
              ],
              [
                86.92582823382536,
                27.895714084344686
              ],
              [
                86.9258281107382,
                27.89589463287987
              ],
              [
                86.92562489368393,
                27.895894523375237
              ]
            ],
            [
              [
                86.92572416022676,
                27.89932499940669
              ],
              [
                86.92572428349358,
                27.89914445096134
              ],
              [
                86.92613072974731,
                27.899144669395685
              ],
              [
                86.9261308523404,
                27.898964120950332
              ],
              [
                86.92602924094315,
                27.898964066449544
              ],
              [
                86.92602954786156,
                27.898512695304728
              ],
              [
                86.92582632591149,
                27.898512586087556
              ],
              [
                86.92582651056019,
                27.898241763388086
              ],
              [
                86.92602973199823,
                27.898241872605258
              ],
              [
                86.92602979338011,
                27.898151598369108
              ],
              [
                86.92582657211275,
                27.898151489151935
              ],
              [
                86.9258266952089,
                27.897970940679635
              ],
              [
                86.92592830567189,
                27.897970995324155
              ],
              [
                86.92592836713463,
                27.897880721088004
              ],
              [
                86.92613158789892,
                27.897880830143478
              ],
              [
                86.92613164919996,
                27.897790555907328
              ],
              [
                86.92623325949228,
                27.89779061032727
              ],
              [
                86.92623332070347,
                27.897700336082135
              ],
              [
                86.92633493091495,
                27.89770039043021
              ],
              [
                86.92633480866321,
                27.897880938911495
              ],
              [
                86.92623319828107,
                27.89788088456342
              ],
              [
                86.92623283101385,
                27.898422529989304
              ],
              [
                86.92633444190804,
                27.89842258433738
              ],
              [
                86.92633438077767,
                27.898512858564548
              ],
              [
                86.92643599175271,
                27.898512912840754
              ],
              [
                86.9264359307032,
                27.898603187067923
              ],
              [
                86.92674076387985,
                27.898603349429425
              ],
              [
                86.92674070309086,
                27.898693623665576
              ],
              [
                86.9269439253733,
                27.89869373153528
              ],
              [
                86.92694386475499,
                27.898784005762444
              ],
              [
                86.92684225351944,
                27.89878395186353
              ],
              [
                86.92684219281129,
                27.89887422609968
              ],
              [
                86.92663897019646,
                27.898874118077263
              ],
              [
                86.92663903106632,
                27.898783843850097
              ],
              [
                86.92633419738662,
                27.898783681264014
              ],
              [
                86.92633413625626,
                27.89887395549118
              ],
              [
                86.92643574757265,
                27.89887400975841
              ],
              [
                86.92643568652315,
                27.898964283985574
              ],
              [
                86.92674052071489,
                27.89896444635606
              ],
              [
                86.9267404599169,
                27.89905472058323
              ],
              [
                86.92663884843881,
                27.899054666531597
              ],
              [
                86.92663872668116,
                27.899235214985932
              ],
              [
                86.92633389174382,
                27.899235052390868
              ],
              [
                86.92633383061347,
                27.89932532660905
              ],
              [
                86.92623221887486,
                27.899325272260974
              ],
              [
                86.92623228009505,
                27.899234998042793
              ],
              [
                86.92613066844628,
                27.89923494362285
              ],
              [
                86.92613060714524,
                27.899325217841035
              ],
              [
                86.92572416022676,
                27.89932499940669
              ]
            ],
            [
              [
                86.92602874987911,
                27.899686260221966
              ],
              [
                86.92602881126099,
                27.89959598600378
              ],
              [
                86.92613042324214,
                27.89959604050457
              ],
              [
                86.9261303619411,
                27.899686314713772
              ],
              [
                86.92602874987911,
                27.899686260221966
              ]
            ],
            [
              [
                86.92603138916535,
                27.895804467815978
              ],
              [
                86.92603145053825,
                27.895714193552877
              ],
              [
                86.92623466726012,
                27.895714302455637
              ],
              [
                86.9262346060579,
                27.89580457671874
              ],
              [
                86.92633621449968,
                27.89580463105783
              ],
              [
                86.92633609225695,
                27.895985179593012
              ],
              [
                86.92623448364448,
                27.895985125253922
              ],
              [
                86.9262345448467,
                27.89589485099082
              ],
              [
                86.92613293632407,
                27.895894796570882
              ],
              [
                86.92613299760713,
                27.89580452230778
              ],
              [
                86.92603138916535,
                27.895804467815978
              ]
            ],
            [
              [
                86.92633505316667,
                27.897519841939943
              ],
              [
                86.92633511429703,
                27.89742956769481
              ],
              [
                86.92643672425697,
                27.897429621962036
              ],
              [
                86.92643666321645,
                27.89751989620717
              ],
              [
                86.92633505316667,
                27.897519841939943
              ]
            ],
            [
              [
                86.92643727361269,
                27.896617153692954
              ],
              [
                86.92643733464423,
                27.896526879429853
              ],
              [
                86.92653894376875,
                27.896526933625214
              ],
              [
                86.92653900471943,
                27.896436659362116
              ],
              [
                86.92694544085813,
                27.89643687537999
              ],
              [
                86.9269453802488,
                27.89652714964309
              ],
              [
                86.92704698936433,
                27.89652720346116
              ],
              [
                86.92704692883584,
                27.896617477715278
              ],
              [
                86.92725014724655,
                27.896617585126837
              ],
              [
                86.92725020760436,
                27.896527310863735
              ],
              [
                86.92735181672886,
                27.896527364457224
              ],
              [
                86.92735193728276,
                27.896346815931025
              ],
              [
                86.9271487193841,
                27.89634670867218
              ],
              [
                86.92714877982276,
                27.896256434409082
              ],
              [
                86.92725038869573,
                27.89625648808342
              ],
              [
                86.92725044905353,
                27.896166213811338
              ],
              [
                86.92745366661983,
                27.89616632092645
              ],
              [
                86.92745354623659,
                27.89634686945265
              ],
              [
                86.92765676414425,
                27.896346976262336
              ],
              [
                86.92765670411882,
                27.896437250525437
              ],
              [
                86.9277583131535,
                27.8964373038135
              ],
              [
                86.92775819327332,
                27.8966178523397
              ],
              [
                86.92765658406798,
                27.896617799042655
              ],
              [
                86.9276566440934,
                27.89652752478854
              ],
              [
                86.92745342584438,
                27.89652741797885
              ],
              [
                86.92745336565726,
                27.896617692232965
              ],
              [
                86.92735175644292,
                27.896617638720326
              ],
              [
                86.92735169616597,
                27.896707912974442
              ],
              [
                86.92725008687977,
                27.896707859380953
              ],
              [
                86.92725002651298,
                27.89679813364405
              ],
              [
                86.92704680776988,
                27.896798026232492
              ],
              [
                86.92704686829838,
                27.896707751978376
              ],
              [
                86.92653882185837,
                27.896707482142432
              ],
              [
                86.92653888280907,
                27.89661720787933
              ],
              [
                86.92643727361269,
                27.896617153692954
              ]
            ],
            [
              [
                86.92674270905583,
                27.89571457339651
              ],
              [
                86.92674276983584,
                27.895624299133413
              ],
              [
                86.92704759466713,
                27.89562446079423
              ],
              [
                86.92704753413865,
                27.895714735066313
              ],
              [
                86.92714914249959,
                27.895714788812516
              ],
              [
                86.92714908206094,
                27.895805063075617
              ],
              [
                86.9268442567176,
                27.89580490163039
              ],
              [
                86.92684431741677,
                27.895714627367294
              ],
              [
                86.92674270905583,
                27.89571457339651
              ]
            ],
            [
              [
                86.92684255706017,
                27.898332580700743
              ],
              [
                86.92684279988377,
                27.897971483747156
              ],
              [
                86.92694441034678,
                27.897971537646075
              ],
              [
                86.92694428911014,
                27.898152086127357
              ],
              [
                86.92724912102015,
                27.898152247356986
              ],
              [
                86.92724900028658,
                27.898332795838268
              ],
              [
                86.92714738947323,
                27.89833274216393
              ],
              [
                86.9271473290256,
                27.89842301640008
              ],
              [
                86.92694410723723,
                27.89842290883581
              ],
              [
                86.92694416786453,
                27.898332634599658
              ],
              [
                86.92684255706017,
                27.898332580700743
              ]
            ],
            [
              [
                86.92694362225477,
                27.899145102671113
              ],
              [
                86.92694368288207,
                27.89905482845293
              ],
              [
                86.92714690583826,
                27.8990549360172
              ],
              [
                86.9271470267515,
                27.898874387562866
              ],
              [
                86.9272486380679,
                27.898874441237204
              ],
              [
                86.92724869843468,
                27.898784167001054
              ],
              [
                86.92735030966124,
                27.898784220603527
              ],
              [
                86.92735024937531,
                27.898874494830693
              ],
              [
                86.9274518606917,
                27.898874548352318
              ],
              [
                86.92745168008541,
                27.899145371042803
              ],
              [
                86.92735006851748,
                27.899145317521178
              ],
              [
                86.92735000823154,
                27.899235591739362
              ],
              [
                86.92704517327624,
                27.89923543072533
              ],
              [
                86.9270452338227,
                27.899145156498165
              ],
              [
                86.92694362225477,
                27.899145102671113
              ]
            ],
            [
              [
                86.9269439860006,
                27.898603457299128
              ],
              [
                86.92694404661891,
                27.89851318307196
              ],
              [
                86.92704565759395,
                27.89851323689003
              ],
              [
                86.92704559705648,
                27.89860351112618
              ],
              [
                86.9269439860006,
                27.898603457299128
              ]
            ],
            [
              [
                86.9269456227041,
                27.896166052590694
              ],
              [
                86.92694568332242,
                27.896075778327592
              ],
              [
                86.92704729202471,
                27.896075832145662
              ],
              [
                86.92704723148724,
                27.89616610640876
              ],
              [
                86.9269456227041,
                27.896166052590694
              ]
            ],
            [
              [
                86.92724942286307,
                27.897700876149283
              ],
              [
                86.92724960395445,
                27.897430053413885
              ],
              [
                86.92735121392337,
                27.897430107007374
              ],
              [
                86.92735115363743,
                27.89752038125251
              ],
              [
                86.9274527636872,
                27.897520434774133
              ],
              [
                86.9274527034911,
                27.897610709019265
              ],
              [
                86.92755431362171,
                27.89761076246004
              ],
              [
                86.92755425350646,
                27.897701036714157
              ],
              [
                86.92745264329498,
                27.8977009832644
              ],
              [
                86.92745258309888,
                27.89779125750953
              ],
              [
                86.92755419340018,
                27.897791310959292
              ],
              [
                86.92755413328493,
                27.897881585195442
              ],
              [
                86.92765574366707,
                27.897881638573335
              ],
              [
                86.92765562360724,
                27.89806218705462
              ],
              [
                86.9275540130544,
                27.89806213368571
              ],
              [
                86.92755407316966,
                27.897971859440574
              ],
              [
                86.92745246269769,
                27.8979718059998
              ],
              [
                86.92745252289379,
                27.897881531754667
              ],
              [
                86.92735091251164,
                27.897881478233042
              ],
              [
                86.92735103307454,
                27.897700929742776
              ],
              [
                86.92724942286307,
                27.897700876149283
              ]
            ],
            [
              [
                86.92745204129798,
                27.898603725661836
              ],
              [
                86.9274521014941,
                27.898513451425686
              ],
              [
                86.92755371246913,
                27.898513504875442
              ],
              [
                86.92755365235386,
                27.89860377910261
              ],
              [
                86.92745204129798,
                27.898603725661836
              ]
            ],
            [
              [
                86.92745402777851,
                27.89562467531192
              ],
              [
                86.92745408797461,
                27.895534401030854
              ],
              [
                86.92765730436412,
                27.89553450784054
              ],
              [
                86.92765724433869,
                27.895624782112623
              ],
              [
                86.92745402777851,
                27.89562467531192
              ]
            ],
            [
              [
                86.92765484318684,
                27.89923575208864
              ],
              [
                86.92765496325566,
                27.89905520363431
              ],
              [
                86.92775657473376,
                27.89905525693135
              ],
              [
                86.92775651478918,
                27.89914553115852
              ],
              [
                86.92785812634813,
                27.8991455843837
              ],
              [
                86.92785806648439,
                27.89923585861087
              ],
              [
                86.92765484318684,
                27.89923575208864
              ]
            ],
            [
              [
                86.92775753389193,
                27.897610869125998
              ],
              [
                86.9277576537811,
                27.89743032063573
              ],
              [
                86.92785926375002,
                27.89743037385193
              ],
              [
                86.92785920388629,
                27.897520648097064
              ],
              [
                86.92796081393605,
                27.897520701241394
              ],
              [
                86.92796075416216,
                27.89761097549551
              ],
              [
                86.92775753389193,
                27.897610869125998
              ]
            ],
            [
              [
                86.92775795350398,
                27.896978949374134
              ],
              [
                86.92775801343959,
                27.896888675111033
              ],
              [
                86.92785962290546,
                27.89688872833621
              ],
              [
                86.92785956304172,
                27.896979002590328
              ],
              [
                86.92775795350398,
                27.896978949374134
              ]
            ],
            [
              [
                86.9278593834685,
                27.89724982535268
              ],
              [
                86.92785950318698,
                27.897069276844444
              ],
              [
                86.92826594169723,
                27.89706948897262
              ],
              [
                86.92826582265249,
                27.897250037480852
              ],
              [
                86.92816421285424,
                27.897249984561096
              ],
              [
                86.92816415325102,
                27.89734025880623
              ],
              [
                86.92806254337194,
                27.89734020581461
              ],
              [
                86.92806260306499,
                27.897249931560495
              ],
              [
                86.9278593834685,
                27.89724982535268
              ]
            ],
            [
              [
                86.92796009660435,
                27.898603992147063
              ],
              [
                86.92796015637826,
                27.898513717910912
              ],
              [
                86.92806176736228,
                27.89851377098338
              ],
              [
                86.92806188674838,
                27.89833322251108
              ],
              [
                86.92816349756171,
                27.898333275502697
              ],
              [
                86.92816343794951,
                27.898423549747832
              ],
              [
                86.9282650488437,
                27.898423602667584
              ],
              [
                86.92826498931234,
                27.898513876903735
              ],
              [
                86.92816337833732,
                27.898513823983983
              ],
              [
                86.9281632591129,
                27.8986943724473
              ],
              [
                86.92826487025862,
                27.898694425376036
              ],
              [
                86.92826475120489,
                27.89887497383935
              ],
              [
                86.92806152858108,
                27.898874867918998
              ],
              [
                86.92806170766023,
                27.898604045219532
              ],
              [
                86.92796009660435,
                27.898603992147063
              ]
            ],
            [
              [
                86.92796171054455,
                27.89616658738473
              ],
              [
                86.92796177031845,
                27.896076313112648
              ],
              [
                86.92826659642535,
                27.896076472087504
              ],
              [
                86.92826653690297,
                27.896166746359587
              ],
              [
                86.92796171054455,
                27.89616658738473
              ]
            ],
            [
              [
                86.92796212894388,
                27.895534667489134
              ],
              [
                86.92796224848269,
                27.895354118935984
              ],
              [
                86.92826707256837,
                27.895354277901856
              ],
              [
                86.928267013046,
                27.895444552182923
              ],
              [
                86.9283686211644,
                27.89544460502183
              ],
              [
                86.92836850229932,
                27.895625153574976
              ],
              [
                86.92826689401923,
                27.895625100736073
              ],
              [
                86.92826683449685,
                27.895715375008155
              ],
              [
                86.92816522613592,
                27.895715322088403
              ],
              [
                86.92816528573914,
                27.895625047816317
              ],
              [
                86.92806367745905,
                27.8956249948247
              ],
              [
                86.92806373714312,
                27.895534720552618
              ],
              [
                86.92796212894388,
                27.895534667489134
              ]
            ],
            [
              [
                86.92806087190364,
                27.899867884390886
              ],
              [
                86.92806105100075,
                27.899597061727352
              ],
              [
                86.92816266299089,
                27.899597114727953
              ],
              [
                86.92816272260309,
                27.89950684050977
              ],
              [
                86.92826433451236,
                27.899506893429525
              ],
              [
                86.92826439403474,
                27.89941661921134
              ],
              [
                86.92836600586317,
                27.89941667205923
              ],
              [
                86.92836576807912,
                27.899777768949928
              ],
              [
                86.92826415591831,
                27.89977771609306
              ],
              [
                86.92826409638695,
                27.899867990311243
              ],
              [
                86.92806087190364,
                27.899867884390886
              ]
            ],
            [
              [
                86.92806134948397,
                27.899145690609483
              ],
              [
                86.928061409186,
                27.899055416373333
              ],
              [
                86.92826463215117,
                27.89905552230267
              ],
              [
                86.9282645726288,
                27.899145796529837
              ],
              [
                86.92806134948397,
                27.899145690609483
              ]
            ],
            [
              [
                86.92816367638933,
                27.898062452785265
              ],
              [
                86.92816379560476,
                27.897881904294998
              ],
              [
                86.92826540599589,
                27.89788195721475
              ],
              [
                86.92826528694216,
                27.898062505705017
              ],
              [
                86.92816367638933,
                27.898062452785265
              ]
            ],
            [
              [
                86.92816457049152,
                27.89670833901843
              ],
              [
                86.92816468970695,
                27.896527790501214
              ],
              [
                86.92826629883145,
                27.89652784342097
              ],
              [
                86.92826635834484,
                27.896437569157868
              ],
              [
                86.92846957642317,
                27.896437674763813
              ],
              [
                86.92846945771979,
                27.896618223290012
              ],
              [
                86.92836784851444,
                27.896618170522974
              ],
              [
                86.92836778908189,
                27.89670844478607
              ],
              [
                86.92816457049152,
                27.89670833901843
              ]
            ],
            [
              [
                86.92836624363825,
                27.89905557515056
              ],
              [
                86.92836636252129,
                27.898875026687243
              ],
              [
                86.92846797383768,
                27.898875079463263
              ],
              [
                86.92846785512532,
                27.899055627917598
              ],
              [
                86.92836624363825,
                27.89905557515056
              ]
            ],
            [
              [
                86.9283671947026,
                27.89761118732724
              ],
              [
                86.92836737301819,
                27.89734036457387
              ],
              [
                86.92846898289729,
                27.897340417340914
              ],
              [
                86.92846880483323,
                27.897611240094278
              ],
              [
                86.9283671947026,
                27.89761118732724
              ]
            ],
            [
              [
                86.92846827063208,
                27.898423708282515
              ],
              [
                86.92846832998377,
                27.898333434046364
              ],
              [
                86.9285699407971,
                27.89833348674154
              ],
              [
                86.92856988152626,
                27.89842376098667
              ],
              [
                86.92846827063208,
                27.898423708282515
              ]
            ],
            [
              [
                86.92846844870512,
                27.89815288556508
              ],
              [
                86.92846862676917,
                27.89788206283866
              ],
              [
                86.9285702371603,
                27.897882115533836
              ],
              [
                86.9285700593388,
                27.898152938260253
              ],
              [
                86.92846844870512,
                27.89815288556508
              ]
            ],
            [
              [
                86.92867190673245,
                27.89779189391201
              ],
              [
                86.92867202510345,
                27.897611345412763
              ],
              [
                86.92887524538266,
                27.89761145042582
              ],
              [
                86.92887512734403,
                27.89779199892507
              ],
              [
                86.92867190673245,
                27.89779189391201
              ]
            ],
            [
              [
                86.9286734455016,
                27.895444763098368
              ],
              [
                86.92867350468262,
                27.895354488817304
              ],
              [
                86.92887672073974,
                27.895354593821377
              ],
              [
                86.9288766617294,
                27.89544486810244
              ],
              [
                86.9286734455016,
                27.895444763098368
              ]
            ],
            [
              [
                86.92897555892092,
                27.89959753602884
              ],
              [
                86.9289756178594,
                27.89950726180167
              ],
              [
                86.92907722976867,
                27.899507314128538
              ],
              [
                86.92907728861731,
                27.89941703990137
              ],
              [
                86.92917890044575,
                27.89941709215637
              ],
              [
                86.92917872413341,
                27.89968791482889
              ],
              [
                86.92907711205343,
                27.899687862582873
              ],
              [
                86.92907717091106,
                27.899597588355704
              ],
              [
                86.92897555892092,
                27.89959753602884
              ]
            ],
            [
              [
                86.92928016015256,
                27.899958789666574
              ],
              [
                86.9292802188395,
                27.89986851544839
              ],
              [
                86.92938183108114,
                27.899868567550676
              ],
              [
                86.92938177247507,
                27.89995884176886
              ],
              [
                86.92928016015256,
                27.899958789666574
              ]
            ],
            [
              [
                86.9292808056909,
                27.898965773185704
              ],
              [
                86.92928086437783,
                27.898875498949554
              ],
              [
                86.92938247569423,
                27.898875551051837
              ],
              [
                86.92938241709713,
                27.898965825279006
              ],
              [
                86.9292808056909,
                27.898965773185704
              ]
            ],
            [
              [
                86.92958733430288,
                27.89634797599742
              ],
              [
                86.92958739272932,
                27.896257701734317
              ],
              [
                86.92968900160228,
                27.89625775360304
              ],
              [
                86.9296889432657,
                27.896348027875124
              ],
              [
                86.92958733430288,
                27.89634797599742
              ]
            ],
            [
              [
                86.92999336353171,
                27.89698010287384
              ],
              [
                86.92999342161677,
                27.896889828619724
              ],
              [
                86.93019664054852,
                27.896889931683436
              ],
              [
                86.93019669847187,
                27.896799657420335
              ],
              [
                86.93029830784792,
                27.896799708839904
              ],
              [
                86.93029819218084,
                27.896980257366103
              ],
              [
                86.93039980172755,
                27.89698030870482
              ],
              [
                86.93039974397486,
                27.89707058296792
              ],
              [
                86.9300949150742,
                27.89707042870922
              ],
              [
                86.93009497307843,
                27.89698015444612
              ],
              [
                86.92999336353171,
                27.89698010287384
              ]
            ],
            [
              [
                86.93019698806178,
                27.896348286095854
              ],
              [
                86.93019710389953,
                27.89616773755169
              ],
              [
                86.9304003214748,
                27.896167840318956
              ],
              [
                86.93040014823471,
                27.896438663126222
              ],
              [
                86.93029853918206,
                27.89643861177852
              ],
              [
                86.93029859702459,
                27.89634833751542
              ],
              [
                86.93019698806178,
                27.896348286095854
              ]
            ],
            [
              [
                86.93039991723293,
                27.896799760187605
              ],
              [
                86.93040003272932,
                27.896619211661406
              ],
              [
                86.930603251158,
                27.896619314123246
              ],
              [
                86.93060313599399,
                27.896799862649445
              ],
              [
                86.93039991723293,
                27.896799760187605
              ]
            ],
            [
              [
                86.93050106527916,
                27.89752200552332
              ],
              [
                86.930501122942,
                27.897431731269204
              ],
              [
                86.93060273291992,
                27.897431782464192
              ],
              [
                86.93060267532893,
                27.89752205671831
              ],
              [
                86.93050106527916,
                27.89752200552332
              ]
            ],
            [
              [
                86.9305012382767,
                27.89725118276097
              ],
              [
                86.9305013536114,
                27.897070634243757
              ],
              [
                86.93060296324795,
                27.897070685438745
              ],
              [
                86.93060290566595,
                27.89716095969286
              ],
              [
                86.93080612510971,
                27.89716106186724
              ],
              [
                86.9308060676894,
                27.897251336121357
              ],
              [
                86.9305012382767,
                27.89725118276097
              ]
            ],
            [
              [
                86.93080572320346,
                27.897792981646056
              ],
              [
                86.9308058380351,
                27.897612433146808
              ],
              [
                86.9310090583143,
                27.89761253501576
              ],
              [
                86.93100900106468,
                27.897702809269877
              ],
              [
                86.9311106112941,
                27.897702860087573
              ],
              [
                86.93111049696552,
                27.897883408595806
              ],
              [
                86.93090727617428,
                27.897883306870582
              ],
              [
                86.93090733351374,
                27.89779303262545
              ],
              [
                86.93080572320346,
                27.897792981646056
              ]
            ],
            [
              [
                86.93090653084208,
                27.899056872021387
              ],
              [
                86.93090670284252,
                27.898786049312935
              ],
              [
                86.93100831407806,
                27.898786100211478
              ],
              [
                86.93100814232916,
                27.89905692291993
              ],
              [
                86.93090653084208,
                27.899056872021387
              ]
            ],
            [
              [
                86.93141515742307,
                27.898154383362083
              ],
              [
                86.93141527124861,
                27.897973834862835
              ],
              [
                86.93161849221053,
                27.897973935842455
              ],
              [
                86.93161832197978,
                27.898244758586838
              ],
              [
                86.9315167112473,
                27.898244708137454
              ],
              [
                86.93151676807472,
                27.898154433883338
              ],
              [
                86.93141515742307,
                27.898154383362083
              ]
            ],
            [
              [
                86.91607174364326,
                27.898416717143814
              ],
              [
                86.91617335450151,
                27.89841677898384
              ],
              [
                86.91617342406705,
                27.898326504765656
              ],
              [
                86.91627503483548,
                27.898326566533814
              ],
              [
                86.91627496535978,
                27.898416840743014
              ],
              [
                86.91637657622701,
                27.898416902430323
              ],
              [
                86.91637650683215,
                27.898507176639527
              ],
              [
                86.91607167400586,
                27.898506991353017
              ],
              [
                86.91607174364326,
                27.898416717143814
              ]
            ],
            [
              [
                86.93070520535235,
                27.896077719622856
              ],
              [
                86.93080681406364,
                27.89607777067411
              ],
              [
                86.93080675665232,
                27.896168044946194
              ],
              [
                86.93070514786018,
                27.896167993894938
              ],
              [
                86.93070520535235,
                27.896077719622856
              ]
            ],
            [
              [
                86.92724821546445,
                27.899506360809408
              ],
              [
                86.92724815508868,
                27.899596635036573
              ],
              [
                86.92714654310753,
                27.899596581362236
              ],
              [
                86.92714660356414,
                27.89950630714405
              ],
              [
                86.92724821546445,
                27.899506360809408
              ]
            ],
            [
              [
                86.91302262411727,
                27.899407843389664
              ],
              [
                86.91302255193764,
                27.8994981175809
              ],
              [
                86.91292094008226,
                27.899498053423223
              ],
              [
                86.91292101234274,
                27.89940777923199
              ],
              [
                86.91302262411727,
                27.899407843389664
              ]
            ],
            [
              [
                86.9174947064674,
                27.89787593073192
              ],
              [
                86.91729148575699,
                27.89787580892935
              ],
              [
                86.91729155438829,
                27.897785534711165
              ],
              [
                86.917494774928,
                27.89778565650475
              ],
              [
                86.9174947064674,
                27.89787593073192
              ]
            ],
            [
              [
                86.92755539562451,
                27.895985825832046
              ],
              [
                86.92755545573078,
                27.895895551559963
              ],
              [
                86.9276570642624,
                27.895895604928874
              ],
              [
                86.92765712428783,
                27.89580533065679
              ],
              [
                86.92786034118937,
                27.89580543716105
              ],
              [
                86.9278602214709,
                27.895985985705217
              ],
              [
                86.92755539562451,
                27.895985825832046
              ]
            ],
            [
              [
                86.91485043487666,
                27.900943646641924
              ],
              [
                86.91495204809748,
                27.90094370938026
              ],
              [
                86.91495197751685,
                27.901033983562513
              ],
              [
                86.91485036421517,
                27.90103392081519
              ],
              [
                86.91485043487666,
                27.900943646641924
              ]
            ],
            [
              [
                86.91485043487666,
                27.900943646641924
              ],
              [
                86.91474882166482,
                27.900943583822734
              ],
              [
                86.91474896315846,
                27.9007630354762
              ],
              [
                86.9148505762086,
                27.900763098286404
              ],
              [
                86.91485043487666,
                27.900943646641924
              ]
            ],
            [
              [
                86.92948537429643,
                27.896889569635427
              ],
              [
                86.9294854328037,
                27.89679929538131
              ],
              [
                86.92938382341869,
                27.896799243359872
              ],
              [
                86.92938399920102,
                27.896528420570572
              ],
              [
                86.92948560832552,
                27.89652847259201
              ],
              [
                86.92948554981825,
                27.89661874685511
              ],
              [
                86.9295871590326,
                27.8966187987957
              ],
              [
                86.92958698375331,
                27.896889621585
              ],
              [
                86.92948537429643,
                27.896889569635427
              ]
            ],
            [
              [
                86.91302262411727,
                27.899407843389664
              ],
              [
                86.9130226962969,
                27.89931756919843
              ],
              [
                86.9131243079906,
                27.899317633284245
              ],
              [
                86.91312423589181,
                27.899407907484463
              ],
              [
                86.91302262411727,
                27.899407843389664
              ]
            ],
            [
              [
                86.9174947064674,
                27.89787593073192
              ],
              [
                86.91759631682258,
                27.897875991520916
              ],
              [
                86.91759624845182,
                27.8979662657391
              ],
              [
                86.91749463800679,
                27.897966204950105
              ],
              [
                86.9174947064674,
                27.89787593073192
              ]
            ],
            [
              [
                86.92521814934224,
                27.896345674783156
              ],
              [
                86.92521802524898,
                27.89652622329139
              ],
              [
                86.9253196343645,
                27.896526278385064
              ],
              [
                86.9253195723987,
                27.89661655263918
              ],
              [
                86.92521796319335,
                27.896616497545505
              ],
              [
                86.92521790114672,
                27.89670677179962
              ],
              [
                86.92511629186052,
                27.89670671663408
              ],
              [
                86.92511635399698,
                27.896616442379962
              ],
              [
                86.9250147448006,
                27.896616387142554
              ],
              [
                86.92501486923524,
                27.89643583863432
              ],
              [
                86.92491326020955,
                27.89643578331607
              ],
              [
                86.92491332250772,
                27.896345509061952
              ],
              [
                86.92521814934224,
                27.896345674783156
              ]
            ],
            [
              [
                86.92897644297994,
                27.898243422540485
              ],
              [
                86.92897626617354,
                27.898514245257918
              ],
              [
                86.92877304421448,
                27.898514140388592
              ],
              [
                86.92877310331464,
                27.89842386615244
              ],
              [
                86.92867149242045,
                27.898423813600996
              ],
              [
                86.92867155161045,
                27.898333539364845
              ],
              [
                86.92877316242378,
                27.89833359191629
              ],
              [
                86.92877322152394,
                27.898243317671156
              ],
              [
                86.92897644297994,
                27.898243422540485
              ]
            ],
            [
              [
                86.91454630439816,
                27.900040716155235
              ],
              [
                86.914749529142,
                27.900040842009204
              ],
              [
                86.91474938764836,
                27.90022139038269
              ],
              [
                86.91464777511025,
                27.90022132749164
              ],
              [
                86.9146477042781,
                27.900311601682873
              ],
              [
                86.91454609165015,
                27.90031153871097
              ],
              [
                86.91454630439816,
                27.900040716155235
              ]
            ],
            [
              [
                86.91698555251244,
                27.89932001305618
              ],
              [
                86.91698541473782,
                27.899500561456613
              ],
              [
                86.91688380286448,
                27.899500500218462
              ],
              [
                86.91688373389184,
                27.899590774409695
              ],
              [
                86.91678212193763,
                27.899590713099677
              ],
              [
                86.91678226005361,
                27.89941016469924
              ],
              [
                86.91688387183713,
                27.899410226018244
              ],
              [
                86.91688394080977,
                27.899319951818025
              ],
              [
                86.91698555251244,
                27.89932001305618
              ]
            ],
            [
              [
                86.93070520535235,
                27.896077719622856
              ],
              [
                86.93060359664108,
                27.896077668508713
              ],
              [
                86.93060365422309,
                27.89598739423663
              ],
              [
                86.93070526284454,
                27.895987445350773
              ],
              [
                86.93070520535235,
                27.896077719622856
              ]
            ],
            [
              [
                86.91678156946475,
                27.900312906638536
              ],
              [
                86.91678163851824,
                27.900222632456284
              ],
              [
                86.91688325106533,
                27.900222693766302
              ],
              [
                86.91688332004696,
                27.90013241957507
              ],
              [
                86.91698493250422,
                27.900132480822204
              ],
              [
                86.91698479472062,
                27.900313029204675
              ],
              [
                86.91678156946475,
                27.900312906638536
              ]
            ],
            [
              [
                86.91434371939854,
                27.89922812228371
              ],
              [
                86.91424210778571,
                27.89922805909621
              ],
              [
                86.91424203662118,
                27.899318333296428
              ],
              [
                86.91414042492748,
                27.899318270028083
              ],
              [
                86.91414049617286,
                27.89922799583685
              ],
              [
                86.91403888456003,
                27.899227932496636
              ],
              [
                86.91403902723046,
                27.899047384105184
              ],
              [
                86.91414063867262,
                27.899047447436413
              ],
              [
                86.914140709918,
                27.898957173236195
              ],
              [
                86.91434393263164,
                27.89895729969204
              ],
              [
                86.91434371939854,
                27.89922812228371
              ]
            ],
            [
              [
                86.91607174364326,
                27.898416717143814
              ],
              [
                86.91586852193574,
                27.89841659324817
              ],
              [
                86.91586859174382,
                27.89832631903897
              ],
              [
                86.91576698097539,
                27.898326256974368
              ],
              [
                86.91576705086432,
                27.898235982765165
              ],
              [
                86.9158686615519,
                27.898236044820784
              ],
              [
                86.91586880117704,
                27.8980554963934
              ],
              [
                86.9161736327457,
                27.89805568212907
              ],
              [
                86.91617356318015,
                27.89814595633827
              ],
              [
                86.91607195257343,
                27.89814589450723
              ],
              [
                86.91607174364326,
                27.898416717143814
              ]
            ],
            [
              [
                86.91932375988426,
                27.897786739199248
              ],
              [
                86.91922214960991,
                27.89778667968586
              ],
              [
                86.9192222836655,
                27.897606131231527
              ],
              [
                86.91932389376917,
                27.897606190744916
              ],
              [
                86.91932375988426,
                27.897786739199248
              ]
            ],
            [
              [
                86.92775621503036,
                27.89959690227639
              ],
              [
                86.92785782702049,
                27.89959695550157
              ],
              [
                86.92785770728405,
                27.899777503946922
              ],
              [
                86.92775609513221,
                27.89977745072174
              ],
              [
                86.92775621503036,
                27.89959690227639
              ]
            ],
            [
              [
                86.92755539562451,
                27.895985825832046
              ],
              [
                86.92755533551824,
                27.896076100095144
              ],
              [
                86.92735211811363,
                27.896075993141725
              ],
              [
                86.92735217839957,
                27.895985718869643
              ],
              [
                86.92725056977812,
                27.89598566528514
              ],
              [
                86.92725063014491,
                27.895895391013052
              ],
              [
                86.92745384720816,
                27.895895498119184
              ],
              [
                86.92745378701204,
                27.895985772391267
              ],
              [
                86.92755539562451,
                27.895985825832046
              ]
            ],
            [
              [
                86.91454637531118,
                27.899950441972983
              ],
              [
                86.91454644622418,
                27.89986016778175
              ],
              [
                86.9146480584299,
                27.899860230744665
              ],
              [
                86.91464820008525,
                27.89967968237118
              ],
              [
                86.91485142415534,
                27.899679808072438
              ],
              [
                86.91485135349386,
                27.89977008226367
              ],
              [
                86.91474974137796,
                27.899770019444485
              ],
              [
                86.91474959988433,
                27.899950567826952
              ],
              [
                86.91454637531118,
                27.899950441972983
              ]
            ],
            [
              [
                86.91739193078168,
                27.899410531463406
              ],
              [
                86.91729031899816,
                27.899410470521698
              ],
              [
                86.91729038762944,
                27.89932019632148
              ],
              [
                86.91739199933211,
                27.899320257263188
              ],
              [
                86.91739193078168,
                27.899410531463406
              ]
            ],
            [
              [
                86.91678156946475,
                27.900312906638536
              ],
              [
                86.91678150040227,
                27.90040318082977
              ],
              [
                86.91657827496674,
                27.90040305796719
              ],
              [
                86.91657834419989,
                27.900312783784937
              ],
              [
                86.91678156946475,
                27.900312906638536
              ]
            ],
            [
              [
                86.91739193078168,
                27.899410531463406
              ],
              [
                86.91749354257418,
                27.89941059233325
              ],
              [
                86.91749347410459,
                27.89950086653347
              ],
              [
                86.91739186223123,
                27.899500805663624
              ],
              [
                86.91739193078168,
                27.899410531463406
              ]
            ],
            [
              [
                86.91698555251244,
                27.89932001305618
              ],
              [
                86.91698562140424,
                27.899229738846977
              ],
              [
                86.91708723302607,
                27.899229800013266
              ],
              [
                86.9170871642241,
                27.89932007421348
              ],
              [
                86.91698555251244,
                27.89932001305618
              ]
            ],
            [
              [
                86.9252182734445,
                27.896165126256953
              ],
              [
                86.92501505588719,
                27.896165015854006
              ],
              [
                86.92501511810451,
                27.896074741590905
              ],
              [
                86.92511672679782,
                27.896074796837297
              ],
              [
                86.92511678892531,
                27.895984522574196
              ],
              [
                86.92521839753778,
                27.895984577730754
              ],
              [
                86.9252182734445,
                27.896165126256953
              ]
            ],
            [
              [
                86.91434371939854,
                27.89922812228371
              ],
              [
                86.91454694261525,
                27.899228248434124
              ],
              [
                86.91454687170223,
                27.899318522625357
              ],
              [
                86.91444526000855,
                27.899318459590575
              ],
              [
                86.91444518901469,
                27.899408733790793
              ],
              [
                86.91434357723116,
                27.89940867067516
              ],
              [
                86.91434371939854,
                27.89922812228371
              ]
            ],
            [
              [
                86.91454630439816,
                27.900040716155235
              ],
              [
                86.91444469203074,
                27.90004065312045
              ],
              [
                86.9144446210279,
                27.9001309273027
              ],
              [
                86.91424139612238,
                27.900130800999573
              ],
              [
                86.91424146728691,
                27.90004052681732
              ],
              [
                86.91413985491948,
                27.900040463548976
              ],
              [
                86.91413992616486,
                27.899950189366724
              ],
              [
                86.91403831388727,
                27.899950126026514
              ],
              [
                86.91403852789293,
                27.899679303461795
              ],
              [
                86.91424175195404,
                27.899679430061365
              ],
              [
                86.9142416807895,
                27.899769704252602
              ],
              [
                86.9143432929054,
                27.899769767440098
              ],
              [
                86.91434315073802,
                27.89995031582257
              ],
              [
                86.91454637531118,
                27.899950441972983
              ],
              [
                86.91454630439816,
                27.900040716155235
              ]
            ],
            [
              [
                86.91942530330599,
                27.897877072858954
              ],
              [
                86.9193236929418,
                27.897877013426417
              ],
              [
                86.91932375988426,
                27.897786739199248
              ],
              [
                86.9194253701676,
                27.89778679863179
              ],
              [
                86.91942530330599,
                27.897877072858954
              ]
            ],
            [
              [
                86.92521814934224,
                27.896345674783156
              ],
              [
                86.9252182734445,
                27.896165126256953
              ],
              [
                86.92531988221867,
                27.896165181350632
              ],
              [
                86.92531975829607,
                27.896345729867846
              ],
              [
                86.92521814934224,
                27.896345674783156
              ]
            ],
            [
              [
                86.92765466307463,
                27.89950657476116
              ],
              [
                86.92775627498392,
                27.899506628058205
              ],
              [
                86.92775621503036,
                27.89959690227639
              ],
              [
                86.92765460304022,
                27.899596848979343
              ],
              [
                86.92765466307463,
                27.89950657476116
              ]
            ],
            [
              [
                86.92724821546445,
                27.899506360809408
              ],
              [
                86.92724827584021,
                27.899416086591224
              ],
              [
                86.92745149947014,
                27.89941619371532
              ],
              [
                86.92745155967523,
                27.899325919488156
              ],
              [
                86.92765478315243,
                27.89932602631581
              ],
              [
                86.92765466307463,
                27.89950657476116
              ],
              [
                86.92745143927404,
                27.899506467933506
              ],
              [
                86.92745125865876,
                27.89977729059704
              ],
              [
                86.92734964649794,
                27.899777237075416
              ],
              [
                86.92734982736475,
                27.89950641441188
              ],
              [
                86.92724821546445,
                27.899506360809408
              ]
            ],
            [
              [
                86.92887548145093,
                27.897250353418336
              ],
              [
                86.92867226185444,
                27.89725024840528
              ],
              [
                86.92867243940645,
                27.89697942564293
              ],
              [
                86.92857082985974,
                27.89697937301962
              ],
              [
                86.92857088913058,
                27.896889098765502
              ],
              [
                86.92846927966471,
                27.896889046070328
              ],
              [
                86.9284693983681,
                27.896708497553114
              ],
              [
                86.92887583553986,
                27.89670870787567
              ],
              [
                86.92887577652954,
                27.89679898213877
              ],
              [
                86.92897738590557,
                27.896799034528517
              ],
              [
                86.92897732697608,
                27.896889308791618
              ],
              [
                86.92948537429643,
                27.896889569635427
              ],
              [
                86.92948531578017,
                27.896979843898524
              ],
              [
                86.92938370623345,
                27.896979791877087
              ],
              [
                86.92938358904823,
                27.897160340394304
              ],
              [
                86.92958680848302,
                27.89716044435633
              ],
              [
                86.92958686690945,
                27.897070170102214
              ],
              [
                86.92979008617355,
                27.8970702737678
              ],
              [
                86.9297900279178,
                27.897160548021915
              ],
              [
                86.92989163763521,
                27.89716059974691
              ],
              [
                86.9298915794603,
                27.897250874001028
              ],
              [
                86.93029801867124,
                27.897251080137433
              ],
              [
                86.93029790299518,
                27.89743162865465
              ],
              [
                86.93019629302626,
                27.8974315772261
              ],
              [
                86.93019623510288,
                27.897521851480217
              ],
              [
                86.92999301499437,
                27.897521748416505
              ],
              [
                86.92999307307943,
                27.89743147416239
              ],
              [
                86.92978985314159,
                27.89743137079325
              ],
              [
                86.92978991139734,
                27.897341096539133
              ],
              [
                86.92968830150926,
                27.897341044742273
              ],
              [
                86.92968824317266,
                27.89743131899639
              ],
              [
                86.92958663320374,
                27.897431267127665
              ],
              [
                86.92958645791548,
                27.89770208988103
              ],
              [
                86.92968806814491,
                27.897702141749757
              ],
              [
                86.92968800979934,
                27.897792416003874
              ],
              [
                86.92978962010962,
                27.89779246780073
              ],
              [
                86.92978950358915,
                27.897973016290997
              ],
              [
                86.92989111406112,
                27.897973068015993
              ],
              [
                86.92989117223603,
                27.897882793770858
              ],
              [
                86.93009439302726,
                27.897882896987284
              ],
              [
                86.93009433501406,
                27.89797317123242
              ],
              [
                86.93019594549503,
                27.897973222732833
              ],
              [
                86.93019588757166,
                27.89806349697797
              ],
              [
                86.9306023298189,
                27.898063702225045
              ],
              [
                86.93060221465488,
                27.89824425071531
              ],
              [
                86.93090704684337,
                27.8982444038601
              ],
              [
                86.93090698951289,
                27.898334678105233
              ],
              [
                86.93111021114855,
                27.898334779830456
              ],
              [
                86.93111026831734,
                27.89824450558532
              ],
              [
                86.93131348978231,
                27.898244607005118
              ],
              [
                86.93131343278421,
                27.898334881250253
              ],
              [
                86.93141504359755,
                27.89833493185235
              ],
              [
                86.93141498668928,
                27.898425206097485
              ],
              [
                86.9313133757861,
                27.898425155495385
              ],
              [
                86.931313318788,
                27.89851542974052
              ],
              [
                86.93121170780398,
                27.898515379066552
              ],
              [
                86.93121165072503,
                27.898605653311687
              ],
              [
                86.9308052064386,
                27.89860544986124
              ],
              [
                86.93080526385893,
                27.898515175616108
              ],
              [
                86.9307036528749,
                27.89851512456485
              ],
              [
                86.93070371037606,
                27.8984248503287
              ],
              [
                86.93060209948187,
                27.898424799196594
              ],
              [
                86.93060215706389,
                27.898334524960443
              ],
              [
                86.93050054625054,
                27.898334473756474
              ],
              [
                86.93050060392238,
                27.89824419951134
              ],
              [
                86.9303989931899,
                27.898244148244487
              ],
              [
                86.93039893543721,
                27.89833442248962
              ],
              [
                86.93029732461488,
                27.898334371132936
              ],
              [
                86.93029726678135,
                27.898424645378068
              ],
              [
                86.9305004885787,
                27.898424748001606
              ],
              [
                86.93050037323502,
                27.898605296482888
              ],
              [
                86.93039876217016,
                27.898605245207055
              ],
              [
                86.93039870440849,
                27.898695519443205
              ],
              [
                86.93019548210808,
                27.898695416675935
              ],
              [
                86.9301954241847,
                27.898785690912085
              ],
              [
                86.92978897923352,
                27.898785484461268
              ],
              [
                86.92978909576298,
                27.898604935988967
              ],
              [
                86.92968748469812,
                27.898604884192107
              ],
              [
                86.9296875430437,
                27.898514609946975
              ],
              [
                86.92958593205968,
                27.898514558078247
              ],
              [
                86.92958587362426,
                27.898604832314398
              ],
              [
                86.9294842625594,
                27.898604780364828
              ],
              [
                86.92948420404315,
                27.898695054600978
              ],
              [
                86.92958581519784,
                27.898695106550548
              ],
              [
                86.92958575676244,
                27.8987853807867
              ],
              [
                86.92928092306478,
                27.898785224713404
              ],
              [
                86.92928098174274,
                27.898694950477253
              ],
              [
                86.92938259289743,
                27.89869500257954
              ],
              [
                86.92938265149454,
                27.89860472834339
              ],
              [
                86.92928104042967,
                27.898604676241103
              ],
              [
                86.92928109911661,
                27.898514402004952
              ],
              [
                86.92917948813259,
                27.8985143498308
              ],
              [
                86.92917954690037,
                27.89842407559465
              ],
              [
                86.92938276869774,
                27.898424179862104
              ],
              [
                86.92938288589194,
                27.898243631380822
              ],
              [
                86.92948449661544,
                27.89824368341124
              ],
              [
                86.92948455513171,
                27.89815340916611
              ],
              [
                86.92917972320373,
                27.898153252868234
              ],
              [
                86.92917966443594,
                27.898243527113365
              ],
              [
                86.92897644297994,
                27.898243422540485
              ],
              [
                86.92897673765431,
                27.8977920513238
              ],
              [
                86.92917995826589,
                27.8977921558877
              ],
              [
                86.92918007579247,
                27.89761160738845
              ],
              [
                86.92938329607168,
                27.897611711655905
              ],
              [
                86.92938323747458,
                27.89770198591002
              ],
              [
                86.92948484769502,
                27.89770203793146
              ],
              [
                86.92948496471855,
                27.897521489432208
              ],
              [
                86.9290785245015,
                27.897521280897298
              ],
              [
                86.92907846565288,
                27.897611555142433
              ],
              [
                86.92897685552225,
                27.89761150282455
              ],
              [
                86.92897703231968,
                27.89734068007118
              ],
              [
                86.92887542243162,
                27.897340627672452
              ],
              [
                86.92887548145093,
                27.897250353418336
              ]
            ],
            [
              [
                86.9300933488615,
                27.89950783326494
              ],
              [
                86.92999173695223,
                27.899507781683678
              ],
              [
                86.92999162075515,
                27.89968833013801
              ],
              [
                86.92938194828434,
                27.899688019105326
              ],
              [
                86.92938218269073,
                27.899326922205642
              ],
              [
                86.92917895921353,
                27.899326817929204
              ],
              [
                86.92917901798131,
                27.899236543702035
              ],
              [
                86.92877257136826,
                27.899236334250844
              ],
              [
                86.92877245314996,
                27.89941688270518
              ],
              [
                86.92867084133051,
                27.899416830153733
              ],
              [
                86.92867090052052,
                27.899326555926567
              ],
              [
                86.9285692887819,
                27.899326503303257
              ],
              [
                86.92856952588325,
                27.898965406394588
              ],
              [
                86.92867113728049,
                27.898965459017898
              ],
              [
                86.9286710189005,
                27.899146007472233
              ],
              [
                86.92887424204532,
                27.89914611249427
              ],
              [
                86.92887436008395,
                27.898965564039937
              ],
              [
                86.92907758288743,
                27.89896566875655
              ],
              [
                86.92907752403879,
                27.8990559429927
              ],
              [
                86.92958558147417,
                27.899056203486168
              ],
              [
                86.92958552303877,
                27.89914647772232
              ],
              [
                86.92999196932843,
                27.89914668477501
              ],
              [
                86.92999202742247,
                27.899056410538858
              ],
              [
                86.9301952504056,
                27.89905651361155
              ],
              [
                86.93019530832898,
                27.898966239384386
              ],
              [
                86.93060175395388,
                27.898966444631462
              ],
              [
                86.93060181154488,
                27.89887617039531
              ],
              [
                86.93070342286127,
                27.898876221518435
              ],
              [
                86.93070325034881,
                27.899147044226886
              ],
              [
                86.93100808507953,
                27.89914719715608
              ],
              [
                86.93100791332165,
                27.899418019846564
              ],
              [
                86.93090630149321,
                27.89941796894802
              ],
              [
                86.93090635883267,
                27.899327694720853
              ],
              [
                86.93080474708509,
                27.89932764374146
              ],
              [
                86.93080468966478,
                27.899417917968627
              ],
              [
                86.93070307783634,
                27.89941786691737
              ],
              [
                86.93070296282504,
                27.899598415371702
              ],
              [
                86.93039812683668,
                27.899598261768773
              ],
              [
                86.93039818459835,
                27.899507987541607
              ],
              [
                86.93029657268008,
                27.899507936193906
              ],
              [
                86.93029639915251,
                27.89977875886642
              ],
              [
                86.93049962348312,
                27.899778861498945
              ],
              [
                86.93049956581127,
                27.89986913571713
              ],
              [
                86.93080440255423,
                27.899869289104462
              ],
              [
                86.93080434513392,
                27.899959563322646
              ],
              [
                86.93090595746541,
                27.899959614302038
              ],
              [
                86.93090590012594,
                27.900049888529207
              ],
              [
                86.93100751254727,
                27.90004993942775
              ],
              [
                86.93100739803901,
                27.900230487873102
              ],
              [
                86.93080417286399,
                27.90023038598618
              ],
              [
                86.93080423028431,
                27.900140111768
              ],
              [
                86.93049939277779,
                27.900139958380663
              ],
              [
                86.93049950813045,
                27.899959409944294
              ],
              [
                86.9300930587955,
                27.89995920438281
              ],
              [
                86.9300931168087,
                27.899868930164626
              ],
              [
                86.92999150456704,
                27.899868878583362
              ],
              [
                86.9299915626611,
                27.899778604365178
              ],
              [
                86.9300931748219,
                27.899778655937457
              ],
              [
                86.9300933488615,
                27.89950783326494
              ]
            ]
          ],
          [
            [
              [
                86.93039818459835,
                27.899507987541607
              ],
              [
                86.9303983578654,
                27.899237164851122
              ],
              [
                86.93060158118989,
                27.89923726733093
              ],
              [
                86.93060140841692,
                27.899508090021413
              ],
              [
                86.93039818459835,
                27.899507987541607
              ]
            ]
          ],
          [
            [
              [
                86.9300933488615,
                27.89950783326494
              ],
              [
                86.93009340687472,
                27.899417559037772
              ],
              [
                86.92958534774152,
                27.89941730040382
              ],
              [
                86.9295852893061,
                27.899507574630984
              ],
              [
                86.92948367739683,
                27.899507522681414
              ],
              [
                86.92948385295458,
                27.89923669999991
              ],
              [
                86.9296870762611,
                27.899236803827193
              ],
              [
                86.92968701791553,
                27.89932707805436
              ],
              [
                86.92989024140172,
                27.899327181585196
              ],
              [
                86.92989029957661,
                27.899236907349046
              ],
              [
                86.93009352289214,
                27.899237010574456
              ],
              [
                86.93009346488792,
                27.899327284810607
              ],
              [
                86.93019507662652,
                27.89932733631102
              ],
              [
                86.93019496077079,
                27.899507884765356
              ],
              [
                86.9300933488615,
                27.89950783326494
              ]
            ]
          ],
          [
            [
              [
                86.93029726678135,
                27.898424645378068
              ],
              [
                86.93029720893882,
                27.898514919623203
              ],
              [
                86.9301955979548,
                27.898514868194653
              ],
              [
                86.93019554003143,
                27.898605142430803
              ],
              [
                86.93009392896657,
                27.89860509093937
              ],
              [
                86.93009404498399,
                27.898424542458084
              ],
              [
                86.93029726678135,
                27.898424645378068
              ]
            ]
          ],
          [
            [
              [
                86.92887548145093,
                27.897250353418336
              ],
              [
                86.92887559948058,
                27.897069804910103
              ],
              [
                86.92907881874469,
                27.897069909626715
              ],
              [
                86.92907870104742,
                27.89725045813495
              ],
              [
                86.92887548145093,
                27.897250353418336
              ]
            ]
          ],
          [
            [
              [
                86.9297900279178,
                27.897160548021915
              ],
              [
                86.92978996966207,
                27.897250822285017
              ],
              [
                86.92968835985484,
                27.897250770488156
              ],
              [
                86.92968841820041,
                27.89716049623404
              ],
              [
                86.9297900279178,
                27.897160548021915
              ]
            ]
          ]
        ]
      },
      "id": "+18163+3317",
      "properties": {
        "area_m2": 788346.6805837826,
        "count": 7865,
        "image_id": "COPERNICUS/S1_GRD/S1A_IW_GRDH_1SDV_20181029T001123_20181029T001148_024343_02AA5D_ED1B",
        "lake_id": "imja-tsho",
        "observed_at": "2018-10-29T00:11:23Z",
        "water": 1
      }
    }
  ]
}
