{
  "type": "FeatureCollection",
  "features": [
    {
      "type": "Feature",
      "geometry": {
        "geodesic": false,
        "type": "MultiPolygon",
        "coordinates": [
          [
            [
              [
                86.92347494256312,
                27.900486306695097
              ],
              [
                86.9238813938025,
                27.900486531776977
              ],
              [
                86.92388126746344,
                27.90066708017741
              ],
              [
                86.92367804150688,
                27.900666967780204
              ],
              [
                86.92367797816667,
                27.900757241980422
              ],
              [
                86.9233731389803,
                27.900757072836637
              ],
              [
                86.92337320257204,
                27.90066679863642
              ],
              [
                86.92347481555032,
                27.900666855095533
              ],
              [
                86.92347494256312,
                27.900486306695097
              ]
            ]
          ],
          [
            [
              [
                86.926218855905,
                27.89994615746722
              ],
              [
                86.92621873344667,
                27.900126705894603
              ],
              [
                86.92611712097144,
                27.900126651456695
              ],
              [
                86.92611724359148,
                27.89994610302931
              ],
              [
                86.926218855905,
                27.89994615746722
              ]
            ]
          ],
          [
            [
              [
                86.92682871194654,
                27.8996756598411
              ],
              [
                86.92672709988453,
                27.899675605861336
              ],
              [
                86.9267271606915,
                27.899585331643152
              ],
              [
                86.92682877266367,
                27.899585385622917
              ],
              [
                86.92682871194654,
                27.8996756598411
              ]
            ]
          ],
          [
            [
              [
                86.9269312335258,
                27.898321600341497
              ],
              [
                86.92693135478939,
                27.898141051869196
              ],
              [
                86.92682974416469,
                27.898140997961296
              ],
              [
                86.92682986559896,
                27.89796044948001
              ],
              [
                86.92693147605297,
                27.89796050338791
              ],
              [
                86.92693141542567,
                27.898050777633046
              ],
              [
                86.92703302596951,
                27.898050831460097
              ],
              [
                86.92703296542307,
                27.898141105696247
              ],
              [
                86.92733779730612,
                27.898141266737227
              ],
              [
                86.9273377370112,
                27.898231540973377
              ],
              [
                86.92713451558215,
                27.898231433687585
              ],
              [
                86.92713445511656,
                27.898321707932716
              ],
              [
                86.9269312335258,
                27.898321600341497
              ]
            ]
          ],
          [
            [
              [
                86.92764256914579,
                27.898231701340624
              ],
              [
                86.92764226892882,
                27.898683072521376
              ],
              [
                86.92754065780107,
                27.89868301914348
              ],
              [
                86.92754077804956,
                27.89850247067118
              ],
              [
                86.9274391670835,
                27.89850241722142
              ],
              [
                86.92743922729758,
                27.89841214298527
              ],
              [
                86.92733761642135,
                27.898412089454663
              ],
              [
                86.92733767671628,
                27.898321815218512
              ],
              [
                86.92743928751166,
                27.898321868749118
              ],
              [
                86.92743934771674,
                27.898231594503986
              ],
              [
                86.92764256914579,
                27.898231701340624
              ]
            ]
          ],
          [
            [
              [
                86.92835366578697,
                27.89850289562821
              ],
              [
                86.92835360633646,
                27.89859316986436
              ],
              [
                86.92855682844822,
                27.898593275353523
              ],
              [
                86.92855676915941,
                27.898683549589673
              ],
              [
                86.92815032461249,
                27.89868333830592
              ],
              [
                86.92815038423367,
                27.898593064069768
              ],
              [
                86.92804877317779,
                27.898593011069163
              ],
              [
                86.92804871347576,
                27.898683285305314
              ],
              [
                86.92794710233902,
                27.898683232223867
              ],
              [
                86.92794728170564,
                27.898412409515416
              ],
              [
                86.92804889259084,
                27.898412462596866
              ],
              [
                86.9280488328888,
                27.898502736833017
              ],
              [
                86.92835366578697,
                27.89850289562821
              ]
            ]
          ],
          [
            [
              [
                86.92977674381105,
                27.897691159557947
              ],
              [
                86.9298783540315,
                27.897691211291924
              ],
              [
                86.92987829583863,
                27.897781485537056
              ],
              [
                86.92977668554632,
                27.89778143380308
              ],
              [
                86.92977674381105,
                27.897691159557947
              ]
            ]
          ],
          [
            [
              [
                86.93048749619085,
                27.898503988320954
              ],
              [
                86.93018266326574,
                27.898503834241914
              ],
              [
                86.9301827211981,
                27.898413560005764
              ],
              [
                86.9300811103129,
                27.89841350849637
              ],
              [
                86.93008122634828,
                27.8982329600061
              ],
              [
                86.93048766923333,
                27.898233165594537
              ],
              [
                86.93048778459497,
                27.89805261710427
              ],
              [
                86.9305893951478,
                27.89805266830824
              ],
              [
                86.93058933754783,
                27.898142942553374
              ],
              [
                86.93069094819049,
                27.89814299368548
              ],
              [
                86.93069083316121,
                27.898323542175746
              ],
              [
                86.93048761155251,
                27.89832343983967
              ],
              [
                86.93048749619085,
                27.898503988320954
              ]
            ]
          ],
          [
            [
              [
                86.9332309371806,
                27.898595618914367
              ],
              [
                86.93323088177252,
                27.898685893159502
              ],
              [
                86.9331292706268,
                27.89868584389589
              ],
              [
                86.93312932611573,
                27.89859556965076
              ],
              [
                86.9332309371806,
                27.898595618914367
              ]
            ]
          ],
          [
            [
              [
                86.93363952891666,
                27.89507511873774
              ],
              [
                86.93353792113962,
                27.895075069779555
              ],
              [
                86.93353803142578,
                27.894894521199458
              ],
              [
                86.93374124663849,
                27.89489461902599
              ],
              [
                86.93374119167058,
                27.894984893325024
              ],
              [
                86.9336395839744,
                27.894984844447688
              ],
              [
                86.93363952891666,
                27.89507511873774
              ]
            ]
          ],
          [
            [
              [
                86.93485860608844,
                27.895436797512165
              ],
              [
                86.93485849799416,
                27.895617346092266
              ],
              [
                86.93475688970508,
                27.895617298032395
              ],
              [
                86.93475699797004,
                27.895436749461282
              ],
              [
                86.93485860608844,
                27.895436797512165
              ]
            ]
          ],
          [
            [
              [
                86.93557029057814,
                27.89471493745489
              ],
              [
                86.9354686831335,
                27.894714889925027
              ],
              [
                86.93546873667307,
                27.894624615625997
              ],
              [
                86.93557034402791,
                27.894624663155856
              ],
              [
                86.93557029057814,
                27.89471493745489
              ]
            ]
          ],
          [
            [
              [
                86.93699263802037,
                27.894986417918773
              ],
              [
                86.93689103031521,
                27.89498637143994
              ],
              [
                86.936891082678,
                27.894896097140908
              ],
              [
                86.93699269029334,
                27.894896143619743
              ],
              [
                86.93699263802037,
                27.894986417918773
              ]
            ]
          ],
          [
            [
              [
                86.93750057281774,
                27.895167197806074
              ],
              [
                86.93750062467748,
                27.895076923516026
              ],
              [
                86.93770384024953,
                27.89507701550351
              ],
              [
                86.93770378856944,
                27.895167289802544
              ],
              [
                86.93750057281774,
                27.895167197806074
              ]
            ]
          ],
          [
            [
              [
                86.93820849519898,
                27.901035345381537
              ],
              [
                86.93831010855455,
                27.90103539089917
              ],
              [
                86.93831005735956,
                27.901125665117355
              ],
              [
                86.9385132842324,
                27.90112575593703
              ],
              [
                86.9385132332081,
                27.901216030155215
              ],
              [
                86.93861484673434,
                27.901216075457253
              ],
              [
                86.93861479579088,
                27.901306349675437
              ],
              [
                86.9385131821748,
                27.9013063043734
              ],
              [
                86.9385130290929,
                27.90157712702795
              ],
              [
                86.93841141523427,
                27.901577081654043
              ],
              [
                86.9384115685677,
                27.901306259008475
              ],
              [
                86.9383099549606,
                27.901306213562705
              ],
              [
                86.93831000615559,
                27.90121593934452
              ],
              [
                86.93820839263833,
                27.901215893817902
              ],
              [
                86.93820849519898,
                27.901035345381537
              ]
            ]
          ],
          [
            [
              [
                86.9396318837527,
                27.899591588112663
              ],
              [
                86.93973349576079,
                27.89959163257927
              ],
              [
                86.93973339573338,
                27.899772181069537
              ],
              [
                86.9396317835546,
                27.899772136593946
              ],
              [
                86.9396318837527,
                27.899591588112663
              ]
            ]
          ],
          [
            [
              [
                86.93973589606821,
                27.895258467546242
              ],
              [
                86.93953268014583,
                27.895258378550146
              ],
              [
                86.93953273030776,
                27.895168104251113
              ],
              [
                86.93973594606844,
                27.89516819324721
              ],
              [
                86.93973589606821,
                27.895258467546242
              ]
            ]
          ],
          [
            [
              [
                86.94095450574773,
                27.89652283534919
              ],
              [
                86.94105611489918,
                27.896522878836635
              ],
              [
                86.94105606598592,
                27.896613153126683
              ],
              [
                86.94095445675362,
                27.89661310963924
              ],
              [
                86.94095450574773,
                27.89652283534919
              ]
            ]
          ],
          [
            [
              [
                86.91677070791668,
                27.89759364525095
              ],
              [
                86.91697392809708,
                27.897593767817085
              ],
              [
                86.91697399698887,
                27.89750349358992
              ],
              [
                86.91707560700272,
                27.89750355476519
              ],
              [
                86.91707567580468,
                27.89741328053802
              ],
              [
                86.91687245596565,
                27.8974131581246
              ],
              [
                86.91687259391094,
                27.897232609670265
              ],
              [
                86.91707581342658,
                27.89723273208369
              ],
              [
                86.91707588222854,
                27.89714245784754
              ],
              [
                86.91738071124598,
                27.897142640906228
              ],
              [
                86.91738084835585,
                27.89696209244291
              ],
              [
                86.91788889587382,
                27.896962396037544
              ],
              [
                86.91788875960837,
                27.89714294450086
              ],
              [
                86.91799036928086,
                27.897143004993413
              ],
              [
                86.91799030123347,
                27.897233279229564
              ],
              [
                86.91819352074911,
                27.897233399990085
              ],
              [
                86.91819345286342,
                27.897323674226236
              ],
              [
                86.91829506270658,
                27.897323734494208
              ],
              [
                86.9182951982983,
                27.897143186030892
              ],
              [
                86.91819358862581,
                27.89714312576292
              ],
              [
                86.91819365651149,
                27.89705285152677
              ],
              [
                86.91799043732824,
                27.897052730766244
              ],
              [
                86.91799050537561,
                27.896962456530094
              ],
              [
                86.9181937243882,
                27.89696257729062
              ],
              [
                86.9181937922649,
                27.89687230305447
              ],
              [
                86.91860022994871,
                27.896872543686182
              ],
              [
                86.91860029749303,
                27.89678226944105
              ],
              [
                86.91941317221385,
                27.896782747102236
              ],
              [
                86.91941310534325,
                27.896873021338386
              ],
              [
                86.9195147147642,
                27.896873080708044
              ],
              [
                86.91951478155394,
                27.896782806471894
              ],
              [
                86.91971800023416,
                27.896782924986628
              ],
              [
                86.91971806684423,
                27.896692650741496
              ],
              [
                86.91981967610349,
                27.896692709886572
              ],
              [
                86.91981980916195,
                27.89651216140529
              ],
              [
                86.92022624551625,
                27.896512397231017
              ],
              [
                86.9202263117131,
                27.896422122985886
              ],
              [
                86.92093757475818,
                27.896422532797317
              ],
              [
                86.92093770595713,
                27.89624198429807
              ],
              [
                86.92124253247725,
                27.896242158813777
              ],
              [
                86.92124259782969,
                27.89615188455966
              ],
              [
                86.92154742409828,
                27.89615205839265
              ],
              [
                86.92154735900635,
                27.896242332646768
              ],
              [
                86.92175057668943,
                27.89624244816113
              ],
              [
                86.92175064161067,
                27.896152173907012
              ],
              [
                86.92185225036688,
                27.896152231551905
              ],
              [
                86.92185231520727,
                27.89606195729779
              ],
              [
                86.92164909786555,
                27.89606184193614
              ],
              [
                86.92164916287663,
                27.895971567682025
              ],
              [
                86.92195398864217,
                27.895971740616698
              ],
              [
                86.92195405339274,
                27.89588146636258
              ],
              [
                86.9220556618974,
                27.89588152385476
              ],
              [
                86.92205559722768,
                27.895971798108878
              ],
              [
                86.92215720582219,
                27.89597185552919
              ],
              [
                86.92215727041106,
                27.895881581275074
              ],
              [
                86.92225887891573,
                27.895881638614537
              ],
              [
                86.92225894341476,
                27.89579136436042
              ],
              [
                86.92236055183858,
                27.895791421628022
              ],
              [
                86.92236048742039,
                27.89588169589112
              ],
              [
                86.92246209592507,
                27.895881753086854
              ],
              [
                86.9224621602624,
                27.895791478823757
              ],
              [
                86.92266537711005,
                27.895791592990644
              ],
              [
                86.92266544126772,
                27.895701318727543
              ],
              [
                86.9227670496107,
                27.8957013756987
              ],
              [
                86.92276698552489,
                27.8957916499618
              ],
              [
                86.92307181079634,
                27.89579182042611
              ],
              [
                86.92307187463062,
                27.895701546163007
              ],
              [
                86.92327509130759,
                27.895701659431584
              ],
              [
                86.9232751549712,
                27.895611385168483
              ],
              [
                86.92337676322434,
                27.895611441681496
              ],
              [
                86.9233768267981,
                27.895521167418398
              ],
              [
                86.92347843497039,
                27.89552122386853
              ],
              [
                86.92347837147747,
                27.89561149813163
              ],
              [
                86.92408802102327,
                27.895611835233424
              ],
              [
                86.92408808401314,
                27.895521560970323
              ],
              [
                86.92418969218542,
                27.89552161689045
              ],
              [
                86.92418975508546,
                27.895431342618366
              ],
              [
                86.9242913631769,
                27.895431398466627
              ],
              [
                86.92429130035772,
                27.89552167273871
              ],
              [
                86.92449451671129,
                27.895521784201673
              ],
              [
                86.92449457935979,
                27.89543150993857
              ],
              [
                86.92500261981701,
                27.895431787293415
              ],
              [
                86.92500268204331,
                27.895341513021332
              ],
              [
                86.9256123300979,
                27.89534184337678
              ],
              [
                86.92561239181217,
                27.895251569104694
              ],
              [
                86.92591721559242,
                27.895251733271813
              ],
              [
                86.92591715412969,
                27.895342007543896
              ],
              [
                86.92601876214029,
                27.89534206211655
              ],
              [
                86.92601882352217,
                27.89525178784447
              ],
              [
                86.92612043144292,
                27.895251842345257
              ],
              [
                86.92612049274396,
                27.89516156806419
              ],
              [
                86.92632370843278,
                27.895161676841187
              ],
              [
                86.92632376955414,
                27.89507140256012
              ],
              [
                86.92642537731322,
                27.89507145683633
              ],
              [
                86.9264253162727,
                27.895161731108413
              ],
              [
                86.92713657118804,
                27.895162108921856
              ],
              [
                86.9271364502748,
                27.895342657475005
              ],
              [
                86.92693323424463,
                27.89534254990175
              ],
              [
                86.92693305238069,
                27.89561337272698
              ],
              [
                86.92703466064282,
                27.89561342654505
              ],
              [
                86.92703472118029,
                27.89552315227297
              ],
              [
                86.92713632937054,
                27.895523206028155
              ],
              [
                86.92713638981819,
                27.895432931747088
              ],
              [
                86.92723799791861,
                27.895432985421426
              ],
              [
                86.92723817902795,
                27.895162162596193
              ],
              [
                86.92754300256567,
                27.89516232317005
              ],
              [
                86.9275429424504,
                27.895252597442134
              ],
              [
                86.92784776624863,
                27.895252757342256
              ],
              [
                86.9278477063849,
                27.89534303162332
              ],
              [
                86.92774609836532,
                27.89534297839814
              ],
              [
                86.92774597846719,
                27.89552352695129
              ],
              [
                86.92784758664845,
                27.89552358017647
              ],
              [
                86.92784764652117,
                27.895433305895402
              ],
              [
                86.9279492546216,
                27.89543335904872
              ],
              [
                86.92794937417838,
                27.89525281049557
              ],
              [
                86.92815259004685,
                27.895252916568637
              ],
              [
                86.92815264965007,
                27.895162642287573
              ],
              [
                86.92876229675245,
                27.89516295871015
              ],
              [
                86.9287622376433,
                27.895253232991216
              ],
              [
                86.92896545351178,
                27.895253337869523
              ],
              [
                86.92896551245025,
                27.89516306358846
              ],
              [
                86.93018480667297,
                27.895163686543157
              ],
              [
                86.9301847487496,
                27.89525396083321
              ],
              [
                86.93028635668833,
                27.895254012252774
              ],
              [
                86.93028647237337,
                27.895073463690643
              ],
              [
                86.93059129567752,
                27.89507361751815
              ],
              [
                86.9305912380955,
                27.895163891799218
              ],
              [
                86.93089606166016,
                27.895164044961973
              ],
              [
                86.93089611899065,
                27.895073770671925
              ],
              [
                86.93099772676769,
                27.895073821570467
              ],
              [
                86.93099766951805,
                27.89516409586052
              ],
              [
                86.93120088522483,
                27.89516419744201
              ],
              [
                86.93120094231277,
                27.895073923151962
              ],
              [
                86.93130255008082,
                27.895073973834908
              ],
              [
                86.93130260707892,
                27.89498369954486
              ],
              [
                86.93140421476612,
                27.89498375014696
              ],
              [
                86.9314041009406,
                27.895164298718075
              ],
              [
                86.93150570879848,
                27.895164349248308
              ],
              [
                86.93150565197105,
                27.895254623529375
              ],
              [
                86.93140404402334,
                27.895254573008124
              ],
              [
                86.9314039301978,
                27.895435121570255
              ],
              [
                86.93160714641662,
                27.89543522255886
              ],
              [
                86.93160720316321,
                27.89534494826881
              ],
              [
                86.93170881119177,
                27.895344998646333
              ],
              [
                86.93170875452604,
                27.895435272936382
              ],
              [
                86.93201357886325,
                27.895435423619787
              ],
              [
                86.93201369168267,
                27.89525487504867
              ],
              [
                86.93170886784851,
                27.895254724365266
              ],
              [
                86.93170892451424,
                27.895164450075217
              ],
              [
                86.93160731665635,
                27.895164399697695
              ],
              [
                86.93160737340294,
                27.89507412541663
              ],
              [
                86.9315057656259,
                27.89507407495826
              ],
              [
                86.93150582245333,
                27.89498380066821
              ],
              [
                86.93160743014053,
                27.89498385112658
              ],
              [
                86.9316074868871,
                27.89489357683653
              ],
              [
                86.93181070209981,
                27.894893677510726
              ],
              [
                86.93181064552391,
                27.894983951800775
              ],
              [
                86.93231868396892,
                27.894984202197175
              ],
              [
                86.93231862781522,
                27.895074476487228
              ],
              [
                86.93252184336929,
                27.895074576119374
              ],
              [
                86.9325218993523,
                27.894984301829325
              ],
              [
                86.93262350704848,
                27.89498435153311
              ],
              [
                86.93262339524416,
                27.89516490011321
              ],
              [
                86.93252178738628,
                27.895164850409422
              ],
              [
                86.93252173139429,
                27.89525512469049
              ],
              [
                86.93242012345556,
                27.89525507491484
              ],
              [
                86.93242001130987,
                27.895435623485955
              ],
              [
                86.93231840320047,
                27.895435573629456
              ],
              [
                86.93231834704677,
                27.895525847919505
              ],
              [
                86.93191191425879,
                27.89552564774791
              ],
              [
                86.93191185776375,
                27.895615922028977
              ],
              [
                86.93181024948366,
                27.895615871804168
              ],
              [
                86.93181019290776,
                27.895706146085235
              ],
              [
                86.93201340963861,
                27.895706246462986
              ],
              [
                86.93201335322442,
                27.89579652074405
              ],
              [
                86.93140370253776,
                27.89579621869452
              ],
              [
                86.93140375945502,
                27.895705944413454
              ],
              [
                86.93150536781596,
                27.89570599494369
              ],
              [
                86.93150542465237,
                27.895615720662622
              ],
              [
                86.93160703293246,
                27.89561577112099
              ],
              [
                86.93160708967005,
                27.895525496839927
              ],
              [
                86.9313022650903,
                27.895525345249222
              ],
              [
                86.93130220809219,
                27.89561561953029
              ],
              [
                86.9312005998121,
                27.89561556885632
              ],
              [
                86.9312004856452,
                27.89579611740947
              ],
              [
                86.93109887720342,
                27.895796066654658
              ],
              [
                86.93109876286586,
                27.895976615207807
              ],
              [
                86.93099715424441,
                27.89597656438113
              ],
              [
                86.93099703974514,
                27.896157112925295
              ],
              [
                86.9306922133957,
                27.8961569599961
              ],
              [
                86.93069215588555,
                27.8962472342592
              ],
              [
                86.93059054702157,
                27.896247183136076
              ],
              [
                86.93059060461255,
                27.896156908863993
              ],
              [
                86.9304889958294,
                27.896156857660024
              ],
              [
                86.93048905350125,
                27.89606658338794
              ],
              [
                86.93038744480793,
                27.896066532112105
              ],
              [
                86.93038721377022,
                27.896427629191454
              ],
              [
                86.93018399570087,
                27.896427526406217
              ],
              [
                86.93018393776852,
                27.89651780066932
              ],
              [
                86.92998071953747,
                27.896517697587637
              ],
              [
                86.92998066143444,
                27.896607971850738
              ],
              [
                86.9300822706398,
                27.896608023432
              ],
              [
                86.93008209660019,
                27.896878846221302
              ],
              [
                86.9301837060481,
                27.896878897730698
              ],
              [
                86.93018364812472,
                27.896969171984814
              ],
              [
                86.930082038578,
                27.8969691204844
              ],
              [
                86.93008198056481,
                27.8970593947475
              ],
              [
                86.92998037094623,
                27.897059343166237
              ],
              [
                86.92998042904028,
                27.896969068903136
              ],
              [
                86.92977720996481,
                27.89696896551603
              ],
              [
                86.92977703516165,
                27.897239788287365
              ],
              [
                86.9298786449509,
                27.897239840021342
              ],
              [
                86.92987841221537,
                27.897600937037808
              ],
              [
                86.92977680208476,
                27.89760088530383
              ],
              [
                86.92977674381105,
                27.897691159557947
              ],
              [
                86.92957352338811,
                27.897691055865412
              ],
              [
                86.92957358182352,
                27.89760078162028
              ],
              [
                86.92967519195415,
                27.897600833497986
              ],
              [
                86.9296752503087,
                27.89751055924387
              ],
              [
                86.92977686034949,
                27.897510611058696
              ],
              [
                86.9297769186232,
                27.89742033680458
              ],
              [
                86.92967530866326,
                27.897420284998738
              ],
              [
                86.92967536701782,
                27.89733001074462
              ],
              [
                86.92957375713873,
                27.89732995885793
              ],
              [
                86.92957369870332,
                27.897420233112047
              ],
              [
                86.92947208874338,
                27.897420181162474
              ],
              [
                86.92947203021815,
                27.89751045540761
              ],
              [
                86.92896398000522,
                27.8975101945099
              ],
              [
                86.92896392105777,
                27.897600468755034
              ],
              [
                86.92825265017937,
                27.897600100346953
              ],
              [
                86.92825259064801,
                27.897690374592084
              ],
              [
                86.92815098043654,
                27.897690321663347
              ],
              [
                86.92815080158198,
                27.89796114439875
              ],
              [
                86.92825241203599,
                27.897961197327486
              ],
              [
                86.92825235250463,
                27.898051471572618
              ],
              [
                86.92835396304848,
                27.89805152442949
              ],
              [
                86.92835390359797,
                27.898141798674622
              ],
              [
                86.92865873549002,
                27.898141956787097
              ],
              [
                86.928658794689,
                27.898051682550946
              ],
              [
                86.92876040524182,
                27.898051735102392
              ],
              [
                86.9287605234691,
                27.897871186612125
              ],
              [
                86.9289637442244,
                27.897871291499417
              ],
              [
                86.92896368528594,
                27.89796156574455
              ],
              [
                86.92906529574894,
                27.897961618080398
              ],
              [
                86.92906517802471,
                27.898142166570665
              ],
              [
                86.92896356739105,
                27.898142114234815
              ],
              [
                86.9289635084436,
                27.89823238847995
              ],
              [
                86.92886189772906,
                27.898232336072237
              ],
              [
                86.92886183870077,
                27.898322610308387
              ],
              [
                86.92865861709205,
                27.89832250526838
              ],
              [
                86.92865867630002,
                27.89823223103223
              ],
              [
                86.92815062271842,
                27.898231967125167
              ],
              [
                86.9281506823396,
                27.89814169288003
              ],
              [
                86.92794746108123,
                27.89814158679798
              ],
              [
                86.92794752086411,
                27.898051312552848
              ],
              [
                86.92804913140796,
                27.8980513656343
              ],
              [
                86.92804919111897,
                27.897961091398148
              ],
              [
                86.92774435972999,
                27.89796093192922
              ],
              [
                86.92774429977642,
                27.898051206165366
              ],
              [
                86.92784591032027,
                27.89805125939953
              ],
              [
                86.92784585044755,
                27.898141533644665
              ],
              [
                86.92774423981388,
                27.8981414804105
              ],
              [
                86.92774417986031,
                27.898231754646652
              ],
              [
                86.92764256914579,
                27.898231701340624
              ],
              [
                86.92764274927598,
                27.897960878623188
              ],
              [
                86.92754113881298,
                27.897960825245296
              ],
              [
                86.92754119893722,
                27.89787055100016
              ],
              [
                86.92743958856406,
                27.89787049754142
              ],
              [
                86.92743964876915,
                27.89778022330527
              ],
              [
                86.92733803847683,
                27.89778016977466
              ],
              [
                86.92733809877176,
                27.897689895529528
              ],
              [
                86.92723648856926,
                27.89768984191807
              ],
              [
                86.92723654894503,
                27.897599567672938
              ],
              [
                86.92754137930994,
                27.897599728264762
              ],
              [
                86.9275414394342,
                27.897509454019627
              ],
              [
                86.9274398293934,
                27.897509400560885
              ],
              [
                86.92743988960747,
                27.89741912631575
              ],
              [
                86.92723666969658,
                27.89741901918267
              ],
              [
                86.92723673007235,
                27.897328744928554
              ],
              [
                86.92754155968267,
                27.89732890552038
              ],
              [
                86.92754161980692,
                27.897238631266262
              ],
              [
                86.92764322959617,
                27.897238684644154
              ],
              [
                86.92764328963058,
                27.897148410390038
              ],
              [
                86.92784650903842,
                27.89714851692125
              ],
              [
                86.92784656890215,
                27.897058242667132
              ],
              [
                86.92744013043682,
                27.89705802930827
              ],
              [
                86.92744007023173,
                27.897148303562386
              ],
              [
                86.92713524112446,
                27.897148142754965
              ],
              [
                86.92713518066785,
                27.8972384170001
              ],
              [
                86.9269319610983,
                27.897238309426843
              ],
              [
                86.92693183983472,
                27.89741885791711
              ],
              [
                86.92703344979466,
                27.897418911753146
              ],
              [
                86.92703332870177,
                27.897599460243413
              ],
              [
                86.92693171858014,
                27.89759940641636
              ],
              [
                86.92693165794385,
                27.897689680661493
              ],
              [
                86.9271348783578,
                27.89768978824373
              ],
              [
                86.92713481790118,
                27.897780062488867
              ],
              [
                86.92723642818451,
                27.897780116163204
              ],
              [
                86.92723636780875,
                27.897870390408336
              ],
              [
                86.92703314706242,
                27.89787028297881
              ],
              [
                86.92703320760886,
                27.89778000873368
              ],
              [
                86.92682998702423,
                27.897779900998728
              ],
              [
                86.92683004774136,
                27.897689626753593
              ],
              [
                86.92642360692244,
                27.897689410394356
              ],
              [
                86.92642354587294,
                27.897779684630507
              ],
              [
                86.92632193558062,
                27.8977796303543
              ],
              [
                86.92632187444129,
                27.897869904599432
              ],
              [
                86.9262202640771,
                27.897869850242373
              ],
              [
                86.92622032529728,
                27.897779576006226
              ],
              [
                86.92611871500498,
                27.897779521577302
              ],
              [
                86.92611877631498,
                27.897689247332167
              ],
              [
                86.92581394569855,
                27.89768908359624
              ],
              [
                86.92581376103188,
                27.897959906322658
              ],
              [
                86.92622020284793,
                27.897960124487508
              ],
              [
                86.92622008040756,
                27.89814067295981
              ],
              [
                86.92611846978286,
                27.898140618530885
              ],
              [
                86.92611828586179,
                27.898411441239336
              ],
              [
                86.92621989673802,
                27.89841149566826
              ],
              [
                86.92621977429764,
                27.898592044131576
              ],
              [
                86.92632138534454,
                27.898592098488635
              ],
              [
                86.9263213242052,
                27.8986823727158
              ],
              [
                86.92642293533295,
                27.898682427000995
              ],
              [
                86.92642324060743,
                27.898231055829225
              ],
              [
                86.92652485131298,
                27.89823111003357
              ],
              [
                86.92652491228164,
                27.89814083579742
              ],
              [
                86.92662652291531,
                27.8981408899299
              ],
              [
                86.9266264620275,
                27.89823116416605
              ],
              [
                86.92672807273304,
                27.89823121821768
              ],
              [
                86.92672801193507,
                27.89832149245383
              ],
              [
                86.9269312335258,
                27.898321600341497
              ],
              [
                86.9269311728985,
                27.898411874577647
              ],
              [
                86.92703278377473,
                27.8984119284047
              ],
              [
                86.92703272322828,
                27.89850220264085
              ],
              [
                86.92733755611745,
                27.898502363690813
              ],
              [
                86.92733749582253,
                27.89859263791798
              ],
              [
                86.92743910687842,
                27.898592691448588
              ],
              [
                86.92743886602213,
                27.898953788375223
              ],
              [
                86.92764208879865,
                27.898953895220842
              ],
              [
                86.92764202875526,
                27.899044169448008
              ],
              [
                86.92733719433895,
                27.89904400907178
              ],
              [
                86.92733713404402,
                27.89913428329895
              ],
              [
                86.92703229937618,
                27.899134122248984
              ],
              [
                86.92703235993162,
                27.8990438480308
              ],
              [
                86.92713397140072,
                27.899043901785987
              ],
              [
                86.92713403186633,
                27.898953627558818
              ],
              [
                86.92723564325459,
                27.89895368124214
              ],
              [
                86.92723576401511,
                27.898773132778825
              ],
              [
                86.92713415279752,
                27.898773079095502
              ],
              [
                86.92713427372873,
                27.898592530632186
              ],
              [
                86.92703266267284,
                27.898592476877
              ],
              [
                86.92703248102451,
                27.898863299567484
              ],
              [
                86.92693086972608,
                27.89886324574043
              ],
              [
                86.9269308090898,
                27.8989535199676
              ],
              [
                86.92682919771052,
                27.898953466059698
              ],
              [
                86.92682907626728,
                27.899134014514033
              ],
              [
                86.92662585315838,
                27.899133906473654
              ],
              [
                86.92662573138276,
                27.899314454919004
              ],
              [
                86.92652411966212,
                27.899314400786526
              ],
              [
                86.92652405868448,
                27.89940467501369
              ],
              [
                86.926422446883,
                27.899404620800365
              ],
              [
                86.92642232476602,
                27.899585169245714
              ],
              [
                86.92652393673818,
                27.89958522345006
              ],
              [
                86.92652387576953,
                27.899675497668245
              ],
              [
                86.92662548782253,
                27.899675551800723
              ],
              [
                86.92662542693473,
                27.899765826018907
              ],
              [
                86.92652381479188,
                27.89976577188643
              ],
              [
                86.92652375381424,
                27.899856046104613
              ],
              [
                86.92632052935787,
                27.89985593760609
              ],
              [
                86.92632046821853,
                27.899946211824275
              ],
              [
                86.926218855905,
                27.89994615746722
              ],
              [
                86.92621897836335,
                27.899765609039832
              ],
              [
                86.9261173662205,
                27.899765554601927
              ],
              [
                86.92611730491048,
                27.89985582882011
              ],
              [
                86.92601569267781,
                27.89985577431034
              ],
              [
                86.92601563128694,
                27.899946048528523
              ],
              [
                86.92591401897342,
                27.899945993937905
              ],
              [
                86.92591395749271,
                27.90003626815609
              ],
              [
                86.92601556988708,
                27.900036322737723
              ],
              [
                86.92601544709638,
                27.900216871156125
              ],
              [
                86.92591383453131,
                27.90021681657449
              ],
              [
                86.92591377305062,
                27.90030709078369
              ],
              [
                86.92581216039574,
                27.900307036121205
              ],
              [
                86.92581203726365,
                27.900487584539608
              ],
              [
                86.92520236037315,
                27.90048725501061
              ],
              [
                86.92520242244673,
                27.90039698080141
              ],
              [
                86.92459274606827,
                27.90039664857747
              ],
              [
                86.92459262091498,
                27.900577196986887
              ],
              [
                86.92438939512012,
                27.90057708564071
              ],
              [
                86.92438952061477,
                27.900396537240272
              ],
              [
                86.92428790788802,
                27.900396481454894
              ],
              [
                86.92428797071618,
                27.90030620724569
              ],
              [
                86.92418635807029,
                27.90030615138845
              ],
              [
                86.92418642098829,
                27.90021587718823
              ],
              [
                86.92388158331109,
                27.90021570916734
              ],
              [
                86.92388152014156,
                27.900305983367556
              ],
              [
                86.92377990750464,
                27.900305927213868
              ],
              [
                86.92377984424527,
                27.900396201414086
              ],
              [
                86.92357661880077,
                27.900396088873148
              ],
              [
                86.92357668222182,
                27.90030581467293
              ],
              [
                86.92347506957591,
                27.900305758294664
              ],
              [
                86.92347494256312,
                27.900486306695097
              ],
              [
                86.92327171694792,
                27.900486193705003
              ],
              [
                86.92327158959377,
                27.900666742105436
              ],
              [
                86.92316997661548,
                27.900666685493608
              ],
              [
                86.92316991285307,
                27.900756959693826
              ],
              [
                86.92296668673481,
                27.90075684625457
              ],
              [
                86.92296662280171,
                27.900847120445807
              ],
              [
                86.92195049136602,
                27.900846548748977
              ],
              [
                86.92195042658851,
                27.90093682294021
              ],
              [
                86.92144236045743,
                27.900936534275576
              ],
              [
                86.9214422952667,
                27.90102680846681
              ],
              [
                86.92022293557476,
                27.9010261080414
              ],
              [
                86.92022286935995,
                27.901116382223652
              ],
              [
                86.9197148024114,
                27.901116087198947
              ],
              [
                86.91971473578336,
                27.9012063613812
              ],
              [
                86.91951150883865,
                27.901206242839514
              ],
              [
                86.91951144203993,
                27.901296517021766
              ],
              [
                86.91920660137134,
                27.901296338652283
              ],
              [
                86.9192066684216,
                27.901206064479013
              ],
              [
                86.9184953741331,
                27.90120564565748
              ],
              [
                86.91849530648996,
                27.90129591983973
              ],
              [
                86.91839369293676,
                27.901295859706504
              ],
              [
                86.91839376066075,
                27.901205585533237
              ],
              [
                86.9182921471884,
                27.901205525328148
              ],
              [
                86.91829207938356,
                27.901295799501415
              ],
              [
                86.91819046583035,
                27.90129573922446
              ],
              [
                86.91819039793569,
                27.90138601340671
              ],
              [
                86.91808878430163,
                27.901385953048905
              ],
              [
                86.91808885227715,
                27.901295678866656
              ],
              [
                86.91798723872395,
                27.901295618436986
              ],
              [
                86.9179873067893,
                27.90120534426372
              ],
              [
                86.91788569331695,
                27.9012052837532
              ],
              [
                86.91788562517075,
                27.901295557935452
              ],
              [
                86.91768239806436,
                27.90129543669882
              ],
              [
                86.91768226143958,
                27.90147598505434
              ],
              [
                86.9175806477157,
                27.901475924319243
              ],
              [
                86.91758057931797,
                27.901566198501495
              ],
              [
                86.91747896551324,
                27.901566137694534
              ],
              [
                86.9174790340008,
                27.901475863521267
              ],
              [
                86.91737742027692,
                27.901475802642437
              ],
              [
                86.91737728314011,
                27.90165635097999
              ],
              [
                86.91727566925454,
                27.9016562900293
              ],
              [
                86.91727580656203,
                27.901475741682763
              ],
              [
                86.91707257912324,
                27.901475619547817
              ],
              [
                86.91707237265446,
                27.901746442067623
              ],
              [
                86.91686914471262,
                27.90174631962725
              ],
              [
                86.91686907572202,
                27.901836593800518
              ],
              [
                86.9166658476095,
                27.9018364710637
              ],
              [
                86.9166659167708,
                27.901746196890432
              ],
              [
                86.91656430280436,
                27.901746135409734
              ],
              [
                86.9165641643111,
                27.901926683747288
              ],
              [
                86.91625932189979,
                27.901926498856035
              ],
              [
                86.91625918290346,
                27.902107047184604
              ],
              [
                86.91605595428788,
                27.90210692354947
              ],
              [
                86.91605588462353,
                27.902197197713758
              ],
              [
                86.91483651196891,
                27.90219644959679
              ],
              [
                86.91483658264836,
                27.90210617544149
              ],
              [
                86.91493819695614,
                27.902106238197792
              ],
              [
                86.91493826754576,
                27.90201596403351
              ],
              [
                86.91503988176372,
                27.902016026708967
              ],
              [
                86.91504023431654,
                27.90156465588754
              ],
              [
                86.91493862052079,
                27.901564593212083
              ],
              [
                86.9149386911104,
                27.901474319038815
              ],
              [
                86.91483707740448,
                27.901474256291493
              ],
              [
                86.91483714808393,
                27.901383982118222
              ],
              [
                86.91473553444989,
                27.90138391929005
              ],
              [
                86.91473560521916,
                27.90129364512577
              ],
              [
                86.91453237813073,
                27.90129351924485
              ],
              [
                86.91453259092366,
                27.901022696725043
              ],
              [
                86.91443097763096,
                27.901022633672294
              ],
              [
                86.91443111965461,
                27.900842085325756
              ],
              [
                86.91432950654158,
                27.900842022201143
              ],
              [
                86.9143296487359,
                27.900661473845624
              ],
              [
                86.91402480988192,
                27.90066128402262
              ],
              [
                86.91402488123511,
                27.900571009840366
              ],
              [
                86.91351681690965,
                27.900570691971506
              ],
              [
                86.91351674514324,
                27.900660966144773
              ],
              [
                86.91341513219191,
                27.90066090234642
              ],
              [
                86.91341534776063,
                27.900390079817633
              ],
              [
                86.91300889697939,
                27.90038982386964
              ],
              [
                86.91300875260215,
                27.90057037222516
              ],
              [
                86.91270391401767,
                27.90057017947365
              ],
              [
                86.91270398645781,
                27.900479905300383
              ],
              [
                86.91239914813383,
                27.90047971188412
              ],
              [
                86.91239936622681,
                27.90020888934635
              ],
              [
                86.91250097874695,
                27.900208953899284
              ],
              [
                86.91250105135776,
                27.900118679717036
              ],
              [
                86.91239943891848,
                27.900118615164097
              ],
              [
                86.9123995843108,
                27.899938066808577
              ],
              [
                86.9122979720422,
                27.899938002183777
              ],
              [
                86.9122981176052,
                27.899757453819273
              ],
              [
                86.91239972970314,
                27.89975751843509
              ],
              [
                86.91239965701146,
                27.899847792617344
              ],
              [
                86.912602881378,
                27.89984792164237
              ],
              [
                86.91260273632703,
                27.90002847000687
              ],
              [
                86.9127043486765,
                27.90002853440709
              ],
              [
                86.91270427623635,
                27.900118808589344
              ],
              [
                86.91290750111493,
                27.90011893715623
              ],
              [
                86.91290764566284,
                27.899938388791725
              ],
              [
                86.91280603339423,
                27.899938324544216
              ],
              [
                86.91280610575353,
                27.899848050361964
              ],
              [
                86.9129077179413,
                27.899848114609473
              ],
              [
                86.91290779021075,
                27.89975784041824
              ],
              [
                86.91300940231767,
                27.899757904593883
              ],
              [
                86.9130095466949,
                27.899577356220398
              ],
              [
                86.91290793475866,
                27.899577292044754
              ],
              [
                86.91290800703712,
                27.89948701785352
              ],
              [
                86.91300961888352,
                27.899487082029164
              ],
              [
                86.91300969107213,
                27.899396807837928
              ],
              [
                86.91290807930658,
                27.899396743662283
              ],
              [
                86.91290815157605,
                27.89930646947105
              ],
              [
                86.91280653990032,
                27.89930640522354
              ],
              [
                86.91280668460993,
                27.89912585684107
              ],
              [
                86.91290829612396,
                27.89912592108858
              ],
              [
                86.91290836839342,
                27.899035646888365
              ],
              [
                86.91321320267498,
                27.89903583917275
              ],
              [
                86.91321327469292,
                27.898945564981517
              ],
              [
                86.91331488603626,
                27.8989456289236
              ],
              [
                86.91331495797336,
                27.89885535472338
              ],
              [
                86.91341656923585,
                27.898855418593595
              ],
              [
                86.9134166410831,
                27.89876514439338
              ],
              [
                86.91361986343742,
                27.898765271909234
              ],
              [
                86.91362000679058,
                27.898584723508797
              ],
              [
                86.91372161780154,
                27.898584787145452
              ],
              [
                86.91372183258872,
                27.898313964535816
              ],
              [
                86.91382344333918,
                27.898314028100607
              ],
              [
                86.91382351485406,
                27.898223753891404
              ],
              [
                86.91392512552368,
                27.89822381738433
              ],
              [
                86.91392519694872,
                27.898133543175128
              ],
              [
                86.91402680753748,
                27.898133606596186
              ],
              [
                86.91402666485807,
                27.89831415501459
              ],
              [
                86.91392505409863,
                27.89831409159353
              ],
              [
                86.91392491124853,
                27.898494640011933
              ],
              [
                86.91402652216966,
                27.898494703424007
              ],
              [
                86.91402645083444,
                27.89858497763321
              ],
              [
                86.91392483982348,
                27.89858491421215
              ],
              [
                86.9139246969644,
                27.89876546262157
              ],
              [
                86.91422953050935,
                27.898765652651182
              ],
              [
                86.9142296728474,
                27.89858510425075
              ],
              [
                86.91433128385837,
                27.898585167438245
              ],
              [
                86.91433135495105,
                27.898494893238027
              ],
              [
                86.9145345768023,
                27.898495019397426
              ],
              [
                86.91453471864628,
                27.89831447098801
              ],
              [
                86.9143314971274,
                27.898314344819624
              ],
              [
                86.9143315682111,
                27.898224070610425
              ],
              [
                86.91443317888968,
                27.89822413373504
              ],
              [
                86.91443324989253,
                27.898133859516857
              ],
              [
                86.91453486048128,
                27.89813392256062
              ],
              [
                86.91453514415129,
                27.897772825705854
              ],
              [
                86.91463675440767,
                27.897772888677753
              ],
              [
                86.91463668357551,
                27.897863162895938
              ],
              [
                86.91483990424997,
                27.897863288606178
              ],
              [
                86.91483997491144,
                27.897773014387994
              ],
              [
                86.91504319542422,
                27.897773139801792
              ],
              [
                86.91504305443364,
                27.897953688229176
              ],
              [
                86.91514466485171,
                27.897953750823785
              ],
              [
                86.91514480567162,
                27.8977732023964
              ],
              [
                86.915246415928,
                27.89777326491016
              ],
              [
                86.9152464862571,
                27.897682990691976
              ],
              [
                86.91514487609055,
                27.897682928178217
              ],
              [
                86.9151449465005,
                27.89759265395105
              ],
              [
                86.91524655658621,
                27.897592716473795
              ],
              [
                86.91524662690632,
                27.89750244225561
              ],
              [
                86.91534823691119,
                27.897502504697506
              ],
              [
                86.91534816667192,
                27.89759277891569
              ],
              [
                86.91565299692903,
                27.897592965792217
              ],
              [
                86.91565306691678,
                27.897502691574033
              ],
              [
                86.91575467692162,
                27.897502753719486
              ],
              [
                86.91575474682853,
                27.897412479492317
              ],
              [
                86.91605957659155,
                27.897412665470533
              ],
              [
                86.91605964623794,
                27.89732239125235
              ],
              [
                86.91616125607212,
                27.89732245309237
              ],
              [
                86.91616118650659,
                27.897412727319537
              ],
              [
                86.91636440635459,
                27.89741285077501
              ],
              [
                86.91636433695075,
                27.897503125002174
              ],
              [
                86.91646594695561,
                27.897503186626604
              ],
              [
                86.91646601626962,
                27.897412912399435
              ],
              [
                86.91677084604164,
                27.897413096805597
              ],
              [
                86.91677070791668,
                27.89759364525095
              ]
            ],
            [
              [
                86.91941310534325,
                27.896873021338386
              ],
              [
                86.91941297161107,
                27.89705356981967
              ],
              [
                86.91931136201045,
                27.897053510369165
              ],
              [
                86.9193114959223,
                27.896872961896864
              ],
              [
                86.91941310534325,
                27.896873021338386
              ]
            ],
            [
              [
                86.9197148024114,
                27.901116087198947
              ],
              [
                86.91961318902888,
                27.901116027964036
              ],
              [
                86.91961325573777,
                27.901025753781784
              ],
              [
                86.91971486903945,
                27.901025813007713
              ],
              [
                86.9197148024114,
                27.901116087198947
              ]
            ],
            [
              [
                86.92347506957591,
                27.900305758294664
              ],
              [
                86.923373456939,
                27.900305701835546
              ],
              [
                86.92337352052175,
                27.900215427626346
              ],
              [
                86.92347513308681,
                27.90021548408546
              ],
              [
                86.92347506957591,
                27.900305758294664
              ]
            ],
            [
              [
                86.92520242244673,
                27.90039698080141
              ],
              [
                86.92520254659391,
                27.900216432391993
              ],
              [
                86.92530415914997,
                27.900216487494653
              ],
              [
                86.92530403517348,
                27.900397035913052
              ],
              [
                86.92520242244673,
                27.90039698080141
              ]
            ],
            [
              [
                86.92784650903842,
                27.89714851692125
              ],
              [
                86.92794811873786,
                27.897148570074563
              ],
              [
                86.92794805895497,
                27.89723884432868
              ],
              [
                86.92804966873524,
                27.89723889741013
              ],
              [
                86.92804960903321,
                27.897329171664246
              ],
              [
                86.927846389293,
                27.89732906542948
              ],
              [
                86.92784650903842,
                27.89714851692125
              ]
            ],
            [
              [
                86.9287622376433,
                27.895253232991216
              ],
              [
                86.92876217853416,
                27.89534350727228
              ],
              [
                86.92855896250398,
                27.895343402097527
              ],
              [
                86.92855902177483,
                27.89525312781646
              ],
              [
                86.9287622376433,
                27.895253232991216
              ]
            ],
            [
              [
                86.92896398000522,
                27.8975101945099
              ],
              [
                86.92876075992365,
                27.897510089622607
              ],
              [
                86.92876081903279,
                27.89741981536849
              ],
              [
                86.92886242899273,
                27.89741986784807
              ],
              [
                86.92886248802103,
                27.897329593602937
              ],
              [
                86.92906570776124,
                27.897329698337515
              ],
              [
                86.92906576662784,
                27.8972394240834
              ],
              [
                86.9291673764171,
                27.8972394763384
              ],
              [
                86.92916725886357,
                27.89742002484663
              ],
              [
                86.92896403894369,
                27.897419920255782
              ],
              [
                86.92896398000522,
                27.8975101945099
              ]
            ],
            [
              [
                86.91311094231682,
                27.89984824287093
              ],
              [
                86.91311108652337,
                27.899667694497445
              ],
              [
                86.9133143105665,
                27.89966782247144
              ],
              [
                86.91331423862943,
                27.89975809665369
              ],
              [
                86.91321262652251,
                27.89975803271161
              ],
              [
                86.91321255450457,
                27.899848306893862
              ],
              [
                86.91311094231682,
                27.89984824287093
              ]
            ],
            [
              [
                86.91361943335102,
                27.899306917092574
              ],
              [
                86.91361950503658,
                27.899216642901337
              ],
              [
                86.91372111663145,
                27.899216706546976
              ],
              [
                86.9137212598229,
                27.899036158155525
              ],
              [
                86.91382287125607,
                27.899036221720312
              ],
              [
                86.91382301427686,
                27.89885567332886
              ],
              [
                86.91392462553935,
                27.898855736821787
              ],
              [
                86.9139245541143,
                27.898946011022
              ],
              [
                86.91412777680998,
                27.898946137783273
              ],
              [
                86.91412784806434,
                27.898855863583055
              ],
              [
                86.91422945932685,
                27.898855926860385
              ],
              [
                86.91422938815332,
                27.898946201060603
              ],
              [
                86.91433099950565,
                27.89894626425708
              ],
              [
                86.91433085732031,
                27.899126812648532
              ],
              [
                86.91412763429226,
                27.89912668618371
              ],
              [
                86.9141275630289,
                27.899216960383924
              ],
              [
                86.91392433983017,
                27.89921683361367
              ],
              [
                86.9139241969711,
                27.899397382005127
              ],
              [
                86.91382258520554,
                27.89939731850322
              ],
              [
                86.91382265672043,
                27.899307044311982
              ],
              [
                86.91361943335102,
                27.899306917092574
              ]
            ],
            [
              [
                86.91412670788665,
                27.900300250651792
              ],
              [
                86.91412677915001,
                27.90020997646954
              ],
              [
                86.91422839167913,
                27.900210039746867
              ],
              [
                86.9142283205056,
                27.90030031392912
              ],
              [
                86.91412670788665,
                27.900300250651792
              ]
            ],
            [
              [
                86.91422881874719,
                27.89966839461743
              ],
              [
                86.9142288899297,
                27.89957812042619
              ],
              [
                86.91433050186593,
                27.899578183622673
              ],
              [
                86.91433043077326,
                27.899668457813906
              ],
              [
                86.91422881874719,
                27.89966839461743
              ]
            ],
            [
              [
                86.91422896110322,
                27.89948784623496
              ],
              [
                86.91422903227674,
                27.899397572043725
              ],
              [
                86.91433064405128,
                27.899397635240202
              ],
              [
                86.9143305729586,
                27.89948790943144
              ],
              [
                86.91422896110322,
                27.89948784623496
              ]
            ],
            [
              [
                86.91433021749525,
                27.89993928038761
              ],
              [
                86.91433035968059,
                27.899758732005143
              ],
              [
                86.91443197178751,
                27.899758795129756
              ],
              [
                86.91443190077568,
                27.899849069320993
              ],
              [
                86.91453351297243,
                27.899849132373742
              ],
              [
                86.91453344204145,
                27.899939406555994
              ],
              [
                86.91433021749525,
                27.89993928038761
              ]
            ],
            [
              [
                86.9145331583445,
                27.900300503302965
              ],
              [
                86.91453337111946,
                27.900029680747227
              ],
              [
                86.9146349834779,
                27.900029743719127
              ],
              [
                86.91463491263676,
                27.90012001790138
              ],
              [
                86.91473652508503,
                27.900120080801415
              ],
              [
                86.91473631281313,
                27.900390903357152
              ],
              [
                86.91463470011333,
                27.900390840457117
              ],
              [
                86.91463477095446,
                27.900300566274865
              ],
              [
                86.9145331583445,
                27.900300503302965
              ]
            ],
            [
              [
                86.91463604605912,
                27.898675630778747
              ],
              [
                86.91463611690025,
                27.89858535657853
              ],
              [
                86.91473772791123,
                27.89858541946958
              ],
              [
                86.91473765715992,
                27.898675693678783
              ],
              [
                86.91463604605912,
                27.898675630778747
              ]
            ],
            [
              [
                86.91473602978093,
                27.900752000077176
              ],
              [
                86.91473610054122,
                27.900661725894924
              ],
              [
                86.91504093939521,
                27.90066191415486
              ],
              [
                86.91504100989499,
                27.900571639972608
              ],
              [
                86.91514262276547,
                27.900571702576197
              ],
              [
                86.91514255234654,
                27.90066197674947
              ],
              [
                86.91554900416084,
                27.900662226409253
              ],
              [
                86.91554893407428,
                27.9007525005915
              ],
              [
                86.91575216015661,
                27.900752624963253
              ],
              [
                86.91575209024073,
                27.900842899145506
              ],
              [
                86.91565047711872,
                27.90084283699107
              ],
              [
                86.915650407113,
                27.900933111173323
              ],
              [
                86.91554879391015,
                27.90093304894702
              ],
              [
                86.91554865373703,
                27.90111359729356
              ],
              [
                86.91534542698098,
                27.90111347261638
              ],
              [
                86.91534563774371,
                27.900842650087593
              ],
              [
                86.91493918525568,
                27.90084239983492
              ],
              [
                86.91493925585426,
                27.90075212565267
              ],
              [
                86.91473602978093,
                27.900752000077176
              ]
            ],
            [
              [
                86.91524578297505,
                27.898585732819917
              ],
              [
                86.91524592363326,
                27.8984051844105
              ],
              [
                86.91534753448254,
                27.898405246852395
              ],
              [
                86.91534746423427,
                27.898495521061598
              ],
              [
                86.9154490751644,
                27.898495583431625
              ],
              [
                86.91544900500597,
                27.89858585764083
              ],
              [
                86.91524578297505,
                27.898585732819917
              ]
            ],
            [
              [
                86.91534767497006,
                27.898224698433992
              ],
              [
                86.91534788569686,
                27.897953875788424
              ],
              [
                86.91555110655099,
                27.897954000447637
              ],
              [
                86.91555103647342,
                27.89804427466582
              ],
              [
                86.91565264698133,
                27.89804433688314
              ],
              [
                86.9156527869658,
                27.89786378845575
              ],
              [
                86.91555117661957,
                27.897863726238437
              ],
              [
                86.91555131677472,
                27.897683177793084
              ],
              [
                86.91565292694128,
                27.897683240019386
              ],
              [
                86.91565285695354,
                27.897773514237567
              ],
              [
                86.91575446720992,
                27.89777357638302
              ],
              [
                86.91575439730302,
                27.897863850601205
              ],
              [
                86.91585600764924,
                27.89786391266581
              ],
              [
                86.9158559378232,
                27.89795418688399
              ],
              [
                86.91616076910438,
                27.89795437264661
              ],
              [
                86.91616069952987,
                27.898044646864793
              ],
              [
                86.91626231004676,
                27.898044708632952
              ],
              [
                86.91626217107739,
                27.898225257060336
              ],
              [
                86.91616056038981,
                27.898225195292177
              ],
              [
                86.91616042124976,
                27.89840574371956
              ],
              [
                86.91605881040947,
                27.898405681870553
              ],
              [
                86.9160587407541,
                27.898495956079756
              ],
              [
                86.91585551888488,
                27.898495832166144
              ],
              [
                86.91585558871093,
                27.898405557956945
              ],
              [
                86.9159571995602,
                27.89840561994968
              ],
              [
                86.91595733903263,
                27.898225071522297
              ],
              [
                86.91585572835403,
                27.89822500952956
              ],
              [
                86.91585579818008,
                27.898134735320358
              ],
              [
                86.91565257699358,
                27.898134611101323
              ],
              [
                86.91565250699685,
                27.898224885319504
              ],
              [
                86.91534767497006,
                27.898224698433992
              ]
            ],
            [
              [
                86.91585621710942,
                27.897593090011256
              ],
              [
                86.91585628692648,
                27.897502815784087
              ],
              [
                86.9160595069362,
                27.8975029396977
              ],
              [
                86.9160594372898,
                27.897593213915883
              ],
              [
                86.91585621710942,
                27.897593090011256
              ]
            ],
            [
              [
                86.91595692059737,
                27.898766716786486
              ],
              [
                86.91595699034256,
                27.898676442577283
              ],
              [
                86.91605860144337,
                27.89867650449816
              ],
              [
                86.916058531788,
                27.89876677870736
              ],
              [
                86.91595692059737,
                27.898766716786486
              ]
            ],
            [
              [
                86.91615826441273,
                27.901204243710716
              ],
              [
                86.91615833399622,
                27.901113969537445
              ],
              [
                86.91636156075229,
                27.901114093019864
              ],
              [
                86.91636149133946,
                27.901204367193134
              ],
              [
                86.91615826441273,
                27.901204243710716
              ]
            ],
            [
              [
                86.91626036434077,
                27.900572386239045
              ],
              [
                86.91626043383444,
                27.90048211204781
              ],
              [
                86.91646365941371,
                27.900482235377517
              ],
              [
                86.91646359009071,
                27.90057250956875
              ],
              [
                86.91626036434077,
                27.900572386239045
              ]
            ],
            [
              [
                86.9162617541513,
                27.898766902324525
              ],
              [
                86.91626203209903,
                27.89840580548772
              ],
              [
                86.9163636429483,
                27.898405867184014
              ],
              [
                86.91636378175598,
                27.89822531875663
              ],
              [
                86.91646539243457,
                27.89822538038106
              ],
              [
                86.91646525379757,
                27.898405928808444
              ],
              [
                86.91656686464684,
                27.898405990352025
              ],
              [
                86.91656672618052,
                27.89858653877941
              ],
              [
                86.91676994822043,
                27.89858666164199
              ],
              [
                86.91676981008649,
                27.89876721006039
              ],
              [
                86.9165665877142,
                27.89876708719781
              ],
              [
                86.91656665694737,
                27.898676812988608
              ],
              [
                86.91646504584656,
                27.898676751436046
              ],
              [
                86.91646497652357,
                27.898767025645245
              ],
              [
                86.9162617541513,
                27.898766902324525
              ]
            ],
            [
              [
                86.91666778399097,
                27.89930879389778
              ],
              [
                86.91666785314328,
                27.899218519688578
              ],
              [
                86.91676946475613,
                27.89921858108843
              ],
              [
                86.91676960289007,
                27.899038032687994
              ],
              [
                86.91687121433223,
                27.899038094006993
              ],
              [
                86.9168711453506,
                27.89912836820721
              ],
              [
                86.9169727568736,
                27.89912842946333
              ],
              [
                86.91697261907204,
                27.899308977863768
              ],
              [
                86.91707423076573,
                27.89930903903904
              ],
              [
                86.91707409313484,
                27.899489587439472
              ],
              [
                86.91697248127946,
                27.8994895262642
              ],
              [
                86.91697255017125,
                27.899399252063986
              ],
              [
                86.91676932662219,
                27.899399129497848
              ],
              [
                86.91676939568467,
                27.89930885529763
              ],
              [
                86.91666778399097,
                27.89930879389778
              ]
            ],
            [
              [
                86.91666861379176,
                27.898225503396354
              ],
              [
                86.91666868294406,
                27.89813522917817
              ],
              [
                86.9167702935418,
                27.89813529057802
              ],
              [
                86.91677022447932,
                27.898225564796203
              ],
              [
                86.91666861379176,
                27.898225503396354
              ]
            ],
            [
              [
                86.91687169719467,
                27.89840617454259
              ],
              [
                86.91687204209383,
                27.897954803460653
              ],
              [
                86.91707526295694,
                27.897954925874075
              ],
              [
                86.91707540056986,
                27.89777437743771
              ],
              [
                86.91727862110059,
                27.89777449955469
              ],
              [
                86.91727834653052,
                27.898135596427423
              ],
              [
                86.91758317833273,
                27.898135779045937
              ],
              [
                86.91758304154627,
                27.898316327482306
              ],
              [
                86.91697337694471,
                27.89831596157154
              ],
              [
                86.91697330805292,
                27.898406235789725
              ],
              [
                86.91687169719467,
                27.89840617454259
              ]
            ],
            [
              [
                86.917073886693,
                27.899760410040127
              ],
              [
                86.9170740243239,
                27.89957986163969
              ],
              [
                86.91727724821432,
                27.899579983765655
              ],
              [
                86.9172771109248,
                27.899760532157106
              ],
              [
                86.917073886693,
                27.899760410040127
              ]
            ],
            [
              [
                86.91717494894114,
                27.900482664673408
              ],
              [
                86.91717501767124,
                27.900392390482175
              ],
              [
                86.9173782430888,
                27.900392512464407
              ],
              [
                86.9173781745204,
                27.900482786646656
              ],
              [
                86.91717494894114,
                27.900482664673408
              ]
            ],
            [
              [
                86.9174798557976,
                27.90039257333425
              ],
              [
                86.91747999275474,
                27.900212024960762
              ],
              [
                86.91768321783994,
                27.900212146484854
              ],
              [
                86.91768308121516,
                27.900392694867325
              ],
              [
                86.9174798557976,
                27.90039257333425
              ]
            ],
            [
              [
                86.91758092131559,
                27.90111482761719
              ],
              [
                86.91758105811104,
                27.900934279252684
              ],
              [
                86.91798751097637,
                27.900934521716962
              ],
              [
                86.91798744291101,
                27.901024795899215
              ],
              [
                86.91778421631666,
                27.901024674815297
              ],
              [
                86.91778414808063,
                27.90111494899755
              ],
              [
                86.91758092131559,
                27.90111482761719
              ]
            ],
            [
              [
                86.91758269959357,
                27.898767698546276
              ],
              [
                86.9175827679913,
                27.898677424337077
              ],
              [
                86.91788760130268,
                27.898677606281854
              ],
              [
                86.91788746502826,
                27.898858154700253
              ],
              [
                86.91778585375677,
                27.898858094126854
              ],
              [
                86.91778571731166,
                27.899038642545257
              ],
              [
                86.91768410586951,
                27.89903858189999
              ],
              [
                86.91768431078421,
                27.89876775927239
              ],
              [
                86.91758269959357,
                27.898767698546276
              ]
            ],
            [
              [
                86.9175837254337,
                27.89741358525555
              ],
              [
                86.91758386220219,
                27.897233036801218
              ],
              [
                86.91768547195552,
                27.897233097518345
              ],
              [
                86.9176853353577,
                27.897413645981665
              ],
              [
                86.9175837254337,
                27.89741358525555
              ]
            ],
            [
              [
                86.91768355938838,
                27.899760775510718
              ],
              [
                86.91768369601316,
                27.899580227119266
              ],
              [
                86.91788691991258,
                27.899580348346912
              ],
              [
                86.91788678362916,
                27.899760896738364
              ],
              [
                86.91768355938838,
                27.899760775510718
              ]
            ],
            [
              [
                86.91778448923382,
                27.90066357808629
              ],
              [
                86.91778455746086,
                27.900573303895058
              ],
              [
                86.91788617034034,
                27.90057336447744
              ],
              [
                86.91788623848653,
                27.900483090286208
              ],
              [
                86.9180894640658,
                27.90048321121741
              ],
              [
                86.91808939609028,
                27.900573485408646
              ],
              [
                86.91819100896974,
                27.900573545757464
              ],
              [
                86.91819094108406,
                27.9006638199487
              ],
              [
                86.91808932811476,
                27.900663759590895
              ],
              [
                86.91808926013924,
                27.900754033782132
              ],
              [
                86.91798764709809,
                27.90075397335246
              ],
              [
                86.91798771515445,
                27.90066369916123
              ],
              [
                86.91778448923382,
                27.90066357808629
              ]
            ],
            [
              [
                86.91778558085757,
                27.899219190954675
              ],
              [
                86.91778564908462,
                27.899128916754456
              ],
              [
                86.91788726061661,
                27.89912897732786
              ],
              [
                86.91788719247042,
                27.899219251528073
              ],
              [
                86.91778558085757,
                27.899219190954675
              ]
            ],
            [
              [
                86.91788698804979,
                27.89949007413771
              ],
              [
                86.91788705619598,
                27.899399799937495
              ],
              [
                86.91809027975404,
                27.899399920868696
              ],
              [
                86.9180902117875,
                27.899490195068914
              ],
              [
                86.91788698804979,
                27.89949007413771
              ]
            ],
            [
              [
                86.91788828267482,
                27.897774864100015
              ],
              [
                86.91788848707749,
                27.89750404141851
              ],
              [
                86.91799009708234,
                27.897504101920045
              ],
              [
                86.91799016512972,
                27.89741382769288
              ],
              [
                86.91819338498672,
                27.897413948453405
              ],
              [
                86.91819318134763,
                27.897684771134905
              ],
              [
                86.91829479152317,
                27.89768483141186
              ],
              [
                86.91829472372731,
                27.897775105630043
              ],
              [
                86.91819311346194,
                27.89777504536207
              ],
              [
                86.91819304557626,
                27.89786531958924
              ],
              [
                86.91809143523004,
                27.89786525924042
              ],
              [
                86.91809150319658,
                27.89777498501325
              ],
              [
                86.91788828267482,
                27.897774864100015
              ]
            ],
            [
              [
                86.91798928046883,
                27.898587392565204
              ],
              [
                86.91798941657258,
                27.89840684413782
              ],
              [
                86.91809102743083,
                27.898406904558506
              ],
              [
                86.91809089148879,
                27.89858745298589
              ],
              [
                86.91798928046883,
                27.898587392565204
              ]
            ],
            [
              [
                86.91819066951436,
                27.901024916686687
              ],
              [
                86.91819080529471,
                27.900844368322186
              ],
              [
                86.91829241842571,
                27.900844428599143
              ],
              [
                86.91829235062087,
                27.90093470278139
              ],
              [
                86.91839396383271,
                27.900934762986484
              ],
              [
                86.91839389610873,
                27.901025037168733
              ],
              [
                86.91819066951436,
                27.901024916686687
              ]
            ],
            [
              [
                86.91819223097497,
                27.898948610180497
              ],
              [
                86.91819229886066,
                27.898858335971298
              ],
              [
                86.91829391013214,
                27.89885839624825
              ],
              [
                86.9182938423273,
                27.898948670457454
              ],
              [
                86.91819223097497,
                27.898948610180497
              ]
            ],
            [
              [
                86.91839585998763,
                27.898407085380388
              ],
              [
                86.91839606313265,
                27.898136262716854
              ],
              [
                86.91859928433712,
                27.898136382893473
              ],
              [
                86.9185992167928,
                27.898226657111657
              ],
              [
                86.91870082748036,
                27.898226717083183
              ],
              [
                86.91870076001689,
                27.898316991301368
              ],
              [
                86.9188023707943,
                27.898317051201033
              ],
              [
                86.91880230341167,
                27.898407325419214
              ],
              [
                86.91859908170414,
                27.898407205548025
              ],
              [
                86.91859914924846,
                27.89831693132984
              ],
              [
                86.91849753848004,
                27.898316871286447
              ],
              [
                86.91849747084589,
                27.89840714550463
              ],
              [
                86.91839585998763,
                27.898407085380388
              ]
            ],
            [
              [
                86.91839653712871,
                27.89750434315363
              ],
              [
                86.91839660484372,
                27.897414068917485
              ],
              [
                86.91859982470072,
                27.89741418908512
              ],
              [
                86.91859975715639,
                27.897504463312284
              ],
              [
                86.91870136717023,
                27.897504523283814
              ],
              [
                86.91870129970675,
                27.897594797519965
              ],
              [
                86.91880290980144,
                27.897594857410645
              ],
              [
                86.91880257292422,
                27.898046228537495
              ],
              [
                86.91870096240733,
                27.898046168637833
              ],
              [
                86.9187010298708,
                27.89795589441965
              ],
              [
                86.91859941943476,
                27.897955834448123
              ],
              [
                86.91859948697909,
                27.897865560220954
              ],
              [
                86.91849787662389,
                27.89786550017756
              ],
              [
                86.91849801188322,
                27.897684951723225
              ],
              [
                86.91859962206773,
                27.897685011775604
              ],
              [
                86.91859968961207,
                27.897594737548435
              ],
              [
                86.91849807951738,
                27.89759467749606
              ],
              [
                86.91849814714254,
                27.897504403268893
              ],
              [
                86.91839653712871,
                27.89750434315363
              ]
            ],
            [
              [
                86.91849591525127,
                27.9004834521815
              ],
              [
                86.91849598288543,
                27.900393177990267
              ],
              [
                86.91859759559422,
                27.900393238042643
              ],
              [
                86.9185975280409,
                27.90048351223388
              ],
              [
                86.91849591525127,
                27.9004834521815
              ]
            ],
            [
              [
                86.91849841765223,
                27.897143306342258
              ],
              [
                86.91849855290258,
                27.89696275787894
              ],
              [
                86.91870177191517,
                27.896962877893863
              ],
              [
                86.91870163700617,
                27.89714342635718
              ],
              [
                86.91849841765223,
                27.897143306342258
              ]
            ],
            [
              [
                86.91859786580746,
                27.900032141268724
              ],
              [
                86.91859793336077,
                27.899941867068506
              ],
              [
                86.91869954564734,
                27.899941927049017
              ],
              [
                86.91869947818387,
                27.900032201249235
              ],
              [
                86.91859786580746,
                27.900032141268724
              ]
            ],
            [
              [
                86.91859860886692,
                27.89903912503938
              ],
              [
                86.91859867641124,
                27.898948850830177
              ],
              [
                86.91880189914284,
                27.89894897070137
              ],
              [
                86.9188018317602,
                27.899039244919553
              ],
              [
                86.91859860886692,
                27.89903912503938
              ]
            ],
            [
              [
                86.91870042270848,
                27.898768362383304
              ],
              [
                86.91870049017196,
                27.89867808816512
              ],
              [
                86.91890371239153,
                27.898678207892583
              ],
              [
                86.91890364508976,
                27.898768482101783
              ],
              [
                86.91870042270848,
                27.898768362383304
              ]
            ],
            [
              [
                86.9188030445577,
                27.89741430895631
              ],
              [
                86.918803179305,
                27.89723376049299
              ],
              [
                86.91890478906731,
                27.897233820311808
              ],
              [
                86.91890485635113,
                27.897143546075657
              ],
              [
                86.91920968538653,
                27.897143725082945
              ],
              [
                86.91920955131297,
                27.897324273555245
              ],
              [
                86.91910794146982,
                27.897324213961006
              ],
              [
                86.9191078743477,
                27.897414488188176
              ],
              [
                86.9188030445577,
                27.89741430895631
              ]
            ],
            [
              [
                86.91900377757257,
                27.900754574262503
              ],
              [
                86.91900384479351,
                27.90066430008025
              ],
              [
                86.91910545775382,
                27.900664359755336
              ],
              [
                86.91910539062272,
                27.900754633946573
              ],
              [
                86.91900377757257,
                27.900754574262503
              ]
            ],
            [
              [
                86.9191082099493,
                27.89696311701641
              ],
              [
                86.91910827707143,
                27.896872842780258
              ],
              [
                86.91920988649237,
                27.896872902374493
              ],
              [
                86.9192098194601,
                27.896963176610644
              ],
              [
                86.9191082099493,
                27.89696311701641
              ]
            ],
            [
              [
                86.91930942027501,
                27.89967146273243
              ],
              [
                86.91930948723544,
                27.899581188532213
              ],
              [
                86.91951271114384,
                27.89958130736136
              ],
              [
                86.91951264435409,
                27.899671581561577
              ],
              [
                86.91930942027501,
                27.89967146273243
              ]
            ],
            [
              [
                86.91961565719504,
                27.897775882340387
              ],
              [
                86.91961572389495,
                27.89768560811322
              ],
              [
                86.919818944264,
                27.897685726484227
              ],
              [
                86.91981887773476,
                27.897776000711392
              ],
              [
                86.91961565719504,
                27.897775882340387
              ]
            ],
            [
              [
                86.9201219851579,
                27.900123307262454
              ],
              [
                86.92012211773127,
                27.89994275886202
              ],
              [
                86.92022373002683,
                27.899942817719637
              ],
              [
                86.92022366382099,
                27.900033091919855
              ],
              [
                86.92032527620638,
                27.900033150696625
              ],
              [
                86.9203251439654,
                27.900213699088077
              ],
              [
                86.9202235314183,
                27.900213640311307
              ],
              [
                86.92022359762414,
                27.90012336611109
              ],
              [
                86.9201219851579,
                27.900123307262454
              ]
            ],
            [
              [
                86.92032673074951,
                27.89804711801336
              ],
              [
                86.92032679685653,
                27.89795684378619
              ],
              [
                86.92042840730156,
                27.89795690248211
              ],
              [
                86.9204283412664,
                27.89804717670928
              ],
              [
                86.92032673074951,
                27.89804711801336
              ]
            ],
            [
              [
                86.92042787906523,
                27.898679096263518
              ],
              [
                86.92042794510039,
                27.898588822045333
              ],
              [
                86.92063116715825,
                27.89858893922158
              ],
              [
                86.92063110129378,
                27.898679213439763
              ],
              [
                86.92042787906523,
                27.898679096263518
              ]
            ],
            [
              [
                86.92053008368293,
                27.897866686879
              ],
              [
                86.92053014962826,
                27.897776412651833
              ],
              [
                86.92083498044232,
                27.89777658807484
              ],
              [
                86.92083491474853,
                27.89786686230201
              ],
              [
                86.92093652510373,
                27.897866920620636
              ],
              [
                86.92093645949976,
                27.897957194856787
              ],
              [
                86.92083484906372,
                27.897957136529175
              ],
              [
                86.92083478336993,
                27.898047410756345
              ],
              [
                86.92063156231816,
                27.898047293885526
              ],
              [
                86.92063169403814,
                27.89786674543119
              ],
              [
                86.92053008368293,
                27.897866686879
              ]
            ],
            [
              [
                86.92062952053736,
                27.900845794334817
              ],
              [
                86.92062958640183,
                27.900755520143584
              ],
              [
                86.92083281251111,
                27.90075563703237
              ],
              [
                86.92083274681731,
                27.900845911223602
              ],
              [
                86.92062952053736,
                27.900845794334817
              ]
            ],
            [
              [
                86.92062991574218,
                27.900304149178428
              ],
              [
                86.92063004747114,
                27.90012360077799
              ],
              [
                86.92083327240361,
                27.900123717666776
              ],
              [
                86.92083320670982,
                27.900213991866995
              ],
              [
                86.9209348192569,
                27.900214050194606
              ],
              [
                86.92093475364395,
                27.900304324394824
              ],
              [
                86.92062991574218,
                27.900304149178428
              ]
            ],
            [
              [
                86.92073297552011,
                27.898318175029384
              ],
              [
                86.92073304129475,
                27.8982279008112
              ],
              [
                86.92093626267888,
                27.898228017529306
              ],
              [
                86.92093613147095,
                27.89840856598364
              ],
              [
                86.92083452060372,
                27.89840850765603
              ],
              [
                86.92083458629752,
                27.89831823342886
              ],
              [
                86.92073297552011,
                27.898318175029384
              ]
            ],
            [
              [
                86.92073402789646,
                27.89687378731386
              ],
              [
                86.92073415943676,
                27.896693238823595
              ],
              [
                86.92083576869602,
                27.896693297223074
              ],
              [
                86.92083563732639,
                27.896873845704356
              ],
              [
                86.92073402789646,
                27.89687378731386
              ]
            ],
            [
              [
                86.92093580342419,
                27.89885993707456
              ],
              [
                86.92093586903712,
                27.89876966286536
              ],
              [
                86.92113909143636,
                27.89876977928702
              ],
              [
                86.9211390259941,
                27.898860053505203
              ],
              [
                86.92093580342419,
                27.89885993707456
              ]
            ],
            [
              [
                86.9209369187365,
                27.8973252752217
              ],
              [
                86.92093698434047,
                27.897235000985553
              ],
              [
                86.92103859410278,
                27.897235059232315
              ],
              [
                86.92103852858864,
                27.897325333477447
              ],
              [
                86.9209369187365,
                27.8973252752217
              ]
            ],
            [
              [
                86.92103603862037,
                27.900755753624708
              ],
              [
                86.92103616968457,
                27.900575205233256
              ],
              [
                86.92123939546147,
                27.90057532152017
              ],
              [
                86.92123933010005,
                27.900665595711406
              ],
              [
                86.92134094306934,
                27.90066565374257
              ],
              [
                86.92134081251719,
                27.900846202134023
              ],
              [
                86.92113758622826,
                27.90084608599084
              ],
              [
                86.9211376516795,
                27.900755811799606
              ],
              [
                86.92103603862037,
                27.900755753624708
              ]
            ],
            [
              [
                86.92103787337544,
                27.898228075785052
              ],
              [
                86.92103800442167,
                27.898047527330718
              ],
              [
                86.92113961494755,
                27.898047585505616
              ],
              [
                86.921139484072,
                27.89822813395995
              ],
              [
                86.92103787337544,
                27.898228075785052
              ]
            ],
            [
              [
                86.92113974582311,
                27.89786703705128
              ],
              [
                86.92113994213194,
                27.897596214351815
              ],
              [
                86.92124155223561,
                27.897596272454845
              ],
              [
                86.92124148688318,
                27.897686546682014
              ],
              [
                86.92134309707669,
                27.897686604704198
              ],
              [
                86.9213429665335,
                27.897867153167514
              ],
              [
                86.92113974582311,
                27.89786703705128
              ]
            ],
            [
              [
                86.92114026930736,
                27.897144843171063
              ],
              [
                86.92114033474064,
                27.897054568925927
              ],
              [
                86.92124194434126,
                27.89705462702896
              ],
              [
                86.9212420096937,
                27.89696435278383
              ],
              [
                86.92134361920448,
                27.89696441080601
              ],
              [
                86.92134368447606,
                27.89687413656088
              ],
              [
                86.921445293906,
                27.8968741945112
              ],
              [
                86.92144548944229,
                27.896603371775797
              ],
              [
                86.9216487077991,
                27.896603487442874
              ],
              [
                86.92164857777693,
                27.89678403593314
              ],
              [
                86.92175018712602,
                27.89678409365888
              ],
              [
                86.9217501221958,
                27.896874367904015
              ],
              [
                86.92164851276587,
                27.896874310178273
              ],
              [
                86.92164844775479,
                27.896964584423408
              ],
              [
                86.92175005726557,
                27.896964642149147
              ],
              [
                86.9217499274141,
                27.897145190630432
              ],
              [
                86.92185153709556,
                27.897145248275322
              ],
              [
                86.92185147225516,
                27.897235522520457
              ],
              [
                86.92174986248386,
                27.897235464866583
              ],
              [
                86.92174979755363,
                27.897325739111714
              ],
              [
                86.92164818770149,
                27.897325681385976
              ],
              [
                86.92164838274371,
                27.89705485866854
              ],
              [
                86.92134355394187,
                27.897054685051145
              ],
              [
                86.92134342340768,
                27.897235233532427
              ],
              [
                86.92124181364537,
                27.897235175510247
              ],
              [
                86.92124187898882,
                27.89714490126511
              ],
              [
                86.92114026930736,
                27.897144843171063
              ]
            ],
            [
              [
                86.92124017978054,
                27.89949203109959
              ],
              [
                86.92124024514196,
                27.89940175689039
              ],
              [
                86.92134185693446,
                27.899401814921557
              ],
              [
                86.9213417916539,
                27.89949208913076
              ],
              [
                86.92124017978054,
                27.89949203109959
              ]
            ],
            [
              [
                86.92144496799722,
                27.897325565718898
              ],
              [
                86.92144503317897,
                27.897235291473766
              ],
              [
                86.92154664295026,
                27.89723534935222
              ],
              [
                86.92154657784936,
                27.89732562358837
              ],
              [
                86.92144496799722,
                27.897325565718898
              ]
            ],
            [
              [
                86.92154482008888,
                27.899763027587134
              ],
              [
                86.92154495029969,
                27.899582479168732
              ],
              [
                86.92174817422605,
                27.899582594701062
              ],
              [
                86.92174810928684,
                27.89967286891026
              ],
              [
                86.9216464972428,
                27.899672811175538
              ],
              [
                86.92164643222274,
                27.899763085384738
              ],
              [
                86.92154482008888,
                27.899763027587134
              ]
            ],
            [
              [
                86.9215456013447,
                27.898679737022825
              ],
              [
                86.92154566644561,
                27.89858946280464
              ],
              [
                86.92195211057933,
                27.89858969356387
              ],
              [
                86.92195204581978,
                27.898679967782055
              ],
              [
                86.921850434701,
                27.89867991020903
              ],
              [
                86.92185036985163,
                27.898770184427214
              ],
              [
                86.92174875864303,
                27.89877012677334
              ],
              [
                86.9217486937128,
                27.898860400991524
              ],
              [
                86.92164708242335,
                27.89886034326578
              ],
              [
                86.92164721246347,
                27.898679794829413
              ],
              [
                86.9215456013447,
                27.898679737022825
              ]
            ],
            [
              [
                86.92185088863769,
                27.89804799062784
              ],
              [
                86.92185108317685,
                27.897777167937356
              ],
              [
                86.92215591400888,
                27.89777734043186
              ],
              [
                86.9221557202243,
                27.898048163131325
              ],
              [
                86.92185088863769,
                27.89804799062784
              ]
            ],
            [
              [
                86.92195126861536,
                27.899763258346365
              ],
              [
                86.92195133338389,
                27.899672984146147
              ],
              [
                86.92205294542792,
                27.899673041647308
              ],
              [
                86.92205288074024,
                27.899763315856507
              ],
              [
                86.92195126861536,
                27.899763258346365
              ]
            ],
            [
              [
                86.92195146292094,
                27.899492435727744
              ],
              [
                86.92195152768949,
                27.89940216150956
              ],
              [
                86.92205313948199,
                27.899402219019706
              ],
              [
                86.9220530747943,
                27.899492493228905
              ],
              [
                86.92195146292094,
                27.899492435727744
              ]
            ],
            [
              [
                86.92195165721756,
                27.89922161309116
              ],
              [
                86.92195178675463,
                27.899041064654792
              ],
              [
                86.92205339820578,
                27.899041122155953
              ],
              [
                86.92205333352707,
                27.899131396374138
              ],
              [
                86.92215494506804,
                27.89913145380343
              ],
              [
                86.92215488047019,
                27.899221728021615
              ],
              [
                86.92195165721756,
                27.89922161309116
              ]
            ],
            [
              [
                86.92195295249837,
                27.897416128565784
              ],
              [
                86.92195301725792,
                27.897325854329633
              ],
              [
                86.92205462711904,
                27.897325911830794
              ],
              [
                86.92205456244035,
                27.897416186066945
              ],
              [
                86.92195295249837,
                27.897416128565784
              ]
            ],
            [
              [
                86.92215643074678,
                27.897055146533674
              ],
              [
                86.92215649533564,
                27.89696487228854
              ],
              [
                86.92225810485542,
                27.896964929636987
              ],
              [
                86.92225804034739,
                27.897055203882122
              ],
              [
                86.92215643074678,
                27.897055146533674
              ]
            ],
            [
              [
                86.92215688287784,
                27.896423226799772
              ],
              [
                86.92215694746672,
                27.896332952545656
              ],
              [
                86.92225855639359,
                27.896333009894104
              ],
              [
                86.92225849188557,
                27.89642328414822
              ],
              [
                86.92215688287784,
                27.896423226799772
              ]
            ],
            [
              [
                86.92225733075018,
                27.898048220479772
              ],
              [
                86.92225739526718,
                27.897957946252607
              ],
              [
                86.92235900571221,
                27.89795800352919
              ],
              [
                86.9223590701304,
                27.89786772929304
              ],
              [
                86.92246068049458,
                27.897867786497756
              ],
              [
                86.9224607448409,
                27.897777512261605
              ],
              [
                86.92256235511526,
                27.897777569385475
              ],
              [
                86.92256222660228,
                27.89795811784879
              ],
              [
                86.92246061615724,
                27.897958060724925
              ],
              [
                86.92246055181091,
                27.898048334961075
              ],
              [
                86.92225733075018,
                27.898048220479772
              ]
            ],
            [
              [
                86.92235707280722,
                27.90066622993996
              ],
              [
                86.92235713724337,
                27.900575955739743
              ],
              [
                86.92256036302027,
                27.900576070077314
              ],
              [
                86.92256029875479,
                27.900666344277532
              ],
              [
                86.92235707280722,
                27.90066622993996
              ]
            ],
            [
              [
                86.92235803929564,
                27.89931211686483
              ],
              [
                86.92235810372281,
                27.899221842646647
              ],
              [
                86.92245971534464,
                27.899221899851366
              ],
              [
                86.92245965099832,
                27.899312174069546
              ],
              [
                86.92235803929564,
                27.89931211686483
              ]
            ],
            [
              [
                86.92266313113319,
                27.898951191381666
              ],
              [
                86.92266319530883,
                27.898860917163486
              ],
              [
                86.92276480659828,
                27.898860974143624
              ],
              [
                86.92276487068409,
                27.89877069992544
              ],
              [
                86.92286648189268,
                27.898770756824728
              ],
              [
                86.92286635388275,
                27.898951305261097
              ],
              [
                86.92266313113319,
                27.898951191381666
              ]
            ],
            [
              [
                86.92266473543445,
                27.896694335540793
              ],
              [
                86.92266492794342,
                27.896423512787425
              ],
              [
                86.92286814596785,
                27.89642362665787
              ],
              [
                86.92286808197187,
                27.896513900903006
              ],
              [
                86.92296969106943,
                27.89651395773043
              ],
              [
                86.92296956323916,
                27.89669450622968
              ],
              [
                86.92266473543445,
                27.896694335540793
              ]
            ],
            [
              [
                86.9227653193207,
                27.89813878034425
              ],
              [
                86.92276538340653,
                27.8980485061081
              ],
              [
                86.9228669939324,
                27.898048563007393
              ],
              [
                86.92286692993642,
                27.898138837243543
              ],
              [
                86.9227653193207,
                27.89813878034425
              ]
            ],
            [
              [
                86.92286667390758,
                27.89849993415221
              ],
              [
                86.92286673791254,
                27.898409659925044
              ],
              [
                86.92296834878877,
                27.898409716752468
              ],
              [
                86.92296828486465,
                27.898499990979634
              ],
              [
                86.92286667390758,
                27.89849993415221
              ]
            ],
            [
              [
                86.92296694244924,
                27.9003957494537
              ],
              [
                86.92296713423057,
                27.90012492685305
              ],
              [
                86.92306874669681,
                27.900124983608606
              ],
              [
                86.92306868285354,
                27.900215257808824
              ],
              [
                86.9231702954096,
                27.90021531449252
              ],
              [
                86.92317023165617,
                27.90030558869274
              ],
              [
                86.92306861901028,
                27.900305532009043
              ],
              [
                86.923068555167,
                27.900395806218242
              ],
              [
                86.92296694244924,
                27.9003957494537
              ]
            ],
            [
              [
                86.92296751778424,
                27.899583281606827
              ],
              [
                86.92296758170836,
                27.899493007388642
              ],
              [
                86.92317080547303,
                27.899493120827895
              ],
              [
                86.92317074171959,
                27.899583395037098
              ],
              [
                86.92296751778424,
                27.899583281606827
              ]
            ],
            [
              [
                86.92296873230651,
                27.897868071371498
              ],
              [
                86.92296886014576,
                27.897687522899197
              ],
              [
                86.92317208053277,
                27.89768763632947
              ],
              [
                86.92317195303487,
                27.89786818480177
              ],
              [
                86.92296873230651,
                27.897868071371498
              ]
            ],
            [
              [
                86.9230694489458,
                27.89913196728045
              ],
              [
                86.92306951278907,
                27.899041693062266
              ],
              [
                86.9231711242492,
                27.899041749745958
              ],
              [
                86.92317118800263,
                27.898951475527774
              ],
              [
                86.9233744107522,
                27.898951588661603
              ],
              [
                86.92337428358668,
                27.899132137097972
              ],
              [
                86.9230694489458,
                27.89913196728045
              ]
            ],
            [
              [
                86.92306976814417,
                27.898680596180547
              ],
              [
                86.92306983197845,
                27.898590321953378
              ],
              [
                86.92317144301637,
                27.898590378637074
              ],
              [
                86.9231715067698,
                27.898500104409905
              ],
              [
                86.92327311772688,
                27.898500161012752
              ],
              [
                86.92327299039069,
                27.898680709467087
              ],
              [
                86.92337460150945,
                27.898680765989084
              ],
              [
                86.92337447434394,
                27.898861314434434
              ],
              [
                86.92317125175606,
                27.89886120130061
              ],
              [
                86.92317137926294,
                27.89868065285526
              ],
              [
                86.92306976814417,
                27.898680596180547
              ]
            ],
            [
              [
                86.92307059800783,
                27.897507031173475
              ],
              [
                86.9230707256764,
                27.89732648269219
              ],
              [
                86.92317233553752,
                27.8973265393669
              ],
              [
                86.92317220803065,
                27.897507087848187
              ],
              [
                86.92307059800783,
                27.897507031173475
              ]
            ],
            [
              [
                86.92307110867311,
                27.896784837230374
              ],
              [
                86.9230712363327,
                27.896604288731123
              ],
              [
                86.9232744546985,
                27.8966044019997
              ],
              [
                86.9232745183621,
                27.896514127745583
              ],
              [
                86.92337612745966,
                27.896514184267577
              ],
              [
                86.92337606388588,
                27.896604458521697
              ],
              [
                86.92347767306428,
                27.896604514971827
              ],
              [
                86.92347760957136,
                27.896694789225943
              ],
              [
                86.92317278176665,
                27.89669461965097
              ],
              [
                86.9231727180222,
                27.896784893905085
              ],
              [
                86.92307110867311,
                27.896784837230374
              ]
            ],
            [
              [
                86.92317252677987,
                27.897055716640484
              ],
              [
                86.92317259052432,
                27.896965442395352
              ],
              [
                86.92327420004408,
                27.8969654989982
              ],
              [
                86.92327413638047,
                27.89705577324333
              ],
              [
                86.92317252677987,
                27.897055716640484
              ]
            ],
            [
              [
                86.92327254470054,
                27.899312629003358
              ],
              [
                86.92327260836414,
                27.899222354785174
              ],
              [
                86.92337421999495,
                27.899222411316153
              ],
              [
                86.9233741564122,
                27.899312685534337
              ],
              [
                86.92327254470054,
                27.899312629003358
              ]
            ],
            [
              [
                86.92347640313393,
                27.8984099997667
              ],
              [
                86.92347653012877,
                27.898229451303383
              ],
              [
                86.92367975153985,
                27.89822956398805
              ],
              [
                86.9236796248774,
                27.898410112442384
              ],
              [
                86.92347640313393,
                27.8984099997667
              ]
            ],
            [
              [
                86.92357680906393,
                27.90012526626351
              ],
              [
                86.92357693590606,
                27.899944717854094
              ],
              [
                86.92378016050615,
                27.899944830386048
              ],
              [
                86.9237800340054,
                27.90012537880445
              ],
              [
                86.92357680906393,
                27.90012526626351
              ]
            ],
            [
              [
                86.92357877496406,
                27.897326765320145
              ],
              [
                86.92357883837613,
                27.897236491075013
              ],
              [
                86.9237820579277,
                27.897236603597985
              ],
              [
                86.9237819314449,
                27.897417152088252
              ],
              [
                86.92388354138689,
                27.89741720824194
              ],
              [
                86.92388347822633,
                27.89750748247809
              ],
              [
                86.92398508825814,
                27.89750753855093
              ],
              [
                86.92398496210772,
                27.897688087032215
              ],
              [
                86.92408657230122,
                27.89768814303319
              ],
              [
                86.92408650931135,
                27.89777841726934
              ],
              [
                86.92388328874469,
                27.897778305195523
              ],
              [
                86.92388335190523,
                27.897688030959372
              ],
              [
                86.92378174171174,
                27.897687974805685
              ],
              [
                86.92378180495314,
                27.897597700569534
              ],
              [
                86.92368019484049,
                27.897597644343982
              ],
              [
                86.92368038482518,
                27.897326821617565
              ],
              [
                86.92357877496406,
                27.897326765320145
              ]
            ],
            [
              [
                86.92357915543651,
                27.896785119849344
              ],
              [
                86.9235792188396,
                27.896694845595228
              ],
              [
                86.92368082810783,
                27.896694901892648
              ],
              [
                86.9236807647856,
                27.896785176146764
              ],
              [
                86.92357915543651,
                27.896785119849344
              ]
            ],
            [
              [
                86.92368114473703,
                27.896243530622066
              ],
              [
                86.92368127138151,
                27.896062982104848
              ],
              [
                86.9238844887412,
                27.896063094475107
              ],
              [
                86.92388442558065,
                27.896153368738208
              ],
              [
                86.92378281682446,
                27.8961533125935
              ],
              [
                86.92378275358305,
                27.896243586847618
              ],
              [
                86.92368114473703,
                27.896243530622066
              ]
            ],
            [
              [
                86.92378054001742,
                27.899403185112877
              ],
              [
                86.9237806032678,
                27.899312910903678
              ],
              [
                86.92388221497944,
                27.899312967057366
              ],
              [
                86.92388215180992,
                27.89940324127555
              ],
              [
                86.92378054001742,
                27.899403185112877
              ]
            ],
            [
              [
                86.9238841729654,
                27.896514465763655
              ],
              [
                86.92388423611698,
                27.89642419150954
              ],
              [
                86.92398584513369,
                27.89642424758238
              ],
              [
                86.92398578206297,
                27.896514521836497
              ],
              [
                86.9238841729654,
                27.896514465763655
              ]
            ],
            [
              [
                86.92408632033278,
                27.89804923997779
              ],
              [
                86.92408638332263,
                27.89795896575062
              ],
              [
                86.92418799377666,
                27.89795902167075
              ],
              [
                86.92418805668567,
                27.8978687474346
              ],
              [
                86.92428966704985,
                27.897868803291843
              ],
              [
                86.92428954140249,
                27.898049351764143
              ],
              [
                86.92408632033278,
                27.89804923997779
              ]
            ],
            [
              [
                86.92418660973331,
                27.89994505456063
              ],
              [
                86.92418667264234,
                27.899854780351426
              ],
              [
                86.92438989708971,
                27.89985489199405
              ],
              [
                86.92438977159507,
                27.900035440412452
              ],
              [
                86.92428815920968,
                27.900035384627074
              ],
              [
                86.92428822203786,
                27.89994511041787
              ],
              [
                86.92418660973331,
                27.89994505456063
              ]
            ],
            [
              [
                86.92418698721437,
                27.899403409287455
              ],
              [
                86.9241870501234,
                27.899313135069274
              ],
              [
                86.92428866184403,
                27.899313190926517
              ],
              [
                86.92428859901587,
                27.8994034651447
              ],
              [
                86.92418698721437,
                27.899403409287455
              ]
            ],
            [
              [
                86.92428903880408,
                27.89877154559945
              ],
              [
                86.92428910163224,
                27.89868127137228
              ],
              [
                86.924390712751,
                27.898681327148676
              ],
              [
                86.92439065001267,
                27.89877160137584
              ],
              [
                86.92428903880408,
                27.89877154559945
              ]
            ],
            [
              [
                86.9243924066772,
                27.89624392261092
              ],
              [
                86.92439246940656,
                27.896153648347823
              ],
              [
                86.92459568693691,
                27.896153759676036
              ],
              [
                86.92459556181058,
                27.89633430819325
              ],
              [
                86.92449395287471,
                27.89633425256957
              ],
              [
                86.92449401552322,
                27.89624397830647
              ],
              [
                86.9243924066772,
                27.89624392261092
              ]
            ],
            [
              [
                86.92469560862108,
                27.898591219810523
              ],
              [
                86.92469567110788,
                27.898500945583354
              ],
              [
                86.92479728207394,
                27.898501001063305
              ],
              [
                86.92479721966798,
                27.898591275290475
              ],
              [
                86.92469560862108,
                27.898591219810523
              ]
            ],
            [
              [
                86.92479828049747,
                27.897056613239986
              ],
              [
                86.92479834289445,
                27.89696633898587
              ],
              [
                86.92489995241422,
                27.896966394384975
              ],
              [
                86.92489989010707,
                27.89705666863909
              ],
              [
                86.92479828049747,
                27.897056613239986
              ]
            ],
            [
              [
                86.92479865487935,
                27.896514967724272
              ],
              [
                86.92479877967331,
                27.89633441921604
              ],
              [
                86.92490038860917,
                27.89633447461514
              ],
              [
                86.92490032630202,
                27.896424748869258
              ],
              [
                86.92500193531873,
                27.896424804196496
              ],
              [
                86.92500187309243,
                27.896515078450612
              ],
              [
                86.92479865487935,
                27.896514967724272
              ]
            ],
            [
              [
                86.92489814517455,
                27.899584347134518
              ],
              [
                86.92489833214091,
                27.899313524479965
              ],
              [
                86.9251015555732,
                27.89931363507156
              ],
              [
                86.92510136911888,
                27.89958445772611
              ],
              [
                86.92489814517455,
                27.899584347134518
              ]
            ],
            [
              [
                86.9248985814234,
                27.898952427598246
              ],
              [
                86.92489870606464,
                27.898771879152896
              ],
              [
                86.92500031728223,
                27.898771934480134
              ],
              [
                86.92500019281167,
                27.898952482925484
              ],
              [
                86.9248985814234,
                27.898952427598246
              ]
            ],
            [
              [
                86.92489926693678,
                27.897959411063475
              ],
              [
                86.92489932926189,
                27.897869136827325
              ],
              [
                86.92500093962607,
                27.897869192154563
              ],
              [
                86.92500087739079,
                27.897959466390713
              ],
              [
                86.92489926693678,
                27.897959411063475
              ]
            ],
            [
              [
                86.92540725731291,
                27.898049961190214
              ],
              [
                86.92540744300366,
                27.89777913847278
              ],
              [
                86.92561066357034,
                27.897779248309792
              ],
              [
                86.9256106018471,
                27.897869522545943
              ],
              [
                86.92550899147393,
                27.89786946766786
              ],
              [
                86.92550892966085,
                27.89795974190401
              ],
              [
                86.92571215056888,
                27.897959851588308
              ],
              [
                86.92571202728409,
                27.89814040006061
              ],
              [
                86.92591524853347,
                27.89814050944846
              ],
              [
                86.92591512558106,
                27.89832105792076
              ],
              [
                86.92550868240855,
                27.898320838848612
              ],
              [
                86.92550874422163,
                27.898230564621446
              ],
              [
                86.92561035493615,
                27.898230619499525
              ],
              [
                86.9256104166594,
                27.898140345263375
              ],
              [
                86.9255088060347,
                27.898140290385296
              ],
              [
                86.92550886784778,
                27.898050016149146
              ],
              [
                86.92540725731291,
                27.898049961190214
              ]
            ],
            [
              [
                86.92540800004898,
                27.896966670266583
              ],
              [
                86.92540818572176,
                27.896695847513215
              ],
              [
                86.92550979499899,
                27.89669590246316
              ],
              [
                86.92550960957773,
                27.896966725216526
              ],
              [
                86.92540800004898,
                27.896966670266583
              ]
            ],
            [
              [
                86.92540868085518,
                27.895973653435366
              ],
              [
                86.92540880463405,
                27.895793104909167
              ],
              [
                86.92561202149965,
                27.89579321472821
              ],
              [
                86.9256119597764,
                27.89588348899131
              ],
              [
                86.92571356829006,
                27.895883543788543
              ],
              [
                86.92571344501425,
                27.896064092323723
              ],
              [
                86.92551022764559,
                27.89606398264841
              ],
              [
                86.92551028944968,
                27.895973708385313
              ],
              [
                86.92540868085518,
                27.895973653435366
              ]
            ],
            [
              [
                86.92550843515626,
                27.898681935775247
              ],
              [
                86.92550849696933,
                27.898591661548082
              ],
              [
                86.92561010801623,
                27.89859171642616
              ],
              [
                86.925610046284,
                27.898681990653326
              ],
              [
                86.92550843515626,
                27.898681935775247
              ]
            ],
            [
              [
                86.9256088733717,
                27.90039720078984
              ],
              [
                86.92560899683616,
                27.900216652371437
              ],
              [
                86.92571060940121,
                27.900216707177655
              ],
              [
                86.92571048609845,
                27.900397255596054
              ],
              [
                86.9256088733717,
                27.90039720078984
              ]
            ],
            [
              [
                86.92561214493716,
                27.895612666193028
              ],
              [
                86.9256122066604,
                27.895522391920945
              ],
              [
                86.92571381483269,
                27.895522446718175
              ],
              [
                86.92571375319928,
                27.89561272099026
              ],
              [
                86.92561214493716,
                27.895612666193028
              ]
            ],
            [
              [
                86.92571245878085,
                27.89750848038061
              ],
              [
                86.92571258206564,
                27.89732793189034
              ],
              [
                86.92591580179688,
                27.89732804126921
              ],
              [
                86.92591567885344,
                27.897508589759475
              ],
              [
                86.92571245878085,
                27.89750848038061
              ]
            ],
            [
              [
                86.92581252979197,
                27.899765390857016
              ],
              [
                86.92581265292404,
                27.899584842420648
              ],
              [
                86.9262191008127,
                27.899585060603464
              ],
              [
                86.92621903959251,
                27.899675334821648
              ],
              [
                86.92601581546852,
                27.899675225882955
              ],
              [
                86.92601575407765,
                27.899765500092155
              ],
              [
                86.92581252979197,
                27.899765390857016
              ]
            ],
            [
              [
                86.9259163550423,
                27.896515573000126
              ],
              [
                86.92591641651403,
                27.896425298737025
              ],
              [
                86.92611963455643,
                27.89642540781945
              ],
              [
                86.92611957325539,
                27.896515682073566
              ],
              [
                86.9259163550423,
                27.896515573000126
              ]
            ],
            [
              [
                86.92601827107623,
                27.896064256266264
              ],
              [
                86.92601833245811,
                27.895973982003163
              ],
              [
                86.92632315825958,
                27.89597414528095
              ],
              [
                86.92632309712923,
                27.89606441954405
              ],
              [
                86.92601827107623,
                27.896064256266264
              ]
            ],
            [
              [
                86.92611908283813,
                27.8972378761065
              ],
              [
                86.92611926674124,
                27.896967053353134
              ],
              [
                86.92642409532748,
                27.896967216406342
              ],
              [
                86.92642403427797,
                27.89705749066046
              ],
              [
                86.92652564389655,
                27.8970575448648
              ],
              [
                86.92652546099956,
                27.897328367609184
              ],
              [
                86.92622063139822,
                27.897328204780557
              ],
              [
                86.9262206926184,
                27.89723793052644
              ],
              [
                86.92611908283813,
                27.8972378761065
              ]
            ],
            [
              [
                86.92652527809358,
                27.897599190353567
              ],
              [
                86.92652533906224,
                27.897508916108436
              ],
              [
                86.92662694910302,
                27.897508970231932
              ],
              [
                86.92662688821522,
                27.897599244477064
              ],
              [
                86.92652527809358,
                27.897599190353567
              ]
            ],
            [
              [
                86.92683065487672,
                27.896786884257345
              ],
              [
                86.92683071559387,
                27.896696609994244
              ],
              [
                86.92693232487107,
                27.896696663902144
              ],
              [
                86.92693244612568,
                27.896516115384927
              ],
              [
                86.92723727345428,
                27.89651627663252
              ],
              [
                86.92723709232698,
                27.896787099412837
              ],
              [
                86.92713548296891,
                27.8967870457385
              ],
              [
                86.92713536204668,
                27.896967594246732
              ],
              [
                86.9269321429802,
                27.896967486664494
              ],
              [
                86.92693226424379,
                27.89678693815626
              ],
              [
                86.92683065487672,
                27.896786884257345
              ]
            ],
            [
              [
                86.92683089772729,
                27.89642578722291
              ],
              [
                86.92683101914358,
                27.89624523869671
              ],
              [
                86.9269326279986,
                27.89624529259563
              ],
              [
                86.92693274925318,
                27.89606474406943
              ],
              [
                86.92683114056885,
                27.896064690170512
              ],
              [
                86.926831201277,
                27.89597441589843
              ],
              [
                86.92703441848397,
                27.8959745236244
              ],
              [
                86.92703435793752,
                27.896064797896482
              ],
              [
                86.92713596663083,
                27.896064851642684
              ],
              [
                86.92713578526097,
                27.896335674440966
              ],
              [
                86.92703417631614,
                27.89633562068578
              ],
              [
                86.92703411576969,
                27.89642589494888
              ],
              [
                86.92683089772729,
                27.89642578722291
              ]
            ],
            [
              [
                86.92683132269329,
                27.895793867363246
              ],
              [
                86.92683138340145,
                27.895703593091163
              ],
              [
                86.9269329917534,
                27.895703646999063
              ],
              [
                86.9269329311261,
                27.895793921262165
              ],
              [
                86.92683132269329,
                27.895793867363246
              ]
            ],
            [
              [
                86.92733924429442,
                27.895974684656398
              ],
              [
                86.92733930458036,
                27.895884410384312
              ],
              [
                86.927440913103,
                27.895884463905936
              ],
              [
                86.9274408528979,
                27.895974738178023
              ],
              [
                86.92733924429442,
                27.895974684656398
              ]
            ],
            [
              [
                86.92744055188143,
                27.896426109502503
              ],
              [
                86.9274407926928,
                27.89606501244112
              ],
              [
                86.92754240138613,
                27.89606506589986
              ],
              [
                86.92754228114663,
                27.896245614426064
              ],
              [
                86.92764389000163,
                27.896245667803957
              ],
              [
                86.92764376993281,
                27.896426216330156
              ],
              [
                86.9277453789585,
                27.896426269636184
              ],
              [
                86.92774531900494,
                27.896516543899285
              ],
              [
                86.92754210078289,
                27.89651643721536
              ],
              [
                86.92754216090712,
                27.896426162952263
              ],
              [
                86.92744055188143,
                27.896426109502503
              ]
            ],
            [
              [
                86.92794907527295,
                27.89570418187395
              ],
              [
                86.92794913505583,
                27.895613907592885
              ],
              [
                86.92805074332693,
                27.895613960674336
              ],
              [
                86.9280506836249,
                27.895704234946418
              ],
              [
                86.92794907527295,
                27.89570418187395
              ]
            ],
            [
              [
                86.92805038514169,
                27.89615560629785
              ],
              [
                86.92805044483474,
                27.896065332025767
              ],
              [
                86.92815205352805,
                27.89606538502637
              ],
              [
                86.92815199391585,
                27.89615565929845
              ],
              [
                86.92805038514169,
                27.89615560629785
              ]
            ],
            [
              [
                86.92815151699128,
                27.896877853394265
              ],
              [
                86.92815157661246,
                27.89678757914015
              ],
              [
                86.92845640470463,
                27.896787737692797
              ],
              [
                86.92845634534396,
                27.896878011955895
              ],
              [
                86.92815151699128,
                27.896877853394265
              ]
            ],
            [
              [
                86.9283549142386,
                27.896607136399556
              ],
              [
                86.92835497368011,
                27.89651686213646
              ],
              [
                86.92855819191116,
                27.896516967616638
              ],
              [
                86.92855813263134,
                27.89660724187974
              ],
              [
                86.92865974182772,
                27.89660729450305
              ],
              [
                86.92865962343875,
                27.896787843029248
              ],
              [
                86.92855801407168,
                27.896787790396953
              ],
              [
                86.92855807335151,
                27.896697516142837
              ],
              [
                86.9284564640743,
                27.89669746343868
              ],
              [
                86.92845652343497,
                27.89660718917558
              ],
              [
                86.9283549142386,
                27.896607136399556
              ]
            ],
            [
              [
                86.92876129192392,
                27.896697621317593
              ],
              [
                86.92876141014222,
                27.89651707279139
              ],
              [
                86.92886301925773,
                27.89651712527097
              ],
              [
                86.92886296022944,
                27.89660739953407
              ],
              [
                86.92896456942582,
                27.896607451941783
              ],
              [
                86.92896451048735,
                27.896697726204884
              ],
              [
                86.92876129192392,
                27.896697621317593
              ]
            ],
            [
              [
                86.92886313730534,
                27.896336576744773
              ],
              [
                86.92886319632466,
                27.89624630248167
              ],
              [
                86.92906641405266,
                27.89624640720727
              ],
              [
                86.92906635519503,
                27.896336681470366
              ],
              [
                86.92886313730534,
                27.896336576744773
              ]
            ],
            [
              [
                86.9288635504675,
                27.895704656849173
              ],
              [
                86.9288636685151,
                27.895524108305008
              ],
              [
                86.92906688488664,
                27.895524213030605
              ],
              [
                86.92906682603801,
                27.895614487302687
              ],
              [
                86.92916843430912,
                27.895614539557688
              ],
              [
                86.92916837554132,
                27.89570481382977
              ],
              [
                86.92937159225423,
                27.89570491810621
              ],
              [
                86.92937141644494,
                27.89597574093144
              ],
              [
                86.92926980784145,
                27.895975688829154
              ],
              [
                86.92926986652839,
                27.89588541455707
              ],
              [
                86.92916825799678,
                27.89588536238292
              ],
              [
                86.92916831676456,
                27.895795088101853
              ],
              [
                86.92906670833176,
                27.895795035855837
              ],
              [
                86.92906676718039,
                27.895704761583755
              ],
              [
                86.9288635504675,
                27.895704656849173
              ]
            ],
            [
              [
                86.92916772905976,
                27.89669783078675
              ],
              [
                86.92916778782754,
                27.896607556523648
              ],
              [
                86.92937100622926,
                27.89660766080907
              ],
              [
                86.92937094762317,
                27.896697935063187
              ],
              [
                86.92947255690937,
                27.89669798709361
              ],
              [
                86.92947249839312,
                27.896788261356708
              ],
              [
                86.92926927965003,
                27.896788157224
              ],
              [
                86.92926933833697,
                27.8966978829609
              ],
              [
                86.92916772905976,
                27.89669783078675
              ]
            ],
            [
              [
                86.92957498426436,
                27.895434199260972
              ],
              [
                86.92957510112619,
                27.895253650698837
              ],
              [
                86.92987992494238,
                27.8952538060984
              ],
              [
                86.92987986675851,
                27.895344080379466
              ],
              [
                86.93018469082622,
                27.895344235114273
              ],
              [
                86.93018451704714,
                27.89561505794849
              ],
              [
                86.93008290877603,
                27.89561500644807
              ],
              [
                86.93008296678025,
                27.895524732167008
              ],
              [
                86.92987975039972,
                27.895524628941597
              ],
              [
                86.9298798085836,
                27.89543435466053
              ],
              [
                86.92957498426436,
                27.895434199260972
              ]
            ],
            [
              [
                86.92977790915954,
                27.895885674313917
              ],
              [
                86.92977796742426,
                27.895795400041834
              ],
              [
                86.92998118430783,
                27.895795503419958
              ],
              [
                86.92998112621379,
                27.895885777701025
              ],
              [
                86.92977790915954,
                27.895885674313917
              ]
            ],
            [
              [
                86.93028589395713,
                27.895976206483336
              ],
              [
                86.93028595179966,
                27.895885932211254
              ],
              [
                86.93038756032229,
                27.895885983558955
              ],
              [
                86.9303875025696,
                27.895976257831038
              ],
              [
                86.93028589395713,
                27.895976206483336
              ]
            ],
            [
              [
                86.93038796462706,
                27.89525406360946
              ],
              [
                86.93038802238873,
                27.895163789319408
              ],
              [
                86.93048963023763,
                27.89516384060423
              ],
              [
                86.93048957256579,
                27.895254114885294
              ],
              [
                86.93038796462706,
                27.89525406360946
              ]
            ],
            [
              [
                86.93048939955025,
                27.895524937728492
              ],
              [
                86.93048945722211,
                27.89543466344743
              ],
              [
                86.93059106533151,
                27.895434714651397
              ],
              [
                86.93059100774052,
                27.895524988932465
              ],
              [
                86.93048939955025,
                27.895524937728492
              ]
            ],
            [
              [
                86.93059077738553,
                27.89588608603876
              ],
              [
                86.93059089255853,
                27.895705537485615
              ],
              [
                86.93069250091948,
                27.89570558861772
              ],
              [
                86.93069255842961,
                27.895615314336652
              ],
              [
                86.93079416670072,
                27.89561536538791
              ],
              [
                86.93079422412103,
                27.89552509111583
              ],
              [
                86.9310990487008,
                27.895525243820444
              ],
              [
                86.9310989343722,
                27.895705792382575
              ],
              [
                86.93079410928041,
                27.89570563966898
              ],
              [
                86.93079405186009,
                27.895795913950042
              ],
              [
                86.93089566031087,
                27.895795964929434
              ],
              [
                86.93089554563194,
                27.895976513482584
              ],
              [
                86.93079393701947,
                27.895976462503192
              ],
              [
                86.93079399443978,
                27.895886188222125
              ],
              [
                86.93059077738553,
                27.89588608603876
              ]
            ],
            [
              [
                86.9194115673197,
                27.898949328527298
              ],
              [
                86.91941170106986,
                27.898768780099914
              ],
              [
                86.9196149234601,
                27.898768898776343
              ],
              [
                86.91961499016001,
                27.898678624567143
              ],
              [
                86.91971660127878,
                27.898678683784087
              ],
              [
                86.91971640141261,
                27.898949506429656
              ],
              [
                86.9194115673197,
                27.898949328527298
              ]
            ],
            [
              [
                86.91595566521973,
                27.900391652309555
              ],
              [
                86.91595552572933,
                27.90057220068304
              ],
              [
                86.91554907424741,
                27.900571952227
              ],
              [
                86.91554914432498,
                27.90048167804475
              ],
              [
                86.9153459187547,
                27.90048155336757
              ],
              [
                86.91534598901194,
                27.900391279185317
              ],
              [
                86.91524437631213,
                27.90039121673444
              ],
              [
                86.91524451697933,
                27.900210668360955
              ],
              [
                86.9151429044502,
                27.90021060583821
              ],
              [
                86.91514297486914,
                27.90012033165596
              ],
              [
                86.91504136242087,
                27.900120269052366
              ],
              [
                86.91504129192109,
                27.900210543234618
              ],
              [
                86.91483806686284,
                27.900210417811838
              ],
              [
                86.91483820820376,
                27.900029869438352
              ],
              [
                86.91504143292963,
                27.900029994861132
              ],
              [
                86.91504150342942,
                27.89993972067888
              ],
              [
                86.9152447279846,
                27.899939845796233
              ],
              [
                86.9152445873174,
                27.900120394178703
              ],
              [
                86.91534619976568,
                27.900120456629583
              ],
              [
                86.91534612951743,
                27.900210730811832
              ],
              [
                86.91544774204655,
                27.900210793190848
              ],
              [
                86.91544767187914,
                27.900301067373096
              ],
              [
                86.91575250972701,
                27.900301254051996
              ],
              [
                86.91575243982012,
                27.90039152823425
              ],
              [
                86.91595566521973,
                27.900391652309555
              ]
            ],
            [
              [
                86.91880102316865,
                27.90012253534013
              ],
              [
                86.91880095578603,
                27.90021280954035
              ],
              [
                86.91849611816274,
                27.900212629607797
              ],
              [
                86.9184961857969,
                27.900122355407582
              ],
              [
                86.91880102316865,
                27.90012253534013
              ]
            ],
            [
              [
                86.92459293380718,
                27.90012582595885
              ],
              [
                86.92459305896047,
                27.899945277540446
              ],
              [
                86.924694671265,
                27.899945333101247
              ],
              [
                86.92469460876922,
                27.90003560731045
              ],
              [
                86.92479622116359,
                27.9000356627904
              ],
              [
                86.92479615875762,
                27.9001259369996
              ],
              [
                86.92459293380718,
                27.90012582595885
              ]
            ],
            [
              [
                86.91981754701541,
                27.89958148503914
              ],
              [
                86.9198174804772,
                27.899671759248342
              ],
              [
                86.91971586843317,
                27.89967170009428
              ],
              [
                86.91971593506122,
                27.899581425894063
              ],
              [
                86.91981754701541,
                27.89958148503914
              ]
            ],
            [
              [
                86.92459293380718,
                27.90012582595885
              ],
              [
                86.9245928086449,
                27.90030637437725
              ],
              [
                86.92438958336209,
                27.900306263031073
              ],
              [
                86.92438970884776,
                27.90012571462165
              ],
              [
                86.92459293380718,
                27.90012582595885
              ]
            ],
            [
              [
                86.91697220567633,
                27.89985062305609
              ],
              [
                86.91707381787307,
                27.89985068423136
              ],
              [
                86.91707374905315,
                27.899940958422594
              ],
              [
                86.91697213677554,
                27.899940897247326
              ],
              [
                86.91697220567633,
                27.89985062305609
              ]
            ],
            [
              [
                86.91636419815207,
                27.897683673447528
              ],
              [
                86.91656741850313,
                27.897683796615535
              ],
              [
                86.91656748773629,
                27.89759352238837
              ],
              [
                86.91677070791668,
                27.89759364525095
              ],
              [
                86.9167706388542,
                27.897683919478116
              ],
              [
                86.91666902867867,
                27.897683858078267
              ],
              [
                86.91666895953534,
                27.897774132305432
              ],
              [
                86.91656734926997,
                27.89777407083372
              ],
              [
                86.91656721081264,
                27.897954619270088
              ],
              [
                86.91646560038558,
                27.897954557726507
              ],
              [
                86.91646566969958,
                27.897864283508323
              ],
              [
                86.91636405935337,
                27.897864221892878
              ],
              [
                86.91636419815207,
                27.897683673447528
              ]
            ],
            [
              [
                86.91880102316865,
                27.90012253534013
              ],
              [
                86.91880109056027,
                27.900032261148898
              ],
              [
                86.91900431530411,
                27.90003238073263
              ],
              [
                86.91900424809215,
                27.900122654923862
              ],
              [
                86.91880102316865,
                27.90012253534013
              ]
            ],
            [
              [
                86.92937124064464,
                27.896246563738707
              ],
              [
                86.92926963178064,
                27.89624651163642
              ],
              [
                86.92926969046758,
                27.89615623737332
              ],
              [
                86.92937129924174,
                27.896156289475606
              ],
              [
                86.92937124064464,
                27.896246563738707
              ]
            ],
            [
              [
                86.9235783944916,
                27.897868410755013
              ],
              [
                86.92357833107953,
                27.897958684991163
              ],
              [
                86.92347672062552,
                27.897958628612898
              ],
              [
                86.92347665713258,
                27.898048902840063
              ],
              [
                86.92327343606286,
                27.898048789867932
              ],
              [
                86.92327356339905,
                27.89786824139563
              ],
              [
                86.9235783944916,
                27.897868410755013
              ]
            ],
            [
              [
                86.91636419815207,
                27.897683673447528
              ],
              [
                86.91616097780998,
                27.897683549983075
              ],
              [
                86.91616104737551,
                27.89759327576489
              ],
              [
                86.9163642675559,
                27.897593399229343
              ],
              [
                86.91636419815207,
                27.897683673447528
              ]
            ],
            [
              [
                86.92225874990866,
                27.896062187131754
              ],
              [
                86.92225868540065,
                27.89615246138587
              ],
              [
                86.92215707664445,
                27.896152404046408
              ],
              [
                86.92215714123331,
                27.896062129783306
              ],
              [
                86.92225874990866,
                27.896062187131754
              ]
            ],
            [
              [
                86.91585496028549,
                27.89921802580382
              ],
              [
                86.91565173707777,
                27.89921790158478
              ],
              [
                86.91565159708432,
                27.899398449985217
              ],
              [
                86.91554998530978,
                27.899398387758918
              ],
              [
                86.91555012547391,
                27.899217839367466
              ],
              [
                86.91524529065336,
                27.899217652248392
              ],
              [
                86.91524536099145,
                27.899127378048174
              ],
              [
                86.91504213794543,
                27.89912725293082
              ],
              [
                86.91504227895398,
                27.898946704521403
              ],
              [
                86.91534711300199,
                27.898946892089633
              ],
              [
                86.91534704275372,
                27.89903716628985
              ],
              [
                86.91555026562907,
                27.899037290958045
              ],
              [
                86.91555019555149,
                27.899127565167248
              ],
              [
                86.9156518070745,
                27.899127627384566
              ],
              [
                86.91565194705898,
                27.89894707898413
              ],
              [
                86.9157535584113,
                27.89894714112958
              ],
              [
                86.91575362831819,
                27.89885686692038
              ],
              [
                86.91626168466661,
                27.898857176533724
              ],
              [
                86.91626154568826,
                27.899037724943145
              ],
              [
                86.91615993425508,
                27.899037663174983
              ],
              [
                86.91615986468055,
                27.8991279373752
              ],
              [
                86.91585503011153,
                27.8991277516036
              ],
              [
                86.91585496028549,
                27.89921802580382
              ]
            ],
            [
              [
                86.91361878819895,
                27.900119384795715
              ],
              [
                86.91361885988451,
                27.900029110604482
              ],
              [
                86.91382208460138,
                27.900029237832875
              ],
              [
                86.9138220130865,
                27.900119512015127
              ],
              [
                86.91361878819895,
                27.900119384795715
              ]
            ],
            [
              [
                86.91971513555163,
                27.900664716260742
              ],
              [
                86.91971520217967,
                27.900574442069505
              ],
              [
                86.91991842794758,
                27.900574560305763
              ],
              [
                86.9199182285755,
                27.900845382870486
              ],
              [
                86.91981661543552,
                27.90084532378829
              ],
              [
                86.91981674852093,
                27.900664775414803
              ],
              [
                86.91971513555163,
                27.900664716260742
              ]
            ],
            [
              [
                86.92611779539062,
                27.899133635065656
              ],
              [
                86.92581296074076,
                27.899133471320745
              ],
              [
                86.9258131454254,
                27.89886264864823
              ],
              [
                86.92601636802226,
                27.898862757883368
              ],
              [
                86.92601624523154,
                27.8990433063377
              ],
              [
                86.92611785670064,
                27.89904336083849
              ],
              [
                86.92611779539062,
                27.899133635065656
              ]
            ],
            [
              [
                86.92225874990866,
                27.896062187131754
              ],
              [
                86.9222588144077,
                27.895971912877638
              ],
              [
                86.9223604230022,
                27.895971970145236
              ],
              [
                86.92236035858402,
                27.896062244408338
              ],
              [
                86.92225874990866,
                27.896062187131754
              ]
            ],
            [
              [
                86.9235783944916,
                27.897868410755013
              ],
              [
                86.92357845790367,
                27.897778136518863
              ],
              [
                86.92368006818701,
                27.897778192816283
              ],
              [
                86.92368000485578,
                27.897868467052433
              ],
              [
                86.9235783944916,
                27.897868410755013
              ]
            ],
            [
              [
                86.92296988280584,
                27.89624313496808
              ],
              [
                86.92276666512277,
                27.89624302125035
              ],
              [
                86.9227667291996,
                27.896152746996233
              ],
              [
                86.92256351167822,
                27.896152632973074
              ],
              [
                86.92256364018222,
                27.89597208446484
              ],
              [
                86.92266524877672,
                27.895972141507862
              ],
              [
                86.92266531294338,
                27.895881867253745
              ],
              [
                86.92286852995272,
                27.895881981115206
              ],
              [
                86.92286840196076,
                27.896062529632424
              ],
              [
                86.9229700106361,
                27.89606258645985
              ],
              [
                86.92296988280584,
                27.89624313496808
              ]
            ],
            [
              [
                86.92937124064464,
                27.896246563738707
              ],
              [
                86.92947284950863,
                27.896246615769126
              ],
              [
                86.9294727909834,
                27.89633689004121
              ],
              [
                86.92937118203855,
                27.89633683801079
              ],
              [
                86.92937124064464,
                27.896246563738707
              ]
            ],
            [
              [
                86.91829357112591,
                27.899309767285274
              ],
              [
                86.91819195942324,
                27.899309707008317
              ],
              [
                86.91819202730893,
                27.8992194328081
              ],
              [
                86.91829363892177,
                27.899219493085056
              ],
              [
                86.91829357112591,
                27.899309767285274
              ]
            ],
            [
              [
                86.91697220567633,
                27.89985062305609
              ],
              [
                86.9168705934706,
                27.899850561808954
              ],
              [
                86.91687066246122,
                27.899760287608736
              ],
              [
                86.9169722745771,
                27.899760348864856
              ],
              [
                86.91697220567633,
                27.89985062305609
              ]
            ],
            [
              [
                86.92225791133134,
                27.897235752363404
              ],
              [
                86.92235952110265,
                27.897235809639987
              ],
              [
                86.92235945668446,
                27.897326083876138
              ],
              [
                86.92225784682333,
                27.897326026599554
              ],
              [
                86.92225791133134,
                27.897235752363404
              ]
            ],
            [
              [
                86.91717646102136,
                27.89849663226862
              ],
              [
                86.91717652975146,
                27.898406358059418
              ],
              [
                86.91748136230825,
                27.89840654090251
              ],
              [
                86.91748129382968,
                27.898496815111713
              ],
              [
                86.91717646102136,
                27.89849663226862
              ]
            ],
            [
              [
                86.9194115673197,
                27.898949328527298
              ],
              [
                86.9194115004491,
                27.899039602745482
              ],
              [
                86.91910666610465,
                27.899039424169384
              ],
              [
                86.91910673322678,
                27.898949149951203
              ],
              [
                86.91920834458809,
                27.89894920955442
              ],
              [
                86.91920841163834,
                27.89885893534522
              ],
              [
                86.91931002290983,
                27.89885899486759
              ],
              [
                86.91930995595838,
                27.89894926907679
              ],
              [
                86.9194115673197,
                27.898949328527298
              ]
            ],
            [
              [
                86.92469592106411,
                27.89813984865672
              ],
              [
                86.92500075292921,
                27.898140014863014
              ],
              [
                86.92500062845863,
                27.898320563335314
              ],
              [
                86.92489901766326,
                27.89832050799909
              ],
              [
                86.92489907998838,
                27.898230233771926
              ],
              [
                86.9246958585773,
                27.89823012289287
              ],
              [
                86.92469592106411,
                27.89813984865672
              ]
            ],
            [
              [
                86.92540620502639,
                27.899584623043072
              ],
              [
                86.92560942897971,
                27.899584732880083
              ],
              [
                86.92560930550627,
                27.89976528131645
              ],
              [
                86.92550769337241,
                27.899765226429388
              ],
              [
                86.92550763155035,
                27.899855500647572
              ],
              [
                86.92540601932666,
                27.899855445688644
              ],
              [
                86.92540589552084,
                27.900035994116028
              ],
              [
                86.92530428312647,
                27.90003593907625
              ],
              [
                86.92530422114272,
                27.90012621328545
              ],
              [
                86.92510099618329,
                27.900126102999284
              ],
              [
                86.92510118265558,
                27.899855280362697
              ],
              [
                86.92520279487927,
                27.899855335546206
              ],
              [
                86.92520285694387,
                27.899765061337003
              ],
              [
                86.92540608122957,
                27.89976517147944
              ],
              [
                86.92540620502639,
                27.899584623043072
              ]
            ],
            [
              [
                86.91361878819895,
                27.900119384795715
              ],
              [
                86.91361871652236,
                27.900209658977968
              ],
              [
                86.91351710399324,
                27.900209595251482
              ],
              [
                86.91351717575965,
                27.90011932106923
              ],
              [
                86.91361878819895,
                27.900119384795715
              ]
            ],
            [
              [
                86.91595566521973,
                27.900391652309555
              ],
              [
                86.91595580471012,
                27.90021110393607
              ],
              [
                86.91605741724823,
                27.900211165865926
              ],
              [
                86.91605727791952,
                27.90039171423941
              ],
              [
                86.91595566521973,
                27.900391652309555
              ]
            ],
            [
              [
                86.92469592106411,
                27.89813984865672
              ],
              [
                86.92459431043942,
                27.898139793104903
              ],
              [
                86.92459437301606,
                27.898049518868753
              ],
              [
                86.92449276247221,
                27.898049463236088
              ],
              [
                86.9244928251297,
                27.89795918900892
              ],
              [
                86.92469604603774,
                27.89795930018442
              ],
              [
                86.92469592106411,
                27.89813984865672
              ]
            ],
            [
              [
                86.91737940866187,
                27.898857851087655
              ],
              [
                86.91748101993335,
                27.8988579119575
              ],
              [
                86.91748095145478,
                27.8989481861667
              ],
              [
                86.91737934009346,
                27.898948125296855
              ],
              [
                86.91737940866187,
                27.898857851087655
              ]
            ],
            [
              [
                86.9173805055767,
                27.897413463596713
              ],
              [
                86.91748211550969,
                27.897413524466554
              ],
              [
                86.91748204703111,
                27.897503798693723
              ],
              [
                86.9176852670498,
                27.89750392020883
              ],
              [
                86.91768513045199,
                27.897684468654184
              ],
              [
                86.91758352026747,
                27.897684407937053
              ],
              [
                86.91758331511022,
                27.897955230609572
              ],
              [
                86.91748170467417,
                27.897955169811592
              ],
              [
                86.91748177314376,
                27.897864895584426
              ],
              [
                86.91738016279756,
                27.897864834714582
              ],
              [
                86.9173805055767,
                27.897413463596713
              ]
            ],
            [
              [
                86.92225791133134,
                27.897235752363404
              ],
              [
                86.92215630156005,
                27.897235695014956
              ],
              [
                86.9221563661579,
                27.897145420769824
              ],
              [
                86.92225797583937,
                27.897145478118272
              ],
              [
                86.92225791133134,
                27.897235752363404
              ]
            ],
            [
              [
                86.91829357112591,
                27.899309767285274
              ],
              [
                86.91839518281961,
                27.899309827490363
              ],
              [
                86.9183951151046,
                27.89940010169058
              ],
              [
                86.91829350332108,
                27.899400041494474
              ],
              [
                86.91829357112591,
                27.899309767285274
              ]
            ],
            [
              [
                86.92540620502639,
                27.899584623043072
              ],
              [
                86.92530459305422,
                27.89958456801228
              ],
              [
                86.92530465504697,
                27.899494293794096
              ],
              [
                86.9254062669293,
                27.899494348824888
              ],
              [
                86.92540620502639,
                27.899584623043072
              ]
            ],
            [
              [
                86.91971513555163,
                27.900664716260742
              ],
              [
                86.91971506892358,
                27.900754990451976
              ],
              [
                86.91961345587345,
                27.900754931217065
              ],
              [
                86.91961352259132,
                27.900664657025832
              ],
              [
                86.91971513555163,
                27.900664716260742
              ]
            ],
            [
              [
                86.92307149165187,
                27.896243191714657
              ],
              [
                86.92307174697105,
                27.895882094680225
              ],
              [
                86.92317335547571,
                27.895882151354936
              ],
              [
                86.92317341922016,
                27.895791877091835
              ],
              [
                86.92327502765296,
                27.89579193369468
              ],
              [
                86.92327496398936,
                27.895882207948798
              ],
              [
                86.92337657249404,
                27.895882264470796
              ],
              [
                86.92337644534649,
                27.896062812996995
              ],
              [
                86.92327483667114,
                27.896062756474997
              ],
              [
                86.92327470934393,
                27.89624330498323
              ],
              [
                86.92307149165187,
                27.896243191714657
              ]
            ],
            [
              [
                86.91981754701541,
                27.89958148503914
              ],
              [
                86.91981761355363,
                27.89949121083892
              ],
              [
                86.91991922542698,
                27.899491269912136
              ],
              [
                86.91991915896962,
                27.899581544121336
              ],
              [
                86.91981754701541,
                27.89958148503914
              ]
            ],
            [
              [
                86.91595629292651,
                27.899579184597428
              ],
              [
                86.91595622318131,
                27.899669458797646
              ],
              [
                86.91585461115525,
                27.899669396795925
              ],
              [
                86.91585440166813,
                27.89994021936963
              ],
              [
                86.91565117710395,
                27.89994009515059
              ],
              [
                86.91565124710068,
                27.899849820959357
              ],
              [
                86.91575285929743,
                27.899849883104807
              ],
              [
                86.91575313895196,
                27.899488786330885
              ],
              [
                86.91585475080734,
                27.899488848404474
              ],
              [
                86.91585496028549,
                27.89921802580382
              ],
              [
                86.91595657188934,
                27.89921808780554
              ],
              [
                86.91595650215312,
                27.89930836200576
              ],
              [
                86.91605811383783,
                27.89930842392663
              ],
              [
                86.91605818350219,
                27.899218149726412
              ],
              [
                86.91626140670989,
                27.899218273352563
              ],
              [
                86.91626133722521,
                27.89930854755278
              ],
              [
                86.91615972553151,
                27.899308485775638
              ],
              [
                86.91615951680797,
                27.899579308367308
              ],
              [
                86.91595629292651,
                27.899579184597428
              ]
            ],
            [
              [
                86.91737940866187,
                27.898857851087655
              ],
              [
                86.91717618610993,
                27.898857729114408
              ],
              [
                86.91717625484003,
                27.898767454905204
              ],
              [
                86.9170746436494,
                27.898767393810783
              ],
              [
                86.91707485009124,
                27.898496571174196
              ],
              [
                86.91717646102136,
                27.89849663226862
              ],
              [
                86.91717639230023,
                27.898586906486802
              ],
              [
                86.91727800332019,
                27.89858696750936
              ],
              [
                86.91727793467093,
                27.898677241718563
              ],
              [
                86.91737954578072,
                27.898677302669252
              ],
              [
                86.91737940866187,
                27.898857851087655
              ]
            ],
            [
              [
                86.91707567580468,
                27.89741328053802
              ],
              [
                86.91707574461563,
                27.897323006310856
              ],
              [
                86.91717735445879,
                27.897323067405278
              ],
              [
                86.91717742317991,
                27.897232793178112
              ],
              [
                86.91738064268657,
                27.897232915133394
              ],
              [
                86.9173805055767,
                27.897413463596713
              ],
              [
                86.91707567580468,
                27.89741328053802
              ]
            ],
            [
              [
                86.92307149165187,
                27.896243191714657
              ],
              [
                86.92307136399229,
                27.89642374022289
              ],
              [
                86.92296975498456,
                27.896423683476314
              ],
              [
                86.92296988280584,
                27.89624313496808
              ],
              [
                86.92307149165187,
                27.896243191714657
              ]
            ],
            [
              [
                86.92662585315838,
                27.899133906473654
              ],
              [
                86.92642263004949,
                27.89913379813683
              ],
              [
                86.92642256899998,
                27.899224072355015
              ],
              [
                86.92632095736019,
                27.899224018078804
              ],
              [
                86.92632089622084,
                27.89931429229699
              ],
              [
                86.92611767277059,
                27.899314183511006
              ],
              [
                86.92611779539062,
                27.899133635065656
              ],
              [
                86.92621940694957,
                27.89913368949458
              ],
              [
                86.92621965184829,
                27.898772592594895
              ],
              [
                86.92642287427446,
                27.89877270122816
              ],
              [
                86.92642281322496,
                27.898862975455327
              ],
              [
                86.92652442452338,
                27.898863029659672
              ],
              [
                86.9265245464607,
                27.898682481205338
              ],
              [
                86.92672776872519,
                27.89868258938945
              ],
              [
                86.92672764712025,
                27.898863137852764
              ],
              [
                86.92662603582181,
                27.89886308379215
              ],
              [
                86.926625974934,
                27.89895335801932
              ],
              [
                86.92672758632226,
                27.898953412079933
              ],
              [
                86.9267275255153,
                27.8990436863071
              ],
              [
                86.9266259140462,
                27.899043632246485
              ],
              [
                86.92662585315838,
                27.899133906473654
              ]
            ]
          ],
          [
            [
              [
                86.91595629292651,
                27.899579184597428
              ],
              [
                86.9158546809813,
                27.899579122595707
              ],
              [
                86.91585475080734,
                27.899488848404474
              ],
              [
                86.91595636266273,
                27.89948891039721
              ],
              [
                86.91595629292651,
                27.899579184597428
              ]
            ]
          ],
          [
            [
              [
                86.92164909786555,
                27.89606184193614
              ],
              [
                86.92164903285448,
                27.896152116190258
              ],
              [
                86.92154742409828,
                27.89615205839265
              ],
              [
                86.9215474891902,
                27.896061784138535
              ],
              [
                86.92164909786555,
                27.89606184193614
              ]
            ]
          ],
          [
            [
              [
                86.92662652291531,
                27.8981408899299
              ],
              [
                86.92662658379413,
                27.898050615693748
              ],
              [
                86.9265249732503,
                27.89805056156127
              ],
              [
                86.92652491228164,
                27.89814083579742
              ],
              [
                86.92642330165694,
                27.898140781593074
              ],
              [
                86.92642342376493,
                27.897960233120774
              ],
              [
                86.92652503421895,
                27.89796028732512
              ],
              [
                86.92652509518761,
                27.897870013079984
              ],
              [
                86.92672831593394,
                27.897870121264095
              ],
              [
                86.92672813354,
                27.89814094398153
              ],
              [
                86.92662652291531,
                27.8981408899299
              ]
            ]
          ],
          [
            [
              [
                86.92713330625216,
                27.900036918212958
              ],
              [
                86.92703169385778,
                27.90003686444879
              ],
              [
                86.92703181495966,
                27.899856316021406
              ],
              [
                86.92693020273597,
                27.89985626218537
              ],
              [
                86.92693026337226,
                27.899765987967186
              ],
              [
                86.92794638483664,
                27.899766522931905
              ],
              [
                86.92794650442038,
                27.899585974495537
              ],
              [
                86.92784489243923,
                27.899585921333237
              ],
              [
                86.9278448325665,
                27.899676195560406
              ],
              [
                86.92764160844251,
                27.89967608901123
              ],
              [
                86.9276417285293,
                27.89949554057486
              ],
              [
                86.92784495232092,
                27.899495647115053
              ],
              [
                86.92784501219363,
                27.899405372887887
              ],
              [
                86.92804823581457,
                27.899405479131637
              ],
              [
                86.92804817611254,
                27.899495753358803
              ],
              [
                86.92896268317931,
                27.89949622774114
              ],
              [
                86.92896256527543,
                27.89967677618649
              ],
              [
                86.9291657894084,
                27.89967688078632
              ],
              [
                86.92916573062266,
                27.899767155004504
              ],
              [
                86.92936895492632,
                27.89976725929891
              ],
              [
                86.92936901354139,
                27.899676985080724
              ],
              [
                86.92947062561237,
                27.899677037120128
              ],
              [
                86.92947068413761,
                27.899586762892962
              ],
              [
                86.92926746017531,
                27.899586658742287
              ],
              [
                86.92926751887123,
                27.899496384524106
              ],
              [
                86.92916590697092,
                27.899496332331985
              ],
              [
                86.9291659657477,
                27.8994060581138
              ],
              [
                86.92875951849683,
                27.899405848617693
              ],
              [
                86.92875957761497,
                27.899315574399512
              ],
              [
                86.92835313070546,
                27.899315363708645
              ],
              [
                86.92835324961545,
                27.89913481525431
              ],
              [
                86.92875969585123,
                27.899135025936193
              ],
              [
                86.92875981408748,
                27.89895447748186
              ],
              [
                86.92835336852545,
                27.898954266799976
              ],
              [
                86.92835330906597,
                27.89904454102714
              ],
              [
                86.92825169759686,
                27.899044488170272
              ],
              [
                86.92825175713719,
                27.898954213934122
              ],
              [
                86.92815014574893,
                27.898954161005385
              ],
              [
                86.92815020537012,
                27.89886388677822
              ],
              [
                86.92835342797596,
                27.898863992563825
              ],
              [
                86.92835348743544,
                27.89877371833666
              ],
              [
                86.92886154354132,
                27.89877398149812
              ],
              [
                86.9288617206352,
                27.89850315878967
              ],
              [
                86.92835366578697,
                27.89850289562821
              ],
              [
                86.92835372524645,
                27.89841262139206
              ],
              [
                86.92825211436126,
                27.898412568535186
              ],
              [
                86.9282521738926,
                27.898322294299035
              ],
              [
                86.92865861709205,
                27.89832250526838
              ],
              [
                86.92865855789309,
                27.898412779513514
              ],
              [
                86.92906500144288,
                27.898412989288097
              ],
              [
                86.9290650603005,
                27.898322715051947
              ],
              [
                86.92936989270459,
                27.89832287160135
              ],
              [
                86.9293697754924,
                27.898503420073652
              ],
              [
                86.9295729974335,
                27.898503524071614
              ],
              [
                86.9295730558689,
                27.89841324982648
              ],
              [
                86.9294714449837,
                27.898413197867924
              ],
              [
                86.92947162055943,
                27.898142375141507
              ],
              [
                86.92916678865839,
                27.898142218825665
              ],
              [
                86.92916684743517,
                27.89805194458053
              ],
              [
                86.92937006853184,
                27.898052048865953
              ],
              [
                86.929370185753,
                27.897871500375686
              ],
              [
                86.92957340650831,
                27.897871604364664
              ],
              [
                86.9295731727487,
                27.898232701345197
              ],
              [
                86.92987800491025,
                27.898232856771706
              ],
              [
                86.92987794672636,
                27.898323131007857
              ],
              [
                86.92977633592201,
                27.898323079282864
              ],
              [
                86.9297762776483,
                27.898413353519015
              ],
              [
                86.92967466676309,
                27.898413301713173
              ],
              [
                86.929674550045,
                27.898593850194455
              ],
              [
                86.92957293898911,
                27.898593798307765
              ],
              [
                86.92957288054471,
                27.898684072543915
              ],
              [
                86.92947126940798,
                27.89868402058536
              ],
              [
                86.9294711523575,
                27.898864569057658
              ],
              [
                86.92916631843526,
                27.898864412732834
              ],
              [
                86.9291662596495,
                27.89895468696
              ],
              [
                86.92947109383226,
                27.898954843293808
              ],
              [
                86.92947097677279,
                27.899135391757127
              ],
              [
                86.92936936521386,
                27.899135339717724
              ],
              [
                86.92936930660777,
                27.89922561394489
              ],
              [
                86.92947091824755,
                27.899225665984293
              ],
              [
                86.92947080119707,
                27.899406214438628
              ],
              [
                86.92977563663746,
                27.8994063700987
              ],
              [
                86.92977557836375,
                27.89949664432587
              ],
              [
                86.92997880216436,
                27.899496747721958
              ],
              [
                86.92997886026738,
                27.89940647349479
              ],
              [
                86.93008047208683,
                27.899406525076053
              ],
              [
                86.93008035604247,
                27.899587073530387
              ],
              [
                86.93028358001375,
                27.89958717647732
              ],
              [
                86.93028386928025,
                27.8991358053325
              ],
              [
                86.93018225771233,
                27.899135753894967
              ],
              [
                86.93018219977998,
                27.899226028131118
              ],
              [
                86.9300805881312,
                27.899225976621718
              ],
              [
                86.93008064615339,
                27.899135702385568
              ],
              [
                86.92997903458546,
                27.899135650804304
              ],
              [
                86.9299789183794,
                27.89931619925864
              ],
              [
                86.92977569491117,
                27.899316095871534
              ],
              [
                86.92977586974129,
                27.899045273172067
              ],
              [
                86.92987748121939,
                27.899045324906044
              ],
              [
                86.92987753940326,
                27.898955050678875
              ],
              [
                86.93008076219776,
                27.898955153922252
              ],
              [
                86.93008082021096,
                27.8988648796861
              ],
              [
                86.93038565414217,
                27.89886503398972
              ],
              [
                86.93038571191283,
                27.898774759753568
              ],
              [
                86.9304873231394,
                27.898774811038386
              ],
              [
                86.93048738082022,
                27.898684536802236
              ],
              [
                86.93058899196593,
                27.89868458800621
              ],
              [
                86.93058904956591,
                27.898594313770058
              ],
              [
                86.93069066062179,
                27.898594364902163
              ],
              [
                86.93069060311166,
                27.898684639147298
              ],
              [
                86.93079221424838,
                27.898684690198554
              ],
              [
                86.9307921568191,
                27.89877496444369
              ],
              [
                86.93089376805463,
                27.89877501542308
              ],
              [
                86.93089388274255,
                27.89859446695078
              ],
              [
                86.9310971048633,
                27.89859456869397
              ],
              [
                86.93109704768553,
                27.89868484293012
              ],
              [
                86.9314018811137,
                27.898684994987946
              ],
              [
                86.93140182419644,
                27.898775269224096
              ],
              [
                86.93119860173432,
                27.898775167930065
              ],
              [
                86.93119854464639,
                27.898865442166215
              ],
              [
                86.9313001559538,
                27.898865492858146
              ],
              [
                86.93130009894672,
                27.898955767094296
              ],
              [
                86.9315033217412,
                27.898955868235618
              ],
              [
                86.9315035491048,
                27.89859477128203
              ],
              [
                86.93160516016069,
                27.898594821740403
              ],
              [
                86.93160504664957,
                27.898775370221685
              ],
              [
                86.93170665788512,
                27.89877542060819
              ],
              [
                86.93170637452953,
                27.89922679178894
              ],
              [
                86.93201120948483,
                27.899226942499297
              ],
              [
                86.93201132232221,
                27.899046394026996
              ],
              [
                86.9321129338003,
                27.899046444117054
              ],
              [
                86.93211299014264,
                27.898956169880904
              ],
              [
                86.93221460153988,
                27.898956219890117
              ],
              [
                86.93221454528738,
                27.899046494126267
              ],
              [
                86.93241776826153,
                27.899046593929096
              ],
              [
                86.93241782434335,
                27.898956319692946
              ],
              [
                86.9325194357406,
                27.898956369477578
              ],
              [
                86.93251937973962,
                27.899046643713728
              ],
              [
                86.93272260271377,
                27.899046743058417
              ],
              [
                86.93272249105318,
                27.8992272915397
              ],
              [
                86.93221443279135,
                27.899227042598568
              ],
              [
                86.93221437653885,
                27.89931731683472
              ],
              [
                86.93201115306164,
                27.899317216735447
              ],
              [
                86.93201109663846,
                27.899407490971598
              ],
              [
                86.93211270846689,
                27.899407541052675
              ],
              [
                86.93211253945786,
                27.899678363743156
              ],
              [
                86.9323157636088,
                27.8996784636987
              ],
              [
                86.93231581977147,
                27.89958818946255
              ],
              [
                86.93251904375174,
                27.899588289121645
              ],
              [
                86.93251898775975,
                27.899678563348814
              ],
              [
                86.93272221191069,
                27.899678662702485
              ],
              [
                86.9327221002501,
                27.89985921115682
              ],
              [
                86.93292532473342,
                27.899859310205063
              ],
              [
                86.93292543606164,
                27.899678761750728
              ],
              [
                86.93282382398166,
                27.89967871226254
              ],
              [
                86.93282404696149,
                27.899317615335903
              ],
              [
                86.93292565870908,
                27.899317664824093
              ],
              [
                86.9329257143687,
                27.899227390587942
              ],
              [
                86.93302732601747,
                27.899227439995283
              ],
              [
                86.933027437175,
                27.899046891522982
              ],
              [
                86.93292582568792,
                27.89904684211564
              ],
              [
                86.93292593700716,
                27.89886629363436
              ],
              [
                86.93302754832355,
                27.8988663430417
              ],
              [
                86.93302749274478,
                27.89895661728683
              ],
              [
                86.93333232695448,
                27.89895676506868
              ],
              [
                86.93333221630898,
                27.899137313549964
              ],
              [
                86.93323060474107,
                27.89913726435822
              ],
              [
                86.9332304939249,
                27.899317812839502
              ],
              [
                86.93312888218628,
                27.89931776357589
              ],
              [
                86.93312882668836,
                27.89940803780306
              ],
              [
                86.9332304385168,
                27.899408087066668
              ],
              [
                86.93323032770063,
                27.89958863553897
              ],
              [
                86.93353516368,
                27.89958878288064
              ],
              [
                86.93353527399313,
                27.89940823440834
              ],
              [
                86.93343366216469,
                27.89940818536931
              ],
              [
                86.9334337726395,
                27.89922763689701
              ],
              [
                86.93353538429726,
                27.89922768593604
              ],
              [
                86.93353549461038,
                27.899047137463743
              ],
              [
                86.93363710609745,
                27.899047186421924
              ],
              [
                86.93363716116419,
                27.898956912185774
              ],
              [
                86.93353554975795,
                27.898956863218608
              ],
              [
                86.93353560491451,
                27.898866588982457
              ],
              [
                86.93343399359811,
                27.898866539943427
              ],
              [
                86.93343404883552,
                27.89877626569829
              ],
              [
                86.93353566007107,
                27.898776314737326
              ],
              [
                86.93353571521864,
                27.89868604049219
              ],
              [
                86.93363732637334,
                27.898686089459357
              ],
              [
                86.93363738144006,
                27.89859581521422
              ],
              [
                86.9332309371806,
                27.898595618914367
              ],
              [
                86.93323099257971,
                27.898505344669235
              ],
              [
                86.93312938160467,
                27.898505295405624
              ],
              [
                86.9331294370936,
                27.898415021160492
              ],
              [
                86.93282460440206,
                27.898414872929486
              ],
              [
                86.93282449292113,
                27.898595421419753
              ],
              [
                86.93292610398599,
                27.898595470907942
              ],
              [
                86.93292604832638,
                27.898685745153074
              ],
              [
                86.9330276594721,
                27.898685794560414
              ],
              [
                86.93302760390232,
                27.89877606880555
              ],
              [
                86.93282438143122,
                27.898775969901035
              ],
              [
                86.93282432569076,
                27.89886624414617
              ],
              [
                86.93262110305797,
                27.898866144945213
              ],
              [
                86.9326212707914,
                27.898595322218796
              ],
              [
                86.93251965972652,
                27.89859527251501
              ],
              [
                86.93251971571853,
                27.89850499826988
              ],
              [
                86.93241810474349,
                27.898504948485243
              ],
              [
                86.93241804866166,
                27.898595222721394
              ],
              [
                86.9323164375968,
                27.898595172864898
              ],
              [
                86.93231638143412,
                27.89868544711003
              ],
              [
                86.93221477028841,
                27.898685397172684
              ],
              [
                86.93221482653193,
                27.89859512292755
              ],
              [
                86.93211321547604,
                27.898595072918337
              ],
              [
                86.9321132718094,
                27.898504798673205
              ],
              [
                86.93201166082538,
                27.898504748592128
              ],
              [
                86.93201171724856,
                27.898414474346993
              ],
              [
                86.93191010635437,
                27.89841442418507
              ],
              [
                86.93191021935345,
                27.898233875694803
              ],
              [
                86.93201183007696,
                27.898233925856726
              ],
              [
                86.93201188649115,
                27.89814365160261
              ],
              [
                86.93221510777647,
                27.898143751701884
              ],
              [
                86.93221505153295,
                27.898234025947016
              ],
              [
                86.93231666225647,
                27.898234075884364
              ],
              [
                86.93231660609379,
                27.898324350129496
              ],
              [
                86.93241821689814,
                27.898324399985995
              ],
              [
                86.9324181608253,
                27.89841467424011
              ],
              [
                86.93272299350787,
                27.898414823369432
              ],
              [
                86.93272304933816,
                27.898324549124297
              ],
              [
                86.93262143852482,
                27.898324499483394
              ],
              [
                86.93262149443596,
                27.898234225238262
              ],
              [
                86.93241827297997,
                27.89823412574086
              ],
              [
                86.93241832906179,
                27.89814385149573
              ],
              [
                86.93231671841913,
                27.898143801630248
              ],
              [
                86.93231694306982,
                27.897782704631744
              ],
              [
                86.93241855337112,
                27.897782754488244
              ],
              [
                86.93241883376227,
                27.897331383199695
              ],
              [
                86.93252044364137,
                27.897331432984327
              ],
              [
                86.93252049963336,
                27.89724115873021
              ],
              [
                86.93262210943159,
                27.897241208433996
              ],
              [
                86.93262222125388,
                27.897060659907797
              ],
              [
                86.93272383088144,
                27.897060709539716
              ],
              [
                86.93272377506014,
                27.897150983802817
              ],
              [
                86.93282538476855,
                27.89715103336287
              ],
              [
                86.93282510607521,
                27.897602404660404
              ],
              [
                86.93262188580499,
                27.89760230546843
              ],
              [
                86.93262182989385,
                27.897692579722545
              ],
              [
                86.93302827077565,
                27.89769277781005
              ],
              [
                86.93302815963608,
                27.897873326327264
              ],
              [
                86.93312977002721,
                27.89787337566274
              ],
              [
                86.93312982551615,
                27.89778310139964
              ],
              [
                86.93333304612773,
                27.897783199846014
              ],
              [
                86.93333299080948,
                27.89787347410013
              ],
              [
                86.93353621159174,
                27.897873572250056
              ],
              [
                86.93353615643518,
                27.897963846504172
              ],
              [
                86.93363776691614,
                27.897963895462357
              ],
              [
                86.9336376567827,
                27.89814444397059
              ],
              [
                86.93373926742535,
                27.898144492856908
              ],
              [
                86.93373921243946,
                27.898234767102043
              ],
              [
                86.93414565536045,
                27.89823496190171
              ],
              [
                86.93414560071592,
                27.898325236155827
              ],
              [
                86.93445043316493,
                27.89832538146731
              ],
              [
                86.93445048755792,
                27.898235107213193
              ],
              [
                86.93434887682542,
                27.898235058847895
              ],
              [
                86.9343489857821,
                27.898054510348647
              ],
              [
                86.93394254353484,
                27.898054316150848
              ],
              [
                86.93394270797145,
                27.8977834933885
              ],
              [
                86.93373948735089,
                27.89778339584044
              ],
              [
                86.93373954233677,
                27.897693121586325
              ],
              [
                86.93384115255722,
                27.897693170391793
              ],
              [
                86.93384120745327,
                27.897602896137677
              ],
              [
                86.93373959732266,
                27.897602847323224
              ],
              [
                86.93373965229955,
                27.897512573069108
              ],
              [
                86.93353643219102,
                27.89751247522461
              ],
              [
                86.9335364873386,
                27.897422200961508
              ],
              [
                86.93343487736968,
                27.897422151922477
              ],
              [
                86.93343493260708,
                27.89733187766836
              ],
              [
                86.93333332271901,
                27.897331828557462
              ],
              [
                86.93333337803726,
                27.897241554294364
              ],
              [
                86.93323176823003,
                27.8972415051116
              ],
              [
                86.93323171283093,
                27.897331779374703
              ],
              [
                86.93313010295184,
                27.89733173011109
              ],
              [
                86.9331301584318,
                27.897241455847993
              ],
              [
                86.93302854863354,
                27.8972414065215
              ],
              [
                86.93302860420333,
                27.8971511322584
              ],
              [
                86.93333343335551,
                27.897151280031263
              ],
              [
                86.93333354398304,
                27.896970731496083
              ],
              [
                86.9330287153429,
                27.896970583723217
              ],
              [
                86.93302877091268,
                27.89688030946012
              ],
              [
                86.93241911414444,
                27.89688001189318
              ],
              [
                86.93241917021727,
                27.8967897376211
              ],
              [
                86.93252077959332,
                27.89678978740573
              ],
              [
                86.9325209475603,
                27.896518964598464
              ],
              [
                86.9326225566848,
                27.89651901430225
              ],
              [
                86.93262261259595,
                27.896428740030167
              ],
              [
                86.93272422163062,
                27.896428789662085
              ],
              [
                86.93272416580932,
                27.896519063934168
              ],
              [
                86.93282577493382,
                27.89651911349422
              ],
              [
                86.93282571920234,
                27.896609387766304
              ],
              [
                86.93313054682739,
                27.89660953598833
              ],
              [
                86.9331304358585,
                27.89679008452351
              ],
              [
                86.93323204524351,
                27.896790133778136
              ],
              [
                86.93323210064263,
                27.89669985951504
              ],
              [
                86.93333370993781,
                27.896699908697798
              ],
              [
                86.93333376525607,
                27.896609634425715
              ],
              [
                86.93353698367575,
                27.89660973256666
              ],
              [
                86.93353709397091,
                27.896429184022494
              ],
              [
                86.93343548492724,
                27.89642913499245
              ],
              [
                86.93343554015567,
                27.89633886071138
              ],
              [
                86.93313071328521,
                27.896338713172078
              ],
              [
                86.93313076876517,
                27.896248438891014
              ],
              [
                86.93323237763813,
                27.896248488154622
              ],
              [
                86.93323248843635,
                27.896067939601473
              ],
              [
                86.93343570584993,
                27.89606803788615
              ],
              [
                86.93343581630677,
                27.895887489324018
              ],
              [
                86.93333420776618,
                27.895887440222104
              ],
              [
                86.93333426308443,
                27.895797165941037
              ],
              [
                86.93323265463366,
                27.895797116758274
              ],
              [
                86.93323271003277,
                27.89570684247721
              ],
              [
                86.93343592676362,
                27.895706940761887
              ],
              [
                86.93343598199205,
                27.89561666648082
              ],
              [
                86.93353759028112,
                27.89561671551087
              ],
              [
                86.93353775570588,
                27.895345892649704
              ],
              [
                86.93343614767731,
                27.895345843619655
              ],
              [
                86.93343620290574,
                27.895255569329606
              ],
              [
                86.93353781085345,
                27.895255618359652
              ],
              [
                86.93353786599205,
                27.895165344069603
              ],
              [
                86.93363947385892,
                27.89516539302779
              ],
              [
                86.93363952891666,
                27.89507511873774
              ],
              [
                86.93384274447072,
                27.895075216420544
              ],
              [
                86.93384263469659,
                27.89525576500064
              ],
              [
                86.93363941880116,
                27.895255667317837
              ],
              [
                86.93363936374342,
                27.895345941607886
              ],
              [
                86.93374097177198,
                27.89534599048522
              ],
              [
                86.93374091679509,
                27.89543626477527
              ],
              [
                86.93384252491349,
                27.89543631358074
              ],
              [
                86.93384247001744,
                27.895526587870787
              ],
              [
                86.93363925361895,
                27.895526490179
              ],
              [
                86.93363908843673,
                27.89579731303118
              ],
              [
                86.93384230534726,
                27.89579741072297
              ],
              [
                86.93384225045122,
                27.895887685004034
              ],
              [
                86.93424868460464,
                27.895887879480313
              ],
              [
                86.934248793714,
                27.895707330909197
              ],
              [
                86.93435040208394,
                27.895707379346355
              ],
              [
                86.93435034761907,
                27.895797653627422
              ],
              [
                86.93445195606985,
                27.895797701983735
              ],
              [
                86.93445179290885,
                27.896068524826934
              ],
              [
                86.93424857549526,
                27.896068428042444
              ],
              [
                86.93424852094057,
                27.89615870232351
              ],
              [
                86.9343501297327,
                27.896158750751688
              ],
              [
                86.93435007525886,
                27.896249025032752
              ],
              [
                86.93485811964172,
                27.89624926606871
              ],
              [
                86.93485822774498,
                27.896068717506576
              ],
              [
                86.93465501033141,
                27.89606862132396
              ],
              [
                86.93465511876704,
                27.895888072752843
              ],
              [
                86.93455351022644,
                27.895888024549247
              ],
              [
                86.9345535645296,
                27.89579775026818
              ],
              [
                86.93495999835065,
                27.8957979426424
              ],
              [
                86.93496005231245,
                27.895707668361332
              ],
              [
                86.93516326906128,
                27.895707764103776
              ],
              [
                86.9351633766525,
                27.89552721552368
              ],
              [
                86.93526498485174,
                27.89552726327812
              ],
              [
                86.93526509227227,
                27.895346714698018
              ],
              [
                86.93496026816862,
                27.89534657121012
              ],
              [
                86.93496032213042,
                27.89525629692007
              ],
              [
                86.93506193007813,
                27.895256344827224
              ],
              [
                86.93506198395909,
                27.89516607052819
              ],
              [
                86.93516359182595,
                27.89516611836348
              ],
              [
                86.93516369941717,
                27.8949855697744
              ],
              [
                86.93526530711335,
                27.89498561752884
              ],
              [
                86.93526536082364,
                27.894895343229805
              ],
              [
                86.93536696843897,
                27.89489539091238
              ],
              [
                86.93536702205941,
                27.89480511661335
              ],
              [
                86.9355702371194,
                27.894805211753923
              ],
              [
                86.93557029057814,
                27.89471493745489
              ],
              [
                86.93587511291211,
                27.89471507959532
              ],
              [
                86.93587505971388,
                27.89480535389435
              ],
              [
                86.93638309736836,
                27.894805589306852
              ],
              [
                86.93638304459233,
                27.894895863605885
              ],
              [
                86.936281436977,
                27.89489581666891
              ],
              [
                86.93628138410216,
                27.894986090967944
              ],
              [
                86.93607816870978,
                27.8949859968784
              ],
              [
                86.93607811567325,
                27.895076271177434
              ],
              [
                86.93617972345928,
                27.895076318258138
              ],
              [
                86.93617967050359,
                27.89516659255717
              ],
              [
                86.93628127837046,
                27.895166639566007
              ],
              [
                86.9362813312363,
                27.895076365266977
              ],
              [
                86.93658615459435,
                27.895076505835352
              ],
              [
                86.936586259823,
                27.89489595724627
              ],
              [
                86.93668786743835,
                27.894896003949682
              ],
              [
                86.93668781491385,
                27.894986278248712
              ],
              [
                86.93678942261003,
                27.89498632488026
              ],
              [
                86.9367893701664,
                27.895076599179294
              ],
              [
                86.93699258573842,
                27.895076692217806
              ],
              [
                86.93699263802037,
                27.894986417918773
              ],
              [
                86.93729746112689,
                27.89498655692408
              ],
              [
                86.93729735707504,
                27.895167105513163
              ],
              [
                86.93678931772274,
                27.895166873478324
              ],
              [
                86.9367892652791,
                27.895257147768373
              ],
              [
                86.9365860493657,
                27.895257054433415
              ],
              [
                86.93658610198003,
                27.895166780134385
              ],
              [
                86.93648449411316,
                27.895166733350123
              ],
              [
                86.93648433601865,
                27.89543755623824
              ],
              [
                86.93678916038282,
                27.895437696357455
              ],
              [
                86.93678921283545,
                27.895347422067406
              ],
              [
                86.93689082087299,
                27.895347468627087
              ],
              [
                86.9368907685102,
                27.89543774291714
              ],
              [
                86.93719559288334,
                27.89543788214702
              ],
              [
                86.9371954886608,
                27.895618430727122
              ],
              [
                86.93729709695886,
                27.895618476990357
              ],
              [
                86.93729720100174,
                27.895437928401275
              ],
              [
                86.93750041725649,
                27.89543802069419
              ],
              [
                86.93750036539674,
                27.895528294993223
              ],
              [
                86.93790679823863,
                27.89552847868073
              ],
              [
                86.93790684975701,
                27.895438204381698
              ],
              [
                86.93821167413914,
                27.895438341365796
              ],
              [
                86.93821172539701,
                27.895348067066763
              ],
              [
                86.93811011735947,
                27.895348021486246
              ],
              [
                86.93811022005487,
                27.895167472888183
              ],
              [
                86.93841504368241,
                27.895167609414138
              ],
              [
                86.93841499258625,
                27.89525788371317
              ],
              [
                86.93861820849963,
                27.895257974362167
              ],
              [
                86.93861825942513,
                27.895167700063134
              ],
              [
                86.93912629880437,
                27.895167925360607
              ],
              [
                86.93912624830108,
                27.89525819965964
              ],
              [
                86.93943107218016,
                27.895258333939807
              ],
              [
                86.9394310219284,
                27.89534860823884
              ],
              [
                86.939735846059,
                27.89534874184527
              ],
              [
                86.93973589606821,
                27.895258467546242
              ],
              [
                86.94004071994728,
                27.89525860048792
              ],
              [
                86.94004062044988,
                27.895439149085984
              ],
              [
                86.94075187737745,
                27.895439456642187
              ],
              [
                86.94075182822164,
                27.89552973094122
              ],
              [
                86.94085343643884,
                27.895529774581377
              ],
              [
                86.94085333828892,
                27.89571032317046
              ],
              [
                86.94095494666782,
                27.89571036673875
              ],
              [
                86.94095484868858,
                27.89589091532783
              ],
              [
                86.94105645724714,
                27.895890958815272
              ],
              [
                86.9410563594296,
                27.896071507395373
              ],
              [
                86.94115796815883,
                27.89607155081095
              ],
              [
                86.9411579193354,
                27.896161825101
              ],
              [
                86.94105631052531,
                27.89616178168542
              ],
              [
                86.94105616380347,
                27.896432604555567
              ],
              [
                86.94095455474185,
                27.896432561068124
              ],
              [
                86.94095450574773,
                27.89652283534919
              ],
              [
                86.94075128746279,
                27.896522748149728
              ],
              [
                86.94075113997738,
                27.896793570992926
              ],
              [
                86.94085274937139,
                27.896793614633083
              ],
              [
                86.94085270029642,
                27.896883888914147
              ],
              [
                86.94095430978025,
                27.89688393248244
              ],
              [
                86.94095421179202,
                27.89706448104457
              ],
              [
                86.94085260213751,
                27.89706443747628
              ],
              [
                86.94085255306254,
                27.897154711757345
              ],
              [
                86.94064933359182,
                27.897154624396183
              ],
              [
                86.94064928434618,
                27.89724489867725
              ],
              [
                86.94054767452997,
                27.89724485488438
              ],
              [
                86.94054772385647,
                27.897154580603313
              ],
              [
                86.94034450439473,
                27.897154492801977
              ],
              [
                86.94034455389189,
                27.897064218520914
              ],
              [
                86.93993811530079,
                27.897064042019927
              ],
              [
                86.93993806546226,
                27.89715431629201
              ],
              [
                86.9398364557269,
                27.897154271978117
              ],
              [
                86.93983640580753,
                27.8972445462502
              ],
              [
                86.9396331861751,
                27.897244457397832
              ],
              [
                86.93963313608505,
                27.89733473166992
              ],
              [
                86.93973474598211,
                27.897334776136525
              ],
              [
                86.93973464597266,
                27.89751532468069
              ],
              [
                86.93963303590492,
                27.897515280214083
              ],
              [
                86.9396328355357,
                27.897876377284447
              ],
              [
                86.9398360563539,
                27.89787646613681
              ],
              [
                86.93983600642554,
                27.897966740408894
              ],
              [
                86.93973439593559,
                27.897966696014155
              ],
              [
                86.93973419590772,
                27.898327793066553
              ],
              [
                86.93983580673004,
                27.89832783745231
              ],
              [
                86.93983575681067,
                27.89841811171541
              ],
              [
                86.93993736772282,
                27.898418156029305
              ],
              [
                86.93993731788429,
                27.898508430292402
              ],
              [
                86.94003892887729,
                27.89850847453443
              ],
              [
                86.94003882936192,
                27.898689023042664
              ],
              [
                86.94014044053459,
                27.89868906721283
              ],
              [
                86.9401403411899,
                27.89886961572106
              ],
              [
                86.93993711851219,
                27.89886952730887
              ],
              [
                86.93993701883512,
                27.899050075817104
              ],
              [
                86.93973379582505,
                27.899049987099485
              ],
              [
                86.93973374581583,
                27.8991402613536
              ],
              [
                86.93963213422994,
                27.899140216886995
              ],
              [
                86.9396318837527,
                27.899591588112663
              ],
              [
                86.93953027174459,
                27.89959154357419
              ],
              [
                86.93953032192448,
                27.899501269329058
              ],
              [
                86.93942870999723,
                27.899501224709738
              ],
              [
                86.93942876026696,
                27.899410950464603
              ],
              [
                86.93922553658314,
                27.899410861001385
              ],
              [
                86.93922548615171,
                27.899501135246517
              ],
              [
                86.93892065038793,
                27.899501000490243
              ],
              [
                86.93892070107088,
                27.899410726245108
              ],
              [
                86.93881908923346,
                27.899410681176633
              ],
              [
                86.93881888615132,
                27.89977177814818
              ],
              [
                86.93892049832112,
                27.89977182321666
              ],
              [
                86.93892039694624,
                27.89995237168896
              ],
              [
                86.9390220092957,
                27.899952416685572
              ],
              [
                86.9390220598978,
                27.89986214244942
              ],
              [
                86.93912367215742,
                27.899862187365187
              ],
              [
                86.93912372267867,
                27.899771913129037
              ],
              [
                86.9390221104999,
                27.89977186820429
              ],
              [
                86.939022161102,
                27.89968159396814
              ],
              [
                86.93912377319094,
                27.8996816388839
              ],
              [
                86.9391238237122,
                27.89959136464775
              ],
              [
                86.9393270477284,
                27.8995914542547
              ],
              [
                86.93932689667668,
                27.899862276981118
              ],
              [
                86.93922528441705,
                27.899862232209085
              ],
              [
                86.93922523398564,
                27.899952506445235
              ],
              [
                86.93932684632611,
                27.899952551217268
              ],
              [
                86.93932679597553,
                27.90004282545342
              ],
              [
                86.93953002083614,
                27.900042914772907
              ],
              [
                86.93952992047636,
                27.900223463236227
              ],
              [
                86.93922508268238,
                27.900223329153686
              ],
              [
                86.93922493137016,
                27.900494151853156
              ],
              [
                86.93912331851764,
                27.900494107009255
              ],
              [
                86.93912316696287,
                27.900764929690755
              ],
              [
                86.93891994075479,
                27.90076483977838
              ],
              [
                86.93892004212967,
                27.900584291324044
              ],
              [
                86.93871681626294,
                27.90058420110624
              ],
              [
                86.93871676540931,
                27.90067447533341
              ],
              [
                86.93861515238612,
                27.90067443011222
              ],
              [
                86.93861510144266,
                27.900764704339384
              ],
              [
                86.9387167145467,
                27.900764749560576
              ],
              [
                86.93871666369307,
                27.90085502378774
              ],
              [
                86.93881827687797,
                27.900855068928085
              ],
              [
                86.93881817533241,
                27.90103561738242
              ],
              [
                86.9385133352657,
                27.901035481718846
              ],
              [
                86.93851343731431,
                27.900854933273497
              ],
              [
                86.93831021094452,
                27.90085484245382
              ],
              [
                86.93831015974953,
                27.900945116680987
              ],
              [
                86.93820854647481,
                27.900945071154368
              ],
              [
                86.93820849519898,
                27.901035345381537
              ],
              [
                86.93810688184341,
                27.90103529978305
              ],
              [
                86.93810683047774,
                27.901125574001234
              ],
              [
                86.9379036036049,
                27.90112548258867
              ],
              [
                86.93790365513226,
                27.901035208370487
              ],
              [
                86.9377004284301,
                27.901035116652498
              ],
              [
                86.937700273318,
                27.90130593930705
              ],
              [
                86.9375986597199,
                27.901305893340258
              ],
              [
                86.93759855614414,
                27.90148644176764
              ],
              [
                86.93739532858858,
                27.901486349600493
              ],
              [
                86.93739522468044,
                27.901666898027877
              ],
              [
                86.93770006650786,
                27.901667036170803
              ],
              [
                86.93770011821489,
                27.90157676195262
              ],
              [
                86.93780173207352,
                27.901576807847547
              ],
              [
                86.93780178369072,
                27.901486533638344
              ],
              [
                86.93790339746849,
                27.90148657946141
              ],
              [
                86.93790344900484,
                27.901396305243225
              ],
              [
                86.9380050626928,
                27.90139635098544
              ],
              [
                86.93800490834425,
                27.901667173631008
              ],
              [
                86.93780168045632,
                27.90166708206573
              ],
              [
                86.93780162883014,
                27.90175735627493
              ],
              [
                86.93729355869259,
                27.901757126045705
              ],
              [
                86.93729366278038,
                27.90157657761832
              ],
              [
                86.93719204892174,
                27.9015765313461
              ],
              [
                86.937192101042,
                27.901486257136902
              ],
              [
                86.93688725972663,
                27.901486117871084
              ],
              [
                86.93688731210739,
                27.90139584366188
              ],
              [
                86.93637924366766,
                27.901395610063975
              ],
              [
                86.93637929646164,
                27.90130533584579
              ],
              [
                86.93627768286353,
                27.901305288899835
              ],
              [
                86.93627773574735,
                27.901215014690635
              ],
              [
                86.9361761222211,
                27.90121496766383
              ],
              [
                86.93617617519475,
                27.901124693454626
              ],
              [
                86.9359729483219,
                27.901124599185422
              ],
              [
                86.93597289518657,
                27.901214873403607
              ],
              [
                86.93566805463476,
                27.901214731442842
              ],
              [
                86.93566810803061,
                27.901124457233642
              ],
              [
                86.93546488116677,
                27.901124362218834
              ],
              [
                86.93546493472432,
                27.90103408800065
              ],
              [
                86.93536332136874,
                27.901034040380956
              ],
              [
                86.93536337501614,
                27.900943766162772
              ],
              [
                86.9352617617504,
                27.900943718471215
              ],
              [
                86.93526181547863,
                27.90085344425303
              ],
              [
                86.93536342865454,
                27.900853491944588
              ],
              [
                86.93536348229294,
                27.900763217726404
              ],
              [
                86.93546509538801,
                27.900763265346097
              ],
              [
                86.93546514894557,
                27.900672991127912
              ],
              [
                86.935668374965,
                27.900673086133736
              ],
              [
                86.93566842836087,
                27.900582811915555
              ],
              [
                86.93536358957874,
                27.900582669290035
              ],
              [
                86.93536353594034,
                27.90067294350822
              ],
              [
                86.93526192292612,
                27.900672895816662
              ],
              [
                86.93526186919789,
                27.900763170034846
              ],
              [
                86.93505864301675,
                27.90076307442715
              ],
              [
                86.93505848132898,
                27.901033897081703
              ],
              [
                86.93475364128922,
                27.90103375309973
              ],
              [
                86.93475369543967,
                27.900943478881544
              ],
              [
                86.93455046891717,
                27.900943382528247
              ],
              [
                86.93455041459605,
                27.901033656737447
              ],
              [
                86.93444880125844,
                27.901033608444017
              ],
              [
                86.93444885565142,
                27.900943334234817
              ],
              [
                86.93434724239467,
                27.90094328586054
              ],
              [
                86.93434729687749,
                27.90085301165134
              ],
              [
                86.93424568370158,
                27.900852963205196
              ],
              [
                86.93424579283791,
                27.900672414768827
              ],
              [
                86.93414417983267,
                27.90067236625082
              ],
              [
                86.93414412517917,
                27.900762640469
              ],
              [
                86.93394089899805,
                27.90076254320841
              ],
              [
                86.93394095382222,
                27.900672268990224
              ],
              [
                86.93383934081699,
                27.90067222025662
              ],
              [
                86.93383928590298,
                27.9007624944748
              ],
              [
                86.93343283354969,
                27.900762298758853
              ],
              [
                86.9334328887871,
                27.90067202454067
              ],
              [
                86.93312804977141,
                27.900671876965433
              ],
              [
                86.93312799427349,
                27.900762151183617
              ],
              [
                86.9327215419202,
                27.900761953365606
              ],
              [
                86.93272159775948,
                27.900671679156407
              ],
              [
                86.9324167587438,
                27.90067153000912
              ],
              [
                86.9324168148346,
                27.900581255790936
              ],
              [
                86.93221358899483,
                27.900581155988107
              ],
              [
                86.93221370150881,
                27.90040060755174
              ],
              [
                86.93211208875512,
                27.900400557533544
              ],
              [
                86.93211214509745,
                27.90031028331536
              ],
              [
                86.93201053243358,
                27.9003102332253
              ],
              [
                86.93201070169414,
                27.900039410561767
              ],
              [
                86.93140102722909,
                27.900039108458337
              ],
              [
                86.93140097030285,
                27.90012938267652
              ],
              [
                86.93150258279604,
                27.90012943321574
              ],
              [
                86.93150252595963,
                27.900219707433923
              ],
              [
                86.93160413853367,
                27.900219757901276
              ],
              [
                86.9316040817781,
                27.90031003211946
              ],
              [
                86.93170569444197,
                27.900310082505964
              ],
              [
                86.93170563776727,
                27.90040035673313
              ],
              [
                86.93180725051198,
                27.900400407038784
              ],
              [
                86.93180719391812,
                27.90049068125697
              ],
              [
                86.93129912976335,
                27.900490428938173
              ],
              [
                86.93129918677043,
                27.90040015471999
              ],
              [
                86.93119757402572,
                27.90040010403704
              ],
              [
                86.93119768821956,
                27.90021955560067
              ],
              [
                86.93099446306249,
                27.900219453992232
              ],
              [
                86.93099440579489,
                27.900309728219398
              ],
              [
                86.93109601845876,
                27.90030977905506
              ],
              [
                86.93109596128099,
                27.900400053273245
              ],
              [
                86.93079112303786,
                27.900399900532697
              ],
              [
                86.93079118047613,
                27.900309626314513
              ],
              [
                86.93028311717477,
                27.90030937024974
              ],
              [
                86.93028317502626,
                27.900219096031556
              ],
              [
                86.93018156245223,
                27.900219044594024
              ],
              [
                86.9301815045109,
                27.90030931881221
              ],
              [
                86.93007989185601,
                27.90030926730281
              ],
              [
                86.93007983382485,
                27.90039954151201
              ],
              [
                86.9299782210891,
                27.900399489930745
              ],
              [
                86.92997827919214,
                27.90030921571256
              ],
              [
                86.92987666653725,
                27.90030916405045
              ],
              [
                86.92987660834439,
                27.900399438268636
              ],
              [
                86.92967338285496,
                27.900399334710848
              ],
              [
                86.9296734412185,
                27.900309060501648
              ],
              [
                86.92957182856361,
                27.900309008614958
              ],
              [
                86.92957188700801,
                27.900218734396773
              ],
              [
                86.92936866185994,
                27.90021863039881
              ],
              [
                86.92936860324487,
                27.900308904616995
              ],
              [
                86.92886053996145,
                27.90030864330606
              ],
              [
                86.92886059899872,
                27.900218369087877
              ],
              [
                86.9287589864247,
                27.9002183166083
              ],
              [
                86.92875892730656,
                27.900308590817502
              ],
              [
                86.9285557019968,
                27.90030848562478
              ],
              [
                86.92855564269901,
                27.900398759833983
              ],
              [
                86.92814919174708,
                27.900398548541244
              ],
              [
                86.92814931099844,
                27.90021800011386
              ],
              [
                86.92804769843339,
                27.900217947104274
              ],
              [
                86.92804757901135,
                27.900398495531658
              ],
              [
                86.92764112805943,
                27.900398282738735
              ],
              [
                86.92764106800706,
                27.900488556947934
              ],
              [
                86.92753945519047,
                27.900488503561057
              ],
              [
                86.9275395153237,
                27.900398229351858
              ],
              [
                86.92743790257899,
                27.900398175893116
              ],
              [
                86.92743784236491,
                27.900488450102316
              ],
              [
                86.92703139108062,
                27.900488235503776
              ],
              [
                86.92703145163604,
                27.900397961294576
              ],
              [
                86.9269298389003,
                27.90039790745854
              ],
              [
                86.92692977826403,
                27.900488181667743
              ],
              [
                86.92672655262189,
                27.900488073771093
              ],
              [
                86.92672667424479,
                27.900307525361676
              ],
              [
                86.92713312484636,
                27.900307740849545
              ],
              [
                86.92713318531197,
                27.900217466640346
              ],
              [
                86.927234797886,
                27.900217520323665
              ],
              [
                86.92723485827075,
                27.90012724610548
              ],
              [
                86.92713324578655,
                27.90012719242216
              ],
              [
                86.92713330625216,
                27.900036918212958
              ]
            ],
            [
              [
                86.93384225045122,
                27.895887685004034
              ],
              [
                86.93384219556415,
                27.8959779592851
              ],
              [
                86.9339438041856,
                27.895978008009724
              ],
              [
                86.93394374937938,
                27.896068282290788
              ],
              [
                86.93374053196581,
                27.896068184751716
              ],
              [
                86.9337406419196,
                27.895887636198566
              ],
              [
                86.93384225045122,
                27.895887685004034
              ]
            ],
            [
              [
                86.93912331851764,
                27.900494107009255
              ],
              [
                86.9389200928216,
                27.900494017087894
              ],
              [
                86.93892019419648,
                27.900313468633563
              ],
              [
                86.93912341956015,
                27.90031355854594
              ],
              [
                86.93912331851764,
                27.900494107009255
              ]
            ],
            [
              [
                86.92804781785541,
                27.90003739867689
              ],
              [
                86.92804787755745,
                27.899947124458706
              ],
              [
                86.92825110219349,
                27.89994723040601
              ],
              [
                86.92825122127417,
                27.89976668196964
              ],
              [
                86.92845444557781,
                27.89976678761152
              ],
              [
                86.92845438619918,
                27.899857061829703
              ],
              [
                86.92855599844084,
                27.899857114542844
              ],
              [
                86.92855593915203,
                27.899947388761028
              ],
              [
                86.92865755146556,
                27.89994744139332
              ],
              [
                86.92865743305862,
                27.900127989829688
              ],
              [
                86.92855582057442,
                27.90012793718841
              ],
              [
                86.92855576128561,
                27.900218211406596
              ],
              [
                86.92835253613752,
                27.90021810590845
              ],
              [
                86.92835259559702,
                27.90012783169925
              ],
              [
                86.92825098311282,
                27.900127778833394
              ],
              [
                86.92825104265314,
                27.90003750461521
              ],
              [
                86.92804781785541,
                27.90003739867689
              ]
            ],
            [
              [
                86.92896286002166,
                27.899225405059635
              ],
              [
                86.92896297791656,
                27.899044856605304
              ],
              [
                86.92926781235083,
                27.899045013379286
              ],
              [
                86.92926763626306,
                27.89931583606977
              ],
              [
                86.92916602453344,
                27.899315783886635
              ],
              [
                86.92916608331022,
                27.89922550965947
              ],
              [
                86.92896286002166,
                27.899225405059635
              ]
            ],
            [
              [
                86.92896309582044,
                27.898864308141984
              ],
              [
                86.92896321371533,
                27.898683759669684
              ],
              [
                86.92906482485206,
                27.898683812005533
              ],
              [
                86.92906470712785,
                27.89886436046885
              ],
              [
                86.92896309582044,
                27.898864308141984
              ]
            ],
            [
              [
                86.9294705085529,
                27.899857585556497
              ],
              [
                86.92947056707814,
                27.899767311338312
              ],
              [
                86.92977540353363,
                27.899767466998387
              ],
              [
                86.92977534525991,
                27.89985774121657
              ],
              [
                86.92987695750158,
                27.89985779295055
              ],
              [
                86.92987684111584,
                27.9000383413959
              ],
              [
                86.93008006592257,
                27.900038444648256
              ],
              [
                86.93008000790037,
                27.90012871886644
              ],
              [
                86.92997839541617,
                27.900128667276196
              ],
              [
                86.92997833730415,
                27.900218941494376
              ],
              [
                86.92977511215608,
                27.90021883809829
              ],
              [
                86.9297752869862,
                27.899948015443737
              ],
              [
                86.92957206234118,
                27.89994791174222
              ],
              [
                86.92957212078558,
                27.899857637524036
              ],
              [
                86.9294705085529,
                27.899857585556497
              ]
            ],
            [
              [
                86.93109647590785,
                27.899587585264673
              ],
              [
                86.93109653308562,
                27.899497311037504
              ],
              [
                86.93129975688622,
                27.899497412493233
              ],
              [
                86.93129969987913,
                27.899587686720402
              ],
              [
                86.93109647590785,
                27.899587585264673
              ]
            ],
            [
              [
                86.93292643792572,
                27.898053825419176
              ],
              [
                86.93292649358534,
                27.89796355116506
              ],
              [
                86.93312971453828,
                27.897963649907872
              ],
              [
                86.9331296035604,
                27.89814419841611
              ],
              [
                86.93302799291774,
                27.898144149080633
              ],
              [
                86.93302804848753,
                27.898053874826516
              ],
              [
                86.93292643792572,
                27.898053825419176
              ]
            ],
            [
              [
                86.93302693698406,
                27.899859359621384
              ],
              [
                86.93302699256283,
                27.89976908539422
              ],
              [
                86.93312860472365,
                27.899769134729695
              ],
              [
                86.93312854922573,
                27.899859408965845
              ],
              [
                86.93302693698406,
                27.899859359621384
              ]
            ],
            [
              [
                86.93353455694889,
                27.900581799361515
              ],
              [
                86.93353461211443,
                27.90049152514333
              ],
              [
                86.93363622494897,
                27.900491574110497
              ],
              [
                86.93363616987327,
                27.90058184832868
              ],
              [
                86.93353455694889,
                27.900581799361515
              ]
            ],
            [
              [
                86.93353582553176,
                27.898505492001924
              ],
              [
                86.93353593583589,
                27.898324943511657
              ],
              [
                86.93363754664924,
                27.89832499246984
              ],
              [
                86.9336374915825,
                27.898415266714974
              ],
              [
                86.9337391024767,
                27.89841531560129
              ],
              [
                86.93373904749082,
                27.898505589855407
              ],
              [
                86.93353582553176,
                27.898505492001924
              ]
            ],
            [
              [
                86.93363677567014,
                27.899588831838827
              ],
              [
                86.93363694088829,
                27.899318009139357
              ],
              [
                86.93373855262689,
                27.899318058025678
              ],
              [
                86.93373866259864,
                27.899137509553377
              ],
              [
                86.93394188574348,
                27.899137607101434
              ],
              [
                86.93394205019806,
                27.898866784383998
              ],
              [
                86.93373882755628,
                27.89886668682696
              ],
              [
                86.93373888254216,
                27.89877641259081
              ],
              [
                86.93384049377771,
                27.898776461396277
              ],
              [
                86.93384054867376,
                27.898686187160127
              ],
              [
                86.93404377097417,
                27.89868628455547
              ],
              [
                86.93404371624881,
                27.898776558800602
              ],
              [
                86.93414532748436,
                27.898776607390477
              ],
              [
                86.93414505424379,
                27.899227978589195
              ],
              [
                86.93384021927052,
                27.899227832603977
              ],
              [
                86.93384016436549,
                27.899318106840127
              ],
              [
                86.93404338785169,
                27.899318204244455
              ],
              [
                86.93404333311733,
                27.899408478480606
              ],
              [
                86.9339417212889,
                27.899408429818866
              ],
              [
                86.9339416664737,
                27.89949870404603
              ],
              [
                86.93384005456441,
                27.899498655312428
              ],
              [
                86.93383999965938,
                27.899588929539597
              ],
              [
                86.93363677567014,
                27.899588831838827
              ]
            ],
            [
              [
                86.9338419210929,
                27.896429330672465
              ],
              [
                86.93384197598894,
                27.8963390563914
              ],
              [
                86.93394358495176,
                27.896339105125005
              ],
              [
                86.93394353013656,
                27.896429379397087
              ],
              [
                86.9338419210929,
                27.896429330672465
              ]
            ],
            [
              [
                86.93394363975797,
                27.896248830852922
              ],
              [
                86.93394369456419,
                27.896158556571855
              ],
              [
                86.93414691214845,
                27.896158653814485
              ],
              [
                86.93414685751291,
                27.896248928086568
              ],
              [
                86.9342484663859,
                27.896248976595594
              ],
              [
                86.9342484118312,
                27.896339250876657
              ],
              [
                86.93435002079401,
                27.896339299304834
              ],
              [
                86.9343498573725,
                27.896610122130067
              ],
              [
                86.93414663894382,
                27.896610025192864
              ],
              [
                86.9341468028684,
                27.89633920236763
              ],
              [
                86.93404519390558,
                27.89633915378674
              ],
              [
                86.93404524863095,
                27.896248879505677
              ],
              [
                86.93394363975797,
                27.896248830852922
              ]
            ],
            [
              [
                86.9341445077447,
                27.900130720914767
              ],
              [
                86.9341445623982,
                27.900040446687598
              ],
              [
                86.93424617481055,
                27.900040495205605
              ],
              [
                86.9342462293832,
                27.89995022097844
              ],
              [
                86.9343478417147,
                27.899950269415598
              ],
              [
                86.93434789619752,
                27.899859995188432
              ],
              [
                86.93424628394688,
                27.89985994674229
              ],
              [
                86.93424633851055,
                27.899769672515124
              ],
              [
                86.93414472634973,
                27.899769623997113
              ],
              [
                86.93414478099425,
                27.899679349769947
              ],
              [
                86.93424639307422,
                27.899679398287955
              ],
              [
                86.93424644763789,
                27.899589124051804
              ],
              [
                86.934348059637,
                27.899589172488966
              ],
              [
                86.93434800515418,
                27.899679446725116
              ],
              [
                86.93444961723414,
                27.89967949509041
              ],
              [
                86.93444939964421,
                27.90004059200806
              ],
              [
                86.93434778723187,
                27.900040543642767
              ],
              [
                86.93434773274905,
                27.900130817869933
              ],
              [
                86.9341445077447,
                27.900130720914767
              ]
            ],
            [
              [
                86.93434920368642,
                27.897693413323196
              ],
              [
                86.93434925816027,
                27.897603139060095
              ],
              [
                86.93445086829988,
                27.897603187425393
              ],
              [
                86.93445081390688,
                27.89769346167951
              ],
              [
                86.93434920368642,
                27.897693413323196
              ]
            ],
            [
              [
                86.93444923645626,
                27.90031141468956
              ],
              [
                86.93444929084924,
                27.900221140462396
              ],
              [
                86.9348557411993,
                27.900221333177974
              ],
              [
                86.9348557952599,
                27.900131058950805
              ],
              [
                86.93505902026425,
                27.900131154854947
              ],
              [
                86.93505891248438,
                27.90031170330928
              ],
              [
                86.93465246179298,
                27.900311511195575
              ],
              [
                86.9346522990991,
                27.90058233386809
              ],
              [
                86.93455068617472,
                27.90058228564653
              ],
              [
                86.93455084912013,
                27.90031146298299
              ],
              [
                86.93444923645626,
                27.90031141468956
              ]
            ],
            [
              [
                86.934450161191,
                27.89877675270196
              ],
              [
                86.93445032437894,
                27.898505929966557
              ],
              [
                86.93455193536296,
                27.898505978251006
              ],
              [
                86.93455198966613,
                27.898415703996886
              ],
              [
                86.93465360056929,
                27.89841575220947
              ],
              [
                86.93465338367108,
                27.898776849198985
              ],
              [
                86.934450161191,
                27.89877675270196
              ]
            ],
            [
              [
                86.93445135780983,
                27.896790719030545
              ],
              [
                86.93445157536382,
                27.896429621942215
              ],
              [
                86.93455318440749,
                27.89642967022666
              ],
              [
                86.93455323871065,
                27.896339395945592
              ],
              [
                86.93465484767346,
                27.896339444158176
              ],
              [
                86.9346546850155,
                27.896610266983405
              ],
              [
                86.93455307580118,
                27.896610218770824
              ],
              [
                86.934553021498,
                27.896700493042907
              ],
              [
                86.9346546307932,
                27.89670054125549
              ],
              [
                86.93465457657089,
                27.896790815527574
              ],
              [
                86.93445135780983,
                27.896790719030545
              ]
            ],
            [
              [
                86.93455139225053,
                27.89940872067539
              ],
              [
                86.93455150087482,
                27.899228172203088
              ],
              [
                86.93485633585706,
                27.899228316616252
              ],
              [
                86.93485628179646,
                27.899318590852403
              ],
              [
                86.93505950528264,
                27.899318686756544
              ],
              [
                86.9350594513927,
                27.899408960992695
              ],
              [
                86.93455139225053,
                27.89940872067539
              ]
            ],
            [
              [
                86.9345516094991,
                27.899047623721806
              ],
              [
                86.93455166381123,
                27.89895734947667
              ],
              [
                86.93485649802992,
                27.898957493889835
              ],
              [
                86.93485644396931,
                27.89904776813497
              ],
              [
                86.9345516094991,
                27.899047623721806
              ]
            ],
            [
              [
                86.93455226120886,
                27.897964332735288
              ],
              [
                86.93455231552102,
                27.89787405848117
              ],
              [
                86.93475553631225,
                27.897874154825484
              ],
              [
                86.9347554821708,
                27.897964429088585
              ],
              [
                86.93455226120886,
                27.897964332735288
              ]
            ],
            [
              [
                86.93495929678437,
                27.89697150824236
              ],
              [
                86.93495935075516,
                27.896881233979258
              ],
              [
                86.93506096022102,
                27.89688128188641
              ],
              [
                86.93506101411096,
                27.89679100761433
              ],
              [
                86.93516262348699,
                27.89679105544962
              ],
              [
                86.93516251589577,
                27.896971603993784
              ],
              [
                86.93495929678437,
                27.89697150824236
              ]
            ],
            [
              [
                86.93505880469553,
                27.900492251763616
              ],
              [
                86.93505885858546,
                27.900401977536447
              ],
              [
                86.93516047134815,
                27.90040202538072
              ],
              [
                86.93516041753907,
                27.900492299598902
              ],
              [
                86.93505880469553,
                27.900492251763616
              ]
            ],
            [
              [
                86.93505923583297,
                27.899770057937296
              ],
              [
                86.9350592897229,
                27.899679783701146
              ],
              [
                86.93546573805175,
                27.899679974620092
              ],
              [
                86.93546568450317,
                27.899770248847258
              ],
              [
                86.93505923583297,
                27.899770057937296
              ]
            ],
            [
              [
                86.93506106799191,
                27.896700733342247
              ],
              [
                86.93506112187286,
                27.896610459070164
              ],
              [
                86.93526434030153,
                27.896610554659894
              ],
              [
                86.93526428659126,
                27.896700828931976
              ],
              [
                86.93506106799191,
                27.896700733342247
              ]
            ],
            [
              [
                86.93506139127761,
                27.8961590876828
              ],
              [
                86.93506149903952,
                27.89597853912067
              ],
              [
                86.9352647162914,
                27.895978634710396
              ],
              [
                86.93526477001065,
                27.895888360429332
              ],
              [
                86.93567120417306,
                27.895888550710474
              ],
              [
                86.93567109742625,
                27.89606909927261
              ],
              [
                86.93526466258113,
                27.896068908991463
              ],
              [
                86.93526460887085,
                27.89615918327253
              ],
              [
                86.93506139127761,
                27.8961590876828
              ]
            ],
            [
              [
                86.93526444773106,
                27.896430006106744
              ],
              [
                86.93526450144134,
                27.89633973183466
              ],
              [
                86.93546771936695,
                27.896339827127946
              ],
              [
                86.93546761227879,
                27.896520375681096
              ],
              [
                86.93536600314529,
                27.896520328070384
              ],
              [
                86.93536605677473,
                27.8964300537983
              ],
              [
                86.93526444773106,
                27.896430006106744
              ]
            ],
            [
              [
                86.93536675393027,
                27.895256488090546
              ],
              [
                86.93536686118911,
                27.895075939501464
              ],
              [
                86.93557007675216,
                27.895076034642035
              ],
              [
                86.93557002329341,
                27.895166308941068
              ],
              [
                86.93546841542656,
                27.895166261402224
              ],
              [
                86.93546836188696,
                27.895256535701254
              ],
              [
                86.93536675393027,
                27.895256488090546
              ]
            ],
            [
              [
                86.93546729100531,
                27.897062021313594
              ],
              [
                86.93546734455389,
                27.896971747041512
              ],
              [
                86.93556895410958,
                27.896971794580356
              ],
              [
                86.93556900756832,
                27.896881520308273
              ],
              [
                86.9358738359749,
                27.896881662466665
              ],
              [
                86.93587372956047,
                27.89706221101083
              ],
              [
                86.93546729100531,
                27.897062021313594
              ]
            ],
            [
              [
                86.93556820561531,
                27.898235634245786
              ],
              [
                86.93556825908304,
                27.89814535999167
              ],
              [
                86.9356698697257,
                27.89814540745865
              ],
              [
                86.93566992311258,
                27.898055133204533
              ],
              [
                86.9361779759396,
                27.898055369389585
              ],
              [
                86.93617792298392,
                27.8981456436437
              ],
              [
                86.93607631233228,
                27.898145596562998
              ],
              [
                86.93607610015918,
                27.898506693570482
              ],
              [
                86.93597448916618,
                27.89850664640893
              ],
              [
                86.9359745954279,
                27.898326097900696
              ],
              [
                86.93587298460558,
                27.89832605066728
              ],
              [
                86.93587309102898,
                27.898145502159046
              ],
              [
                86.93577148037734,
                27.89814545484478
              ],
              [
                86.9357714270803,
                27.898235729098896
              ],
              [
                86.93556820561531,
                27.898235634245786
              ]
            ],
            [
              [
                86.93556975600869,
                27.895617680391315
              ],
              [
                86.93556980946742,
                27.895527406101266
              ],
              [
                86.93567141766667,
                27.89552745355926
              ],
              [
                86.93567136429776,
                27.89561772784931
              ],
              [
                86.93556975600869,
                27.895617680391315
              ]
            ],
            [
              [
                86.93567152441348,
                27.895346904979164
              ],
              [
                86.93567157779137,
                27.895256630689115
              ],
              [
                86.93587479369577,
                27.895256725380527
              ],
              [
                86.93587474048856,
                27.895346999670576
              ],
              [
                86.93567152441348,
                27.895346904979164
              ]
            ],
            [
              [
                86.93576993467319,
                27.900763407747036
              ],
              [
                86.93576998797921,
                27.90067313352885
              ],
              [
                86.93597321399865,
                27.90067322808552
              ],
              [
                86.9359731608723,
                27.900763502312685
              ],
              [
                86.9361763870624,
                27.900763596572908
              ],
              [
                86.93617644002708,
                27.900673322354724
              ],
              [
                86.93627805304129,
                27.900673369372548
              ],
              [
                86.93627815879995,
                27.900492820918213
              ],
              [
                86.93658299733055,
                27.90049296152252
              ],
              [
                86.93658278681934,
                27.900854058422205
              ],
              [
                86.93698923954992,
                27.900854244849576
              ],
              [
                86.93698929184086,
                27.90076397062241
              ],
              [
                86.93709090493591,
                27.90076401703836
              ],
              [
                86.93709100935608,
                27.90058346859301
              ],
              [
                86.93719262228046,
                27.900583514937097
              ],
              [
                86.9371925701602,
                27.900673789164262
              ],
              [
                86.93749740920285,
                27.900673927747363
              ],
              [
                86.9374973054654,
                27.900854476192713
              ],
              [
                86.9373956922805,
                27.900854430073206
              ],
              [
                86.93739564033093,
                27.90094470429139
              ],
              [
                86.93709080052473,
                27.900944565483712
              ],
              [
                86.93709064389448,
                27.901215388147246
              ],
              [
                86.93688741685995,
                27.901215295225512
              ],
              [
                86.93688746923172,
                27.90112502100733
              ],
              [
                86.93668424236786,
                27.901124927798136
              ],
              [
                86.93668429491032,
                27.901034653579952
              ],
              [
                86.93658268156373,
                27.901034606858573
              ],
              [
                86.93658262893145,
                27.901124881076758
              ],
              [
                86.93648101549502,
                27.901124834283515
              ],
              [
                86.93648106820817,
                27.90103456006533
              ],
              [
                86.93637945486158,
                27.901034513200223
              ],
              [
                86.93637950765557,
                27.900944238973054
              ],
              [
                86.93607466785835,
                27.900944097919588
              ],
              [
                86.93607472091284,
                27.900853823701407
              ],
              [
                86.93587149455205,
                27.900853729288468
              ],
              [
                86.93587154776824,
                27.900763455070287
              ],
              [
                86.93576993467319,
                27.900763407747036
              ]
            ],
            [
              [
                86.93577259955242,
                27.89624969522087
              ],
              [
                86.93577265284048,
                27.896159420939803
              ],
              [
                86.93597587043374,
                27.896159515487486
              ],
              [
                86.93597597667748,
                27.895978966916374
              ],
              [
                86.93607758530791,
                27.895979014077923
              ],
              [
                86.93607753227138,
                27.89606928835899
              ],
              [
                86.93617914098266,
                27.89606933544868
              ],
              [
                86.93617903507129,
                27.89624988401081
              ],
              [
                86.93607742618933,
                27.896249836930107
              ],
              [
                86.9360773731528,
                27.89634011120219
              ],
              [
                86.93597576418998,
                27.89634006404962
              ],
              [
                86.93597571106362,
                27.896430338321704
              ],
              [
                86.93587410201995,
                27.896430291088286
              ],
              [
                86.93587420843438,
                27.896249742535137
              ],
              [
                86.93577259955242,
                27.89624969522087
              ]
            ],
            [
              [
                86.9359733734047,
                27.900402405413
              ],
              [
                86.9359734796754,
                27.900221856958666
              ],
              [
                86.9360750922674,
                27.900221904129204
              ],
              [
                86.93607498616738,
                27.900402452583535
              ],
              [
                86.9359733734047,
                27.900402405413
              ]
            ],
            [
              [
                86.93597624228236,
                27.895527595484094
              ],
              [
                86.93597629540872,
                27.895437321194045
              ],
              [
                86.93607790352712,
                27.895437368355598
              ],
              [
                86.93607785049059,
                27.895527642645646
              ],
              [
                86.93597624228236,
                27.895527595484094
              ]
            ],
            [
              [
                86.93607716099767,
                27.89670120831747
              ],
              [
                86.9360772140342,
                27.896610934036403
              ],
              [
                86.93648365090952,
                27.89661112192803
              ],
              [
                86.93648359820537,
                27.896701396209096
              ],
              [
                86.93658520750954,
                27.896701442993354
              ],
              [
                86.93658515489521,
                27.896791717265437
              ],
              [
                86.93668676428022,
                27.896791763977834
              ],
              [
                86.93668671174675,
                27.896882038249917
              ],
              [
                86.93678832121262,
                27.896882084890446
              ],
              [
                86.93678826876896,
                27.89697235916253
              ],
              [
                86.93658504965758,
                27.896972265809605
              ],
              [
                86.9365851022719,
                27.89688199153752
              ],
              [
                86.93648349279705,
                27.89688194475326
              ],
              [
                86.9364835455012,
                27.89679167048118
              ],
              [
                86.93617871734615,
                27.896791529670256
              ],
              [
                86.93617877030184,
                27.896701255398174
              ],
              [
                86.93607716099767,
                27.89670120831747
              ]
            ],
            [
              [
                86.93617845255874,
                27.897242901030673
              ],
              [
                86.9361785584791,
                27.897062352486504
              ],
              [
                86.93638177775219,
                27.8970624464413
              ],
              [
                86.93638172496718,
                27.8971527207044
              ],
              [
                86.9362801152408,
                27.897152673767426
              ],
              [
                86.93628006237495,
                27.89724294803951
              ],
              [
                86.93617845255874,
                27.897242901030673
              ]
            ],
            [
              [
                86.93617924688505,
                27.895888786877563
              ],
              [
                86.93617935279642,
                27.895708238306447
              ],
              [
                86.93648417791516,
                27.895708379108385
              ],
              [
                86.93648412521999,
                27.895798653389452
              ],
              [
                86.93638251676025,
                27.895798606533326
              ],
              [
                86.93638241119022,
                27.895979155104442
              ],
              [
                86.93628080255979,
                27.895979108167467
              ],
              [
                86.93628085543463,
                27.895888833886403
              ],
              [
                86.93617924688505,
                27.895888786877563
              ]
            ],
            [
              [
                86.93648259681738,
                27.898416607225958
              ],
              [
                86.93648264952154,
                27.89832633297184
              ],
              [
                86.93658426034386,
                27.898326379765084
              ],
              [
                86.93658420772056,
                27.8984166540192
              ],
              [
                86.93648259681738,
                27.898416607225958
              ]
            ],
            [
              [
                86.93648286034716,
                27.89796523594639
              ],
              [
                86.93648291305132,
                27.89787496168329
              ],
              [
                86.93658452345143,
                27.897875008476532
              ],
              [
                86.93658447082812,
                27.89796528273065
              ],
              [
                86.93648286034716,
                27.89796523594639
              ]
            ],
            [
              [
                86.93668623892748,
                27.897694506662727
              ],
              [
                86.93668629146096,
                27.89760423239963
              ],
              [
                86.93678790160955,
                27.89760427904016
              ],
              [
                86.93678784915691,
                27.897694553303257
              ],
              [
                86.93668623892748,
                27.897694506662727
              ]
            ],
            [
              [
                86.93668713201457,
                27.896159844028336
              ],
              [
                86.93668718453907,
                27.896069569747272
              ],
              [
                86.93689040197062,
                27.896069662938498
              ],
              [
                86.93689034960781,
                27.896159937219565
              ],
              [
                86.93668713201457,
                27.896159844028336
              ]
            ],
            [
              [
                86.93678685252102,
                27.899409764086556
              ],
              [
                86.93678690498264,
                27.899319489841425
              ],
              [
                86.93699012847782,
                27.899319582897906
              ],
              [
                86.93699007618687,
                27.899409857143038
              ],
              [
                86.93678685252102,
                27.899409764086556
              ]
            ],
            [
              [
                86.93698955329552,
                27.900312599495557
              ],
              [
                86.93698960558645,
                27.900222325259406
              ],
              [
                86.93719283077046,
                27.900222418028427
              ],
              [
                86.9371927786502,
                27.900312692255593
              ],
              [
                86.93698955329552,
                27.900312599495557
              ]
            ],
            [
              [
                86.93699101733384,
                27.897784920613855
              ],
              [
                86.93699106961579,
                27.897694646350754
              ],
              [
                86.9370926798542,
                27.897694692766706
              ],
              [
                86.9370926276531,
                27.897784967029807
              ],
              [
                86.93699101733384,
                27.897784920613855
              ]
            ],
            [
              [
                86.9370925232509,
                27.897965515556006
              ],
              [
                86.937092575452,
                27.897875241292905
              ],
              [
                86.9371941858521,
                27.897875287628008
              ],
              [
                86.93719413374085,
                27.89796556189111
              ],
              [
                86.9370925232509,
                27.897965515556006
              ]
            ],
            [
              [
                86.93709367159427,
                27.895979481543232
              ],
              [
                86.93709372378639,
                27.895889207262165
              ],
              [
                86.93729694087658,
                27.89588929985152
              ],
              [
                86.93729683682471,
                27.896069848431623
              ],
              [
                86.93719522811344,
                27.896069802168384
              ],
              [
                86.93719528022471,
                27.895979527878335
              ],
              [
                86.93709367159427,
                27.895979481543232
              ]
            ],
            [
              [
                86.9371922052915,
                27.901305708709515
              ],
              [
                86.93719225742073,
                27.90121543449133
              ],
              [
                86.93739548446425,
                27.901215526954925
              ],
              [
                86.93739538054713,
                27.901396075391293
              ],
              [
                86.93729376685918,
                27.901396029190938
              ],
              [
                86.9372938188986,
                27.901305754972753
              ],
              [
                86.9371922052915,
                27.901305708709515
              ]
            ],
            [
              [
                86.93719444642643,
                27.89742391631251
              ],
              [
                86.93719455065795,
                27.897243367768343
              ],
              [
                86.93729616046518,
                27.897243414031582
              ],
              [
                86.93729605640434,
                27.897423962575747
              ],
              [
                86.93719444642643,
                27.89742391631251
              ]
            ],
            [
              [
                86.93719470699176,
                27.896972544961077
              ],
              [
                86.93719475911202,
                27.896882270688995
              ],
              [
                86.93729636857788,
                27.89688231694325
              ],
              [
                86.9372964206083,
                27.896792042671166
              ],
              [
                86.9373980300023,
                27.896792088853555
              ],
              [
                86.93739792611214,
                27.896972637406705
              ],
              [
                86.93719470699176,
                27.896972544961077
              ]
            ],
            [
              [
                86.93739860136675,
                27.895799071752844
              ],
              [
                86.93739865330734,
                27.895708797462795
              ],
              [
                86.93770347844406,
                27.89570893556979
              ],
              [
                86.93770353013312,
                27.895618661279737
              ],
              [
                86.93790674672024,
                27.89561875297078
              ],
              [
                86.93790664368349,
                27.895799301550877
              ],
              [
                86.93780503521475,
                27.895799255745782
              ],
              [
                86.93780493200731,
                27.895979804316898
              ],
              [
                86.93790654063774,
                27.895979850130978
              ],
              [
                86.93790648911936,
                27.89607012441204
              ],
              [
                86.9378048803991,
                27.896070078606947
              ],
              [
                86.93780482879987,
                27.896160352888014
              ],
              [
                86.93770321999875,
                27.896160307002067
              ],
              [
                86.937703426755,
                27.895799209859838
              ],
              [
                86.93760181829525,
                27.895799163893045
              ],
              [
                86.93760176651635,
                27.895889438183094
              ],
              [
                86.93750015797575,
                27.895889392153418
              ],
              [
                86.93750020982651,
                27.89579911786337
              ],
              [
                86.93739860136675,
                27.895799071752844
              ]
            ],
            [
              [
                86.93759886686242,
                27.90094479645854
              ],
              [
                86.93759891865028,
                27.900854522240355
              ],
              [
                86.93770053183518,
                27.900854568207148
              ],
              [
                86.93770048012816,
                27.900944842434313
              ],
              [
                86.93759886686242,
                27.90094479645854
              ]
            ],
            [
              [
                86.93759954006887,
                27.899771231478415
              ],
              [
                86.93759964362665,
                27.899590682997133
              ],
              [
                86.93780286763386,
                27.899590774858854
              ],
              [
                86.93780276440846,
                27.899771323340136
              ],
              [
                86.93759954006887,
                27.899771231478415
              ]
            ],
            [
              [
                86.93760026500931,
                27.898507392037565
              ],
              [
                86.93760031678819,
                27.89841711778345
              ],
              [
                86.93780353860352,
                27.898417209645167
              ],
              [
                86.93780348698633,
                27.898507483899284
              ],
              [
                86.93800670897232,
                27.89850757545558
              ],
              [
                86.93800660608828,
                27.89868812395483
              ],
              [
                86.9379049949246,
                27.8986880782216
              ],
              [
                86.93790494339723,
                27.89877835246673
              ],
              [
                86.9378033321527,
                27.898778306652652
              ],
              [
                86.93780343537811,
                27.898597758153404
              ],
              [
                86.93770182430426,
                27.898597712258475
              ],
              [
                86.93770187599333,
                27.89850743800436
              ],
              [
                86.93760026500931,
                27.898507392037565
              ]
            ],
            [
              [
                86.93770249632495,
                27.897424146874112
              ],
              [
                86.93770265140111,
                27.897153324066846
              ],
              [
                86.93780426112748,
                27.89715336995279
              ],
              [
                86.93780415791106,
                27.897333918496955
              ],
              [
                86.93800737770518,
                27.897334010044265
              ],
              [
                86.93800732626764,
                27.897424284316347
              ],
              [
                86.93790571628973,
                27.897424238574136
              ],
              [
                86.937905613235,
                27.897604787109316
              ],
              [
                86.93780400308643,
                27.897604741295236
              ],
              [
                86.93780410630285,
                27.897424192760056
              ],
              [
                86.93770249632495,
                27.897424146874112
              ]
            ],
            [
              [
                86.9379044281146,
                27.899681094918066
              ],
              [
                86.93790447964197,
                27.899590820681915
              ],
              [
                86.93810770364918,
                27.899590912085497
              ],
              [
                86.9381076522925,
                27.89968118633063
              ],
              [
                86.9379044281146,
                27.899681094918066
              ]
            ],
            [
              [
                86.93800789208949,
                27.896431267287504
              ],
              [
                86.93800794352703,
                27.89634099300644
              ],
              [
                86.93810955249882,
                27.896341038667803
              ],
              [
                86.93810950114214,
                27.89643131294887
              ],
              [
                86.93800789208949,
                27.896431267287504
              ]
            ],
            [
              [
                86.93810790909389,
                27.899229815113944
              ],
              [
                86.93810801181624,
                27.899049266623678
              ],
              [
                86.9382096233123,
                27.89904931221318
              ],
              [
                86.93820957203646,
                27.899139586467296
              ],
              [
                86.93831118362235,
                27.89913963197595
              ],
              [
                86.93831113242736,
                27.899229906230065
              ],
              [
                86.93810790909389,
                27.899229815113944
              ]
            ],
            [
              [
                86.93820998223417,
                27.89841739245233
              ],
              [
                86.93821008477686,
                27.898236843935113
              ],
              [
                86.9384133062598,
                27.89823693489852
              ],
              [
                86.9384132040495,
                27.898417483406753
              ],
              [
                86.93820998223417,
                27.89841739245233
              ]
            ],
            [
              [
                86.93821028987122,
                27.89787574690068
              ],
              [
                86.93821034114706,
                27.8977854726286
              ],
              [
                86.9384135617856,
                27.89778556358302
              ],
              [
                86.93841351068043,
                27.897875837855103
              ],
              [
                86.93821028987122,
                27.89787574690068
              ]
            ],
            [
              [
                86.93821100766107,
                27.896611907100503
              ],
              [
                86.93821111019477,
                27.896431358538372
              ],
              [
                86.9383127192474,
                27.896431404047025
              ],
              [
                86.93831277043341,
                27.896341129765958
              ],
              [
                86.93841437940522,
                27.896341175202743
              ],
              [
                86.93841422610771,
                27.89661199804594
              ],
              [
                86.93821100766107,
                27.896611907100503
              ]
            ],
            [
              [
                86.93831072289441,
                27.8999521001552
              ],
              [
                86.93831097885138,
                27.899500728956482
              ],
              [
                86.93841259077863,
                27.899500774402252
              ],
              [
                86.9384125396645,
                27.899591048638403
              ],
              [
                86.93851415167259,
                27.899591094012308
              ],
              [
                86.93851410064828,
                27.89968136824846
              ],
              [
                86.93861571273723,
                27.899681413541515
              ],
              [
                86.93861555991583,
                27.899952236258947
              ],
              [
                86.93831072289441,
                27.8999521001552
              ]
            ],
            [
              [
                86.93831230976836,
                27.897153598268602
              ],
              [
                86.93831236095436,
                27.89706332399652
              ],
              [
                86.93851558024542,
                27.89706341479823
              ],
              [
                86.9385155292301,
                27.89715368907031
              ],
              [
                86.93831230976836,
                27.897153598268602
              ]
            ],
            [
              [
                86.93831282161942,
                27.89625085548489
              ],
              [
                86.93831292398245,
                27.896070306913774
              ],
              [
                86.93841453270271,
                27.896070352350563
              ],
              [
                86.93841443050138,
                27.89625090092168
              ],
              [
                86.93831282161942,
                27.89625085548489
              ]
            ],
            [
              [
                86.93841340847013,
                27.898056386372318
              ],
              [
                86.93841345957527,
                27.89796611210922
              ],
              [
                86.93851507006522,
                27.89796615747414
              ],
              [
                86.9385150190409,
                27.898056431737242
              ],
              [
                86.93841340847013,
                27.898056386372318
              ]
            ],
            [
              [
                86.93841483928874,
                27.895528706601286
              ],
              [
                86.93841494149007,
                27.895348158012204
              ],
              [
                86.93871976561168,
                27.895348293864423
              ],
              [
                86.93871966393138,
                27.89552884246249
              ],
              [
                86.93841483928874,
                27.895528706601286
              ]
            ],
            [
              [
                86.93861739361988,
                27.896702362976004
              ],
              [
                86.93861749547985,
                27.896521814413873
              ],
              [
                86.93871910462232,
                27.89652185962608
              ],
              [
                86.93871900293303,
                27.89670240818821
              ],
              [
                86.93861739361988,
                27.896702362976004
              ]
            ],
            [
              [
                86.93892029557136,
                27.900132920161262
              ],
              [
                86.93892034626329,
                27.90004264592511
              ],
              [
                86.9390219586936,
                27.900042690921723
              ],
              [
                86.9390219080915,
                27.900132965157873
              ],
              [
                86.93892029557136,
                27.900132920161262
              ]
            ],
            [
              [
                86.93902388144764,
                27.896612269094614
              ],
              [
                86.93902393204075,
                27.896521994813547
              ],
              [
                86.93922715032569,
                27.89652208456423
              ],
              [
                86.93922704947184,
                27.89670263312636
              ],
              [
                86.93912544016767,
                27.896702588291443
              ],
              [
                86.93912549067096,
                27.896612314010376
              ],
              [
                86.93902388144764,
                27.896612269094614
              ]
            ],
            [
              [
                86.93912352060265,
                27.900133010073638
              ],
              [
                86.9391235711239,
                27.900042735837488
              ],
              [
                86.93922518354523,
                27.900042780681385
              ],
              [
                86.93922513311381,
                27.900133054917536
              ],
              [
                86.93912352060265,
                27.900133010073638
              ]
            ],
            [
              [
                86.93912503606953,
                27.897424782495055
              ],
              [
                86.9391250865818,
                27.897334508222972
              ],
              [
                86.93922669648784,
                27.89733455305789
              ],
              [
                86.93922664605641,
                27.89742482732997
              ],
              [
                86.93912503606953,
                27.897424782495055
              ]
            ],
            [
              [
                86.93932800431739,
                27.89787624343547
              ],
              [
                86.93932805466797,
                27.89778596917237
              ],
              [
                86.93942966498723,
                27.897786013863556
              ],
              [
                86.93942971524797,
                27.897695739591473
              ],
              [
                86.93953132548639,
                27.897695784210793
              ],
              [
                86.93953122513558,
                27.897876332745977
              ],
              [
                86.93932800431739,
                27.89787624343547
              ]
            ],
            [
              [
                86.93963408776025,
                27.895619520275762
              ],
              [
                86.93963413785032,
                27.895529245985713
              ],
              [
                86.93983735427575,
                27.895529334829096
              ],
              [
                86.939837254437,
                27.895709883418178
              ],
              [
                86.93973564605808,
                27.89570983903242
              ],
              [
                86.9397356960583,
                27.89561956474237
              ],
              [
                86.93963408776025,
                27.895619520275762
              ]
            ],
            [
              [
                86.93983740419513,
                27.895439060530062
              ],
              [
                86.93983745410553,
                27.895348786231033
              ],
              [
                86.93993906215205,
                27.895348830544926
              ],
              [
                86.93993901232251,
                27.895439104843955
              ],
              [
                86.93983740419513,
                27.895439060530062
              ]
            ],
            [
              [
                86.9400399737078,
                27.896612714856623
              ],
              [
                86.94004002345649,
                27.896522440575556
              ],
              [
                86.94014163259897,
                27.896522484736735
              ],
              [
                86.94014178160252,
                27.89625166187557
              ],
              [
                86.94004017271158,
                27.89625161771439
              ],
              [
                86.94004027220898,
                27.89607106914328
              ],
              [
                86.9402434896495,
                27.89607115739377
              ],
              [
                86.94024344007148,
                27.89616143168382
              ],
              [
                86.9403450488726,
                27.896161475692285
              ],
              [
                86.94034499937543,
                27.896251749982337
              ],
              [
                86.94024339049346,
                27.896251705964886
              ],
              [
                86.94024334090646,
                27.896341980254935
              ],
              [
                86.94044655885904,
                27.896342068208984
              ],
              [
                86.94044646002638,
                27.8965226167801
              ],
              [
                86.94054806916886,
                27.896522660644834
              ],
              [
                86.94054801984237,
                27.8966129349259
              ],
              [
                86.9400399737078,
                27.896612714856623
              ]
            ],
            [
              [
                86.94014143392756,
                27.896883581861
              ],
              [
                86.94014148359541,
                27.896793307579934
              ],
              [
                86.9403447023924,
                27.896793395686696
              ],
              [
                86.94034465289522,
                27.896883669967764
              ],
              [
                86.94014143392756,
                27.896883581861
              ]
            ],
            [
              [
                86.94034524686128,
                27.895800378523106
              ],
              [
                86.94034529635846,
                27.895710104233057
              ],
              [
                86.94044690474635,
                27.89571014816966
              ],
              [
                86.94044685533002,
                27.89580042246869
              ],
              [
                86.94034524686128,
                27.895800378523106
              ]
            ],
            [
              [
                86.93871930800988,
                27.896160762492833
              ],
              [
                86.93871925716523,
                27.896251036773897
              ],
              [
                86.93861764827429,
                27.896250991570675
              ],
              [
                86.93861769920876,
                27.896160717280626
              ],
              [
                86.93871930800988,
                27.896160762492833
              ]
            ],
            [
              [
                86.92753969571439,
                27.90012740671527
              ],
              [
                86.9277429206828,
                27.90012751340818
              ],
              [
                86.92774280075771,
                27.900308061835563
              ],
              [
                86.92753957545692,
                27.900307955142658
              ],
              [
                86.92753969571439,
                27.90012740671527
              ]
            ],
            [
              [
                86.9370921056421,
                27.898687709597922
              ],
              [
                86.93709236664759,
                27.898236338327337
              ],
              [
                86.93719397738907,
                27.89823638466244
              ],
              [
                86.93719387315754,
                27.898416933179657
              ],
              [
                86.93739709497287,
                27.898417025634267
              ],
              [
                86.9373970430233,
                27.898507299888383
              ],
              [
                86.9374986540163,
                27.898507345998905
              ],
              [
                86.93749860214757,
                27.89859762025302
              ],
              [
                86.93760021322143,
                27.898597666291682
              ],
              [
                86.93760010966363,
                27.898778214799915
              ],
              [
                86.9374984984191,
                27.898778168752273
              ],
              [
                86.93749839469065,
                27.898958717251524
              ],
              [
                86.93770161752107,
                27.898958809256975
              ],
              [
                86.93770151412498,
                27.899139357756223
              ],
              [
                86.93749829096218,
                27.899139265750772
              ],
              [
                86.93749834282193,
                27.899048991496656
              ],
              [
                86.93719350833375,
                27.899048852931525
              ],
              [
                86.93719356045399,
                27.89895857867741
              ],
              [
                86.93729517186023,
                27.89895862494963
              ],
              [
                86.93729522389962,
                27.898868350695512
              ],
              [
                86.937396835225,
                27.898868396886883
              ],
              [
                86.93739688717459,
                27.898778122641748
              ],
              [
                86.93729527593005,
                27.898778076450377
              ],
              [
                86.93729532796047,
                27.89868780219626
              ],
              [
                86.9370921056421,
                27.898687709597922
              ]
            ],
            [
              [
                86.93322999524312,
                27.900130280901973
              ],
              [
                86.93322993983504,
                27.90022055512914
              ],
              [
                86.93333155241805,
                27.900220604320886
              ],
              [
                86.93333144176358,
                27.900401152766236
              ],
              [
                86.93322982900989,
                27.90040110357449
              ],
              [
                86.93322971819372,
                27.90058165201086
              ],
              [
                86.93302649235393,
                27.900581553411772
              ],
              [
                86.933026714669,
                27.900220456521073
              ],
              [
                86.93312832725202,
                27.90022050586553
              ],
              [
                86.93312838274096,
                27.90013023163836
              ],
              [
                86.93322999524312,
                27.900130280901973
              ]
            ],
            [
              [
                86.93434751481776,
                27.90049191476962
              ],
              [
                86.93444912765231,
                27.900491963134915
              ],
              [
                86.93444907325932,
                27.9005822373531
              ],
              [
                86.93434746033493,
                27.9005821889878
              ],
              [
                86.93434751481776,
                27.90049191476962
              ]
            ],
            [
              [
                86.93780229987166,
                27.900583791429558
              ],
              [
                86.93780224825446,
                27.900674065656723
              ],
              [
                86.93770063524025,
                27.900674019761794
              ],
              [
                86.9377006869383,
                27.90058374553463
              ],
              [
                86.93780229987166,
                27.900583791429558
              ]
            ],
            [
              [
                86.93068979788879,
                27.89994847837255
              ],
              [
                86.93068974036966,
                27.900038752590735
              ],
              [
                86.930791352782,
                27.900038803650975
              ],
              [
                86.93079129534371,
                27.900129077878145
              ],
              [
                86.93048645786415,
                27.90012892446386
              ],
              [
                86.93048657324377,
                27.899948376018507
              ],
              [
                86.93068979788879,
                27.89994847837255
              ]
            ],
            [
              [
                86.92753969571439,
                27.90012740671527
              ],
              [
                86.92733647075497,
                27.90012729971694
              ],
              [
                86.92733653104989,
                27.900037025507736
              ],
              [
                86.92713330625216,
                27.900036918212958
              ],
              [
                86.92713342719235,
                27.899856369776593
              ],
              [
                86.92733665164872,
                27.89985647707137
              ],
              [
                86.9273365913538,
                27.899946751289555
              ],
              [
                86.92743820366732,
                27.89994680482016
              ],
              [
                86.92743814345324,
                27.900037079038345
              ],
              [
                86.92753975584762,
                27.900037132497086
              ],
              [
                86.92753969571439,
                27.90012740671527
              ]
            ],
            [
              [
                86.93414434379318,
                27.900401543587282
              ],
              [
                86.93404273103948,
                27.90040149499741
              ],
              [
                86.93404278577384,
                27.900311220779226
              ],
              [
                86.93414439843771,
                27.900311269369098
              ],
              [
                86.93414434379318,
                27.900401543587282
              ]
            ],
            [
              [
                86.93221392651883,
                27.90003951066104
              ],
              [
                86.9324171513435,
                27.900039610463867
              ],
              [
                86.93241720742533,
                27.899949336245683
              ],
              [
                86.93251881975682,
                27.899949386030315
              ],
              [
                86.93251876375585,
                27.900039660257484
              ],
              [
                86.93262037616819,
                27.90003970997025
              ],
              [
                86.93262032025704,
                27.900129984197417
              ],
              [
                86.93272193275023,
                27.90013003382934
              ],
              [
                86.93272187691994,
                27.900220308056504
              ],
              [
                86.93262026433692,
                27.9002202584156
              ],
              [
                86.93262020842577,
                27.900310532633785
              ],
              [
                86.93272182108964,
                27.900310582274688
              ],
              [
                86.93272170942006,
                27.900491130720038
              ],
              [
                86.93262009658552,
                27.900491081079135
              ],
              [
                86.93262004067438,
                27.90058135529732
              ],
              [
                86.93251842775,
                27.900581305584552
              ],
              [
                86.93251848375097,
                27.900491031366368
              ],
              [
                86.93241687091643,
                27.90049098157275
              ],
              [
                86.93241692700722,
                27.900400707354567
              ],
              [
                86.93251853975195,
                27.900400757148184
              ],
              [
                86.93251870775487,
                27.900129934475668
              ],
              [
                86.93241709526168,
                27.900129884691033
              ],
              [
                86.93241703917987,
                27.900220158909217
              ],
              [
                86.93221381401382,
                27.90022005910639
              ],
              [
                86.93221392651883,
                27.90003951066104
              ]
            ],
            [
              [
                86.93322999524312,
                27.900130280901973
              ],
              [
                86.93323005065122,
                27.90004000668379
              ],
              [
                86.93333166307254,
                27.90004005586655
              ],
              [
                86.93333182904527,
                27.89976923318505
              ],
              [
                86.9335350533669,
                27.899769331334976
              ],
              [
                86.93353488789721,
                27.90004015402546
              ],
              [
                86.93343327548487,
                27.90004010498643
              ],
              [
                86.93343322023848,
                27.900130379213596
              ],
              [
                86.93322999524312,
                27.900130280901973
              ]
            ],
            [
              [
                86.93373816771675,
                27.89994997765178
              ],
              [
                86.93373822270264,
                27.89985970342461
              ],
              [
                86.93383983495328,
                27.899859752239063
              ],
              [
                86.9338398898583,
                27.899769478002913
              ],
              [
                86.93394150201912,
                27.8997695267455
              ],
              [
                86.93394144720392,
                27.899859800972667
              ],
              [
                86.93404305944559,
                27.89985984964339
              ],
              [
                86.93404300471123,
                27.899950123870557
              ],
              [
                86.93373816771675,
                27.89994997765178
              ]
            ],
            [
              [
                86.93373816771675,
                27.89994997765178
              ],
              [
                86.93373811273088,
                27.900040251878945
              ],
              [
                86.93363650031854,
                27.900040202992628
              ],
              [
                86.93363655538526,
                27.899949928765462
              ],
              [
                86.93373816771675,
                27.89994997765178
              ]
            ],
            [
              [
                86.93922740244686,
                27.89607071314093
              ],
              [
                86.9392274528693,
                27.89598043885088
              ],
              [
                86.93932906150872,
                27.895980483613933
              ],
              [
                86.9393291118503,
                27.895890209323884
              ],
              [
                86.93973554605763,
                27.8958903876215
              ],
              [
                86.93973549604841,
                27.89598066191155
              ],
              [
                86.93953227877857,
                27.895980572915455
              ],
              [
                86.93953222860766,
                27.896070847205504
              ],
              [
                86.93922740244686,
                27.89607071314093
              ]
            ],
            [
              [
                86.93252010768941,
                27.897873078526995
              ],
              [
                86.93262171807156,
                27.897873128230778
              ],
              [
                86.9326217739827,
                27.897782853985646
              ],
              [
                86.93282499459428,
                27.897782953177618
              ],
              [
                86.93282493885383,
                27.897873227431734
              ],
              [
                86.93272332846269,
                27.89787317787168
              ],
              [
                86.93272327264138,
                27.897963452125797
              ],
              [
                86.93252005168844,
                27.89796335278111
              ],
              [
                86.93252010768941,
                27.897873078526995
              ]
            ],
            [
              [
                86.93688877858914,
                27.89886816518442
              ],
              [
                86.93688872621735,
                27.898958439438537
              ],
              [
                86.9366855033959,
                27.898958346229342
              ],
              [
                86.93668555592939,
                27.89886807198421
              ],
              [
                86.93688877858914,
                27.89886816518442
              ]
            ],
            [
              [
                86.93831205383833,
                27.897604969620033
              ],
              [
                86.93831200265232,
                27.897695243883135
              ],
              [
                86.93821039241391,
                27.897695198365497
              ],
              [
                86.93821044368974,
                27.8976049241024
              ],
              [
                86.93831205383833,
                27.897604969620033
              ]
            ],
            [
              [
                86.9385146618977,
                27.898688351543008
              ],
              [
                86.9385146108734,
                27.89877862578814
              ],
              [
                86.93841299962887,
                27.89877858042322
              ],
              [
                86.93841305073403,
                27.898688306169102
              ],
              [
                86.9385146618977,
                27.898688351543008
              ]
            ],
            [
              [
                86.93831205383833,
                27.897604969620033
              ],
              [
                86.93831215621034,
                27.89742442107587
              ],
              [
                86.93841376619723,
                27.897424466521638
              ],
              [
                86.93841366398692,
                27.897605015056822
              ],
              [
                86.93831205383833,
                27.897604969620033
              ]
            ],
            [
              [
                86.93780229987166,
                27.900583791429558
              ],
              [
                86.93780235148886,
                27.90049351720239
              ],
              [
                86.93770073863634,
                27.90049347130746
              ],
              [
                86.93770084204141,
                27.900312922844144
              ],
              [
                86.93800568007794,
                27.90031306030435
              ],
              [
                86.93800573152446,
                27.900222786077183
              ],
              [
                86.93810734411646,
                27.900222831738546
              ],
              [
                86.9381074468478,
                27.90004228327523
              ],
              [
                86.93841228412074,
                27.900042419828136
              ],
              [
                86.93841218190144,
                27.900222968300437
              ],
              [
                86.93820895671745,
                27.900222877337033
              ],
              [
                86.93820870032029,
                27.90067424848185
              ],
              [
                86.93790386126868,
                27.900674111470803
              ],
              [
                86.93790391280503,
                27.900583837243637
              ],
              [
                86.93780229987166,
                27.900583791429558
              ]
            ],
            [
              [
                86.93221392651883,
                27.90003951066104
              ],
              [
                86.93211231410649,
                27.900039460651826
              ],
              [
                86.93211237044882,
                27.89994918642466
              ],
              [
                86.93190914579482,
                27.899949086172672
              ],
              [
                86.93190920229885,
                27.899858811945506
              ],
              [
                86.93180759005719,
                27.899858761711716
              ],
              [
                86.93180764664207,
                27.89976848748455
              ],
              [
                86.93160442232943,
                27.899768386783407
              ],
              [
                86.93160453584055,
                27.899587838329072
              ],
              [
                86.93170614783068,
                27.899587888715576
              ],
              [
                86.93170620450539,
                27.899497614488407
              ],
              [
                86.9314013687955,
                27.899497463104318
              ],
              [
                86.93140148264798,
                27.899316914641
              ],
              [
                86.93170631785482,
                27.89931706602509
              ],
              [
                86.93170626118011,
                27.899407340252257
              ],
              [
                86.93180787299956,
                27.899407390566896
              ],
              [
                86.93180775982081,
                27.899587939030216
              ],
              [
                86.93190937181095,
                27.899587989264006
              ],
              [
                86.93190925880289,
                27.89976853771834
              ],
              [
                86.93211248311552,
                27.899768637970325
              ],
              [
                86.93211242678217,
                27.89985891219749
              ],
              [
                86.93221403902383,
                27.89985896221569
              ],
              [
                86.93221392651883,
                27.90003951066104
              ]
            ],
            [
              [
                86.93068979788879,
                27.89994847837255
              ],
              [
                86.9306898554079,
                27.899858204145385
              ],
              [
                86.93058824316626,
                27.89985815301328
              ],
              [
                86.93058830076623,
                27.89976787878611
              ],
              [
                86.93068991291806,
                27.8997679299272
              ],
              [
                86.93068997043719,
                27.899677655700035
              ],
              [
                86.93048674629522,
                27.899677553354973
              ],
              [
                86.9304866886144,
                27.899767827573157
              ],
              [
                86.93038507646257,
                27.89976777628834
              ],
              [
                86.93038524976555,
                27.89949695361582
              ],
              [
                86.93048686166586,
                27.89949700490064
              ],
              [
                86.93048691935566,
                27.899406730673473
              ],
              [
                86.93058853117512,
                27.899406781877445
              ],
              [
                86.93058864637507,
                27.89922623342311
              ],
              [
                86.9307918696726,
                27.899226335615456
              ],
              [
                86.93079192710191,
                27.899136061379306
              ],
              [
                86.93058870397505,
                27.89913595918696
              ],
              [
                86.93058876156603,
                27.89904568495081
              ],
              [
                86.93038553860985,
                27.89904558246202
              ],
              [
                86.9303855963805,
                27.89895530822587
              ],
              [
                86.93048720777774,
                27.898955359510687
              ],
              [
                86.93048726545857,
                27.898865085274537
              ],
              [
                86.93089371070619,
                27.89886528965923
              ],
              [
                86.93089365335774,
                27.898955563904362
              ],
              [
                86.93099526475498,
                27.898955614811893
              ],
              [
                86.93099520749637,
                27.89904588904804
              ],
              [
                86.9308935960093,
                27.89904583813153
              ],
              [
                86.93089330927604,
                27.899497209294317
              ],
              [
                86.93079169737574,
                27.89949715830594
              ],
              [
                86.93079158250816,
                27.899677706760276
              ],
              [
                86.93089319457914,
                27.899677757748652
              ],
              [
                86.93089307988225,
                27.899858306194
              ],
              [
                86.93079146764059,
                27.89985825521461
              ],
              [
                86.93079141021128,
                27.899948529432795
              ],
              [
                86.93068979788879,
                27.89994847837255
              ]
            ],
            [
              [
                86.93922740244686,
                27.89607071314093
              ],
              [
                86.93922735202443,
                27.89616098743098
              ],
              [
                86.93912574322331,
                27.89616094258708
              ],
              [
                86.9391257937266,
                27.896070668306013
              ],
              [
                86.93922740244686,
                27.89607071314093
              ]
            ],
            [
              [
                86.93536466233788,
                27.898777184593982
              ],
              [
                86.93536455507004,
                27.89895773308425
              ],
              [
                86.9351613322486,
                27.898957637638247
              ],
              [
                86.9351614398578,
                27.89877708914798
              ],
              [
                86.93536466233788,
                27.898777184593982
              ]
            ],
            [
              [
                86.93871930800988,
                27.896160762492833
              ],
              [
                86.93871935885453,
                27.896070488202785
              ],
              [
                86.93882096757478,
                27.896070533343128
              ],
              [
                86.938820916811,
                27.896160807633176
              ],
              [
                86.93871930800988,
                27.896160762492833
              ]
            ],
            [
              [
                86.93252010768941,
                27.897873078526995
              ],
              [
                86.93241849729829,
                27.89787302874236
              ],
              [
                86.93241855337112,
                27.897782754488244
              ],
              [
                86.9325201636814,
                27.89778280427288
              ],
              [
                86.93252010768941,
                27.897873078526995
              ]
            ],
            [
              [
                86.93414631109468,
                27.89715167079841
              ],
              [
                86.93414620180563,
                27.897332219333595
              ],
              [
                86.9338413721504,
                27.897332073348377
              ],
              [
                86.9338414819425,
                27.897151524822178
              ],
              [
                86.93373987222509,
                27.89715147601671
              ],
              [
                86.93373992720198,
                27.89706120175361
              ],
              [
                86.93404475610265,
                27.897061347954423
              ],
              [
                86.93404481082801,
                27.89697107368234
              ],
              [
                86.9339432012813,
                27.896971025029583
              ],
              [
                86.93394325608752,
                27.8968807507575
              ],
              [
                86.93384164662164,
                27.896880702023896
              ],
              [
                86.93384181130979,
                27.89660987921663
              ],
              [
                86.93394342052413,
                27.896609927950234
              ],
              [
                86.93394336570893,
                27.89670020222232
              ],
              [
                86.93424819360347,
                27.896700347973972
              ],
              [
                86.93424813904878,
                27.896790622237074
              ],
              [
                86.93434974842482,
                27.896790670674232
              ],
              [
                86.93434969395098,
                27.896880944946314
              ],
              [
                86.9342480844851,
                27.896880896509156
              ],
              [
                86.93424802993043,
                27.89697117078124
              ],
              [
                86.93434963947713,
                27.896971219209416
              ],
              [
                86.9343495850033,
                27.897061493481498
              ],
              [
                86.93445119463985,
                27.89706154183781
              ],
              [
                86.93445108586285,
                27.89724209037299
              ],
              [
                86.93424786625738,
                27.89724199357952
              ],
              [
                86.93424792081207,
                27.897151719316422
              ],
              [
                86.93414631109468,
                27.89715167079841
              ]
            ],
            [
              [
                86.93434751481776,
                27.90049191476962
              ],
              [
                86.93414428913968,
                27.90049181781445
              ],
              [
                86.93414434379318,
                27.900401543587282
              ],
              [
                86.93424595654689,
                27.900401592105293
              ],
              [
                86.93424601111056,
                27.900311317878124
              ],
              [
                86.93434762378341,
                27.900311366324267
              ],
              [
                86.93434751481776,
                27.90049191476962
              ]
            ],
            [
              [
                86.93577068090369,
                27.899499568539746
              ],
              [
                86.93546584515788,
                27.89949942614779
              ],
              [
                86.9354657916093,
                27.89958970038394
              ],
              [
                86.93536417961019,
                27.89958965276425
              ],
              [
                86.935364286887,
                27.899409104291948
              ],
              [
                86.93526267504957,
                27.89940905660039
              ],
              [
                86.93526272877781,
                27.89931878236424
              ],
              [
                86.93516111703023,
                27.899318734600815
              ],
              [
                86.93516117083931,
                27.899228460355683
              ],
              [
                86.93526278249706,
                27.89922850812809
              ],
              [
                86.93526283621632,
                27.899138233882955
              ],
              [
                86.93536444779323,
                27.899138281574515
              ],
              [
                86.93536450143164,
                27.89904800732938
              ],
              [
                86.93566933591083,
                27.899048149945916
              ],
              [
                86.93566917575917,
                27.899318972672333
              ],
              [
                86.93577078750677,
                27.899319020067445
              ],
              [
                86.93577068090369,
                27.899499568539746
              ]
            ],
            [
              [
                86.93526337341784,
                27.898235491413654
              ],
              [
                86.93526321226008,
                27.898506314167022
              ],
              [
                86.9353648232441,
                27.898506361849595
              ],
              [
                86.9353647696057,
                27.89859663610371
              ],
              [
                86.9355679917534,
                27.898596731253267
              ],
              [
                86.93556793828567,
                27.898687005498402
              ],
              [
                86.93577116059507,
                27.898687100351513
              ],
              [
                86.93577132048621,
                27.89841627760713
              ],
              [
                86.93587293138938,
                27.898416324921396
              ],
              [
                86.93587271854256,
                27.898777421919895
              ],
              [
                86.93607594102264,
                27.898777516323847
              ],
              [
                86.93607599406815,
                27.89868724206973
              ],
              [
                86.93617760522285,
                27.89868728915942
              ],
              [
                86.93617749930249,
                27.89886783765867
              ],
              [
                86.93627911062788,
                27.898867884667506
              ],
              [
                86.9362791635027,
                27.898777610422375
              ],
              [
                86.93638077474724,
                27.89877765736833
              ],
              [
                86.93638082754123,
                27.898687383114215
              ],
              [
                86.93627921637754,
                27.89868733617724
              ],
              [
                86.93627926925238,
                27.898597061923123
              ],
              [
                86.93638088032624,
                27.89859710886908
              ],
              [
                86.93638093312022,
                27.898506834614963
              ],
              [
                86.93658415509725,
                27.898506928264332
              ],
              [
                86.93658410247394,
                27.89859720251845
              ],
              [
                86.93668571354779,
                27.898597249230843
              ],
              [
                86.93668560847185,
                27.898777797730094
              ],
              [
                86.93648238598279,
                27.898777704224457
              ],
              [
                86.93648222786133,
                27.89904852696884
              ],
              [
                86.9365838393574,
                27.899048573762084
              ],
              [
                86.93658368147848,
                27.8993193964885
              ],
              [
                86.93668529323504,
                27.899319443200895
              ],
              [
                86.93668513560766,
                27.899590265927312
              ],
              [
                86.93709158361311,
                27.89959045204027
              ],
              [
                86.93709132258964,
                27.900041823221024
              ],
              [
                86.93698971016832,
                27.90004177680507
              ],
              [
                86.93698965787738,
                27.90013205103224
              ],
              [
                86.93688804536623,
                27.90013200453544
              ],
              [
                86.93688794062267,
                27.90031255299876
              ],
              [
                86.93658310259512,
                27.900312413068185
              ],
              [
                86.93658326047404,
                27.9000415903777
              ],
              [
                86.93668487289536,
                27.90004163709908
              ],
              [
                86.93668492543782,
                27.89995136286293
              ],
              [
                86.93648170076585,
                27.89995126935729
              ],
              [
                86.93648159533957,
                27.900131817820608
              ],
              [
                86.93637998282841,
                27.9001317709555
              ],
              [
                86.93637993003443,
                27.90022204518267
              ],
              [
                86.93627831744243,
                27.90022199823671
              ],
              [
                86.93627837032625,
                27.900131724009544
              ],
              [
                86.93597353281075,
                27.9001315827315
              ],
              [
                86.93597363907246,
                27.89995103426818
              ],
              [
                86.93607525141294,
                27.89995108143872
              ],
              [
                86.93607530445846,
                27.89986080720257
              ],
              [
                86.9361769167091,
                27.899860854301238
              ],
              [
                86.93617686374444,
                27.899951128528404
              ],
              [
                86.93627847608491,
                27.899951175546228
              ],
              [
                86.93627852896873,
                27.899860901310078
              ],
              [
                86.93638014121937,
                27.899860948256034
              ],
              [
                86.93638019401335,
                27.899770674019884
              ],
              [
                86.93648180618315,
                27.89977072088499
              ],
              [
                86.9364818588963,
                27.89968044664884
              ],
              [
                86.93607541055847,
                27.89968025873925
              ],
              [
                86.93607535750398,
                27.8997705329754
              ],
              [
                86.93587213317336,
                27.899770438562463
              ],
              [
                86.93587197351579,
                27.900041261261933
              ],
              [
                86.9355671362608,
                27.90004111908557
              ],
              [
                86.93556702931637,
                27.900221667539906
              ],
              [
                86.93536380414135,
                27.90022157238137
              ],
              [
                86.93536391141815,
                27.900041023927034
              ],
              [
                86.93526229899683,
                27.900040976235474
              ],
              [
                86.9352623527161,
                27.899950702008308
              ],
              [
                86.93536396505657,
                27.899950749699865
              ],
              [
                86.93536401869497,
                27.899860475463715
              ],
              [
                86.9356688554469,
                27.899860618089235
              ],
              [
                86.93566890883378,
                27.899770343853085
              ],
              [
                86.93577052100358,
                27.899770391248197
              ],
              [
                86.93577068090369,
                27.899499568539746
              ],
              [
                86.93627874048605,
                27.899499804365476
              ],
              [
                86.93627895199438,
                27.89913870740291
              ],
              [
                86.93597411725467,
                27.899138566133846
              ],
              [
                86.93597422351638,
                27.898958017652564
              ],
              [
                86.93587261211016,
                27.898957970410162
              ],
              [
                86.93587266532636,
                27.898867696165027
              ],
              [
                86.9356694426756,
                27.89886760145565
              ],
              [
                86.93566938928872,
                27.89895787570078
              ],
              [
                86.9355677778825,
                27.898957828242786
              ],
              [
                86.93556783135023,
                27.89886755399765
              ],
              [
                86.93546622002484,
                27.898867506458807
              ],
              [
                86.93546627357341,
                27.898777232213675
              ],
              [
                86.93536466233788,
                27.898777184593982
              ],
              [
                86.93536471597628,
                27.898686910348847
              ],
              [
                86.93485666020278,
                27.898686671154437
              ],
              [
                86.93485676831503,
                27.89850612266417
              ],
              [
                86.93495837929905,
                27.898506170652173
              ],
              [
                86.93495843326983,
                27.898415896398056
              ],
              [
                86.93516165507617,
                27.89841599214948
              ],
              [
                86.93516176267637,
                27.898235443650233
              ],
              [
                86.93526337341784,
                27.898235491413654
              ]
            ],
            [
              [
                86.93506047526552,
                27.897693750272275
              ],
              [
                86.93465403435677,
                27.897693558176535
              ],
              [
                86.93465408857908,
                27.897603283913437
              ],
              [
                86.93455247843947,
                27.897603235709838
              ],
              [
                86.93455258705477,
                27.89742268718364
              ],
              [
                86.93434936710794,
                27.89742259054288
              ],
              [
                86.93434942158179,
                27.89733231627978
              ],
              [
                86.93455264135794,
                27.897332412920537
              ],
              [
                86.93455274997324,
                27.89715186439434
              ],
              [
                86.93465435969063,
                27.897151912597938
              ],
              [
                86.934654251246,
                27.89733246113312
              ],
              [
                86.93475586113408,
                27.897332509264853
              ],
              [
                86.93475591527555,
                27.897242235001755
              ],
              [
                86.93506074468824,
                27.89724237895678
              ],
              [
                86.93506069080729,
                27.897332653219877
              ],
              [
                86.93526391058343,
                27.89733274881859
              ],
              [
                86.93526396430269,
                27.89724247455549
              ],
              [
                86.93536557410992,
                27.897242522238066
              ],
              [
                86.93536541321266,
                27.897513345036348
              ],
              [
                86.93546702327141,
                27.89751339264706
              ],
              [
                86.93546696972285,
                27.897603666910157
              ],
              [
                86.93556857986245,
                27.89760371444002
              ],
              [
                86.9355685264037,
                27.897693988703118
              ],
              [
                86.93577174686257,
                27.89769408355623
              ],
              [
                86.93577180015063,
                27.89760380929313
              ],
              [
                86.93587341029922,
                27.897603856607397
              ],
              [
                86.93587351672264,
                27.897423308072213
              ],
              [
                86.93627995662527,
                27.897423496574692
              ],
              [
                86.93628000950011,
                27.89733322230261
              ],
              [
                86.93648322928524,
                27.897333316104692
              ],
              [
                86.9364832819894,
                27.89724304184159
              ],
              [
                86.93699133103452,
                27.897243275026273
              ],
              [
                86.93699127875257,
                27.897333549289375
              ],
              [
                86.93668644907038,
                27.897333409601348
              ],
              [
                86.9366863965369,
                27.89742368387343
              ],
              [
                86.93648317658109,
                27.89742359036779
              ],
              [
                86.93648312387693,
                27.897513864639876
              ],
              [
                86.9363815138092,
                27.897513817774765
              ],
              [
                86.93638146102418,
                27.897604092037867
              ],
              [
                86.936178240736,
                27.897603998092052
              ],
              [
                86.93617818777133,
                27.897694272355153
              ],
              [
                86.93627979800077,
                27.897694319363993
              ],
              [
                86.93627974513491,
                27.89778459362709
              ],
              [
                86.93607652450535,
                27.897784499528566
              ],
              [
                86.93607647145984,
                27.897874773782682
              ],
              [
                86.93577164026848,
                27.897874632073446
              ],
              [
                86.93577169356553,
                27.897784357810348
              ],
              [
                86.93567008325525,
                27.897784310424214
              ],
              [
                86.93567002986836,
                27.897874584687315
              ],
              [
                86.93556841947724,
                27.897874537220336
              ],
              [
                86.93556831254179,
                27.898055085737553
              ],
              [
                86.93546670197998,
                27.898055038198706
              ],
              [
                86.93546659488283,
                27.89823558670694
              ],
              [
                86.93526337341784,
                27.898235491413654
              ],
              [
                86.93526342712812,
                27.898145217159538
              ],
              [
                86.93516181648546,
                27.898145169396116
              ],
              [
                86.93516192408566,
                27.8979646208789
              ],
              [
                86.9350603136047,
                27.89796457304361
              ],
              [
                86.93506047526552,
                27.897693750272275
              ]
            ],
            [
              [
                86.93699044219646,
                27.898777937427106
              ],
              [
                86.93699049448739,
                27.89868766318197
              ],
              [
                86.9370921056421,
                27.898687709597922
              ],
              [
                86.93709205344099,
                27.898777983843054
              ],
              [
                86.93699044219646,
                27.898777937427106
              ]
            ],
            [
              [
                86.93688877858914,
                27.89886816518442
              ],
              [
                86.93688883096091,
                27.89877789093929
              ],
              [
                86.93699044219646,
                27.898777937427106
              ],
              [
                86.93699038991451,
                27.898868211681222
              ],
              [
                86.93688877858914,
                27.89886816518442
              ]
            ],
            [
              [
                86.93963243479725,
                27.89859857137128
              ],
              [
                86.93973404588009,
                27.898598615837887
              ],
              [
                86.93973399587087,
                27.898688890092004
              ],
              [
                86.93983560703455,
                27.898688934486742
              ],
              [
                86.93983555710619,
                27.89877920874086
              ],
              [
                86.9399371683597,
                27.89877925305475
              ],
              [
                86.93993711851219,
                27.89886952730887
              ],
              [
                86.93973389584346,
                27.898869438600236
              ],
              [
                86.93973384583425,
                27.898959712854353
              ],
              [
                86.93963223441905,
                27.898959668387747
              ],
              [
                86.93963218432,
                27.899049942632878
              ],
              [
                86.9394289613189,
                27.899049853475088
              ],
              [
                86.93942906184937,
                27.898869304975836
              ],
              [
                86.93963228451808,
                27.89886939413363
              ],
              [
                86.93963243479725,
                27.89859857137128
              ]
            ],
            [
              [
                86.93892130928423,
                27.898327435231643
              ],
              [
                86.93892146133307,
                27.898056612451327
              ],
              [
                86.93922629305443,
                27.89805674719862
              ],
              [
                86.9392261921916,
                27.89823729572482
              ],
              [
                86.93932780294206,
                27.89823734048787
              ],
              [
                86.93932775259148,
                27.89832761475097
              ],
              [
                86.93953097424512,
                27.89832770405249
              ],
              [
                86.93953087389431,
                27.89850825256971
              ],
              [
                86.93963248488731,
                27.898508297117164
              ],
              [
                86.93963243479725,
                27.89859857137128
              ],
              [
                86.93942921263158,
                27.898598482213487
              ],
              [
                86.93942926289232,
                27.89850820795039
              ],
              [
                86.93922604090632,
                27.898508118496153
              ],
              [
                86.93922609133774,
                27.898417844242037
              ],
              [
                86.93912448042559,
                27.898417799398135
              ],
              [
                86.93912453093786,
                27.898327525135038
              ],
              [
                86.93892130928423,
                27.898327435231643
              ]
            ],
            [
              [
                86.9385146618977,
                27.898688351543008
              ],
              [
                86.93851491700129,
                27.89823698026344
              ],
              [
                86.93871813848423,
                27.898237070768705
              ],
              [
                86.9387180876306,
                27.89832734502282
              ],
              [
                86.93892130928423,
                27.898327435231643
              ],
              [
                86.93892125860128,
                27.89841770948576
              ],
              [
                86.93902286951344,
                27.89841775448237
              ],
              [
                86.93902281891133,
                27.898508028736487
              ],
              [
                86.93912442991332,
                27.898508073652252
              ],
              [
                86.93912437939207,
                27.89859834790637
              ],
              [
                86.93932760155774,
                27.898598437522303
              ],
              [
                86.93932755120716,
                27.89868871177642
              ],
              [
                86.93922594004349,
                27.898688667004386
              ],
              [
                86.93922588961206,
                27.898778941258502
              ],
              [
                86.93892105586949,
                27.89877880651121
              ],
              [
                86.93892110655243,
                27.898688532257093
              ],
              [
                86.93881949538876,
                27.898688487188615
              ],
              [
                86.93881964768913,
                27.898417664426265
              ],
              [
                86.93871803678596,
                27.898417619285922
              ],
              [
                86.9387179350787,
                27.898598167794155
              ],
              [
                86.93861632399586,
                27.898598122572963
              ],
              [
                86.93861627306138,
                27.89868839682708
              ],
              [
                86.9385146618977,
                27.898688351543008
              ]
            ]
          ],
          [
            [
              [
                86.93506047526552,
                27.897693750272275
              ],
              [
                86.93506052914647,
                27.897603476009177
              ],
              [
                86.93495891900686,
                27.897603428102023
              ],
              [
                86.93495897297765,
                27.897513153838922
              ],
              [
                86.93485736291889,
                27.89751310585092
              ],
              [
                86.93485741697053,
                27.89742283158782
              ],
              [
                86.93506063691736,
                27.897422927482978
              ],
              [
                86.9350605830364,
                27.897513201746076
              ],
              [
                86.93516219309515,
                27.897513249581365
              ],
              [
                86.93516208549495,
                27.897693798107564
              ],
              [
                86.93506047526552,
                27.897693750272275
              ]
            ]
          ],
          [
            [
              [
                86.935364286887,
                27.899409104291948
              ],
              [
                86.93536439415483,
                27.899228555810662
              ],
              [
                86.93556761747932,
                27.899228650969203
              ],
              [
                86.93556756401159,
                27.899318925205353
              ],
              [
                86.93546595226401,
                27.899318877666506
              ],
              [
                86.93546589871544,
                27.899409151902656
              ],
              [
                86.935364286887,
                27.899409104291948
              ]
            ]
          ],
          [
            [
              [
                86.93414631109468,
                27.89715167079841
              ],
              [
                86.93404470137727,
                27.89715162221752
              ],
              [
                86.93404475610265,
                27.897061347954423
              ],
              [
                86.9341463657392,
                27.897061396535314
              ],
              [
                86.93414631109468,
                27.89715167079841
              ]
            ]
          ],
          [
            [
              [
                86.92682871194654,
                27.8996756598411
              ],
              [
                86.92693032400854,
                27.899675713749
              ],
              [
                86.92693026337226,
                27.899765987967186
              ],
              [
                86.9268286512294,
                27.899765934059285
              ],
              [
                86.92682871194654,
                27.8996756598411
              ]
            ]
          ],
          [
            [
              [
                86.93048749619085,
                27.898503988320954
              ],
              [
                86.93058910716589,
                27.898504039524923
              ],
              [
                86.93058904956591,
                27.898594313770058
              ],
              [
                86.93048743850105,
                27.898594262557104
              ],
              [
                86.93048749619085,
                27.898503988320954
              ]
            ]
          ],
          [
            [
              [
                86.93496026816862,
                27.89534657121012
              ],
              [
                86.93496021420682,
                27.895436845500168
              ],
              [
                86.93485860608844,
                27.895436797512165
              ],
              [
                86.93485866013108,
                27.895346523222116
              ],
              [
                86.93496026816862,
                27.89534657121012
              ]
            ]
          ],
          [
            [
              [
                86.93729735707504,
                27.895167105513163
              ],
              [
                86.93750057281774,
                27.895167197806074
              ],
              [
                86.93750052096699,
                27.895257472105108
              ],
              [
                86.93729730505359,
                27.895257379812197
              ],
              [
                86.93729735707504,
                27.895167105513163
              ]
            ]
          ]
        ]
      },
      "id": "+7162+4702",
      "properties": {
        "area_m2": 1097871.9230952766,
        "count": 10953,
        "image_id": "COPERNICUS/S1_GRD/S1A_IW_GRDH_1SDV_20211005T121358_20211005T121423_039984_04BB88_68F7",
        "lake_id": "imja-tsho",
        "observed_at": "2021-10-05T12:13:58Z",
        "water": 1
      }
    }
  ]
}
