{
  "type": "FeatureCollection",
  "features": [
    {
      "type": "Feature",
      "geometry": {
        "geodesic": false,
        "type": "MultiPolygon",
        "coordinates": [
          [
            [
              [
                86.92010798299181,
                27.901172479794308
              ],
              [
                86.92010791668716,
                27.90126275397656
              ],
              [
                86.9200063031609,
                27.901262695038092
              ],
              [
                86.9200063695464,
                27.90117242085584
              ],
              [
                86.92010798299181,
                27.901172479794308
              ]
            ]
          ],
          [
            [
              [
                86.92081940851519,
                27.900992341914975
              ],
              [
                86.92092102179889,
                27.900992400251567
              ],
              [
                86.92092095616798,
                27.901082674442804
              ],
              [
                86.92081934280343,
                27.901082616097224
              ],
              [
                86.92081940851519,
                27.900992341914975
              ]
            ]
          ],
          [
            [
              [
                86.92681526040279,
                27.900002639579697
              ],
              [
                86.92691687277022,
                27.900002693505563
              ],
              [
                86.92691681211596,
                27.900092967714762
              ],
              [
                86.9268151996677,
                27.90009291379788
              ],
              [
                86.92681526040279,
                27.900002639579697
              ]
            ]
          ],
          [
            [
              [
                86.9296602900085,
                27.900184669427798
              ],
              [
                86.9299651276318,
                27.900184824674646
              ],
              [
                86.92996506951978,
                27.90027509889283
              ],
              [
                86.92986345689185,
                27.90027504721275
              ],
              [
                86.92986339868102,
                27.900365321430936
              ],
              [
                86.92976178597223,
                27.900365269687978
              ],
              [
                86.92976184426391,
                27.900274995469793
              ],
              [
                86.92966023163598,
                27.900274943645982
              ],
              [
                86.9296602900085,
                27.900184669427798
              ]
            ]
          ],
          [
            [
              [
                86.9296610488334,
                27.89901110451056
              ],
              [
                86.92966093208834,
                27.899191652973876
              ],
              [
                86.9295593204755,
                27.899191601078204
              ],
              [
                86.92955943738225,
                27.899011052614885
              ],
              [
                86.9296610488334,
                27.89901110451056
              ]
            ]
          ],
          [
            [
              [
                86.93006726248635,
                27.899372408256323
              ],
              [
                86.93006737854869,
                27.899191859801988
              ],
              [
                86.9301689901705,
                27.89919191132037
              ],
              [
                86.93016887426987,
                27.899372459774703
              ],
              [
                86.93006726248635,
                27.899372408256323
              ]
            ]
          ],
          [
            [
              [
                86.93087946844737,
                27.900456109000373
              ],
              [
                86.93087941108993,
                27.900546383218558
              ],
              [
                86.93037134667465,
                27.900546127477178
              ],
              [
                86.930371288895,
                27.90063640168638
              ],
              [
                86.93026967592571,
                27.90063635031173
              ],
              [
                86.93026979166466,
                27.900455801884345
              ],
              [
                86.93016817886604,
                27.90045575043783
              ],
              [
                86.93016823681636,
                27.900365476228625
              ],
              [
                86.93026984953413,
                27.90036552767514
              ],
              [
                86.93026996526409,
                27.900184979238773
              ],
              [
                86.93047319035826,
                27.900185081907228
              ],
              [
                86.93047301726189,
                27.90045590456178
              ],
              [
                86.93087946844737,
                27.900456109000373
              ]
            ]
          ],
          [
            [
              [
                86.93128591964182,
                27.900456312244206
              ],
              [
                86.93128586261678,
                27.90054658646239
              ],
              [
                86.93118424973731,
                27.900546535761475
              ],
              [
                86.9311843068432,
                27.90045626154329
              ],
              [
                86.93128591964182,
                27.900456312244206
              ]
            ]
          ],
          [
            [
              [
                86.9339277428563,
                27.900638152547785
              ],
              [
                86.93392763318997,
                27.90081870098415
              ],
              [
                86.93402924632994,
                27.900818749663856
              ],
              [
                86.9340291915866,
                27.90090902388204
              ],
              [
                86.93382596512699,
                27.900908926450764
              ],
              [
                86.93382591021297,
                27.90099920066895
              ],
              [
                86.93372429690233,
                27.90099915183653
              ],
              [
                86.93372435189718,
                27.90090887762733
              ],
              [
                86.93362273867636,
                27.900908828723047
              ],
              [
                86.93362279376105,
                27.900818554504863
              ],
              [
                86.93372440690104,
                27.900818603409146
              ],
              [
                86.93372446190487,
                27.90072832919096
              ],
              [
                86.933826074964,
                27.900728378014396
              ],
              [
                86.93382612987801,
                27.90063810379621
              ],
              [
                86.9339277428563,
                27.900638152547785
              ]
            ]
          ],
          [
            [
              [
                86.93514672182424,
                27.901270651245884
              ],
              [
                86.93514666799719,
                27.901360925455084
              ],
              [
                86.93504505434518,
                27.90136087760183
              ],
              [
                86.93504510825308,
                27.901270603383647
              ],
              [
                86.93514672182424,
                27.901270651245884
              ]
            ]
          ],
          [
            [
              [
                86.93809315575655,
                27.901903925899745
              ],
              [
                86.93809320714018,
                27.901813651690542
              ],
              [
                86.93819482121441,
                27.90181369729801
              ],
              [
                86.93819492380202,
                27.901633148870626
              ],
              [
                86.93809330988948,
                27.90163310326316
              ],
              [
                86.93809336126414,
                27.901542829044974
              ],
              [
                86.93799174744144,
                27.90154278336564
              ],
              [
                86.93799190182591,
                27.901271960720074
              ],
              [
                86.93809351539707,
                27.901272006399406
              ],
              [
                86.93809356677173,
                27.90118173218122
              ],
              [
                86.93819518026204,
                27.90118177778869
              ],
              [
                86.93819502638962,
                27.901452600443243
              ],
              [
                86.93829664013147,
                27.90145264596986
              ],
              [
                86.93829638409365,
                27.90190401703383
              ],
              [
                86.93809315575655,
                27.901903925899745
              ]
            ]
          ],
          [
            [
              [
                86.93850328674687,
                27.89540436163796
              ],
              [
                86.93850333777117,
                27.895314087338928
              ],
              [
                86.93860494578176,
                27.895314132631984
              ],
              [
                86.93860489484729,
                27.895404406931018
              ],
              [
                86.93850328674687,
                27.89540436163796
              ]
            ]
          ],
          [
            [
              [
                86.91319999841049,
                27.89900172075402
              ],
              [
                86.9132000704464,
                27.8989114465538
              ],
              [
                86.91309845913,
                27.898911382521884
              ],
              [
                86.91309853124675,
                27.89882110832167
              ],
              [
                86.91330175369987,
                27.89882123631363
              ],
              [
                86.91330182564595,
                27.89873096211341
              ],
              [
                86.91340343679167,
                27.89873102599261
              ],
              [
                86.9134035086479,
                27.89864075178341
              ],
              [
                86.91360673076865,
                27.89864087931723
              ],
              [
                86.91360680245421,
                27.898550605117016
              ],
              [
                86.91350519147917,
                27.898550541390527
              ],
              [
                86.91350526325456,
                27.898460267181328
              ],
              [
                86.91330204147518,
                27.898460139503776
              ],
              [
                86.91330189758304,
                27.898640687904212
              ],
              [
                86.91320028652714,
                27.898640623953145
              ],
              [
                86.91320043058099,
                27.898460075543728
              ],
              [
                86.9130988196868,
                27.898460011520797
              ],
              [
                86.91309896391132,
                27.89827946311138
              ],
              [
                86.91350540680536,
                27.89827971877191
              ],
              [
                86.91350533502995,
                27.89836999298111
              ],
              [
                86.91360694583432,
                27.898370056707595
              ],
              [
                86.91360687414875,
                27.898460330907813
              ],
              [
                86.91381009593714,
                27.89846045814519
              ],
              [
                86.91381002441327,
                27.89855073234541
              ],
              [
                86.91401324637232,
                27.898550859286342
              ],
              [
                86.91401331771652,
                27.89846058507714
              ],
              [
                86.91411492861072,
                27.898460648435318
              ],
              [
                86.91411521368208,
                27.898099551598513
              ],
              [
                86.91431843479673,
                27.898099678081305
              ],
              [
                86.91431829260239,
                27.898280226499708
              ],
              [
                86.9144199033259,
                27.898280289624324
              ],
              [
                86.91441983231408,
                27.898370563833524
              ],
              [
                86.91482627555845,
                27.89837081560435
              ],
              [
                86.91482641690837,
                27.898190267185946
              ],
              [
                86.91472480626571,
                27.898190204357775
              ],
              [
                86.914724877026,
                27.89809993013959
              ],
              [
                86.91462326647317,
                27.898099867239555
              ],
              [
                86.91462340816445,
                27.89791931881217
              ],
              [
                86.91533468089338,
                27.897919757558338
              ],
              [
                86.91533461064512,
                27.898010031776522
              ],
              [
                86.91523300016415,
                27.898009969325646
              ],
              [
                86.91523292982608,
                27.898100243534845
              ],
              [
                86.91502970871143,
                27.898100118408507
              ],
              [
                86.91502963820267,
                27.89819039261771
              ],
              [
                86.91492802756001,
                27.898190329933268
              ],
              [
                86.9149279569614,
                27.898280604151452
              ],
              [
                86.91502956769389,
                27.89828066682691
              ],
              [
                86.91502949718513,
                27.898370941036113
              ],
              [
                86.91553755125183,
                27.898371253308472
              ],
              [
                86.91553762133839,
                27.89828097909927
              ],
              [
                86.91543601060589,
                27.89828091679212
              ],
              [
                86.91543608078229,
                27.89819064258292
              ],
              [
                86.91553769142494,
                27.89819070489007
              ],
              [
                86.9155377615115,
                27.898100430671885
              ],
              [
                86.91574098263513,
                27.898100555061603
              ],
              [
                86.91574119238275,
                27.89782973240705
              ],
              [
                86.91584280269304,
                27.89782979448962
              ],
              [
                86.9158429423631,
                27.897649246053252
              ],
              [
                86.91574133221451,
                27.89764918397068
              ],
              [
                86.9157414021304,
                27.897558909752497
              ],
              [
                86.9159446222479,
                27.897559033827804
              ],
              [
                86.91594441300333,
                27.89782985649134
              ],
              [
                86.9161476336239,
                27.897829980279187
              ],
              [
                86.91614770320739,
                27.89773970605202
              ],
              [
                86.91624931342784,
                27.897739767838146
              ],
              [
                86.9162496608962,
                27.897288396720274
              ],
              [
                86.91635127070342,
                27.89728845841657
              ],
              [
                86.91635120129958,
                27.897378732643737
              ],
              [
                86.91645281118765,
                27.89737879427715
              ],
              [
                86.9164526032097,
                27.897649616949668
              ],
              [
                86.91696065392568,
                27.89764992396688
              ],
              [
                86.91696072282646,
                27.897559649748697
              ],
              [
                86.91675750270896,
                27.897559527164592
              ],
              [
                86.91675757178042,
                27.897469252937427
              ],
              [
                86.9166559618115,
                27.897469191528593
              ],
              [
                86.9166561001251,
                27.897288643083243
              ],
              [
                86.91675770992335,
                27.897288704483092
              ],
              [
                86.91675764085188,
                27.897378978710258
              ],
              [
                86.916960860637,
                27.897379101294362
              ],
              [
                86.91696106734834,
                27.897108278603877
              ],
              [
                86.91716428662143,
                27.897108400891536
              ],
              [
                86.91716408042214,
                27.89737922357304
              ],
              [
                86.91726569031022,
                27.89737928460458
              ],
              [
                86.91726589626697,
                27.897108461914094
              ],
              [
                86.91736750590351,
                27.89710852287377
              ],
              [
                86.9173674373351,
                27.897198797100938
              ],
              [
                86.91746904706147,
                27.897198857979763
              ],
              [
                86.9174689785829,
                27.897289132206932
              ],
              [
                86.91757058839013,
                27.897289193013894
              ],
              [
                86.91757072518558,
                27.897108644550574
              ],
              [
                86.91746911554006,
                27.897108583743613
              ],
              [
                86.91746918402761,
                27.897018309516447
              ],
              [
                86.91777401269471,
                27.89701849170377
              ],
              [
                86.91777394446765,
                27.897108765930938
              ],
              [
                86.9178755541042,
                27.897108826513318
              ],
              [
                86.91787575853381,
                27.89683800381385
              ],
              [
                86.91797736791884,
                27.896838064315386
              ],
              [
                86.91797729986247,
                27.896928338551536
              ],
              [
                86.91818051881216,
                27.896928459330027
              ],
              [
                86.91818058669784,
                27.896838185093877
              ],
              [
                86.91899346182291,
                27.896838665225427
              ],
              [
                86.91899352904385,
                27.896748390989277
              ],
              [
                86.91970479419997,
                27.896748807169768
              ],
              [
                86.91970486082802,
                27.896658532924633
              ],
              [
                86.91990807927466,
                27.89665865116089
              ],
              [
                86.91990814573202,
                27.89656837691576
              ],
              [
                86.92021297315945,
                27.896568553704206
              ],
              [
                86.9202130393563,
                27.89647827945907
              ],
              [
                86.92041625747954,
                27.89647839694973
              ],
              [
                86.9204163235147,
                27.896388122695612
              ],
              [
                86.92082275941085,
                27.896388356769624
              ],
              [
                86.92082282510465,
                27.896298082515507
              ],
              [
                86.92112765178648,
                27.896298257282748
              ],
              [
                86.92112771722874,
                27.89620798302863
              ],
              [
                86.92133093483994,
                27.89620809916283
              ],
              [
                86.92133100012052,
                27.896117824917695
              ],
              [
                86.9216358262903,
                27.89611799855306
              ],
              [
                86.92163589131036,
                27.896027724298943
              ],
              [
                86.92183910859818,
                27.89602783968754
              ],
              [
                86.92183917344755,
                27.89593756542444
              ],
              [
                86.92224560768183,
                27.895937795294337
              ],
              [
                86.92224567218985,
                27.89584752104022
              ],
              [
                86.92265210609175,
                27.895847749706377
              ],
              [
                86.92265217026738,
                27.89575747545226
              ],
              [
                86.92316021222479,
                27.895757759598368
              ],
              [
                86.92316027597822,
                27.89566748534425
              ],
              [
                86.92336349260128,
                27.895667598478077
              ],
              [
                86.92336355618404,
                27.89557732421498
              ],
              [
                86.92397320554119,
                27.89557766181983
              ],
              [
                86.92397326862088,
                27.895487387556727
              ],
              [
                86.92427809304793,
                27.895487555344058
              ],
              [
                86.92427815586713,
                27.895397281080957
              ],
              [
                86.92488780422714,
                27.89539761464339
              ],
              [
                86.92488786655225,
                27.895307340371307
              ],
              [
                86.92509108250158,
                27.89530745095392
              ],
              [
                86.92509114465601,
                27.895217176681836
              ],
              [
                86.9255991841161,
                27.89521745184479
              ],
              [
                86.92559924584833,
                27.895127177572707
              ],
              [
                86.92580246146528,
                27.89512728710429
              ],
              [
                86.92580239990373,
                27.895217561385355
              ],
              [
                86.92600561569137,
                27.895217670620493
              ],
              [
                86.92600573848208,
                27.895037122067347
              ],
              [
                86.92610734620521,
                27.895037176577116
              ],
              [
                86.9261072848952,
                27.8951274508492
              ],
              [
                86.92641210833409,
                27.895127613920373
              ],
              [
                86.9264120472756,
                27.89521788820144
              ],
              [
                86.92712330255925,
                27.895218266077762
              ],
              [
                86.92712336301587,
                27.89512799180568
              ],
              [
                86.92722497083781,
                27.895128045489002
              ],
              [
                86.92722491045306,
                27.895218319761085
              ],
              [
                86.92742812624968,
                27.89521842690315
              ],
              [
                86.92742818646376,
                27.895128152631067
              ],
              [
                86.92752979427672,
                27.895128206089808
              ],
              [
                86.92752973415247,
                27.89521848036189
              ],
              [
                86.9280377736485,
                27.89521874653271
              ],
              [
                86.92803783335053,
                27.895128472260627
              ],
              [
                86.92824104898544,
                27.89512857819895
              ],
              [
                86.92824110852578,
                27.895038303917882
              ],
              [
                86.9283427162579,
                27.895038356774755
              ],
              [
                86.92834265680739,
                27.89512863105582
              ],
              [
                86.92946034280392,
                27.89512920756762
              ],
              [
                86.92946040132917,
                27.895038933286553
              ],
              [
                86.92966361680237,
                27.895039037131802
              ],
              [
                86.92966355844781,
                27.895129311412866
              ],
              [
                86.92986677409172,
                27.89512941496167
              ],
              [
                86.92986671589885,
                27.895219689242737
              ],
              [
                86.92996832381063,
                27.895219740904846
              ],
              [
                86.92996838191367,
                27.895129466623782
              ],
              [
                86.9302732053795,
                27.895129621151977
              ],
              [
                86.93027326323102,
                27.89503934687091
              ],
              [
                86.93047647870424,
                27.895039449512414
              ],
              [
                86.93047653638506,
                27.89494917523135
              ],
              [
                86.93118778997089,
                27.89494953213201
              ],
              [
                86.93118784706782,
                27.89485925784196
              ],
              [
                86.93128945463823,
                27.894859308533892
              ],
              [
                86.93128951164532,
                27.894769034243843
              ],
              [
                86.9313911191349,
                27.89476908485493
              ],
              [
                86.93139106220866,
                27.894859359144977
              ],
              [
                86.9315942773495,
                27.894859460142563
              ],
              [
                86.93159422059394,
                27.894949734432615
              ],
              [
                86.93169582825419,
                27.89494978481912
              ],
              [
                86.9316958849289,
                27.894859510529066
              ],
              [
                86.93189910006974,
                27.894859611077496
              ],
              [
                86.9318990435747,
                27.89494988536755
              ],
              [
                86.93200065122596,
                27.89494993552947
              ],
              [
                86.93200070764915,
                27.894859661239423
              ],
              [
                86.93220392279,
                27.894859761338697
              ],
              [
                86.93220386654647,
                27.894950035628746
              ],
              [
                86.93230547420673,
                27.89495008556609
              ],
              [
                86.93230553036939,
                27.894859811276042
              ],
              [
                86.93291517581886,
                27.89486010932807
              ],
              [
                86.93291523147849,
                27.894769835038023
              ],
              [
                86.93362648393244,
                27.894770179353287
              ],
              [
                86.93362653899916,
                27.89467990506324
              ],
              [
                86.93382975381662,
                27.89468000276401
              ],
              [
                86.93382980871266,
                27.894589728464975
              ],
              [
                86.93413463069629,
                27.894589874459175
              ],
              [
                86.9341345760428,
                27.89468014875821
              ],
              [
                86.9347442205131,
                27.894680438716414
              ],
              [
                86.93474411223018,
                27.89486098731448
              ],
              [
                86.93525215013618,
                27.89486122688618
              ],
              [
                86.93525225757469,
                27.89468067828812
              ],
              [
                86.9353538649924,
                27.894680725979676
              ],
              [
                86.93535370408617,
                27.894951548876772
              ],
              [
                86.9354553117554,
                27.894951596487484
              ],
              [
                86.93545525819783,
                27.895041870786518
              ],
              [
                86.9361665124664,
                27.895042202004344
              ],
              [
                86.93616645950172,
                27.895132476294393
              ],
              [
                86.9364712830125,
                27.89513261712328
              ],
              [
                86.93647133572563,
                27.895042342824247
              ],
              [
                86.93657294347571,
                27.89504238961749
              ],
              [
                86.9365728908524,
                27.895132663916524
              ],
              [
                86.93758896924258,
                27.89513312772569
              ],
              [
                86.93758891746369,
                27.895223402015738
              ],
              [
                86.93809695708546,
                27.895223631113083
              ],
              [
                86.93809690572878,
                27.895313905412117
              ],
              [
                86.93830012174998,
                27.895313996528234
              ],
              [
                86.93830007055499,
                27.895404270818286
              ],
              [
                86.93850328674687,
                27.89540436163796
              ],
              [
                86.93850313367393,
                27.895675184517092
              ],
              [
                86.93840152533096,
                27.895675139143187
              ],
              [
                86.93840142311167,
                27.89585568773227
              ],
              [
                86.93819820607538,
                27.89585559675988
              ],
              [
                86.93819810351472,
                27.896036145339977
              ],
              [
                86.93829971220804,
                27.89603619085761
              ],
              [
                86.93829960981806,
                27.896216739437712
              ],
              [
                86.93819800096306,
                27.896216693911093
              ],
              [
                86.9381978984024,
                27.89639724248221
              ],
              [
                86.93809628938568,
                27.896397196883722
              ],
              [
                86.93809623802002,
                27.89648747116479
              ],
              [
                86.93799462891347,
                27.896487425494442
              ],
              [
                86.93799457746697,
                27.896577699775506
              ],
              [
                86.93789296827059,
                27.89657765402431
              ],
              [
                86.93789286520688,
                27.89675820258644
              ],
              [
                86.93779125584881,
                27.89675815676338
              ],
              [
                86.93779120423162,
                27.896848431035462
              ],
              [
                86.93758798534479,
                27.89684833916476
              ],
              [
                86.93758788176905,
                27.897028887717905
              ],
              [
                86.93748627215945,
                27.897028841670267
              ],
              [
                86.93748622029072,
                27.89711911594235
              ],
              [
                86.9371813912104,
                27.897118977350267
              ],
              [
                86.93718123483168,
                27.89738980015753
              ],
              [
                86.9370796248897,
                27.897389753813446
              ],
              [
                86.93707952046954,
                27.89757030234863
              ],
              [
                86.93718113058219,
                27.897570348692714
              ],
              [
                86.93718107845295,
                27.897660622955815
              ],
              [
                86.93697785805696,
                27.897660530186794
              ],
              [
                86.93697764887527,
                27.89802162723021
              ],
              [
                86.93687603834042,
                27.89802158073341
              ],
              [
                86.93687593357888,
                27.898202129250627
              ],
              [
                86.93758720852665,
                27.89820245316515
              ],
              [
                86.93758715672979,
                27.898292727428252
              ],
              [
                86.93789198910693,
                27.89829286512202
              ],
              [
                86.93789193757058,
                27.898383139376136
              ],
              [
                86.93779032669435,
                27.898383093553072
              ],
              [
                86.93779027507716,
                27.89847336780719
              ],
              [
                86.9376886641111,
                27.898473321912263
              ],
              [
                86.93768861240409,
                27.89856359616638
              ],
              [
                86.93748539031927,
                27.89856350414296
              ],
              [
                86.93748523469513,
                27.898834326896328
              ],
              [
                86.93758684598457,
                27.89883437294397
              ],
              [
                86.93758689778143,
                27.898744098689853
              ],
              [
                86.93768850899002,
                27.898744144665628
              ],
              [
                86.93768856069705,
                27.898653870420496
              ],
              [
                86.93789178296154,
                27.898653962138486
              ],
              [
                86.9378917314162,
                27.898744236392602
              ],
              [
                86.93799334263379,
                27.8987442821438
              ],
              [
                86.93799318826728,
                27.899015104897167
              ],
              [
                86.9380947997364,
                27.899015150567514
              ],
              [
                86.93809474836175,
                27.89910542482163
              ],
              [
                86.93789152526183,
                27.899105333391102
              ],
              [
                86.93789157680716,
                27.899015059145967
              ],
              [
                86.9374851309397,
                27.899014875386595
              ],
              [
                86.937485079062,
                27.899105149631726
              ],
              [
                86.93758669061197,
                27.899105195688353
              ],
              [
                86.93758658702723,
                27.89928574417862
              ],
              [
                86.93768819874786,
                27.899285790154394
              ],
              [
                86.93768809532482,
                27.89946633863568
              ],
              [
                86.93778970721614,
                27.89946638453959
              ],
              [
                86.93778965558997,
                27.89955665877574
              ],
              [
                86.93799287953429,
                27.899556750358983
              ],
              [
                86.9379929824453,
                27.8993762018777
              ],
              [
                86.93809459425576,
                27.899376247548048
              ],
              [
                86.93809469699607,
                27.899195699066766
              ],
              [
                86.93819630862689,
                27.89919574466525
              ],
              [
                86.93819625734207,
                27.89928601891038
              ],
              [
                86.93839948078335,
                27.899286109891754
              ],
              [
                86.93839953190647,
                27.89919583564662
              ],
              [
                86.93850114353727,
                27.899195881020525
              ],
              [
                86.93850109250398,
                27.89928615526566
              ],
              [
                86.93860270422462,
                27.899286200567698
              ],
              [
                86.93860265328115,
                27.899376474812833
              ],
              [
                86.93850104147069,
                27.89937642951079
              ],
              [
                86.93850093940411,
                27.89955697800106
              ],
              [
                86.93839932743194,
                27.89955693261817
              ],
              [
                86.93839927630881,
                27.899647206863303
              ],
              [
                86.9382976642558,
                27.899647161408552
              ],
              [
                86.93829756184786,
                27.899827709880853
              ],
              [
                86.93819594961518,
                27.899827664354234
              ],
              [
                86.93819584704555,
                27.900008212826535
              ],
              [
                86.93829745943992,
                27.900008258353154
              ],
              [
                86.93829740823594,
                27.900098532589304
              ],
              [
                86.93819579575174,
                27.900098487062685
              ],
              [
                86.93819569317311,
                27.900279035526
              ],
              [
                86.93809408052722,
                27.900278989927518
              ],
              [
                86.93809361815535,
                27.901091457963037
              ],
              [
                86.93799200474588,
                27.901091412274724
              ],
              [
                86.93799205620138,
                27.90100113805654
              ],
              [
                86.93768721624247,
                27.901001000569384
              ],
              [
                86.93768716452645,
                27.901091274787568
              ],
              [
                86.93758555112598,
                27.901091228811794
              ],
              [
                86.93758565471968,
                27.90091068036644
              ],
              [
                86.9374840414809,
                27.900910634309817
              ],
              [
                86.93748435276511,
                27.900368988955798
              ],
              [
                86.93728112730263,
                27.90036889662695
              ],
              [
                86.93728117935102,
                27.900278622399785
              ],
              [
                86.93697634141331,
                27.90027848334058
              ],
              [
                86.93697597530492,
                27.900910402912782
              ],
              [
                86.93707758853472,
                27.9009104493467
              ],
              [
                86.93707753631566,
                27.901000723564884
              ],
              [
                86.93728076295493,
                27.901000816199154
              ],
              [
                86.93728055475239,
                27.90136191307189
              ],
              [
                86.93717894110038,
                27.901361866790687
              ],
              [
                86.93717888896217,
                27.90145214100887
              ],
              [
                86.93728050270401,
                27.901452187290076
              ],
              [
                86.93728045064664,
                27.901542461499275
              ],
              [
                86.93738206447831,
                27.901542507708616
              ],
              [
                86.93738211644586,
                27.90145223349043
              ],
              [
                86.93758534392956,
                27.901452325675546
              ],
              [
                86.9375852921327,
                27.90154259989373
              ],
              [
                86.93789013360976,
                27.901542737614445
              ],
              [
                86.9378900305191,
                27.901723286032848
              ],
              [
                86.93799164452146,
                27.90172333179303
              ],
              [
                86.9379915415925,
                27.901903880220413
              ],
              [
                86.93809315575655,
                27.901903925899745
              ],
              [
                86.93809310438189,
                27.901994200108945
              ],
              [
                86.93778826162922,
                27.901994062837385
              ],
              [
                86.93778831326438,
                27.901903788628186
              ],
              [
                86.93768669910033,
                27.901903742724276
              ],
              [
                86.93768675081634,
                27.901813468515073
              ],
              [
                86.93758513673313,
                27.901813422530314
              ],
              [
                86.93758508493627,
                27.901903696739517
              ],
              [
                86.93738185660816,
                27.901903604554402
              ],
              [
                86.9373819085757,
                27.9018133303452
              ],
              [
                86.93717868041827,
                27.901813237854658
              ],
              [
                86.93717862828005,
                27.90190351206386
              ],
              [
                86.93697539995195,
                27.901903419276874
              ],
              [
                86.93697545226084,
                27.901813145067674
              ],
              [
                86.93687383817763,
                27.90181309856189
              ],
              [
                86.93687389056738,
                27.90172282435269
              ],
              [
                86.93667066258062,
                27.901722731116546
              ],
              [
                86.93667055746876,
                27.90190327953495
              ],
              [
                86.9365689433047,
                27.90190323280459
              ],
              [
                86.93656899594598,
                27.901812958595386
              ],
              [
                86.93646738187175,
                27.90181291179316
              ],
              [
                86.93646743459388,
                27.90172263758396
              ],
              [
                86.9363658206005,
                27.901722590700885
              ],
              [
                86.93636587341246,
                27.901632316491682
              ],
              [
                86.93616264559638,
                27.901632222500954
              ],
              [
                86.93616269857903,
                27.901541948291754
              ],
              [
                86.93565462946555,
                27.90154171201687
              ],
              [
                86.9356545760607,
                27.901631986235053
              ],
              [
                86.93555296215716,
                27.901631938750107
              ],
              [
                86.93555306912855,
                27.901451390331705
              ],
              [
                86.9354514553867,
                27.901451342774894
              ],
              [
                86.93545150895324,
                27.90136106856569
              ],
              [
                86.93524828164921,
                27.901360973236475
              ],
              [
                86.93524833538643,
                27.90127069901829
              ],
              [
                86.93514672182424,
                27.901270651245884
              ],
              [
                86.93514682946038,
                27.901090102809516
              ],
              [
                86.93504521606887,
                27.90109005495626
              ],
              [
                86.93504526996779,
                27.90099978074706
              ],
              [
                86.93474043002685,
                27.90099963673814
              ],
              [
                86.93474037586742,
                27.901089910947338
              ],
              [
                86.93433392227445,
                27.9010897178904
              ],
              [
                86.93433397677524,
                27.900999443672216
              ],
              [
                86.93423236346459,
                27.900999395226073
              ],
              [
                86.93423241803724,
                27.90090912100789
              ],
              [
                86.93443564449686,
                27.900909217837295
              ],
              [
                86.9344356989078,
                27.90081894361911
              ],
              [
                86.9341308594789,
                27.900818798262712
              ],
              [
                86.93413096880387,
                27.900638249826347
              ],
              [
                86.9339277428563,
                27.900638152547785
              ],
              [
                86.93392785251363,
                27.900457604111416
              ],
              [
                86.93362301409982,
                27.900457457632125
              ],
              [
                86.93362290393044,
                27.900638006068494
              ],
              [
                86.93352129096114,
                27.900637957101328
              ],
              [
                86.93352123578661,
                27.900728231310527
              ],
              [
                86.93341962272748,
                27.90072818226251
              ],
              [
                86.93341956747211,
                27.900818456480696
              ],
              [
                86.93301311491221,
                27.90081825952507
              ],
              [
                86.93301317049996,
                27.900727985306887
              ],
              [
                86.93331800966837,
                27.900728133142632
              ],
              [
                86.93331806501357,
                27.90063785892445
              ],
              [
                86.933114839066,
                27.900637760442144
              ],
              [
                86.9331148945729,
                27.90054748622396
              ],
              [
                86.93281005590755,
                27.90054733794804
              ],
              [
                86.93281027894128,
                27.900186241066322
              ],
              [
                86.93291189149734,
                27.900186290563493
              ],
              [
                86.93291194716593,
                27.90009601634531
              ],
              [
                86.93321678456466,
                27.90009616438767
              ],
              [
                86.9332168399907,
                27.900005890169485
              ],
              [
                86.93260716569634,
                27.900005593393065
              ],
              [
                86.93260710976722,
                27.90009586762023
              ],
              [
                86.93240388483474,
                27.90009576809588
              ],
              [
                86.93240394093453,
                27.900005493877696
              ],
              [
                86.93209910379633,
                27.900005344029726
              ],
              [
                86.932099047445,
                27.90009561825689
              ],
              [
                86.93199743497877,
                27.900095568157848
              ],
              [
                86.93199732211444,
                27.900276116594217
              ],
              [
                86.93209893475135,
                27.90027616669326
              ],
              [
                86.9320989910937,
                27.900185892475076
              ],
              [
                86.93220060364078,
                27.900185942502254
              ],
              [
                86.9322005473793,
                27.90027621672044
              ],
              [
                86.93240377264415,
                27.90027631654123
              ],
              [
                86.93240371655334,
                27.900366590759415
              ],
              [
                86.93230210383558,
                27.900366540884953
              ],
              [
                86.93230204765494,
                27.90045681511212
              ],
              [
                86.93209882204873,
                27.90045671513861
              ],
              [
                86.9320987656974,
                27.900546989356794
              ],
              [
                86.93199715281794,
                27.90054693925775
              ],
              [
                86.93199709637679,
                27.90063721346695
              ],
              [
                86.9318954834075,
                27.900637163296043
              ],
              [
                86.93189542689449,
                27.900727437514227
              ],
              [
                86.9313873616258,
                27.90072718550984
              ],
              [
                86.93138747550522,
                27.900546637082456
              ],
              [
                86.93148908839368,
                27.90054668763066
              ],
              [
                86.93148925895679,
                27.900275864976106
              ],
              [
                86.93128603369193,
                27.900275763807837
              ],
              [
                86.93128597666689,
                27.90036603802602
              ],
              [
                86.93098113852257,
                27.900365885707682
              ],
              [
                86.93098131035231,
                27.90009506305313
              ],
              [
                86.93087969789505,
                27.900095012127636
              ],
              [
                86.93087975525249,
                27.900004737909452
              ],
              [
                86.93037169337045,
                27.900004482168075
              ],
              [
                86.9303716355908,
                27.90009475638626
              ],
              [
                86.93006679821006,
                27.90009460204671
              ],
              [
                86.9300668562502,
                27.900004327828526
              ],
              [
                86.92976201912997,
                27.90000417281524
              ],
              [
                86.92976207741266,
                27.899913898597056
              ],
              [
                86.92966046512609,
                27.89991384677325
              ],
              [
                86.9296602900085,
                27.900184669427798
              ],
              [
                86.92945706492331,
                27.900184565564587
              ],
              [
                86.92945724054395,
                27.899913742910034
              ],
              [
                86.9295588528395,
                27.899913794877573
              ],
              [
                86.92955891129289,
                27.89982352065939
              ],
              [
                86.92976213570434,
                27.89982362436989
              ],
              [
                86.92976225227872,
                27.899643075924537
              ],
              [
                86.92986386431376,
                27.89964312767648
              ],
              [
                86.92986392251561,
                27.899552853449315
              ],
              [
                86.92966069860721,
                27.899552749882545
              ],
              [
                86.92966075697974,
                27.89946247565538
              ],
              [
                86.92935592137765,
                27.899462319743776
              ],
              [
                86.9293559800017,
                27.89937204551661
              ],
              [
                86.92955920356874,
                27.899372149532535
              ],
              [
                86.92955926202212,
                27.89928187530537
              ],
              [
                86.9296608737248,
                27.899281927201045
              ],
              [
                86.92966081535226,
                27.89937220142821
              ],
              [
                86.93006726248635,
                27.899372408256323
              ],
              [
                86.93006714641503,
                27.899552956710657
              ],
              [
                86.93027037032343,
                27.899553059684536
              ],
              [
                86.9302704281929,
                27.899462785448385
              ],
              [
                86.93037204005726,
                27.899462836823037
              ],
              [
                86.93037209783691,
                27.89937256259587
              ],
              [
                86.93047370962941,
                27.899372613889675
              ],
              [
                86.93047388270782,
                27.89910179119919
              ],
              [
                86.93037227117583,
                27.899101739905387
              ],
              [
                86.93037232895546,
                27.899011465669236
              ],
              [
                86.9304739404066,
                27.89901151696304
              ],
              [
                86.93047399809642,
                27.89892124272689
              ],
              [
                86.9305756094667,
                27.898921293948828
              ],
              [
                86.93057566707566,
                27.898831019712677
              ],
              [
                86.9304740557952,
                27.89883096849074
              ],
              [
                86.930474113485,
                27.898740694254588
              ],
              [
                86.93037250229438,
                27.898740642960785
              ],
              [
                86.93037261784467,
                27.898560094479503
              ],
              [
                86.93027100682473,
                27.898560043113832
              ],
              [
                86.93027106468521,
                27.898469768877682
              ],
              [
                86.93037267562431,
                27.898469820243353
              ],
              [
                86.93037273340396,
                27.898379545998218
              ],
              [
                86.93016951168744,
                27.898379443186034
              ],
              [
                86.93016956962877,
                27.898289168949884
              ],
              [
                86.92996634809192,
                27.898289065841254
              ],
              [
                86.92996623185891,
                27.89846961432254
              ],
              [
                86.9301694537461,
                27.898469717431166
              ],
              [
                86.93016939579579,
                27.898559991667316
              ],
              [
                86.9299661737469,
                27.89855988855869
              ],
              [
                86.92996599940187,
                27.898830711276123
              ],
              [
                86.9298643881214,
                27.89883065960503
              ],
              [
                86.92986432991955,
                27.89892093384118
              ],
              [
                86.92976271855825,
                27.898920882089236
              ],
              [
                86.92976295169801,
                27.898559785144634
              ],
              [
                86.92955972964913,
                27.898559681434133
              ],
              [
                86.92955967119575,
                27.898649955679268
              ],
              [
                86.92935644897618,
                27.89864985166334
              ],
              [
                86.92935639036111,
                27.89874012589949
              ],
              [
                86.92905155678024,
                27.898739969323138
              ],
              [
                86.92905143902907,
                27.898920517786454
              ],
              [
                86.92874660495411,
                27.898920360536362
              ],
              [
                86.92874666408123,
                27.898830086300215
              ],
              [
                86.92864505280974,
                27.898830033730803
              ],
              [
                86.9286451120177,
                27.898739759503634
              ],
              [
                86.92854350082708,
                27.898739706853377
              ],
              [
                86.92854332294269,
                27.899010529552847
              ],
              [
                86.92864493438485,
                27.89901058219412
              ],
              [
                86.928644756743,
                27.899281404884604
              ],
              [
                86.9285431450493,
                27.899281352243328
              ],
              [
                86.92854296715593,
                27.899552174915847
              ],
              [
                86.92833974325652,
                27.899552069399736
              ],
              [
                86.92833980272499,
                27.89946179518155
              ],
              [
                86.92844141458936,
                27.89946184797554
              ],
              [
                86.928441473968,
                27.899371573748372
              ],
              [
                86.92833986219347,
                27.899371520954382
              ],
              [
                86.92834004058989,
                27.899100698272882
              ],
              [
                86.92823842906688,
                27.899100645407028
              ],
              [
                86.92823836950858,
                27.899190919634194
              ],
              [
                86.92813675790472,
                27.89919086668749
              ],
              [
                86.92813663863541,
                27.899371415141825
              ],
              [
                86.92793341507735,
                27.899371309032823
              ],
              [
                86.92793335526751,
                27.899461583251007
              ],
              [
                86.92783174341213,
                27.899461530079726
              ],
              [
                86.92783162363077,
                27.899642078525076
              ],
              [
                86.92813645972693,
                27.89964223780536
              ],
              [
                86.92813628081846,
                27.899913060468897
              ],
              [
                86.92823789310503,
                27.8999131134156
              ],
              [
                86.92823777399741,
                27.900093661842984
              ],
              [
                86.92803454909189,
                27.900093555877714
              ],
              [
                86.92803466853188,
                27.899913007450326
              ],
              [
                86.92783144396772,
                27.899912901188614
              ],
              [
                86.92783132418636,
                27.900093449615998
              ],
              [
                86.92793293663463,
                27.90009350278728
              ],
              [
                86.92793281702394,
                27.900274051214666
              ],
              [
                86.927831204405,
                27.90027399804338
              ],
              [
                86.92783114451431,
                27.900364272252585
              ],
              [
                86.92772953180553,
                27.900364219009436
              ],
              [
                86.927729471834,
                27.900454493218636
              ],
              [
                86.92752624625474,
                27.900454386507764
              ],
              [
                86.92752630639694,
                27.900364112298565
              ],
              [
                86.92762791910573,
                27.900364165685442
              ],
              [
                86.92762809928082,
                27.900093343048855
              ],
              [
                86.9277297117291,
                27.90009339637285
              ],
              [
                86.92772989165267,
                27.8998225737183
              ],
              [
                86.92742505505345,
                27.8998224135397
              ],
              [
                86.92742511528549,
                27.899732139321518
              ],
              [
                86.92732350316959,
                27.899732085781924
              ],
              [
                86.9273234428567,
                27.89982236000011
              ],
              [
                86.92722183065996,
                27.89982230637967
              ],
              [
                86.92722195144744,
                27.899641757943304
              ],
              [
                86.9270187273953,
                27.899641650477847
              ],
              [
                86.92701866683089,
                27.899731924696027
              ],
              [
                86.92671383049219,
                27.89973176294538
              ],
              [
                86.92671370885131,
                27.899912311372763
              ],
              [
                86.92681532113788,
                27.899912365370497
              ],
              [
                86.92681526040279,
                27.900002639579697
              ],
              [
                86.92671364803536,
                27.900002585590947
              ],
              [
                86.92671358721942,
                27.90009285980015
              ],
              [
                86.92661197477115,
                27.90009280573055
              ],
              [
                86.92661191386537,
                27.900183079948736
              ],
              [
                86.92640868879815,
                27.90018297158496
              ],
              [
                86.92640856665422,
                27.900363520003364
              ],
              [
                86.926510179363,
                27.90036357421669
              ],
              [
                86.92650999639415,
                27.900634396844293
              ],
              [
                86.92640838344282,
                27.900634342621984
              ],
              [
                86.92640844451927,
                27.90054406841278
              ],
              [
                86.92630683164879,
                27.90054401411861
              ],
              [
                86.92630695395441,
                27.900363465709187
              ],
              [
                86.92620534125462,
                27.900363411334165
              ],
              [
                86.92620528001646,
                27.900453685543365
              ],
              [
                86.92610366722683,
                27.90045363110546
              ],
              [
                86.9261037285548,
                27.900363356896257
              ],
              [
                86.92600211585501,
                27.900363302377503
              ],
              [
                86.92600205444617,
                27.90045357657772
              ],
              [
                86.92590044165655,
                27.900453521987103
              ],
              [
                86.92590038016687,
                27.900543796196303
              ],
              [
                86.92579876729638,
                27.900543741524835
              ],
              [
                86.92579870571687,
                27.900634015725053
              ],
              [
                86.92569709276555,
                27.900633960981718
              ],
              [
                86.9256971544259,
                27.9005436867815
              ],
              [
                86.92529070295296,
                27.90054346705358
              ],
              [
                86.92529064096023,
                27.9006337412538
              ],
              [
                86.92457935030092,
                27.90063335384635
              ],
              [
                86.92457966324702,
                27.900181982827295
              ],
              [
                86.92437643818877,
                27.90018187147213
              ],
              [
                86.92437637543246,
                27.90027214567235
              ],
              [
                86.92427476282249,
                27.900272089886972
              ],
              [
                86.92427469998535,
                27.90036236408719
              ],
              [
                86.92437631267616,
                27.900362419881553
              ],
              [
                86.92437612439826,
                27.90063324249119
              ],
              [
                86.9242745114559,
                27.900633186696826
              ],
              [
                86.92427444860978,
                27.900723460897044
              ],
              [
                86.92407122254542,
                27.90072334908374
              ],
              [
                86.92407128555325,
                27.900633074883523
              ],
              [
                86.92386805965958,
                27.900632962773773
              ],
              [
                86.92386799648106,
                27.90072323697399
              ],
              [
                86.92376638344889,
                27.900723180802338
              ],
              [
                86.92376644670824,
                27.90063290660212
              ],
              [
                86.9236648337659,
                27.9006328503586
              ],
              [
                86.9236648971151,
                27.900542576167364
              ],
              [
                86.9235632842536,
                27.900542519842997
              ],
              [
                86.92356315738454,
                27.900723068243433
              ],
              [
                86.92325831828799,
                27.900722898839135
              ],
              [
                86.92325819091587,
                27.90090344723059
              ],
              [
                86.923156577722,
                27.90090339061876
              ],
              [
                86.9231566414934,
                27.90081311641854
              ],
              [
                86.92305502838038,
                27.900813059725863
              ],
              [
                86.92305509223263,
                27.90072278553463
              ],
              [
                86.92285186617725,
                27.900722671924694
              ],
              [
                86.92285180214533,
                27.90081294611593
              ],
              [
                86.92295341526734,
                27.90081300296132
              ],
              [
                86.92295335132526,
                27.900903277152555
              ],
              [
                86.9228517381224,
                27.900903220307164
              ],
              [
                86.92285167409948,
                27.900993494507382
              ],
              [
                86.92275006081577,
                27.900993437590127
              ],
              [
                86.92275012492853,
                27.90090316338991
              ],
              [
                86.92244528533793,
                27.900902992188982
              ],
              [
                86.92244534970222,
                27.900812717997745
              ],
              [
                86.92224212347617,
                27.9008126034895
              ],
              [
                86.9222420589412,
                27.900902877680732
              ],
              [
                86.92203883255344,
                27.90090276287604
              ],
              [
                86.92203876785678,
                27.900993037067273
              ],
              [
                86.92193715457307,
                27.900992979548146
              ],
              [
                86.92193721935956,
                27.90090270535691
              ],
              [
                86.92153076658407,
                27.9009024745348
              ],
              [
                86.92153070145622,
                27.900992748726033
              ],
              [
                86.92132747490676,
                27.90099263287031
              ],
              [
                86.92132754019632,
                27.900902358679076
              ],
              [
                86.92122592700245,
                27.900902300638926
              ],
              [
                86.92122599237285,
                27.900812026447692
              ],
              [
                86.9211243792688,
                27.900811968335677
              ],
              [
                86.92112444472006,
                27.90072169413546
              ],
              [
                86.92081960565048,
                27.90072151934127
              ],
              [
                86.92081953993872,
                27.900811793532505
              ],
              [
                86.92092115305174,
                27.900811851878082
              ],
              [
                86.92092108742082,
                27.900902126060334
              ],
              [
                86.92081947422695,
                27.900902067723738
              ],
              [
                86.92081940851519,
                27.900992341914975
              ],
              [
                86.92071779524046,
                27.90099228349753
              ],
              [
                86.92071772944786,
                27.901082557679782
              ],
              [
                86.92051450272773,
                27.9010824406293
              ],
              [
                86.92051463465431,
                27.900901892246832
              ],
              [
                86.92041302146941,
                27.900901833613794
              ],
              [
                86.92041288937216,
                27.90108238198728
              ],
              [
                86.9203112760076,
                27.901082323273393
              ],
              [
                86.92031120987363,
                27.901172597455645
              ],
              [
                86.92010798299181,
                27.901172479794308
              ],
              [
                86.92010811559213,
                27.900991931429804
              ],
              [
                86.92020972886685,
                27.900991990287423
              ],
              [
                86.92020979508166,
                27.90090171610517
              ],
              [
                86.92031140827554,
                27.900901774890922
              ],
              [
                86.92031154054348,
                27.900721226517437
              ],
              [
                86.9200067014739,
                27.900721049917635
              ],
              [
                86.9200066350884,
                27.90081132410887
              ],
              [
                86.91990502198436,
                27.90081126509854
              ],
              [
                86.919904955518,
                27.90090153928079
              ],
              [
                86.91980334232413,
                27.90090148018961
              ],
              [
                86.91980320922076,
                27.901082028563096
              ],
              [
                86.91970159586519,
                27.901081969400053
              ],
              [
                86.91970152921918,
                27.9011722435823
              ],
              [
                86.91949830233736,
                27.90117212502265
              ],
              [
                86.91949823552964,
                27.901262399204903
              ],
              [
                86.91909178143362,
                27.901262161196268
              ],
              [
                86.91909171428456,
                27.90135243537852
              ],
              [
                86.91899010067746,
                27.90135237568547
              ],
              [
                86.91899023513729,
                27.901171827320965
              ],
              [
                86.91868539482803,
                27.90117164780164
              ],
              [
                86.9186853273376,
                27.90126192198389
              ],
              [
                86.91838048677681,
                27.90126174179083
              ],
              [
                86.9183805545098,
                27.901171467608577
              ],
              [
                86.91827894107337,
                27.901171407394504
              ],
              [
                86.9182791445328,
                27.90090058484775
              ],
              [
                86.91797430498711,
                27.90090040375637
              ],
              [
                86.91797437305246,
                27.900810129574122
              ],
              [
                86.91787275995739,
                27.900810069063603
              ],
              [
                86.91787255548287,
                27.901080891610356
              ],
              [
                86.9181773955406,
                27.901081072926313
              ],
              [
                86.9181772597333,
                27.901261621281833
              ],
              [
                86.91787241917251,
                27.901261439965875
              ],
              [
                86.91787235100834,
                27.901351714139146
              ],
              [
                86.91766912380312,
                27.90135159288455
              ],
              [
                86.91766939710656,
                27.90099049617351
              ],
              [
                86.91736455730936,
                27.900990313734656
              ],
              [
                86.91736442015457,
                27.901170862090176
              ],
              [
                86.917466033591,
                27.901170922977986
              ],
              [
                86.91746589659792,
                27.901351471333506
              ],
              [
                86.91736428299082,
                27.901351410445695
              ],
              [
                86.91736407724966,
                27.9016222329655
              ],
              [
                86.91695762183312,
                27.901621988659677
              ],
              [
                86.91695748399562,
                27.90180253699723
              ],
              [
                86.91665264192567,
                27.901802352977345
              ],
              [
                86.91665257275538,
                27.901892627141628
              ],
              [
                86.91644934454406,
                27.9018925040904
              ],
              [
                86.91644941388502,
                27.901802229926115
              ],
              [
                86.9163477998647,
                27.901802168283723
              ],
              [
                86.9163477304339,
                27.901892442448005
              ],
              [
                86.91624611633273,
                27.901892380733745
              ],
              [
                86.91624604682109,
                27.90198265489803
              ],
              [
                86.91614443263009,
                27.901982593111907
              ],
              [
                86.91614457182403,
                27.901802044783338
              ],
              [
                86.91604295780371,
                27.901801982916364
              ],
              [
                86.91604281844806,
                27.901982531244933
              ],
              [
                86.91594120425707,
                27.901982469306095
              ],
              [
                86.91594127402023,
                27.90189219514181
              ],
              [
                86.91583965991008,
                27.901892133131106
              ],
              [
                86.91583979960708,
                27.901711584793553
              ],
              [
                86.91604302747704,
                27.901711708743093
              ],
              [
                86.91604309715936,
                27.90162143457881
              ],
              [
                86.9163479387083,
                27.90162161994617
              ],
              [
                86.9163480081391,
                27.9015313457729
              ],
              [
                86.91624639437029,
                27.901531284058642
              ],
              [
                86.91624646387295,
                27.90144100988537
              ],
              [
                86.91614485019399,
                27.901440948099246
              ],
              [
                86.9161447806015,
                27.901531222272514
              ],
              [
                86.91573832553529,
                27.901530974364444
              ],
              [
                86.9157381856676,
                27.901711522701998
              ],
              [
                86.91563657173711,
                27.901711460538582
              ],
              [
                86.9156366417518,
                27.901621186374296
              ],
              [
                86.91543341405252,
                27.901621061822883
              ],
              [
                86.91543355441428,
                27.90144051348533
              ],
              [
                86.91533194073531,
                27.901440451097333
              ],
              [
                86.91533187046909,
                27.90153072526162
              ],
              [
                86.91502702917168,
                27.90153053764847
              ],
              [
                86.91502688813618,
                27.901711085986022
              ],
              [
                86.91512850206668,
                27.9017111485986
              ],
              [
                86.91512836119287,
                27.90189169692717
              ],
              [
                86.91533158939522,
                27.90189182192774
              ],
              [
                86.91533165967043,
                27.901801547763455
              ],
              [
                86.91543327368177,
                27.901801610151452
              ],
              [
                86.91543320349639,
                27.901891884315738
              ],
              [
                86.91553481760656,
                27.901891946631867
              ],
              [
                86.91553474750202,
                27.901982220796153
              ],
              [
                86.91573797587505,
                27.901982345203837
              ],
              [
                86.9157379059502,
                27.902072619368123
              ],
              [
                86.91553467740648,
                27.90207249496044
              ],
              [
                86.91553453719743,
                27.902253043280027
              ],
              [
                86.91533130832136,
                27.902252918575897
              ],
              [
                86.91533137858758,
                27.902162644420596
              ],
              [
                86.91522976423488,
                27.902162581951753
              ],
              [
                86.91522969387881,
                27.902252856116036
              ],
              [
                86.91441677837449,
                27.902252353697282
              ],
              [
                86.91441684940428,
                27.902162079532996
              ],
              [
                86.91451846375698,
                27.90216214260371
              ],
              [
                86.91451853470592,
                27.902071868439428
              ],
              [
                86.9146201489688,
                27.902071931429294
              ],
              [
                86.91462007810968,
                27.90216220559358
              ],
              [
                86.91482330681508,
                27.902162331339753
              ],
              [
                86.91482337751249,
                27.90207205718445
              ],
              [
                86.91492499177537,
                27.90207211994974
              ],
              [
                86.91492506238295,
                27.901981845785457
              ],
              [
                86.91502667657396,
                27.90198190847888
              ],
              [
                86.9150267470917,
                27.901891634314595
              ],
              [
                86.91472190478818,
                27.901891446018727
              ],
              [
                86.91472197556645,
                27.90180117185444
              ],
              [
                86.9148235895778,
                27.901801234700578
              ],
              [
                86.91482373096363,
                27.901620686363025
              ],
              [
                86.91472211711398,
                27.901620623525872
              ],
              [
                86.91472218788326,
                27.901530349361586
              ],
              [
                86.91462057412345,
                27.901530286443585
              ],
              [
                86.91462092841002,
                27.90107891559521
              ],
              [
                86.91441770172582,
                27.901078789552592
              ],
              [
                86.91441748864544,
                27.901349612063413
              ],
              [
                86.9143158750563,
                27.901349548920834
              ],
              [
                86.91431601727757,
                27.90116900058328
              ],
              [
                86.91421440385014,
                27.901168937368833
              ],
              [
                86.91421461743359,
                27.900898114858013
              ],
              [
                86.9143162306005,
                27.900898178063475
              ],
              [
                86.9143163728128,
                27.900717629716937
              ],
              [
                86.91421475981656,
                27.900717566502493
              ],
              [
                86.91421483100804,
                27.900627292329222
              ],
              [
                86.91350354059128,
                27.900626847761973
              ],
              [
                86.91350368415105,
                27.900446299406454
              ],
              [
                86.91340207140632,
                27.900446235590135
              ],
              [
                86.91340199954111,
                27.900536509772387
              ],
              [
                86.91319877387201,
                27.90053638193314
              ],
              [
                86.91319884590791,
                27.900446107750888
              ],
              [
                86.9130972331632,
                27.900446043718972
              ],
              [
                86.9130973773967,
                27.900265495363453
              ],
              [
                86.91319898997972,
                27.90026555939537
              ],
              [
                86.91319906201562,
                27.900175285213116
              ],
              [
                86.91309744952243,
                27.900175221181204
              ],
              [
                86.91309752163919,
                27.900084946998952
              ],
              [
                86.91299590922684,
                27.90008488288619
              ],
              [
                86.91299583702924,
                27.900175157068443
              ],
              [
                86.91289422453606,
                27.9001750928928
              ],
              [
                86.91289415224863,
                27.900265367066066
              ],
              [
                86.91299576482265,
                27.90026543125069
              ],
              [
                86.91299562041849,
                27.90044597960621
              ],
              [
                86.91289400767376,
                27.900445915421585
              ],
              [
                86.91289393538634,
                27.900536189603837
              ],
              [
                86.91279232256076,
                27.900536125347344
              ],
              [
                86.91279217781522,
                27.90071667369388
              ],
              [
                86.91269056481897,
                27.90071660935654
              ],
              [
                86.9126906372681,
                27.900626335183272
              ],
              [
                86.91228418562449,
                27.90062607709729
              ],
              [
                86.91228425841497,
                27.900535802924022
              ],
              [
                86.91218264558941,
                27.900535738218373
              ],
              [
                86.91218293709272,
                27.900174641516315
              ],
              [
                86.9122845495859,
                27.900174706221968
              ],
              [
                86.91228462237639,
                27.900084432039716
              ],
              [
                86.91279268441114,
                27.900084754454053
              ],
              [
                86.9127928291477,
                27.899904206080567
              ],
              [
                86.91289444138937,
                27.89990427033706
              ],
              [
                86.91289458596422,
                27.899723721972556
              ],
              [
                86.91279297389325,
                27.899723657716066
              ],
              [
                86.91279319099809,
                27.899452835151344
              ],
              [
                86.912996414628,
                27.89945296358348
              ],
              [
                86.9129964868256,
                27.899362689392245
              ],
              [
                86.9130980985642,
                27.899362753496025
              ],
              [
                86.91309817068095,
                27.89927247930479
              ],
              [
                86.91319978232973,
                27.899272543336703
              ],
              [
                86.91319985435665,
                27.89918226914547
              ],
              [
                86.91299663122979,
                27.899182141009778
              ],
              [
                86.91299670342738,
                27.89909186680956
              ],
              [
                86.91309831490548,
                27.89909193091334
              ],
              [
                86.91309838701325,
                27.899001656722103
              ],
              [
                86.91319999841049,
                27.89900172075402
              ]
            ],
            [
              [
                86.91319999841049,
                27.89900172075402
              ],
              [
                86.91340322120497,
                27.89900184858428
              ],
              [
                86.9134030774925,
                27.899182396975736
              ],
              [
                86.91330146592458,
                27.899182333096533
              ],
              [
                86.91330153787065,
                27.8990920589053
              ],
              [
                86.91319992638357,
                27.899091994945252
              ],
              [
                86.91319999841049,
                27.89900172075402
              ]
            ],
            [
              [
                86.91757058839013,
                27.897289193013894
              ],
              [
                86.91767219819735,
                27.897289253740006
              ],
              [
                86.91767212988947,
                27.897379527976156
              ],
              [
                86.91757051999241,
                27.89737946724106
              ],
              [
                86.91757058839013,
                27.897289193013894
              ]
            ],
            [
              [
                86.92640868879815,
                27.90018297158496
              ],
              [
                86.92630707626903,
                27.90018291729079
              ],
              [
                86.92630713742633,
                27.900092643081585
              ],
              [
                86.92620552497806,
                27.900092588706563
              ],
              [
                86.92620546373092,
                27.900182862915763
              ],
              [
                86.9261038512018,
                27.900182808477858
              ],
              [
                86.9261037898828,
                27.900273082687058
              ],
              [
                86.92590056464489,
                27.9002729735687
              ],
              [
                86.92590062613458,
                27.900182699359497
              ],
              [
                86.92600223867268,
                27.9001827539591
              ],
              [
                86.9260023000815,
                27.9000924797499
              ],
              [
                86.92610391252978,
                27.900092534268655
              ],
              [
                86.92610403517676,
                27.89991198584127
              ],
              [
                86.92630725973196,
                27.8999120946542
              ],
              [
                86.92630719857465,
                27.9000023688634
              ],
              [
                86.92640881094208,
                27.900002423157577
              ],
              [
                86.92640868879815,
                27.90018297158496
              ]
            ],
            [
              [
                86.92986386431376,
                27.89964312767648
              ],
              [
                86.93006708838386,
                27.899643230937823
              ],
              [
                86.93006703035269,
                27.899733505164992
              ],
              [
                86.93016864247757,
                27.899733556683373
              ],
              [
                86.9301687004189,
                27.899643282456204
              ],
              [
                86.93037192449799,
                27.899643385277372
              ],
              [
                86.9303718089387,
                27.899823933722722
              ],
              [
                86.93027019673298,
                27.899823882357055
              ],
              [
                86.9302701388635,
                27.89991415657524
              ],
              [
                86.93016852657694,
                27.899914105128722
              ],
              [
                86.93016858452725,
                27.899823830910538
              ],
              [
                86.92986374791008,
                27.899823676121834
              ],
              [
                86.92986386431376,
                27.89964312767648
              ]
            ],
            [
              [
                86.93667066258062,
                27.901722731116546
              ],
              [
                86.93656904858726,
                27.901722684386186
              ],
              [
                86.93656910122853,
                27.901632410176983
              ],
              [
                86.93667071514106,
                27.901632456907347
              ],
              [
                86.93667066258062,
                27.901722731116546
              ]
            ],
            [
              [
                86.93687593357888,
                27.898202129250627
              ],
              [
                86.93687588119812,
                27.898292403504744
              ],
              [
                86.93677427041173,
                27.898292356927097
              ],
              [
                86.93677432287335,
                27.89820208267298
              ],
              [
                86.93687593357888,
                27.898202129250627
              ]
            ],
            [
              [
                86.9373819085757,
                27.9018133303452
              ],
              [
                86.93738196054323,
                27.901723056127015
              ],
              [
                86.93748357453661,
                27.90172310226449
              ],
              [
                86.93748352264993,
                27.90181337647369
              ],
              [
                86.9373819085757,
                27.9018133303452
              ]
            ],
            [
              [
                86.91299598142444,
                27.89999460870394
              ],
              [
                86.91299605363102,
                27.899904334521686
              ],
              [
                86.91309766587268,
                27.899904398625466
              ],
              [
                86.91309759375594,
                27.8999946728167
              ],
              [
                86.91299598142444,
                27.89999460870394
              ]
            ],
            [
              [
                86.91319913404254,
                27.900085011030864
              ],
              [
                86.91319920607845,
                27.899994736848612
              ],
              [
                86.91330081840096,
                27.89999480079968
              ],
              [
                86.91330089034702,
                27.899904526617426
              ],
              [
                86.91340250258868,
                27.89990459050561
              ],
              [
                86.91340235886722,
                27.900085138870114
              ],
              [
                86.91319913404254,
                27.900085011030864
              ]
            ],
            [
              [
                86.91319935014127,
                27.899814188475126
              ],
              [
                86.91319942217717,
                27.899723914292878
              ],
              [
                86.91340264631913,
                27.899724042132124
              ],
              [
                86.91340257445391,
                27.899814316314377
              ],
              [
                86.91319935014127,
                27.899814188475126
              ]
            ],
            [
              [
                86.91350454550066,
                27.89936300917452
              ],
              [
                86.91350476082683,
                27.899092186591833
              ],
              [
                86.91380959527908,
                27.899092377555696
              ],
              [
                86.91380945223135,
                27.899272925947148
              ],
              [
                86.91370784058257,
                27.899272862364395
              ],
              [
                86.91370776896888,
                27.89936313655563
              ],
              [
                86.91350454550066,
                27.89936300917452
              ]
            ],
            [
              [
                86.91391113532313,
                27.899182715257822
              ],
              [
                86.91391120676614,
                27.899092441057604
              ],
              [
                86.91411442973131,
                27.899092567845823
              ],
              [
                86.91411435845899,
                27.89918284204604
              ],
              [
                86.91391113532313,
                27.899182715257822
              ]
            ],
            [
              [
                86.91421653950489,
                27.898460711712644
              ],
              [
                86.91421661069639,
                27.898370437503445
              ],
              [
                86.91431822150074,
                27.898370500708907
              ],
              [
                86.91431815039908,
                27.89846077491811
              ],
              [
                86.91421653950489,
                27.898460711712644
              ]
            ],
            [
              [
                86.91431651503407,
                27.900537081352436
              ],
              [
                86.91431658613573,
                27.90044680717917
              ],
              [
                86.91451981163415,
                27.9004469333745
              ],
              [
                86.91451974070317,
                27.900537207547767
              ],
              [
                86.91431651503407,
                27.900537081352436
              ]
            ],
            [
              [
                86.91462213290708,
                27.899544254478972
              ],
              [
                86.91462234545746,
                27.899273431896283
              ],
              [
                86.91472395711521,
                27.899273494805303
              ],
              [
                86.91472402787551,
                27.899183220605085
              ],
              [
                86.91492725102034,
                27.899183346198544
              ],
              [
                86.91492710982314,
                27.899363894589996
              ],
              [
                86.91482549808454,
                27.899363831833693
              ],
              [
                86.91482542740509,
                27.899454106024926
              ],
              [
                86.91472381558565,
                27.899454043196755
              ],
              [
                86.91472374481636,
                27.89954431738799
              ],
              [
                86.91462213290708,
                27.899544254478972
              ]
            ],
            [
              [
                86.91472431093466,
                27.898822123804216
              ],
              [
                86.91472445246423,
                27.898641575394798
              ],
              [
                86.91482606352909,
                27.89864163822297
              ],
              [
                86.91482592217021,
                27.898822186632387
              ],
              [
                86.91472431093466,
                27.898822123804216
              ]
            ],
            [
              [
                86.91502829849118,
                27.899905602430827
              ],
              [
                86.91502836899996,
                27.899815328239594
              ],
              [
                86.91512998116076,
                27.89981539085217
              ],
              [
                86.91513005158868,
                27.899725116660935
              ],
              [
                86.91533327574861,
                27.899725241652522
              ],
              [
                86.91533313522514,
                27.899905790034992
              ],
              [
                86.91523152298349,
                27.89990572757513
              ],
              [
                86.91523145263642,
                27.899996001766365
              ],
              [
                86.91512984030493,
                27.899995939225654
              ],
              [
                86.91512991073284,
                27.899905665043402
              ],
              [
                86.91502829849118,
                27.899905602430827
              ]
            ],
            [
              [
                86.91523187470086,
                27.899454356609976
              ],
              [
                86.91523194504794,
                27.899364082409758
              ],
              [
                86.91533355678655,
                27.89936414486962
              ],
              [
                86.9153334865293,
                27.899454419069837
              ],
              [
                86.91523187470086,
                27.899454356609976
              ]
            ],
            [
              [
                86.91533383782448,
                27.89900304806875
              ],
              [
                86.91533390808172,
                27.89891277386853
              ],
              [
                86.91543551939812,
                27.898912836247543
              ],
              [
                86.91543544923071,
                27.899003110456746
              ],
              [
                86.91533383782448,
                27.89900304806875
              ]
            ],
            [
              [
                86.91553551858891,
                27.900989204926137
              ],
              [
                86.91553558868446,
                27.900898930752867
              ],
              [
                86.91563720186036,
                27.90089899298815
              ],
              [
                86.91563713184567,
                27.900989267161417
              ],
              [
                86.91553551858891,
                27.900989204926137
              ]
            ],
            [
              [
                86.91573916466956,
                27.900447684240312
              ],
              [
                86.91573923459443,
                27.90035741005806
              ],
              [
                86.91584084726728,
                27.90035747214063
              ],
              [
                86.91584077742327,
                27.900447746331864
              ],
              [
                86.91573916466956,
                27.900447684240312
              ]
            ],
            [
              [
                86.91573993383406,
                27.899454668145715
              ],
              [
                86.9157400736748,
                27.899274119754264
              ],
              [
                86.9159432969993,
                27.899274243838555
              ],
              [
                86.91594315749093,
                27.899454792238988
              ],
              [
                86.91573993383406,
                27.899454668145715
              ]
            ],
            [
              [
                86.91594399451417,
                27.898371501782478
              ],
              [
                86.91594406425936,
                27.89828122757328
              ],
              [
                86.91604567499185,
                27.89828128950313
              ],
              [
                86.91604581432055,
                27.898100741075748
              ],
              [
                86.91594420375874,
                27.89810067914589
              ],
              [
                86.91594434325812,
                27.897920130709526
              ],
              [
                86.91635078483164,
                27.89792037797979
              ],
              [
                86.91635085424446,
                27.897830103761606
              ],
              [
                86.91645246455474,
                27.897830165386033
              ],
              [
                86.91645253388671,
                27.89773989116785
              ],
              [
                86.91655414410717,
                27.897739952720414
              ],
              [
                86.91655407486502,
                27.89783022694758
              ],
              [
                86.91665568518428,
                27.897830288419296
              ],
              [
                86.91665554686169,
                27.898010836864646
              ],
              [
                86.91655393638074,
                27.89801077538395
              ],
              [
                86.91655386713859,
                27.898101049602133
              ],
              [
                86.91624903544418,
                27.89810086471088
              ],
              [
                86.91624875746051,
                27.89846196156565
              ],
              [
                86.91604553566316,
                27.898461837921534
              ],
              [
                86.91604560532751,
                27.898371563712335
              ],
              [
                86.91594399451417,
                27.898371501782478
              ]
            ],
            [
              [
                86.91604358489067,
                27.900989515365932
              ],
              [
                86.916043654564,
                27.90089924118368
              ],
              [
                86.9161452677399,
                27.900899303050654
              ],
              [
                86.91614519814742,
                27.90098957722392
              ],
              [
                86.91604358489067,
                27.900989515365932
              ]
            ],
            [
              [
                86.91624708943276,
                27.900628542290026
              ],
              [
                86.91624715893542,
                27.900538268107773
              ],
              [
                86.91634877177894,
                27.900538329822034
              ],
              [
                86.91634870235714,
                27.900628604004286
              ],
              [
                86.91624708943276,
                27.900628542290026
              ]
            ],
            [
              [
                86.91624854897051,
                27.898732784193253
              ],
              [
                86.9162486184642,
                27.89864250998405
              ],
              [
                86.91635022953804,
                27.89864257168933
              ],
              [
                86.91635016012522,
                27.89873284589853
              ],
              [
                86.91624854897051,
                27.898732784193253
              ]
            ],
            [
              [
                86.91645170194795,
                27.898823181741143
              ],
              [
                86.91645177127991,
                27.89873290753194
              ],
              [
                86.91655338243461,
                27.898732969084506
              ],
              [
                86.91655331318348,
                27.898823243293705
              ],
              [
                86.91645170194795,
                27.898823181741143
              ]
            ],
            [
              [
                86.91655296695481,
                27.89927461431276
              ],
              [
                86.91655303619696,
                27.89918434011254
              ],
              [
                86.91665464777387,
                27.89918440159324
              ],
              [
                86.91665457861257,
                27.89927467580244
              ],
              [
                86.91655296695481,
                27.89927461431276
              ]
            ],
            [
              [
                86.91665271109594,
                27.90171207881306
              ],
              [
                86.91665278026622,
                27.90162180463979
              ],
              [
                86.91685600797449,
                27.901621927394576
              ],
              [
                86.91685593897489,
                27.901712201567843
              ],
              [
                86.91665271109594,
                27.90171207881306
              ]
            ],
            [
              [
                86.91685669798842,
                27.90071918562596
              ],
              [
                86.91685676698802,
                27.900628911434726
              ],
              [
                86.91705999283678,
                27.900629033884083
              ],
              [
                86.91705992400787,
                27.900719308075317
              ],
              [
                86.91685669798842,
                27.90071918562596
              ]
            ],
            [
              [
                86.91705944218748,
                27.901351227324128
              ],
              [
                86.9170595110164,
                27.901260953150857
              ],
              [
                86.91716112453366,
                27.90126101426325
              ],
              [
                86.9171610557856,
                27.901351288445497
              ],
              [
                86.91705944218748,
                27.901351227324128
              ]
            ],
            [
              [
                86.91736709451104,
                27.897650168236773
              ],
              [
                86.91736716307047,
                27.897559894009607
              ],
              [
                86.9174687731382,
                27.897559954888433
              ],
              [
                86.91746870465064,
                27.897650229115598
              ],
              [
                86.91736709451104,
                27.897650168236773
              ]
            ],
            [
              [
                86.91767137842177,
                27.898372544412112
              ],
              [
                86.91767144673865,
                27.898282270202913
              ],
              [
                86.91777305748013,
                27.89828233085716
              ],
              [
                86.9177729892441,
                27.898372605075345
              ],
              [
                86.91767137842177,
                27.898372544412112
              ]
            ],
            [
              [
                86.91787391856852,
                27.89927540775872
              ],
              [
                86.9178740548699,
                27.8990948593493
              ],
              [
                86.91807727786201,
                27.899094980289487
              ],
              [
                86.91807720988649,
                27.899185254498686
              ],
              [
                86.9179755983006,
                27.899185194060035
              ],
              [
                86.91797553023525,
                27.899275468269234
              ],
              [
                86.91787391856852,
                27.89927540775872
              ]
            ],
            [
              [
                86.91797634701047,
                27.898192177722894
              ],
              [
                86.91797641507581,
                27.89810190350471
              ],
              [
                86.91807802564661,
                27.89810196394336
              ],
              [
                86.91807795767109,
                27.898192238161545
              ],
              [
                86.91797634701047,
                27.898192177722894
              ]
            ],
            [
              [
                86.91797702762801,
                27.89728943547817
              ],
              [
                86.91797709568438,
                27.897199161251002
              ],
              [
                86.91807870541076,
                27.897199221680673
              ],
              [
                86.91807863743524,
                27.89728949590784
              ],
              [
                86.91797702762801,
                27.89728943547817
              ]
            ],
            [
              [
                86.91827961926548,
                27.900268665536057
              ],
              [
                86.91827975489312,
                27.900088117144605
              ],
              [
                86.91838136732342,
                27.90008817735868
              ],
              [
                86.91838123185748,
                27.90026872574115
              ],
              [
                86.91827961926548,
                27.900268665536057
              ]
            ],
            [
              [
                86.91828043304929,
                27.89918537514243
              ],
              [
                86.91828050086312,
                27.899095100933227
              ],
              [
                86.91838211235917,
                27.89909516113832
              ],
              [
                86.9183820446262,
                27.89918543534752
              ],
              [
                86.91828043304929,
                27.89918537514243
              ]
            ],
            [
              [
                86.91848223559833,
                27.901081253568535
              ],
              [
                86.91848230325046,
                27.900990979386282
              ],
              [
                86.9185839165162,
                27.900991039447643
              ],
              [
                86.9185838489539,
                27.901081313629895
              ],
              [
                86.91848223559833,
                27.901081253568535
              ]
            ],
            [
              [
                86.91848467085022,
                27.8978313822529
              ],
              [
                86.91848473848438,
                27.897741108025734
              ],
              [
                86.91868795895223,
                27.89774122805862
              ],
              [
                86.91868789147976,
                27.89783150228579
              ],
              [
                86.91848467085022,
                27.8978313822529
              ]
            ],
            [
              [
                86.91868620459638,
                27.90008835754276
              ],
              [
                86.91868627207782,
                27.899998083351523
              ],
              [
                86.91888949675877,
                27.899998203096953
              ],
              [
                86.918889429448,
                27.90008847729717
              ],
              [
                86.91899104187831,
                27.9000885370531
              ],
              [
                86.91899090742747,
                27.900269085444556
              ],
              [
                86.91878768223448,
                27.90026896584286
              ],
              [
                86.91878781702668,
                27.900088417451407
              ],
              [
                86.91868620459638,
                27.90008835754276
              ]
            ],
            [
              [
                86.91878997350439,
                27.8971996425863
              ],
              [
                86.91879004088702,
                27.89710936835015
              ],
              [
                86.91889165053254,
                27.89710942818693
              ],
              [
                86.91889158323076,
                27.8971997024141
              ],
              [
                86.91878997350439,
                27.8971996425863
              ]
            ],
            [
              [
                86.91939782603333,
                27.899637404357094
              ],
              [
                86.91939789292189,
                27.899547130156876
              ],
              [
                86.91949950484016,
                27.899547189535514
              ],
              [
                86.91949943804144,
                27.899637463744718
              ],
              [
                86.91939782603333,
                27.899637404357094
              ]
            ],
            [
              [
                86.91949923762729,
                27.89990828634537
              ],
              [
                86.919499304435,
                27.89981801214515
              ],
              [
                86.91970252878357,
                27.89981813069582
              ],
              [
                86.91970246214655,
                27.89990840489604
              ],
              [
                86.91949923762729,
                27.89990828634537
              ]
            ],
            [
              [
                86.91950037325053,
                27.89837362477997
              ],
              [
                86.91950044004925,
                27.898283350561787
              ],
              [
                86.91960205079073,
                27.89828340986856
              ],
              [
                86.9196021175086,
                27.89819313565038
              ],
              [
                86.91970372816922,
                27.898193194885287
              ],
              [
                86.91970366154118,
                27.898283469103472
              ],
              [
                86.91980527228266,
                27.898283528266518
              ],
              [
                86.91980520573546,
                27.898373802484702
              ],
              [
                86.91970359490416,
                27.898373743321656
              ],
              [
                86.91970352827612,
                27.89846401753984
              ],
              [
                86.91960191736396,
                27.898463958313915
              ],
              [
                86.91960198408184,
                27.898373684086746
              ],
              [
                86.91950037325053,
                27.89837362477997
              ]
            ],
            [
              [
                86.91970379479727,
                27.898102920658122
              ],
              [
                86.91970386142532,
                27.898012646430956
              ],
              [
                86.91980547191527,
                27.898012705594
              ],
              [
                86.91980553846246,
                27.897922431366833
              ],
              [
                86.92000875927167,
                27.89792254945936
              ],
              [
                86.92000869289515,
                27.89801282368653
              ],
              [
                86.9199070824052,
                27.898012764676196
              ],
              [
                86.91990701594784,
                27.89810303890336
              ],
              [
                86.91970379479727,
                27.898102920658122
              ]
            ],
            [
              [
                86.91990515492604,
                27.90063071671607
              ],
              [
                86.91990528786772,
                27.900450168333602
              ],
              [
                86.92010851340207,
                27.900450286282396
              ],
              [
                86.92010844709742,
                27.900540560473633
              ],
              [
                86.92031167280244,
                27.900540678134966
              ],
              [
                86.92031160666848,
                27.900630952326203
              ],
              [
                86.91990515492604,
                27.90063071671607
              ]
            ],
            [
              [
                86.91990542080042,
                27.900269619942147
              ],
              [
                86.91990548726676,
                27.900179345741932
              ],
              [
                86.9200070997869,
                27.900179404761246
              ],
              [
                86.92000716616342,
                27.900089130561028
              ],
              [
                86.92010877859371,
                27.900089189499493
              ],
              [
                86.92010871229806,
                27.90017946369971
              ],
              [
                86.9202103248092,
                27.900179522557327
              ],
              [
                86.92021039102403,
                27.900089248366093
              ],
              [
                86.92031200346332,
                27.900089307151845
              ],
              [
                86.92031193732934,
                27.900179581352063
              ],
              [
                86.92051516236064,
                27.900179698698988
              ],
              [
                86.92051509639735,
                27.900269972899206
              ],
              [
                86.92041348379637,
                27.900269914257184
              ],
              [
                86.92041341775221,
                27.9003601884574
              ],
              [
                86.92021019237957,
                27.900360070948782
              ],
              [
                86.9202102585944,
                27.900269796757545
              ],
              [
                86.91990542080042,
                27.900269619942147
              ]
            ],
            [
              [
                86.92000769722046,
                27.899366936932335
              ],
              [
                86.92000776360597,
                27.899276662723135
              ],
              [
                86.9201093752727,
                27.8992767216616
              ],
              [
                86.92010930897703,
                27.899366995870803
              ],
              [
                86.92000769722046,
                27.899366936932335
              ]
            ],
            [
              [
                86.92000842738909,
                27.898373920577228
              ],
              [
                86.92000856014212,
                27.898193372131878
              ],
              [
                86.92021178146338,
                27.898193489927962
              ],
              [
                86.92021184766921,
                27.898103215700793
              ],
              [
                86.92041506881978,
                27.89810333319145
              ],
              [
                86.92041500278462,
                27.898193607418616
              ],
              [
                86.92051661344524,
                27.898193666051654
              ],
              [
                86.92051654749095,
                27.898283940278823
              ],
              [
                86.92061815823241,
                27.898283998831012
              ],
              [
                86.92061802649448,
                27.898464547276365
              ],
              [
                86.92092285923992,
                27.898464722510727
              ],
              [
                86.92092279361799,
                27.89855499672891
              ],
              [
                86.92071957162301,
                27.898554879983855
              ],
              [
                86.92071950583039,
                27.89864515420204
              ],
              [
                86.92061789474756,
                27.898645095721715
              ],
              [
                86.92061776300064,
                27.898825644158084
              ],
              [
                86.92071937425415,
                27.89882570263841
              ],
              [
                86.92071924267792,
                27.899006251074777
              ],
              [
                86.9208208541021,
                27.899006309483237
              ],
              [
                86.92082078839034,
                27.899096583692437
              ],
              [
                86.92092239989539,
                27.899096642029033
              ],
              [
                86.9209222686605,
                27.899277190456417
              ],
              [
                86.92071904530906,
                27.89927707371136
              ],
              [
                86.92071911110168,
                27.899186799493176
              ],
              [
                86.92041427633502,
                27.89918662380966
              ],
              [
                86.92041434237916,
                27.899096349600455
              ],
              [
                86.92031273087412,
                27.89909629088657
              ],
              [
                86.92031292924908,
                27.898825468249985
              ],
              [
                86.92010970675103,
                27.89882535059763
              ],
              [
                86.9201097730467,
                27.89873507638843
              ],
              [
                86.92031299537408,
                27.8987351940318
              ],
              [
                86.92031325987402,
                27.898374097150082
              ],
              [
                86.92000842738909,
                27.898373920577228
              ]
            ],
            [
              [
                86.92011096628788,
                27.89711014029942
              ],
              [
                86.92011103257457,
                27.89701986606327
              ],
              [
                86.92021264213925,
                27.89701992492089
              ],
              [
                86.9202125759334,
                27.89711019915704
              ],
              [
                86.92011096628788,
                27.89711014029942
              ]
            ],
            [
              [
                86.9204140782026,
                27.89945744643726
              ],
              [
                86.92041414424673,
                27.899367172228057
              ],
              [
                86.92061736775989,
                27.899367289431254
              ],
              [
                86.92061730188642,
                27.899457563640453
              ],
              [
                86.92071891373283,
                27.899457622129763
              ],
              [
                86.9207187821476,
                27.89963817053918
              ],
              [
                86.92061717013951,
                27.899638112049875
              ],
              [
                86.92061723601296,
                27.899547837849656
              ],
              [
                86.92051562408571,
                27.899547779288483
              ],
              [
                86.920515690049,
                27.899457505079283
              ],
              [
                86.9204140782026,
                27.89945744643726
              ]
            ],
            [
              [
                86.92061684075423,
                27.90008948306893
              ],
              [
                86.9206169066277,
                27.89999920886871
              ],
              [
                86.92071851897715,
                27.89999926735802
              ],
              [
                86.92071845318455,
                27.900089541558238
              ],
              [
                86.92061684075423,
                27.90008948306893
              ]
            ],
            [
              [
                86.92061881693108,
                27.897381256541376
              ],
              [
                86.92061894866902,
                27.897200708069075
              ],
              [
                86.92072055840438,
                27.8972007665494
              ],
              [
                86.92072042683712,
                27.8973813150217
              ],
              [
                86.92061881693108,
                27.897381256541376
              ]
            ],
            [
              [
                86.92072075574627,
                27.896929943831967
              ],
              [
                86.92072082152991,
                27.896839669586832
              ],
              [
                86.9208224309239,
                27.896839727995292
              ],
              [
                86.92082236523011,
                27.896930002240424
              ],
              [
                86.92072075574627,
                27.896929943831967
              ]
            ],
            [
              [
                86.92082019703838,
                27.89990905156626
              ],
              [
                86.92082026274116,
                27.899818777366043
              ],
              [
                86.92112509928647,
                27.899818952151247
              ],
              [
                86.92112503382624,
                27.89990922636045
              ],
              [
                86.92102342156662,
                27.899909168167586
              ],
              [
                86.92102335602553,
                27.899999442367804
              ],
              [
                86.92092174367608,
                27.899999384112057
              ],
              [
                86.92092180929801,
                27.899909109902854
              ],
              [
                86.92082019703838,
                27.89990905156626
              ]
            ],
            [
              [
                86.92092253113925,
                27.898916093601645
              ],
              [
                86.9209226623831,
                27.898735545165277
              ],
              [
                86.92102427354679,
                27.89873560343001
              ],
              [
                86.9210242080147,
                27.898825877648193
              ],
              [
                86.92112581926821,
                27.898825935832072
              ],
              [
                86.92112575381695,
                27.898916210050256
              ],
              [
                86.92092253113925,
                27.898916093601645
              ]
            ],
            [
              [
                86.92122762662395,
                27.898555171289537
              ],
              [
                86.92122769198537,
                27.898464897062368
              ],
              [
                86.92143091381865,
                27.898465013061823
              ],
              [
                86.92143084861894,
                27.898555287280004
              ],
              [
                86.92122762662395,
                27.898555171289537
              ]
            ],
            [
              [
                86.92133054319245,
                27.896749744660582
              ],
              [
                86.92133060847303,
                27.896659470415447
              ],
              [
                86.92143221769635,
                27.896659528365767
              ],
              [
                86.9214321525056,
                27.8967498026109
              ],
              [
                86.92133054319245,
                27.896749744660582
              ]
            ],
            [
              [
                86.92142928379863,
                27.900721868264892
              ],
              [
                86.92142934899834,
                27.900631594064674
              ],
              [
                86.92163257488305,
                27.90063170977667
              ],
              [
                86.92163250984501,
                27.9007219839679
              ],
              [
                86.92142928379863,
                27.900721868264892
              ]
            ],
            [
              [
                86.92163368044865,
                27.89909704829212
              ],
              [
                86.92163374547769,
                27.899006774073936
              ],
              [
                86.92183696832608,
                27.899006889471515
              ],
              [
                86.92183690345873,
                27.8990971636897
              ],
              [
                86.92163368044865,
                27.89909704829212
              ]
            ],
            [
              [
                86.92163563123012,
                27.896388821306424
              ],
              [
                86.92163569625018,
                27.896298547061292
              ],
              [
                86.92173730514112,
                27.89629860478703
              ],
              [
                86.92173724021089,
                27.896388879041147
              ],
              [
                86.92163563123012,
                27.896388821306424
              ]
            ],
            [
              [
                86.9218359953608,
                27.900361002591563
              ],
              [
                86.92183606022815,
                27.900270728391344
              ],
              [
                86.92193767283811,
                27.900270785982336
              ],
              [
                86.9219376080516,
                27.900361060182554
              ],
              [
                86.9218359953608,
                27.900361002591563
              ]
            ],
            [
              [
                86.92193728413709,
                27.900812431165676
              ],
              [
                86.92193741371008,
                27.900631882774224
              ],
              [
                86.92224225253712,
                27.900632055098047
              ],
              [
                86.92224218800214,
                27.90072232928928
              ],
              [
                86.92214057497895,
                27.900722271922866
              ],
              [
                86.92214051036314,
                27.900812546123085
              ],
              [
                86.92193728413709,
                27.900812431165676
              ]
            ],
            [
              [
                86.92204051463085,
                27.89855563347275
              ],
              [
                86.9220406440152,
                27.8983750850274
              ],
              [
                86.9222438656868,
                27.89837519982311
              ],
              [
                86.9222438011608,
                27.898465474050276
              ],
              [
                86.92234541208194,
                27.89846553133584
              ],
              [
                86.92234534764579,
                27.89855580556301
              ],
              [
                86.92204051463085,
                27.89855563347275
              ]
            ],
            [
              [
                86.9221418672055,
                27.89891678779275
              ],
              [
                86.92214199641916,
                27.89873623935638
              ],
              [
                86.92234521876449,
                27.89873635400836
              ],
              [
                86.9223450898832,
                27.89891690244473
              ],
              [
                86.9221418672055,
                27.89891678779275
              ]
            ],
            [
              [
                86.92214264248751,
                27.897833497084708
              ],
              [
                86.92214277169221,
                27.897652948621392
              ],
              [
                86.92224438184977,
                27.89765300597882
              ],
              [
                86.92224425281576,
                27.897833554451122
              ],
              [
                86.92214264248751,
                27.897833497084708
              ]
            ],
            [
              [
                86.9222423815891,
                27.90045150670659
              ],
              [
                86.92224244612406,
                27.900361232506377
              ],
              [
                86.9224456715057,
                27.900361347014623
              ],
              [
                86.92244560714141,
                27.90045162121484
              ],
              [
                86.9222423815891,
                27.90045150670659
              ]
            ],
            [
              [
                86.92234644306043,
                27.897021143584386
              ],
              [
                86.9223465074876,
                27.896930869339254
              ],
              [
                86.92244811698042,
                27.896930926552955
              ],
              [
                86.92244805262511,
                27.897021200798086
              ],
              [
                86.92234644306043,
                27.897021143584386
              ]
            ],
            [
              [
                86.92244541405752,
                27.90072244380651
              ],
              [
                86.92244554278611,
                27.900541895406075
              ],
              [
                86.92275038136161,
                27.900542066607002
              ],
              [
                86.92275031724886,
                27.90063234080722
              ],
              [
                86.92264870430651,
                27.9006322838181
              ],
              [
                86.9226486401129,
                27.900722558009335
              ],
              [
                86.92244541405752,
                27.90072244380651
              ]
            ],
            [
              [
                86.9224458002253,
                27.900180798605206
              ],
              [
                86.92244586458061,
                27.900090524404987
              ],
              [
                86.92264908945918,
                27.90009063860781
              ],
              [
                86.92264896107196,
                27.90027118701723
              ],
              [
                86.92254734847097,
                27.90027112994726
              ],
              [
                86.92254741274543,
                27.900180855747042
              ],
              [
                86.9224458002253,
                27.900180798605206
              ]
            ],
            [
              [
                86.92264992391324,
                27.898917073861252
              ],
              [
                86.92264998809786,
                27.898826799634083
              ],
              [
                86.92275159936035,
                27.898826856623206
              ],
              [
                86.92275153525658,
                27.89891713084139
              ],
              [
                86.92264992391324,
                27.898917073861252
              ]
            ],
            [
              [
                86.92315791685856,
                27.899007632270457
              ],
              [
                86.92315798062997,
                27.898917358043292
              ],
              [
                86.92346281466,
                27.898917527663183
              ],
              [
                86.9234627511491,
                27.899007801881368
              ],
              [
                86.92315791685856,
                27.899007632270457
              ]
            ],
            [
              [
                86.92336024933277,
                27.90027158437801
              ],
              [
                86.9233603129335,
                27.900181310177793
              ],
              [
                86.92346192545362,
                27.900181366645892
              ],
              [
                86.92346186194274,
                27.90027164084611
              ],
              [
                86.92336024933277,
                27.90027158437801
              ]
            ],
            [
              [
                86.92356341111368,
                27.90036197144256
              ],
              [
                86.92356347455271,
                27.900271697242346
              ],
              [
                86.92376669977264,
                27.90027180980125
              ],
              [
                86.9237666365043,
                27.90036208400147
              ],
              [
                86.92356341111368,
                27.90036197144256
              ]
            ],
            [
              [
                86.9236661006869,
                27.89882736613865
              ],
              [
                86.92366616403609,
                27.898737091920466
              ],
              [
                86.92376777520876,
                27.898737148155003
              ],
              [
                86.9237677119494,
                27.898827422382173
              ],
              [
                86.9236661006869,
                27.89882736613865
              ]
            ],
            [
              [
                86.92376733239323,
                27.89936906770026
              ],
              [
                86.92376739565258,
                27.899278793482075
              ],
              [
                86.92386900733729,
                27.899278849644745
              ],
              [
                86.92386894415877,
                27.89936912386293
              ],
              [
                86.92376733239323,
                27.89936906770026
              ]
            ],
            [
              [
                86.92387027079977,
                27.89747336506547
              ],
              [
                86.9238703339693,
                27.897383090820338
              ],
              [
                86.92397194388433,
                27.89738314690216
              ],
              [
                86.92397188079563,
                27.897473421147293
              ],
              [
                86.92387027079977,
                27.89747336506547
              ]
            ],
            [
              [
                86.92397068211068,
                27.89918863151737
              ],
              [
                86.92397080828803,
                27.899008083081
              ],
              [
                86.92407241972121,
                27.89900813909096
              ],
              [
                86.92407254573688,
                27.898827590645606
              ],
              [
                86.92437737952437,
                27.898827758235306
              ],
              [
                86.92437744227169,
                27.898737484017122
              ],
              [
                86.92458066463499,
                27.8987375953633
              ],
              [
                86.92458060204936,
                27.89882786959047
              ],
              [
                86.92478382457436,
                27.898827980649187
              ],
              [
                86.92478376215942,
                27.89891825486737
              ],
              [
                86.92427570542472,
                27.898917976677094
              ],
              [
                86.92427557974143,
                27.899098525113462
              ],
              [
                86.92407235671338,
                27.89909841330914
              ],
              [
                86.92407229370555,
                27.89918868753631
              ],
              [
                86.92397068211068,
                27.89918863151737
              ]
            ],
            [
              [
                86.92427520270952,
                27.899640170422565
              ],
              [
                86.92427532839281,
                27.8994596219862
              ],
              [
                86.9244785520946,
                27.899459733494073
              ],
              [
                86.92447842675267,
                27.89964028192146
              ],
              [
                86.92427520270952,
                27.899640170422565
              ]
            ],
            [
              [
                86.92437656371037,
                27.900001323053733
              ],
              [
                86.92437662646667,
                27.89991104884453
              ],
              [
                86.92457985101288,
                27.899911160199693
              ],
              [
                86.92457978842725,
                27.900001434417877
              ],
              [
                86.92437656371037,
                27.900001323053733
              ]
            ],
            [
              [
                86.92437706575183,
                27.899279129344194
              ],
              [
                86.92437712850814,
                27.89918885512601
              ],
              [
                86.92447874010301,
                27.899188910839523
              ],
              [
                86.92447880277847,
                27.89909863662134
              ],
              [
                86.92458041429249,
                27.89909869226299
              ],
              [
                86.92458028912124,
                27.899279240699354
              ],
              [
                86.92468190080594,
                27.89927929626914
              ],
              [
                86.92468183830117,
                27.899369570487323
              ],
              [
                86.92447861477005,
                27.899369459275892
              ],
              [
                86.92447867743654,
                27.899279185057708
              ],
              [
                86.92437706575183,
                27.899279129344194
              ]
            ],
            [
              [
                86.92447980545104,
                27.897654248932767
              ],
              [
                86.92447986811752,
                27.897563974696617
              ],
              [
                86.92458147820321,
                27.89756403032928
              ],
              [
                86.92458141561758,
                27.897654304574413
              ],
              [
                86.92447980545104,
                27.897654248932767
              ]
            ],
            [
              [
                86.92458204141096,
                27.896751562114098
              ],
              [
                86.9245821039876,
                27.89666128785998
              ],
              [
                86.92468371322889,
                27.89666134342078
              ],
              [
                86.92468365074208,
                27.896751617665913
              ],
              [
                86.92458204141096,
                27.896751562114098
              ]
            ],
            [
              [
                86.9246810882618,
                27.900452861015697
              ],
              [
                86.92468115076657,
                27.900362586806498
              ],
              [
                86.92478276346638,
                27.900362642304415
              ],
              [
                86.92478282588132,
                27.900272368095216
              ],
              [
                86.92498605111025,
                27.900272478857488
              ],
              [
                86.92498592660375,
                27.90045302726691
              ],
              [
                86.9246810882618,
                27.900452861015697
              ]
            ],
            [
              [
                86.92498785629277,
                27.89765452636846
              ],
              [
                86.92498804302558,
                27.897383703642042
              ],
              [
                86.9250896529406,
                27.897383758897416
              ],
              [
                86.92508946645933,
                27.897654581632814
              ],
              [
                86.92498785629277,
                27.89765452636846
              ]
            ],
            [
              [
                86.9250880988911,
                27.899640614648458
              ],
              [
                86.9250881610545,
                27.899550340430274
              ],
              [
                86.92518977299973,
                27.899550395622764
              ],
              [
                86.92518983507331,
                27.89946012140458
              ],
              [
                86.92539305878408,
                27.899460231564984
              ],
              [
                86.92539299687219,
                27.899550505783168
              ],
              [
                86.92529138493596,
                27.89955045074339
              ],
              [
                86.92529132293424,
                27.899640724961575
              ],
              [
                86.9250880988911,
                27.899640614648458
              ]
            ],
            [
              [
                86.92509015019404,
                27.896661564900413
              ],
              [
                86.92509021234848,
                27.896571290646296
              ],
              [
                86.92519182150892,
                27.896571345829805
              ],
              [
                86.92519175943534,
                27.896661620092907
              ],
              [
                86.92509015019404,
                27.896661564900413
              ]
            ],
            [
              [
                86.92519026963333,
                27.898828201850343
              ],
              [
                86.92519039378949,
                27.898647653396008
              ],
              [
                86.92529200489028,
                27.898647708516634
              ],
              [
                86.92529194288856,
                27.898737982743803
              ],
              [
                86.92539355407021,
                27.89873803778358
              ],
              [
                86.92539343025541,
                27.898918586237915
              ],
              [
                86.92529181890309,
                27.898918531198134
              ],
              [
                86.92529188089583,
                27.89882825697097
              ],
              [
                86.92519026963333,
                27.898828201850343
              ]
            ],
            [
              [
                86.92549436150223,
                27.89991165760585
              ],
              [
                86.92549442333326,
                27.89982138339665
              ],
              [
                86.92579925991453,
                27.89982154785123
              ],
              [
                86.92579919833501,
                27.899911822060428
              ],
              [
                86.92549436150223,
                27.89991165760585
              ]
            ],
            [
              [
                86.92549504160775,
                27.898918641196843
              ],
              [
                86.92549510342981,
                27.898828366969674
              ],
              [
                86.9255967146923,
                27.898828421865723
              ],
              [
                86.92559683817473,
                27.898647873411388
              ],
              [
                86.92569844927552,
                27.898647928226588
              ],
              [
                86.92569832596378,
                27.898828476680922
              ],
              [
                86.92579993722627,
                27.898828531415273
              ],
              [
                86.92579987565574,
                27.898918805642438
              ],
              [
                86.92590148700808,
                27.898918860313906
              ],
              [
                86.92590142551839,
                27.899009134541075
              ],
              [
                86.92569820264306,
                27.899009025135257
              ],
              [
                86.92569826430342,
                27.898918750908088
              ],
              [
                86.92549504160775,
                27.898918641196843
              ]
            ],
            [
              [
                86.92549535072702,
                27.89846727006101
              ],
              [
                86.92549547438011,
                27.898286721588708
              ],
              [
                86.925698695899,
                27.898286831299952
              ],
              [
                86.92569857258727,
                27.898467379763268
              ],
              [
                86.92549535072702,
                27.89846727006101
              ]
            ],
            [
              [
                86.92559825814169,
                27.89657156582722
              ],
              [
                86.92559831987391,
                27.89648129156412
              ],
              [
                86.92569992894452,
                27.896481346379318
              ],
              [
                86.92569986729315,
                27.896571620633434
              ],
              [
                86.92559825814169,
                27.89657156582722
              ]
            ],
            [
              [
                86.92569900417385,
                27.89783546011022
              ],
              [
                86.92569906582523,
                27.897745185865084
              ],
              [
                86.92580067608162,
                27.89774524060842
              ],
              [
                86.92580073765214,
                27.897654966363284
              ],
              [
                86.92590234781869,
                27.89765502102577
              ],
              [
                86.92590222484831,
                27.897835569507052
              ],
              [
                86.92569900417385,
                27.89783546011022
              ]
            ],
            [
              [
                86.9259024092994,
                27.897564746780635
              ],
              [
                86.92590247078908,
                27.897474472535503
              ],
              [
                86.92610569078981,
                27.897474581635894
              ],
              [
                86.92610562947979,
                27.897564855881026
              ],
              [
                86.9259024092994,
                27.897564746780635
              ]
            ],
            [
              [
                86.92600303695157,
                27.899009189131693
              ],
              [
                86.92600309836041,
                27.898918914904527
              ],
              [
                86.92620632106507,
                27.898919023861186
              ],
              [
                86.92620638229423,
                27.89882874963402
              ],
              [
                86.92630799356571,
                27.89882880400006
              ],
              [
                86.92630793241739,
                27.898919078227227
              ],
              [
                86.92640954376972,
                27.89891913251242
              ],
              [
                86.92640948270224,
                27.899009406739587
              ],
              [
                86.92630787126008,
                27.899009352454396
              ],
              [
                86.92630781011177,
                27.89909962667258
              ],
              [
                86.92610458706575,
                27.89909951786863
              ],
              [
                86.92610464839373,
                27.899009243641466
              ],
              [
                86.92600303695157,
                27.899009189131693
              ]
            ],
            [
              [
                86.9261062426159,
                27.896662113384778
              ],
              [
                86.9261063039349,
                27.896571839121677
              ],
              [
                86.92620791309534,
                27.896571893559585
              ],
              [
                86.92620785186617,
                27.8966621678137
              ],
              [
                86.9261062426159,
                27.896662113384778
              ]
            ],
            [
              [
                86.92620772940784,
                27.896842716330916
              ],
              [
                86.92620779063701,
                27.8967524420768
              ],
              [
                86.92630939996812,
                27.89675249643386
              ],
              [
                86.92630933881979,
                27.896842770687975
              ],
              [
                86.92620772940784,
                27.896842716330916
              ]
            ],
            [
              [
                86.92620809677386,
                27.896301070779266
              ],
              [
                86.92620815800304,
                27.89621079651617
              ],
              [
                86.92630976682211,
                27.89621085088221
              ],
              [
                86.92630982797044,
                27.896120576619108
              ],
              [
                86.92641143670866,
                27.896120630904303
              ],
              [
                86.92641131459169,
                27.896301179430502
              ],
              [
                86.92620809677386,
                27.896301070779266
              ]
            ],
            [
              [
                86.92620840291073,
                27.895849699463767
              ],
              [
                86.92620846413092,
                27.895759425191684
              ],
              [
                86.92631007253678,
                27.895759479548744
              ],
              [
                86.92631001139743,
                27.895849753820826
              ],
              [
                86.92620840291073,
                27.895849699463767
              ]
            ],
            [
              [
                86.92763074159438,
                27.896121276469596
              ],
              [
                86.92763080164676,
                27.8960310022065
              ],
              [
                86.92783401896153,
                27.896031108755672
              ],
              [
                86.92783395907983,
                27.896121383018773
              ],
              [
                86.92763074159438,
                27.896121276469596
              ]
            ],
            [
              [
                86.92773055134846,
                27.898829557255393
              ],
              [
                86.92773061131999,
                27.898739283019243
              ],
              [
                86.92783222250164,
                27.89873933626239
              ],
              [
                86.92783228239232,
                27.89864906202624
              ],
              [
                86.92823872680451,
                27.898649274244242
              ],
              [
                86.92823878635383,
                27.898559000008092
              ],
              [
                86.92844200840271,
                27.898559105667935
              ],
              [
                86.92844188963645,
                27.898739654140236
              ],
              [
                86.92823866726417,
                27.898739548480393
              ],
              [
                86.92823854816552,
                27.89892009694371
              ],
              [
                86.9280353254429,
                27.898919990987423
              ],
              [
                86.9280353851629,
                27.898829716751273
              ],
              [
                86.92773055134846,
                27.898829557255393
              ]
            ],
            [
              [
                86.92793359448888,
                27.899100486351323
              ],
              [
                86.92793365428973,
                27.899010212124157
              ],
              [
                86.92813687717404,
                27.899010318233156
              ],
              [
                86.92813681753489,
                27.899100592460325
              ],
              [
                86.92793359448888,
                27.899100486351323
              ]
            ],
            [
              [
                86.92813902380621,
                27.89576044520174
              ],
              [
                86.92813908343638,
                27.89567017092966
              ],
              [
                86.9282406917524,
                27.895670223858396
              ],
              [
                86.92824075129275,
                27.895579949586313
              ],
              [
                86.92844396777207,
                27.895580055237172
              ],
              [
                86.92844390840241,
                27.895670329509255
              ],
              [
                86.92834230007742,
                27.89567027672425
              ],
              [
                86.9283422406269,
                27.895760550996332
              ],
              [
                86.92813902380621,
                27.89576044520174
              ]
            ],
            [
              [
                86.92824051314038,
                27.895941046674643
              ],
              [
                86.92824057268072,
                27.89585077240256
              ],
              [
                86.92834218116742,
                27.895850825268415
              ],
              [
                86.92834212171691,
                27.895941099540497
              ],
              [
                86.92824051314038,
                27.895941046674643
              ]
            ],
            [
              [
                86.92905267534447,
                27.89702475863865
              ],
              [
                86.92905273421106,
                27.896934484384534
              ],
              [
                86.92915434371287,
                27.89693453664852
              ],
              [
                86.92915428492711,
                27.897024810911617
              ],
              [
                86.92905267534447,
                27.89702475863865
              ]
            ],
            [
              [
                86.92905308741965,
                27.896392838814922
              ],
              [
                86.92905314628625,
                27.896302564542836
              ],
              [
                86.92915475520414,
                27.89630261680682
              ],
              [
                86.9291546964184,
                27.896392891078904
              ],
              [
                86.92905308741965,
                27.896392838814922
              ]
            ],
            [
              [
                86.92905332288605,
                27.896031741735573
              ],
              [
                86.92905338175265,
                27.895941467472472
              ],
              [
                86.92915499032918,
                27.895941519727472
              ],
              [
                86.92915493154344,
                27.896031793999555
              ],
              [
                86.92905332288605,
                27.896031741735573
              ]
            ],
            [
              [
                86.9292561293204,
                27.896663766051336
              ],
              [
                86.92925618801631,
                27.89657349178824
              ],
              [
                86.92935779718573,
                27.89657354390849
              ],
              [
                86.92935773857066,
                27.89666381817159
              ],
              [
                86.9292561293204,
                27.896663766051336
              ]
            ],
            [
              [
                86.92935762134051,
                27.896844366688807
              ],
              [
                86.92935767995559,
                27.89675409243469
              ],
              [
                86.92945928929569,
                27.896754144474095
              ],
              [
                86.92945923076147,
                27.89684441872821
              ],
              [
                86.92935762134051,
                27.896844366688807
              ]
            ],
            [
              [
                86.92956119086674,
                27.89630282510817
              ],
              [
                86.92956124931112,
                27.896212550845068
              ],
              [
                86.9296628581392,
                27.89621260273176
              ],
              [
                86.92966279977564,
                27.89630287699486
              ],
              [
                86.92956119086674,
                27.89630282510817
              ]
            ],
            [
              [
                86.92996809138953,
                27.89558083802911
              ],
              [
                86.92996814949255,
                27.895490563748044
              ],
              [
                86.93006975764688,
                27.895490615338293
              ],
              [
                86.9300696996247,
                27.895580889610375
              ],
              [
                86.92996809138953,
                27.89558083802911
              ]
            ],
            [
              [
                86.9300692934694,
                27.896212809532923
              ],
              [
                86.9300693514916,
                27.89612253526084
              ],
              [
                86.9301709602388,
                27.896122586770236
              ],
              [
                86.93017090230646,
                27.89621286104232
              ],
              [
                86.9300692934694,
                27.896212809532923
              ]
            ],
            [
              [
                86.93016991730374,
                27.8977475234701
              ],
              [
                86.93016997524508,
                27.897657249215982
              ],
              [
                86.9302715854296,
                27.897657300662498
              ],
              [
                86.9302715275691,
                27.897747574907633
              ],
              [
                86.93016991730374,
                27.8977475234701
              ]
            ],
            [
              [
                86.9304741711838,
                27.898650420018438
              ],
              [
                86.93047428656341,
                27.898469871537156
              ],
              [
                86.9305758975115,
                27.89846992275909
              ],
              [
                86.93057583990254,
                27.89856019699524
              ],
              [
                86.93067745093148,
                27.89856024813633
              ],
              [
                86.93067739340337,
                27.898650522381466
              ],
              [
                86.9304741711838,
                27.898650420018438
              ]
            ],
            [
              [
                86.93108595360856,
                27.895310578519428
              ],
              [
                86.93108601078632,
                27.89522030422938
              ],
              [
                86.9312892266009,
                27.89522040568511
              ],
              [
                86.93128916959381,
                27.895310679966173
              ],
              [
                86.93108595360856,
                27.895310578519428
              ]
            ],
            [
              [
                86.93118613417819,
                27.897567486013433
              ],
              [
                86.9311861912841,
                27.89747721175033
              ],
              [
                86.93128780129794,
                27.897477262442262
              ],
              [
                86.93128774428187,
                27.897567536705363
              ],
              [
                86.93118613417819,
                27.897567486013433
              ]
            ],
            [
              [
                86.93138929745031,
                27.89765786157056
              ],
              [
                86.93138935438554,
                27.897567587316445
              ],
              [
                86.93149096448921,
                27.897567637864647
              ],
              [
                86.93149090763484,
                27.897657912118763
              ],
              [
                86.93138929745031,
                27.89765786157056
              ]
            ],
            [
              [
                86.93179398364389,
                27.900456564616903
              ],
              [
                86.93179404024674,
                27.90036629039872
              ],
              [
                86.9318956529645,
                27.90036634064149
              ],
              [
                86.9318955964425,
                27.900456614859674
              ],
              [
                86.93179398364389,
                27.900456564616903
              ]
            ],
            [
              [
                86.93179653049349,
                27.89639422362183
              ],
              [
                86.93179658708735,
                27.896303949349747
              ],
              [
                86.93189819600525,
                27.896303999583537
              ],
              [
                86.93189813950121,
                27.89639427385562
              ],
              [
                86.93179653049349,
                27.89639422362183
              ]
            ],
            [
              [
                86.93230317122278,
                27.89865133049691
              ],
              [
                86.93230322739443,
                27.898561056251776
              ],
              [
                86.93240483842337,
                27.89856110612624
              ],
              [
                86.93240478233257,
                27.898651380371376
              ],
              [
                86.93230317122278,
                27.89865133049691
              ]
            ],
            [
              [
                86.9325071215179,
                27.897477864906392
              ],
              [
                86.93250717752785,
                27.897387590652276
              ],
              [
                86.93260878746085,
                27.897387640374028
              ],
              [
                86.93260873154072,
                27.897477914628144
              ],
              [
                86.9325071215179,
                27.897477864906392
              ]
            ],
            [
              [
                86.93250751354269,
                27.896845945073675
              ],
              [
                86.93250756954366,
                27.896755670810577
              ],
              [
                86.93260917888377,
                27.896755720523345
              ],
              [
                86.93260912297262,
                27.896845994795427
              ],
              [
                86.93250751354269,
                27.896845945073675
              ]
            ],
            [
              [
                86.93281295504946,
                27.89585307699449
              ],
              [
                86.93281306654835,
                27.895672528432357
              ],
              [
                86.93291467488234,
                27.895672577920546
              ],
              [
                86.93291456355412,
                27.895853126482677
              ],
              [
                86.93281295504946,
                27.89585307699449
              ]
            ],
            [
              [
                86.93291239255066,
                27.899373822510007
              ],
              [
                86.93291244821926,
                27.899283548273857
              ],
              [
                86.93301405993091,
                27.899283597699164
              ],
              [
                86.93301400434316,
                27.899373871935314
              ],
              [
                86.93291239255066,
                27.899373822510007
              ]
            ],
            [
              [
                86.93301578300742,
                27.89648509583053
              ],
              [
                86.93301589416495,
                27.896304547286366
              ],
              [
                86.93311750309184,
                27.896304596630824
              ],
              [
                86.93311739210498,
                27.896485145174992
              ],
              [
                86.93301578300742,
                27.89648509583053
              ]
            ],
            [
              [
                86.93311506108462,
                27.900276663560426
              ],
              [
                86.93311511659152,
                27.90018638934224
              ],
              [
                86.93321672914759,
                27.900186438614835
              ],
              [
                86.93321667372153,
                27.900276712842004
              ],
              [
                86.93311506108462,
                27.900276663560426
              ]
            ],
            [
              [
                86.9332173387623,
                27.899193422080064
              ],
              [
                86.93321739417938,
                27.899103147843913
              ],
              [
                86.93331900572035,
                27.899103197044642
              ],
              [
                86.93331895038413,
                27.899193471280793
              ],
              [
                86.9332173387623,
                27.899193422080064
              ]
            ],
            [
              [
                86.93332116354553,
                27.895582500846636
              ],
              [
                86.93332121887276,
                27.89549222656557
              ],
              [
                86.93342282703608,
                27.895492275676464
              ],
              [
                86.93342277179867,
                27.895582549966516
              ],
              [
                86.93332116354553,
                27.895582500846636
              ]
            ],
            [
              [
                86.93341973323824,
                27.900547633826147
              ],
              [
                86.93341978849361,
                27.900457359607962
              ],
              [
                86.93352140129223,
                27.900457408655978
              ],
              [
                86.93352134612668,
                27.90054768287416
              ],
              [
                86.93341973323824,
                27.900547633826147
              ]
            ],
            [
              [
                86.93352371816412,
                27.896665890333423
              ],
              [
                86.93352377332967,
                27.89657561606134
              ],
              [
                86.93362538250807,
                27.896575665028507
              ],
              [
                86.93362532743237,
                27.89666593930059
              ],
              [
                86.93352371816412,
                27.896665890333423
              ]
            ],
            [
              [
                86.93392905875344,
                27.89847157094306
              ],
              [
                86.93392911357762,
                27.898381296697927
              ],
              [
                86.93403072444485,
                27.898381345368648
              ],
              [
                86.93403066970153,
                27.898471619622764
              ],
              [
                86.93392905875344,
                27.89847157094306
              ]
            ],
            [
              [
                86.93413173406968,
                27.899374410637023
              ],
              [
                86.93413178873216,
                27.899284136400873
              ],
              [
                86.93423340043483,
                27.899284184927865
              ],
              [
                86.93423334586218,
                27.899374459164015
              ],
              [
                86.93413173406968,
                27.899374410637023
              ]
            ],
            [
              [
                86.93464147431908,
                27.896576150585883
              ],
              [
                86.93464158277268,
                27.896395602032733
              ],
              [
                86.9347431917894,
                27.896395650182434
              ],
              [
                86.93474308349748,
                27.8965761987266
              ],
              [
                86.93464147431908,
                27.896576150585883
              ]
            ],
            [
              [
                86.93464190815146,
                27.89585395635532
              ],
              [
                86.93464196238276,
                27.895763682074254
              ],
              [
                86.93474357080657,
                27.89576373021497
              ],
              [
                86.93474351665613,
                27.895854004496037
              ],
              [
                86.93464190815146,
                27.89585395635532
              ]
            ],
            [
              [
                86.93514978927449,
                27.89612501916548
              ],
              [
                86.93514984308358,
                27.896034744884414
              ],
              [
                86.93525145175893,
                27.89603479265682
              ],
              [
                86.93525139803069,
                27.896125066937888
              ],
              [
                86.93514978927449,
                27.89612501916548
              ]
            ],
            [
              [
                86.93555328306233,
                27.901090293476937
              ],
              [
                86.93555339003372,
                27.90090974504057
              ],
              [
                86.93565500326352,
                27.90090979251653
              ],
              [
                86.93565489646282,
                27.901090340952898
              ],
              [
                86.93555328306233,
                27.901090293476937
              ]
            ],
            [
              [
                86.93565617799042,
                27.89892375942004
              ],
              [
                86.93565623138628,
                27.898833485174904
              ],
              [
                86.93575784267573,
                27.89883353257002
              ],
              [
                86.9357577893697,
                27.898923806815155
              ],
              [
                86.93565617799042,
                27.89892375942004
              ]
            ],
            [
              [
                86.93565729921366,
                27.897028000011726
              ],
              [
                86.93565735260053,
                27.896937725748625
              ],
              [
                86.9357589621203,
                27.89693777314374
              ],
              [
                86.93575890881426,
                27.89702804740684
              ],
              [
                86.93565729921366,
                27.897028000011726
              ]
            ],
            [
              [
                86.93575656317832,
                27.90100011413881
              ],
              [
                86.93575666980834,
                27.900819565702445
              ],
              [
                86.93595989610625,
                27.90081966028606
              ],
              [
                86.93595978981759,
                27.90100020872243
              ],
              [
                86.93575656317832,
                27.90100011413881
              ]
            ],
            [
              [
                86.93586131669377,
                27.895673980550033
              ],
              [
                86.93586136990997,
                27.89558370625998
              ],
              [
                86.9359629781721,
                27.895583753502383
              ],
              [
                86.93596292503675,
                27.89567402779243
              ],
              [
                86.93586131669377,
                27.895673980550033
              ]
            ],
            [
              [
                86.93596218116882,
                27.89693786770939
              ],
              [
                86.93596223430416,
                27.896847593437307
              ],
              [
                86.93606384374309,
                27.89684764059886
              ],
              [
                86.93606379068858,
                27.896937914879924
              ],
              [
                86.93596218116882,
                27.89693786770939
              ]
            ],
            [
              [
                86.93606331321604,
                27.897750383274772
              ],
              [
                86.93606336627055,
                27.897660109011674
              ],
              [
                86.93616497646404,
                27.897660156110344
              ],
              [
                86.93616492349938,
                27.897750430373442
              ],
              [
                86.93606331321604,
                27.897750383274772
              ]
            ],
            [
              [
                86.93626457687472,
                27.90109062425459
              ],
              [
                86.93626473555314,
                27.900819801591055
              ],
              [
                86.9363663487021,
                27.900819848545993
              ],
              [
                86.93636640151405,
                27.90072957432781
              ],
              [
                86.93646801457318,
                27.9007296212019
              ],
              [
                86.93646796185105,
                27.90081989542907
              ],
              [
                86.93656957500001,
                27.900819942231294
              ],
              [
                86.93656941708517,
                27.901090764885847
              ],
              [
                86.93626457687472,
                27.90109062425459
              ]
            ],
            [
              [
                86.93626748566453,
                27.896125540493774
              ],
              [
                86.93626753854835,
                27.896035266212706
              ],
              [
                86.93636914723268,
                27.896035313158663
              ],
              [
                86.93636909442971,
                27.89612558743973
              ],
              [
                86.93626748566453,
                27.896125540493774
              ]
            ],
            [
              [
                86.93667244941956,
                27.89865340729405
              ],
              [
                86.936672501971,
                27.898563133039932
              ],
              [
                86.9367741130179,
                27.898563179689447
              ],
              [
                86.93677406054731,
                27.898653453943563
              ],
              [
                86.93667244941956,
                27.89865340729405
              ]
            ],
            [
              [
                86.93677579178951,
                27.895674403036693
              ],
              [
                86.93677584424213,
                27.895584128746645
              ],
              [
                86.93687745250426,
                27.895584175315307
              ],
              [
                86.93687740013249,
                27.895674449605355
              ],
              [
                86.93677579178951,
                27.895674403036693
              ]
            ],
            [
              [
                86.93717982736926,
                27.8998272049558
              ],
              [
                86.93717993162772,
                27.899646656483498
              ],
              [
                86.93758637985775,
                27.899646841141188
              ],
              [
                86.93758632806089,
                27.899737115377338
              ],
              [
                86.93768794020374,
                27.899737161353112
              ],
              [
                86.93768788848773,
                27.899827435589263
              ],
              [
                86.93758627626403,
                27.899827389613485
              ],
              [
                86.93758622446718,
                27.899917663849635
              ],
              [
                86.93748461216263,
                27.899917617801997
              ],
              [
                86.93748456028493,
                27.900007892029162
              ],
              [
                86.93738294789055,
                27.90000784590067
              ],
              [
                86.9373829998491,
                27.899917571673505
              ],
              [
                86.93728138754456,
                27.89991752546417
              ],
              [
                86.93728143959295,
                27.899827251237
              ],
              [
                86.93717982736926,
                27.8998272049558
              ]
            ],
            [
              [
                86.93748673899593,
                27.89621637316762
              ],
              [
                86.93748684273338,
                27.896035824596506
              ],
              [
                86.93758845141771,
                27.896035870644145
              ],
              [
                86.93758834784197,
                27.89621641921526
              ],
              [
                86.93748673899593,
                27.89621637316762
              ]
            ],
            [
              [
                86.9379950404856,
                27.895765231209978
              ],
              [
                86.93799509193212,
                27.89567495691993
              ],
              [
                86.93809670028408,
                27.89567500259028
              ],
              [
                86.93809664891842,
                27.89576527688033
              ],
              [
                86.9379950404856,
                27.895765231209978
              ]
            ],
            [
              [
                86.93809449150646,
                27.899556796038315
              ],
              [
                86.9380945428811,
                27.899466521793183
              ],
              [
                86.93819615477243,
                27.899466567400648
              ],
              [
                86.93819620605724,
                27.899376293155516
              ],
              [
                86.93829781785874,
                27.899376338682135
              ],
              [
                86.93829771545977,
                27.899556887163417
              ],
              [
                86.93809449150646,
                27.899556796038315
              ]
            ],
            [
              [
                86.9195000392569,
                27.898824995861908
              ],
              [
                86.91939842800339,
                27.89882493648327
              ],
              [
                86.91939849489195,
                27.898734662265085
              ],
              [
                86.91950010605564,
                27.89873472165271
              ],
              [
                86.9195000392569,
                27.898824995861908
              ]
            ],
            [
              [
                86.92193799674365,
                27.899819414963282
              ],
              [
                86.92203960892243,
                27.89981947248241
              ],
              [
                86.92203954422577,
                27.899909746682628
              ],
              [
                86.92193793195715,
                27.899909689172482
              ],
              [
                86.92193799674365,
                27.899819414963282
              ]
            ],
            [
              [
                86.92915328555135,
                27.89855947311482
              ],
              [
                86.92905167453141,
                27.898559420850837
              ],
              [
                86.929051733407,
                27.898469146614687
              ],
              [
                86.92915334434609,
                27.89846919887867
              ],
              [
                86.92915328555135,
                27.89855947311482
              ]
            ],
            [
              [
                86.92559646772746,
                27.899189518765407
              ],
              [
                86.92569807933133,
                27.899189573580607
              ],
              [
                86.9256979560106,
                27.899370122016975
              ],
              [
                86.92579956778513,
                27.899370176760307
              ],
              [
                86.92579944463509,
                27.899550725196676
              ],
              [
                86.92590105658032,
                27.899550779868143
              ],
              [
                86.92590099509063,
                27.899641054086327
              ],
              [
                86.92600260711669,
                27.89964110867695
              ],
              [
                86.92600279133421,
                27.899370286022396
              ],
              [
                86.92620601488328,
                27.899370394979055
              ],
              [
                86.9262061373506,
                27.899189846533705
              ],
              [
                86.92630774896344,
                27.899189900899746
              ],
              [
                86.92630768780614,
                27.899280175126915
              ],
              [
                86.92640929949982,
                27.899280229412106
              ],
              [
                86.9264093605673,
                27.899189955193922
              ],
              [
                86.92661258377501,
                27.899190063548712
              ],
              [
                86.92661252287822,
                27.899280337775878
              ],
              [
                86.92651091118454,
                27.89928028363442
              ],
              [
                86.9265108502069,
                27.8993705578526
              ],
              [
                86.92630762665782,
                27.8993704493451
              ],
              [
                86.92630756550051,
                27.89946072356328
              ],
              [
                86.9264091773559,
                27.899460777857456
              ],
              [
                86.92640911628843,
                27.89955105207564
              ],
              [
                86.92651072823364,
                27.899551106297952
              ],
              [
                86.92651066724702,
                27.899641380516137
              ],
              [
                86.92610421914276,
                27.899641163195703
              ],
              [
                86.92610409649578,
                27.899821711623087
              ],
              [
                86.92590087210228,
                27.89982160251371
              ],
              [
                86.92590093360094,
                27.89973132830451
              ],
              [
                86.92569770937814,
                27.89973121888971
              ],
              [
                86.92569783269886,
                27.899550670453344
              ],
              [
                86.92559622075365,
                27.899550615638145
              ],
              [
                86.92559646772746,
                27.899189518765407
              ]
            ],
            [
              [
                86.92884839344524,
                27.89864959032546
              ],
              [
                86.92874678233545,
                27.898649537827914
              ],
              [
                86.92874684146257,
                27.898559263591764
              ],
              [
                86.92884845248251,
                27.898559316089308
              ],
              [
                86.92884839344524,
                27.89864959032546
              ]
            ],
            [
              [
                86.92193799674365,
                27.899819414963282
              ],
              [
                86.92183638455589,
                27.899819357381272
              ],
              [
                86.9218365142816,
                27.89963880896287
              ],
              [
                86.92193812629868,
                27.899638866553865
              ],
              [
                86.92193799674365,
                27.899819414963282
              ]
            ],
            [
              [
                86.93240674537604,
                27.8954917811539
              ],
              [
                86.93250835353935,
                27.895491830947517
              ],
              [
                86.93250829753838,
                27.895582105228584
              ],
              [
                86.93240668929421,
                27.89558205544395
              ],
              [
                86.93240674537604,
                27.8954917811539
              ]
            ],
            [
              [
                86.93098199765333,
                27.89901177230916
              ],
              [
                86.9310836090955,
                27.899011823162787
              ],
              [
                86.93108355190874,
                27.899102097389953
              ],
              [
                86.9313883865137,
                27.899102249483715
              ],
              [
                86.93138832957848,
                27.89919252371088
              ],
              [
                86.9314899412003,
                27.899192574259082
              ],
              [
                86.93148999804569,
                27.899102300022932
              ],
              [
                86.93159160958666,
                27.89910235049927
              ],
              [
                86.93159143928406,
                27.899373173198736
              ],
              [
                86.93148982749155,
                27.899373122722398
              ],
              [
                86.93148977063719,
                27.89946339695855
              ],
              [
                86.93179460625723,
                27.89946354814501
              ],
              [
                86.93179454965438,
                27.89955382237218
              ],
              [
                86.93199777357177,
                27.899553922794844
              ],
              [
                86.93199766070744,
                27.89973447124918
              ],
              [
                86.93189604858256,
                27.89973442107827
              ],
              [
                86.93189599206954,
                27.899824695305437
              ],
              [
                86.93179437985484,
                27.899824645062665
              ],
              [
                86.93179432325198,
                27.89991491928085
              ],
              [
                86.93189593554754,
                27.899914969532606
              ],
              [
                86.93189576599951,
                27.900185792205125
              ],
              [
                86.93179415345243,
                27.900185741953365
              ],
              [
                86.93179421005527,
                27.90009546773518
              ],
              [
                86.93148937266554,
                27.900095316539737
              ],
              [
                86.93148942951991,
                27.90000504231257
              ],
              [
                86.9312862047671,
                27.900004941144303
              ],
              [
                86.93128614774204,
                27.90009521537147
              ],
              [
                86.9311845352758,
                27.900095164670557
              ],
              [
                86.93118447816991,
                27.900185438888737
              ],
              [
                86.93108286562281,
                27.900185388115958
              ],
              [
                86.9310829800053,
                27.900004839679593
              ],
              [
                86.93098136762889,
                27.900004788825964
              ],
              [
                86.93098142490548,
                27.89991451460778
              ],
              [
                86.93087981260992,
                27.899914463682286
              ],
              [
                86.93087992733376,
                27.899733915236933
              ],
              [
                86.93077831520888,
                27.899733864239575
              ],
              [
                86.93077825776162,
                27.899824138466744
              ],
              [
                86.93057503335017,
                27.89982403624745
              ],
              [
                86.93057509095912,
                27.89973376202028
              ],
              [
                86.93047347884323,
                27.89973371079834
              ],
              [
                86.93047353653303,
                27.899643436571175
              ],
              [
                86.93087998469119,
                27.899643641009767
              ],
              [
                86.93088004204863,
                27.8995533667826
              ],
              [
                86.93098165400282,
                27.89955341769911
              ],
              [
                86.93098159673522,
                27.89964369192628
              ],
              [
                86.93108320877027,
                27.899643742779904
              ],
              [
                86.93108315158352,
                27.899734017007074
              ],
              [
                86.9311847637084,
                27.89973406777087
              ],
              [
                86.9311846494966,
                27.899914616225203
              ],
              [
                86.93128626178317,
                27.89991466692612
              ],
              [
                86.93128648987441,
                27.89955357001745
              ],
              [
                86.9311848779202,
                27.899553519316534
              ],
              [
                86.93118499213202,
                27.899372970862203
              ],
              [
                86.93138821570804,
                27.89937307218318
              ],
              [
                86.93138827264326,
                27.89928279794703
              ],
              [
                86.93098182583257,
                27.89928259501761
              ],
              [
                86.93098199765333,
                27.89901177230916
              ]
            ],
            [
              [
                86.91441883807668,
                27.899634402636572
              ],
              [
                86.91452045006682,
                27.89963446568932
              ],
              [
                86.91452037913585,
                27.899724739880554
              ],
              [
                86.91441876705588,
                27.899724676827805
              ],
              [
                86.91441883807668,
                27.899634402636572
              ]
            ],
            [
              [
                86.92081967136224,
                27.900631245150034
              ],
              [
                86.92081980278576,
                27.900450696758583
              ],
              [
                86.92092141554845,
                27.90045075510416
              ],
              [
                86.92092148117936,
                27.900360480903945
              ],
              [
                86.92112470655202,
                27.900360597361537
              ],
              [
                86.92112457564053,
                27.90054114575299
              ],
              [
                86.92092134992652,
                27.900541029295397
              ],
              [
                86.92092128430458,
                27.90063130348663
              ],
              [
                86.92081967136224,
                27.900631245150034
              ]
            ],
            [
              [
                86.93098199765333,
                27.89901177230916
              ],
              [
                86.93077877475105,
                27.89901167039529
              ],
              [
                86.93077888963658,
                27.89883112192299
              ],
              [
                86.93098211219751,
                27.898831223836858
              ],
              [
                86.93098199765333,
                27.89901177230916
              ]
            ],
            [
              [
                86.91899184857442,
                27.899005246614557
              ],
              [
                86.91899171412358,
                27.89918579503296
              ],
              [
                86.91878849096078,
                27.899185675440247
              ],
              [
                86.91878855835239,
                27.899095401231044
              ],
              [
                86.91868694685633,
                27.899095341322397
              ],
              [
                86.9186870143288,
                27.899005067113197
              ],
              [
                86.91899184857442,
                27.899005246614557
              ]
            ],
            [
              [
                86.91441883807668,
                27.899634402636572
              ],
              [
                86.91431722608655,
                27.899634339502974
              ],
              [
                86.91431715497592,
                27.899724613694207
              ],
              [
                86.91421554290494,
                27.899724550488745
              ],
              [
                86.91421532933946,
                27.899995373053464
              ],
              [
                86.91411371700796,
                27.899995309767153
              ],
              [
                86.9141137882803,
                27.89990503557592
              ],
              [
                86.91401217603864,
                27.89990497221774
              ],
              [
                86.91401239011616,
                27.89963414965302
              ],
              [
                86.91411400210629,
                27.899634213011197
              ],
              [
                86.91411421591431,
                27.899363390437493
              ],
              [
                86.91421582765291,
                27.899363453714823
              ],
              [
                86.91421575647041,
                27.899453727906057
              ],
              [
                86.91431736828987,
                27.899453791120504
              ],
              [
                86.9143172971882,
                27.899544065311737
              ],
              [
                86.91441890909749,
                27.899544128445335
              ],
              [
                86.91441883807668,
                27.899634402636572
              ]
            ],
            [
              [
                86.92884839344524,
                27.89864959032546
              ],
              [
                86.92895000454604,
                27.898649642742154
              ],
              [
                86.92894994558961,
                27.898739916978304
              ],
              [
                86.92884833439898,
                27.89873986456161
              ],
              [
                86.92884839344524,
                27.89864959032546
              ]
            ],
            [
              [
                86.92102591184032,
                27.896478747598117
              ],
              [
                86.92102584630821,
                27.896569021852233
              ],
              [
                86.92092423716574,
                27.896568963596486
              ],
              [
                86.92092430277869,
                27.89647868934237
              ],
              [
                86.92102591184032,
                27.896478747598117
              ]
            ],
            [
              [
                86.9253924396562,
                27.90036297368394
              ],
              [
                86.9253925015681,
                27.900272699483722
              ],
              [
                86.92559572679701,
                27.9002728093387
              ],
              [
                86.92559566505581,
                27.9003630835479
              ],
              [
                86.9253924396562,
                27.90036297368394
              ]
            ],
            [
              [
                86.92132949874822,
                27.898194132430003
              ],
              [
                86.92132943346765,
                27.89828440665717
              ],
              [
                86.92122782271719,
                27.89828434861702
              ],
              [
                86.92122788807862,
                27.898194074389853
              ],
              [
                86.92132949874822,
                27.898194132430003
              ]
            ],
            [
              [
                86.93240674537604,
                27.8954917811539
              ],
              [
                86.93230513721272,
                27.89549173128842
              ],
              [
                86.9323051933754,
                27.895401457007353
              ],
              [
                86.93240680145786,
                27.895401506872837
              ],
              [
                86.93240674537604,
                27.8954917811539
              ]
            ],
            [
              [
                86.91391013513889,
                27.90044655389019
              ],
              [
                86.91391020658192,
                27.90035627970794
              ],
              [
                86.91401181924579,
                27.900356343146964
              ],
              [
                86.9140117478926,
                27.90044661732023
              ],
              [
                86.91391013513889,
                27.90044655389019
              ]
            ],
            [
              [
                86.93108566771971,
                27.895761949924758
              ],
              [
                86.9310855533552,
                27.895942498477908
              ],
              [
                86.93098394476968,
                27.895942447633264
              ],
              [
                86.93098405930488,
                27.895761899080114
              ],
              [
                86.93108566771971,
                27.895761949924758
              ]
            ],
            [
              [
                86.92448105869967,
                27.89584876389535
              ],
              [
                86.9244809960332,
                27.89593903815845
              ],
              [
                86.92437938747463,
                27.89593898245392
              ],
              [
                86.92437945021297,
                27.89584870819082
              ],
              [
                86.92448105869967,
                27.89584876389535
              ]
            ],
            [
              [
                86.91899184857442,
                27.899005246614557
              ],
              [
                86.91899191579536,
                27.898914972405358
              ],
              [
                86.91889030446099,
                27.898914912649424
              ],
              [
                86.91889037177175,
                27.89882463843124
              ],
              [
                86.91909359426081,
                27.898824757880224
              ],
              [
                86.91909345998964,
                27.899005306298626
              ],
              [
                86.91899184857442,
                27.899005246614557
              ]
            ],
            [
              [
                86.92559646772746,
                27.899189518765407
              ],
              [
                86.92539324451975,
                27.89918940890145
              ],
              [
                86.92539336834353,
                27.899008860456096
              ],
              [
                86.92559659120988,
                27.899008970311073
              ],
              [
                86.92559646772746,
                27.899189518765407
              ]
            ],
            [
              [
                86.93454008238923,
                27.896215005267003
              ],
              [
                86.93454013670139,
                27.89612473098594
              ],
              [
                86.93464174546656,
                27.89612477919852
              ],
              [
                86.93464169123527,
                27.896215053479587
              ],
              [
                86.93454008238923,
                27.896215005267003
              ]
            ],
            [
              [
                86.93454008238923,
                27.896215005267003
              ],
              [
                86.9345400280771,
                27.89630527953909
              ],
              [
                86.93443841915023,
                27.89630523124566
              ],
              [
                86.93443847354321,
                27.896214956973573
              ],
              [
                86.93454008238923,
                27.896215005267003
              ]
            ],
            [
              [
                86.91970459432483,
                27.8970196298872
              ],
              [
                86.91980620388951,
                27.89701968904126
              ],
              [
                86.9198061373423,
                27.897109963277412
              ],
              [
                86.91990774699683,
                27.89711002235961
              ],
              [
                86.91990768053945,
                27.89720029659576
              ],
              [
                86.92000929026584,
                27.89720035560609
              ],
              [
                86.92000902476876,
                27.89756145254171
              ],
              [
                86.92021224491322,
                27.897561570328808
              ],
              [
                86.92021217870737,
                27.897651844564958
              ],
              [
                86.92031378886495,
                27.89765190334173
              ],
              [
                86.92031365661497,
                27.897832451805044
              ],
              [
                86.9202120462957,
                27.897832393019293
              ],
              [
                86.92021198008986,
                27.89792266724646
              ],
              [
                86.92011036968077,
                27.897922608388843
              ],
              [
                86.92011043596746,
                27.897832334161674
              ],
              [
                86.92000882564818,
                27.897832275232194
              ],
              [
                86.92000895840123,
                27.897651726768874
              ],
              [
                86.91990734824365,
                27.897651667767526
              ],
              [
                86.91990748115838,
                27.89747111930421
              ],
              [
                86.91970426119359,
                27.897471001058967
              ],
              [
                86.91970432782163,
                27.897380726831802
              ],
              [
                86.91960271792458,
                27.89738066759689
              ],
              [
                86.91960285134236,
                27.897200119133576
              ],
              [
                86.91970446107771,
                27.8972001783595
              ],
              [
                86.91970459432483,
                27.8970196298872
              ]
            ],
            [
              [
                86.91970459432483,
                27.8970196298872
              ],
              [
                86.91960298476015,
                27.897019570661275
              ],
              [
                86.91960305146904,
                27.89692929641614
              ],
              [
                86.91970466095287,
                27.89692935565105
              ],
              [
                86.91970459432483,
                27.8970196298872
              ]
            ],
            [
              [
                86.9253924396562,
                27.90036297368394
              ],
              [
                86.92539237773534,
                27.900453247893143
              ],
              [
                86.92529076495468,
                27.900453192853366
              ],
              [
                86.9252908269564,
                27.900362918644163
              ],
              [
                86.9253924396562,
                27.90036297368394
              ]
            ],
            [
              [
                86.92102591184032,
                27.896478747598117
              ],
              [
                86.92102597736343,
                27.89638847335298
              ],
              [
                86.9211275863442,
                27.896388531536864
              ],
              [
                86.92112752090193,
                27.896478805781996
              ],
              [
                86.92102591184032,
                27.896478747598117
              ]
            ],
            [
              [
                86.92132949874822,
                27.898194132430003
              ],
              [
                86.9213295640288,
                27.898103858202834
              ],
              [
                86.92143117460857,
                27.898103916162135
              ],
              [
                86.92143110940884,
                27.898194190389304
              ],
              [
                86.92132949874822,
                27.898194132430003
              ]
            ],
            [
              [
                86.91391013513889,
                27.90044655389019
              ],
              [
                86.91391006369588,
                27.90053682807244
              ],
              [
                86.91380845086134,
                27.90053676456155
              ],
              [
                86.91380852239418,
                27.9004464903793
              ],
              [
                86.91391013513889,
                27.90044655389019
              ]
            ],
            [
              [
                86.92915328555135,
                27.89855947311482
              ],
              [
                86.92925489657131,
                27.898559525306936
              ],
              [
                86.9292548378664,
                27.898649799543087
              ],
              [
                86.9291532267656,
                27.89864974735097
              ],
              [
                86.92915328555135,
                27.89855947311482
              ]
            ],
            [
              [
                86.92448105869967,
                27.89584876389535
              ],
              [
                86.92448112135716,
                27.89575848963225
              ],
              [
                86.92458272975404,
                27.895758545264915
              ],
              [
                86.92458266717739,
                27.895848819528016
              ],
              [
                86.92448105869967,
                27.89584876389535
              ]
            ],
            [
              [
                86.93108566771971,
                27.895761949924758
              ],
              [
                86.93108572489749,
                27.89567167564369
              ],
              [
                86.9311873332225,
                27.89567172640749
              ],
              [
                86.93118727613455,
                27.895762000688556
              ],
              [
                86.93108566771971,
                27.895761949924758
              ]
            ],
            [
              [
                86.9195000392569,
                27.898824995861908
              ],
              [
                86.91970326175495,
                27.898825114412578
              ],
              [
                86.919703328383,
                27.898734840194393
              ],
              [
                86.91990655071037,
                27.898734958439633
              ],
              [
                86.91990628486293,
                27.899096055294404
              ],
              [
                86.91970306185286,
                27.89909593704916
              ],
              [
                86.91970299522481,
                27.899186211258364
              ],
              [
                86.91960138363892,
                27.899186152023454
              ],
              [
                86.91960151707467,
                27.89900560360505
              ],
              [
                86.91949990565047,
                27.899005544289295
              ],
              [
                86.9195000392569,
                27.898824995861908
              ]
            ],
            [
              [
                86.92681586771782,
                27.899099897388872
              ],
              [
                86.92671425619481,
                27.89909984339114
              ],
              [
                86.92671431701076,
                27.899009569163976
              ],
              [
                86.92661270557758,
                27.899009515103362
              ],
              [
                86.92661294916475,
                27.898648418185708
              ],
              [
                86.92630811587134,
                27.898648255536745
              ],
              [
                86.92630805471403,
                27.89873852976391
              ],
              [
                86.92610483235073,
                27.898738420959965
              ],
              [
                86.92610501630774,
                27.89846759826948
              ],
              [
                86.92620662723786,
                27.898467652707385
              ],
              [
                86.9262065659997,
                27.898557926943536
              ],
              [
                86.92640978803063,
                27.898558035594768
              ],
              [
                86.9264098490981,
                27.898467761367602
              ],
              [
                86.92651146002822,
                27.89846781558093
              ],
              [
                86.92651164297013,
                27.898196992872478
              ],
              [
                86.92661325364872,
                27.89819704701394
              ],
              [
                86.92661313185513,
                27.89837759548624
              ],
              [
                86.9267147427044,
                27.898377649546855
              ],
              [
                86.92671456026555,
                27.89864847224632
              ],
              [
                86.92701939356796,
                27.898648633996974
              ],
              [
                86.92701945413236,
                27.898558359760823
              ],
              [
                86.92712106515232,
                27.898558413533976
              ],
              [
                86.92712112562691,
                27.898468139297826
              ],
              [
                86.92732434748714,
                27.898468246601585
              ],
              [
                86.92732422687934,
                27.898648795073886
              ],
              [
                86.92722261576955,
                27.898648741453446
              ],
              [
                86.9272225553848,
                27.898739015689596
              ],
              [
                86.92681611064025,
                27.89873880047122
              ],
              [
                86.92681586771782,
                27.899099897388872
              ]
            ],
            [
              [
                86.92081960565048,
                27.90072151934127
              ],
              [
                86.92071799262727,
                27.900721460923826
              ],
              [
                86.9207180584199,
                27.900631186732593
              ],
              [
                86.92081967136224,
                27.900631245150034
              ],
              [
                86.92081960565048,
                27.90072151934127
              ]
            ],
            [
              [
                86.92793341507735,
                27.899371309032823
              ],
              [
                86.92773019151929,
                27.899371202618397
              ],
              [
                86.92773025149083,
                27.899280928391228
              ],
              [
                86.92762863979713,
                27.899280875076215
              ],
              [
                86.92762881996325,
                27.899010052394715
              ],
              [
                86.92752720852108,
                27.899009998998856
              ],
              [
                86.92752714838787,
                27.899100273226022
              ],
              [
                86.92722231380985,
                27.899100112598266
              ],
              [
                86.92722225341612,
                27.899190386825435
              ],
              [
                86.92712064181227,
                27.899190333133127
              ],
              [
                86.92712058133768,
                27.899280607360296
              ],
              [
                86.92732380471607,
                27.89928071467304
              ],
              [
                86.92732374441216,
                27.899370988891224
              ],
              [
                86.92752696796124,
                27.899371095907522
              ],
              [
                86.92752684767682,
                27.899551644352876
              ],
              [
                86.9274252357316,
                27.89955159088515
              ],
              [
                86.92742517550855,
                27.899641865103334
              ],
              [
                86.92732356348249,
                27.89964181155476
              ],
              [
                86.92732362378639,
                27.899551537336574
              ],
              [
                86.92722201184117,
                27.89955148372512
              ],
              [
                86.92722207223491,
                27.89946120949795
              ],
              [
                86.92691723665978,
                27.89946104819646
              ],
              [
                86.92691717600552,
                27.89955132241464
              ],
              [
                86.92661234017886,
                27.899551160439415
              ],
              [
                86.92661246198142,
                27.899370611994062
              ],
              [
                86.9268156855305,
                27.89937072005241
              ],
              [
                86.92681586771782,
                27.899099897388872
              ],
              [
                86.92691747924083,
                27.899099951305757
              ],
              [
                86.92691753988609,
                27.89900967707859
              ],
              [
                86.9272223742036,
                27.8990098383711
              ],
              [
                86.92722243459733,
                27.89891956414393
              ],
              [
                86.92742565731096,
                27.89891967130396
              ],
              [
                86.92742571753402,
                27.898829397076796
              ],
              [
                86.92762894007699,
                27.8988295039314
              ],
              [
                86.92762888002461,
                27.89891977816755
              ],
              [
                86.92773049137693,
                27.89891983148256
              ],
              [
                86.92773037143388,
                27.899100379936893
              ],
              [
                86.92783198295689,
                27.899100433180042
              ],
              [
                86.92783192307519,
                27.899190707407207
              ],
              [
                86.92793353467904,
                27.89919076057849
              ],
              [
                86.92793341507735,
                27.899371309032823
              ]
            ]
          ],
          [
            [
              [
                86.92600205444617,
                27.90045357657772
              ],
              [
                86.92610366722683,
                27.90045363110546
              ],
              [
                86.92610360590783,
                27.90054390530568
              ],
              [
                86.92600199303735,
                27.90054385078692
              ],
              [
                86.92600205444617,
                27.90045357657772
              ]
            ]
          ],
          [
            [
              [
                86.92823777399741,
                27.900093661842984
              ],
              [
                86.92844099890294,
                27.90009376751181
              ],
              [
                86.92844082074906,
                27.90036459015738
              ],
              [
                86.92833920804925,
                27.90036453736339
              ],
              [
                86.9283393269862,
                27.900183988936003
              ],
              [
                86.92823771444809,
                27.90018393606117
              ],
              [
                86.92823777399741,
                27.900093661842984
              ]
            ]
          ],
          [
            [
              [
                86.92864440145931,
                27.899823050220657
              ],
              [
                86.92864422381746,
                27.90009387287521
              ],
              [
                86.92844099890294,
                27.90009376751181
              ],
              [
                86.92844111767819,
                27.899913219075444
              ],
              [
                86.92833950539162,
                27.899913166281454
              ],
              [
                86.92833956486008,
                27.89982289206327
              ],
              [
                86.92864440145931,
                27.899823050220657
              ]
            ]
          ],
          [
            [
              [
                86.92854296715593,
                27.899552174915847
              ],
              [
                86.92864457910115,
                27.899552227557123
              ],
              [
                86.92864446067625,
                27.899732776002473
              ],
              [
                86.92854284856035,
                27.899732723361197
              ],
              [
                86.92854296715593,
                27.899552174915847
              ]
            ]
          ],
          [
            [
              [
                86.92864446067625,
                27.899732776002473
              ],
              [
                86.92874607279214,
                27.899732828571885
              ],
              [
                86.92874601366503,
                27.89982310279007
              ],
              [
                86.92864440145931,
                27.899823050220657
              ],
              [
                86.92864446067625,
                27.899732776002473
              ]
            ]
          ],
          [
            [
              [
                86.92976271855825,
                27.898920882089236
              ],
              [
                86.92976266027556,
                27.899011156325386
              ],
              [
                86.9296610488334,
                27.89901110451056
              ],
              [
                86.92966110719694,
                27.89892083027441
              ],
              [
                86.92976271855825,
                27.898920882089236
              ]
            ]
          ],
          [
            [
              [
                86.93098113852257,
                27.900365885707682
              ],
              [
                86.93098108124597,
                27.900456159925866
              ],
              [
                86.93087946844737,
                27.900456109000373
              ],
              [
                86.93087952581378,
                27.90036583478219
              ],
              [
                86.93098113852257,
                27.900365885707682
              ]
            ]
          ],
          [
            [
              [
                86.93128597666689,
                27.90036603802602
              ],
              [
                86.93138758938466,
                27.900366088646088
              ],
              [
                86.93138753244943,
                27.900456362864272
              ],
              [
                86.93128591964182,
                27.900456312244206
              ],
              [
                86.93128597666689,
                27.90036603802602
              ]
            ]
          ],
          [
            [
              [
                86.93189542689449,
                27.900727437514227
              ],
              [
                86.93199703994462,
                27.900727487685135
              ],
              [
                86.93199709637679,
                27.90063721346695
              ],
              [
                86.93220032231538,
                27.900637313593172
              ],
              [
                86.93220037858585,
                27.900547039374988
              ],
              [
                86.93240360435377,
                27.900547139204768
              ],
              [
                86.93240354826295,
                27.900637413422952
              ],
              [
                86.93260677420155,
                27.900637512947302
              ],
              [
                86.93260671827244,
                27.9007277871565
              ],
              [
                86.93250510522229,
                27.90072773743475
              ],
              [
                86.93250504920336,
                27.900818011652934
              ],
              [
                86.9323018229234,
                27.90081791197587
              ],
              [
                86.93230187911303,
                27.900727637757686
              ],
              [
                86.93209865299477,
                27.900727537784178
              ],
              [
                86.93209859665244,
                27.900817812002362
              ],
              [
                86.93189537037249,
                27.900817711723427
              ],
              [
                86.93189542689449,
                27.900727437514227
              ]
            ]
          ],
          [
            [
              [
                86.93616264559638,
                27.901632222500954
              ],
              [
                86.93616259261375,
                27.901722496710157
              ],
              [
                86.9363658206005,
                27.901722590700885
              ],
              [
                86.93636576778854,
                27.901812864910084
              ],
              [
                86.93595931148268,
                27.901812676641168
              ],
              [
                86.93595936463599,
                27.901722402431968
              ],
              [
                86.93606097862936,
                27.901722449611487
              ],
              [
                86.93606103169284,
                27.901632175402284
              ],
              [
                86.93616264559638,
                27.901632222500954
              ]
            ]
          ]
        ]
      },
      "id": "+17851+5151",
      "properties": {
        "area_m2": 1244916.4203092451,
        "count": 12420,
        "image_id": "COPERNICUS/S1_GRD/S1A_IW_GRDH_1SDV_20210907T001138_20210907T001203_039568_04AD51_D5A1",
        "lake_id": "imja-tsho",
        "observed_at": "2021-09-07T00:11:38Z",
        "water": 1
      }
    }
  ]
}
