{
  "type": "FeatureCollection",
  "features": [
    {
      "type": "Feature",
      "geometry": {
        "geodesic": false,
        "type": "MultiPolygon",
        "coordinates": [
          [
            [
              [
                86.92663213885908,
                27.900072591651384
              ],
              [
                86.92663226062571,
                27.899892043223996
              ],
              [
                86.92673387289432,
                27.89989209727563
              ],
              [
                86.92673381208736,
                27.899982371493813
              ],
              [
                86.92683542443682,
                27.899982425464593
              ],
              [
                86.92683536371969,
                27.900072699682777
              ],
              [
                86.92663213885908,
                27.900072591651384
              ]
            ]
          ],
          [
            [
              [
                86.91413509471984,
                27.898440436170745
              ],
              [
                86.91413537971935,
                27.898079339342924
              ],
              [
                86.91423699025421,
                27.89807940260229
              ],
              [
                86.91423706141875,
                27.897989128393085
              ],
              [
                86.91433867188175,
                27.89798919158058
              ],
              [
                86.91433874295645,
                27.8978989173624
              ],
              [
                86.91464357406696,
                27.897899106475734
              ],
              [
                86.91464364489912,
                27.89780883226653
              ],
              [
                86.91474525518245,
                27.897808895148604
              ],
              [
                86.91474539666712,
                27.897628346712235
              ],
              [
                86.91494861691038,
                27.897628472269762
              ],
              [
                86.91494847575811,
                27.89780902070613
              ],
              [
                86.91505008605041,
                27.89780908336362
              ],
              [
                86.91505001555961,
                27.897899357581803
              ],
              [
                86.91545645705227,
                27.897899607484135
              ],
              [
                86.91545652720171,
                27.89780933326595
              ],
              [
                86.91555813749403,
                27.897809395555132
              ],
              [
                86.91555820756263,
                27.897719121336948
              ],
              [
                86.91565981776512,
                27.897719183554262
              ],
              [
                86.91565988774387,
                27.89762890933608
              ],
              [
                86.9157614978655,
                27.897628971472546
              ],
              [
                86.91576163767031,
                27.897448423027196
              ],
              [
                86.91596485757223,
                27.897448547075555
              ],
              [
                86.915964787845,
                27.89753882130272
              ],
              [
                86.91606639788579,
                27.89753888321461
              ],
              [
                86.9160663282394,
                27.897629157441777
              ],
              [
                86.91616793836104,
                27.89762921927282
              ],
              [
                86.91616814703968,
                27.897358396609285
              ],
              [
                86.9163713667799,
                27.89735852005577
              ],
              [
                86.91637143617474,
                27.897268245828602
              ],
              [
                86.91687948511206,
                27.897268553151246
              ],
              [
                86.91687955408472,
                27.897178278915096
              ],
              [
                86.91728599290039,
                27.89717852342753
              ],
              [
                86.91728606153168,
                27.89708824919138
              ],
              [
                86.9175908903964,
                27.897088431782947
              ],
              [
                86.91759095877616,
                27.896998157546797
              ],
              [
                86.91789578738936,
                27.896998339464623
              ],
              [
                86.9178958555086,
                27.896908065228473
              ],
              [
                86.91820068387925,
                27.896908246472567
              ],
              [
                86.91820075174697,
                27.896817972236416
              ],
              [
                86.91840397049006,
                27.89681809269151
              ],
              [
                86.91840390278404,
                27.89690836692766
              ],
              [
                86.91870873115468,
                27.896908547039878
              ],
              [
                86.91870879860917,
                27.896818272803728
              ],
              [
                86.91901362671932,
                27.89681845225119
              ],
              [
                86.91901369392228,
                27.896728178006054
              ],
              [
                86.91962334965747,
                27.896728534870785
              ],
              [
                86.9196234163484,
                27.89663826062565
              ],
              [
                86.91992824397344,
                27.8966384380519
              ],
              [
                86.91992831041284,
                27.89654816380677
              ],
              [
                86.92013152865287,
                27.89654828171065
              ],
              [
                86.92013159492159,
                27.896458007465515
              ],
              [
                86.92023320396525,
                27.89645806630517
              ],
              [
                86.92023313777737,
                27.8965483405503
              ],
              [
                86.92043635602639,
                27.896548458005025
              ],
              [
                86.92043642204358,
                27.89645818375989
              ],
              [
                86.92053803108723,
                27.896458242374962
              ],
              [
                86.9205380970146,
                27.896367968120845
              ],
              [
                86.92084292388506,
                27.896368143516906
              ],
              [
                86.92084285820923,
                27.896458417771022
              ],
              [
                86.92094446725288,
                27.896458476080667
              ],
              [
                86.92094459844284,
                27.896277927581416
              ],
              [
                86.92124942506179,
                27.89627810207916
              ],
              [
                86.92124949039625,
                27.896187827825045
              ],
              [
                86.92145270798052,
                27.89618794377958
              ],
              [
                86.92145283832606,
                27.896007395280332
              ],
              [
                86.92175766419041,
                27.896007568646198
              ],
              [
                86.92175772911166,
                27.89591729439208
              ],
              [
                86.92236738034629,
                27.895917639102606
              ],
              [
                86.9223674447555,
                27.89582736484849
              ],
              [
                86.92267227012576,
                27.895827536193146
              ],
              [
                86.92267233428345,
                27.895737261930048
              ],
              [
                86.92307876778109,
                27.895737489347542
              ],
              [
                86.92307883159741,
                27.895647215084445
              ],
              [
                86.92368848134083,
                27.895647553946937
              ],
              [
                86.9236885446541,
                27.895557279683835
              ],
              [
                86.92419658569521,
                27.895557560012104
              ],
              [
                86.92419664858627,
                27.895467285749003
              ],
              [
                86.92439986483204,
                27.895467397355695
              ],
              [
                86.9243999275614,
                27.895377123083613
              ],
              [
                86.92460314363649,
                27.89537723439386
              ],
              [
                86.9246030810868,
                27.89546750866594
              ],
              [
                86.92470468920519,
                27.895467564208776
              ],
              [
                86.92470475168302,
                27.895377289936693
              ],
              [
                86.92500957580464,
                27.895377456107052
              ],
              [
                86.92500963802195,
                27.89528718183497
              ],
              [
                86.92561928577112,
                27.895287512163467
              ],
              [
                86.92561934748538,
                27.895197237891384
              ],
              [
                86.92592417111291,
                27.895197402040537
              ],
              [
                86.92592423257565,
                27.895107127768455
              ],
              [
                86.92602584036166,
                27.895107182332122
              ],
              [
                86.92602577898876,
                27.89519745661319
              ],
              [
                86.92663542625284,
                27.895197782441127
              ],
              [
                86.92663536538299,
                27.89528805671321
              ],
              [
                86.92704179722774,
                27.895288272443626
              ],
              [
                86.92704185776522,
                27.89519799816256
              ],
              [
                86.92815954445344,
                27.89519858522058
              ],
              [
                86.92815960405666,
                27.895108310939513
              ],
              [
                86.92866764304962,
                27.895108574783695
              ],
              [
                86.92866758385964,
                27.895198849064762
              ],
              [
                86.92897240751412,
                27.89519900647655
              ],
              [
                86.92897246644361,
                27.895108732195485
              ],
              [
                86.9290740742476,
                27.895108784513365
              ],
              [
                86.92907401539895,
                27.895199058803414
              ],
              [
                86.92917562328378,
                27.895199111040448
              ],
              [
                86.9291756820426,
                27.895108836759384
              ],
              [
                86.92948050544555,
                27.895108993048275
              ],
              [
                86.92948056395284,
                27.89501871876721
              ],
              [
                86.92958217167596,
                27.8950187707078
              ],
              [
                86.92958211324954,
                27.89510904499785
              ],
              [
                86.92968372105352,
                27.895109096866573
              ],
              [
                86.92968366270794,
                27.89519937114764
              ],
              [
                86.93009009425626,
                27.89519957788592
              ],
              [
                86.93009015226048,
                27.89510930359587
              ],
              [
                86.93039497567241,
                27.895109457863555
              ],
              [
                86.93039503341613,
                27.895019183573503
              ],
              [
                86.93059824885341,
                27.895019286044327
              ],
              [
                86.93059830643543,
                27.89492901175428
              ],
              [
                86.9310047369866,
                27.89492921578863
              ],
              [
                86.93100467973697,
                27.895019490078678
              ],
              [
                86.93120789518323,
                27.895019591651188
              ],
              [
                86.9312079522532,
                27.89492931736114
              ],
              [
                86.93161438280438,
                27.894929519598858
              ],
              [
                86.93161432606679,
                27.89501979388891
              ],
              [
                86.93171593378993,
                27.895019844257448
              ],
              [
                86.93171599044668,
                27.894929569967395
              ],
              [
                86.93191920572227,
                27.894929670488878
              ],
              [
                86.93191926220832,
                27.89483939619883
              ],
              [
                86.93263051510246,
                27.89483974566144
              ],
              [
                86.9326304592003,
                27.894930019951488
              ],
              [
                86.93283367448487,
                27.894930119125497
              ],
              [
                86.93283373020736,
                27.894839844835445
              ],
              [
                86.93303694533024,
                27.894839943704028
              ],
              [
                86.93303700088205,
                27.894749669404995
              ],
              [
                86.93384986068186,
                27.894750061896907
              ],
              [
                86.93384991555993,
                27.894659787597877
              ],
              [
                86.9339515229507,
                27.894659836322496
              ],
              [
                86.93395146815347,
                27.89475011062153
              ],
              [
                86.93435789805785,
                27.89475030476543
              ],
              [
                86.93435795252272,
                27.89466003047538
              ],
              [
                86.93445955991346,
                27.89466007882271
              ],
              [
                86.93445950553844,
                27.89475035312174
              ],
              [
                86.93466272049064,
                27.894750449591818
              ],
              [
                86.93466266627732,
                27.89484072389085
              ],
              [
                86.93537391921636,
                27.894841059196015
              ],
              [
                86.93537386559592,
                27.894931333495048
              ],
              [
                86.93588190384328,
                27.894931570749097
              ],
              [
                86.93588185064506,
                27.895021845048127
              ],
              [
                86.93598345837717,
                27.895021892272563
              ],
              [
                86.93598340525979,
                27.895112166571597
              ],
              [
                86.93608501308174,
                27.895112213724165
              ],
              [
                86.9360849600452,
                27.895202488014213
              ],
              [
                86.9362881758508,
                27.895202582094775
              ],
              [
                86.93628822871665,
                27.895112307795742
              ],
              [
                86.93638983652961,
                27.895112354723732
              ],
              [
                86.9363897837536,
                27.895202629022766
              ],
              [
                86.9365929995592,
                27.895202722654165
              ],
              [
                86.93659305217352,
                27.895112448355135
              ],
              [
                86.93669465998649,
                27.895112495058545
              ],
              [
                86.93669460747097,
                27.895202769357578
              ],
              [
                86.93771068651691,
                27.895203232259444
              ],
              [
                86.93771063483683,
                27.895293506558478
              ],
              [
                86.93791385081312,
                27.895293598240535
              ],
              [
                86.93791390233149,
                27.895203323950486
              ],
              [
                86.9380155102343,
                27.895203369674732
              ],
              [
                86.93801545880574,
                27.895293643973766
              ],
              [
                86.93842189077625,
                27.89529382614312
              ],
              [
                86.93842194186345,
                27.89520355184409
              ],
              [
                86.93862515767802,
                27.895203642475117
              ],
              [
                86.93862510676152,
                27.89529391677415
              ],
              [
                86.93882832274677,
                27.895294007108735
              ],
              [
                86.93882827199197,
                27.895384281407768
              ],
              [
                86.9393363123773,
                27.89538450593269
              ],
              [
                86.9393362620447,
                27.895474780231723
              ],
              [
                86.93964108653464,
                27.89547491405375
              ],
              [
                86.9396411366157,
                27.895384639754717
              ],
              [
                86.93974274469818,
                27.895384684212342
              ],
              [
                86.93974269469794,
                27.89547495850239
              ],
              [
                86.93984430286125,
                27.895475002888148
              ],
              [
                86.93984425295086,
                27.89556527718718
              ],
              [
                86.939945861204,
                27.89556532149209
              ],
              [
                86.9399457615449,
                27.89574587008117
              ],
              [
                86.94004736996872,
                27.89574591431422
              ],
              [
                86.94004732022002,
                27.895836188604267
              ],
              [
                86.94014892872468,
                27.895836232765447
              ],
              [
                86.94014882940695,
                27.896016781345544
              ],
              [
                86.94025043807332,
                27.89601682543486
              ],
              [
                86.9402503884953,
                27.896107099724908
              ],
              [
                86.9403519972515,
                27.896107143733374
              ],
              [
                86.94035184877794,
                27.89637796659454
              ],
              [
                86.94025023977022,
                27.896377922586073
              ],
              [
                86.94025009104514,
                27.896648745438252
              ],
              [
                86.9401484817769,
                27.896648701357922
              ],
              [
                86.94014843211804,
                27.89673897563899
              ],
              [
                86.94035165080722,
                27.896739063727786
              ],
              [
                86.94035150233367,
                27.897009886570984
              ],
              [
                86.94024989273305,
                27.897009842562518
              ],
              [
                86.94024974399899,
                27.89728066538775
              ],
              [
                86.94014813414685,
                27.897280621298435
              ],
              [
                86.940148084479,
                27.897370895579503
              ],
              [
                86.94024969442097,
                27.897370939659833
              ],
              [
                86.94024954567793,
                27.89764176247608
              ],
              [
                86.9400463252999,
                27.897641674225586
              ],
              [
                86.94004627555121,
                27.89773194849767
              ],
              [
                86.93994466528584,
                27.897731904264624
              ],
              [
                86.93994461544732,
                27.897822178527726
              ],
              [
                86.9400462258025,
                27.89782222276077
              ],
              [
                86.9400461263051,
                27.898002771295953
              ],
              [
                86.93984290526234,
                27.898002682749016
              ],
              [
                86.93984275550419,
                27.898273505538313
              ],
              [
                86.93974114472678,
                27.898273461152556
              ],
              [
                86.93974119472702,
                27.898183186889455
              ],
              [
                86.93953797334288,
                27.898183097893362
              ],
              [
                86.93953802351379,
                27.89809282363026
              ],
              [
                86.93943641290707,
                27.898092779019922
              ],
              [
                86.9394363626553,
                27.89818305327404
              ],
              [
                86.93933475195875,
                27.89818300859184
              ],
              [
                86.93933470161716,
                27.898273282854937
              ],
              [
                86.93923309083975,
                27.89827323809189
              ],
              [
                86.93923314127117,
                27.898182963828788
              ],
              [
                86.93913153057461,
                27.89818291899387
              ],
              [
                86.93913148006234,
                27.898273193256973
              ],
              [
                86.93902986929392,
                27.898273148341207
              ],
              [
                86.93902976810769,
                27.898453696858425
              ],
              [
                86.9391313790468,
                27.898453741774187
              ],
              [
                86.93913132854351,
                27.898544016028303
              ],
              [
                86.93923293957245,
                27.89854406086322
              ],
              [
                86.93923283871858,
                27.898724609371452
              ],
              [
                86.93902961631936,
                27.898724519629756
              ],
              [
                86.93902956572624,
                27.89881479387489
              ],
              [
                86.93892795444577,
                27.89881474888726
              ],
              [
                86.93892790377181,
                27.898905023141378
              ],
              [
                86.93882629240152,
                27.898904978081884
              ],
              [
                86.93882619087393,
                27.899085526581132
              ],
              [
                86.93872457934194,
                27.89908548144079
              ],
              [
                86.93872447764366,
                27.89926602994004
              ],
              [
                86.93862286594099,
                27.89926598472783
              ],
              [
                86.93862276407204,
                27.899446533209115
              ],
              [
                86.93852115220767,
                27.89944648792504
              ],
              [
                86.93852110118335,
                27.899536762170175
              ],
              [
                86.93841948922916,
                27.899536716805255
              ],
              [
                86.93841938702784,
                27.899717265286537
              ],
              [
                86.93831777490296,
                27.899717219849748
              ],
              [
                86.93831762134494,
                27.8999880425582
              ],
              [
                86.93841923372135,
                27.899988087994988
              ],
              [
                86.93841913151103,
                27.90016863646729
              ],
              [
                86.93831751896394,
                27.9001685910305
              ],
              [
                86.93831746777794,
                27.90025886525767
              ],
              [
                86.93811424252206,
                27.900258774159514
              ],
              [
                86.93811403708634,
                27.90061987107717
              ],
              [
                86.93801242412603,
                27.900619825406817
              ],
              [
                86.93801232124198,
                27.900800373861152
              ],
              [
                86.93811393437298,
                27.90080041952252
              ],
              [
                86.93811372893725,
                27.90116151641322
              ],
              [
                86.9380121154649,
                27.901161470751855
              ],
              [
                86.93801201258086,
                27.90134201918822
              ],
              [
                86.9381136262149,
                27.901342064849587
              ],
              [
                86.9381135748582,
                27.90143233906777
              ],
              [
                86.93821518858209,
                27.901432384657273
              ],
              [
                86.93821508603043,
                27.90161293309364
              ],
              [
                86.93831669992498,
                27.901612978611276
              ],
              [
                86.93831664873,
                27.901703252820475
              ],
              [
                86.9385198766898,
                27.90170334363117
              ],
              [
                86.93851982566548,
                27.90179361784037
              ],
              [
                86.93841821160025,
                27.901793572475448
              ],
              [
                86.93841810938993,
                27.90197412089385
              ],
              [
                86.93801165246421,
                27.90197393867958
              ],
              [
                86.93801170391073,
                27.901883664470375
              ],
              [
                86.93770686147246,
                27.901883527019155
              ],
              [
                86.93770680977443,
                27.901973801228355
              ],
              [
                86.93760519553851,
                27.90197375526156
              ],
              [
                86.93760535089315,
                27.90170293263396
              ],
              [
                86.93740212293335,
                27.901702840475796
              ],
              [
                86.9374020190342,
                27.9018833888942
              ],
              [
                86.93750363318028,
                27.901883435013705
              ],
              [
                86.93750358131156,
                27.901973709222904
              ],
              [
                86.9369955101679,
                27.901973477888752
              ],
              [
                86.93699556245883,
                27.901883203679553
              ],
              [
                86.93628426345417,
                27.901882876665837
              ],
              [
                86.93628442208767,
                27.901612054038235
              ],
              [
                86.93608119431651,
                27.901611959930726
              ],
              [
                86.93608114126201,
                27.90170223414891
              ],
              [
                86.93597952729559,
                27.901702186978376
              ],
              [
                86.93597958042196,
                27.901611912769173
              ],
              [
                86.93587796653638,
                27.901611865526775
              ],
              [
                86.93587791332018,
                27.901702139735974
              ],
              [
                86.93567468537834,
                27.901702045035577
              ],
              [
                86.93567479214312,
                27.901521496617175
              ],
              [
                86.93547156453366,
                27.90152140161135
              ],
              [
                86.93547177874592,
                27.90116030475658
              ],
              [
                86.93537016528255,
                27.90116025714587
              ],
              [
                86.93537005800574,
                27.901340805573255
              ],
              [
                86.93526844437169,
                27.901340757881698
              ],
              [
                86.93526849809095,
                27.9012504836725
              ],
              [
                86.93496365744932,
                27.90125034015765
              ],
              [
                86.9349637114201,
                27.901160065939465
              ],
              [
                86.93476048449335,
                27.901159969891594
              ],
              [
                86.93476053863482,
                27.90106969567341
              ],
              [
                86.93425247174018,
                27.901069454242194
              ],
              [
                86.93425258086752,
                27.900888905805825
              ],
              [
                86.93394774124098,
                27.900888760045188
              ],
              [
                86.93394768642578,
                27.900979034263372
              ],
              [
                86.9337444598404,
                27.900978936715315
              ],
              [
                86.93374451482629,
                27.90088866249713
              ],
              [
                86.93343967519974,
                27.900888515613598
              ],
              [
                86.93343973043714,
                27.9007982414044
              ],
              [
                86.93333811731515,
                27.90079819228452
              ],
              [
                86.9333381726334,
                27.900707918075316
              ],
              [
                86.93354139871572,
                27.900708016216264
              ],
              [
                86.93354145386328,
                27.90061774199808
              ],
              [
                86.93343984091196,
                27.90061769296803
              ],
              [
                86.93343989614937,
                27.900527418749846
              ],
              [
                86.93354150901985,
                27.900527467779895
              ],
              [
                86.93354156416743,
                27.90043719356171
              ],
              [
                86.93333833859714,
                27.90043709541178
              ],
              [
                86.93333839391539,
                27.900346821193597
              ],
              [
                86.93313516851579,
                27.900346722747226
              ],
              [
                86.93313511302686,
                27.90043699696541
              ],
              [
                86.9327286618863,
                27.900436799183336
              ],
              [
                86.9327287735379,
                27.900256250737982
              ],
              [
                86.93303361138578,
                27.900256399193566
              ],
              [
                86.93303366696455,
                27.9001661249664
              ],
              [
                86.93283044189732,
                27.90016602607087
              ],
              [
                86.93283055337824,
                27.89998547762552
              ],
              [
                86.93252571629394,
                27.899985328720778
              ],
              [
                86.93252566030195,
                27.900075602947943
              ],
              [
                86.93242404785367,
                27.900075553163312
              ],
              [
                86.932423935699,
                27.90025610160866
              ],
              [
                86.93211909785113,
                27.900255951805605
              ],
              [
                86.93211904151778,
                27.90034622602379
              ],
              [
                86.93222065421759,
                27.900346276033
              ],
              [
                86.93222059797407,
                27.90043655026017
              ],
              [
                86.93211898518443,
                27.900436500250958
              ],
              [
                86.93211887251773,
                27.900617048678342
              ],
              [
                86.93272855023469,
                27.9006173476197
              ],
              [
                86.93272860606498,
                27.90052707340152
              ],
              [
                86.93303344466744,
                27.900527221857104
              ],
              [
                86.93303333351889,
                27.90070777029347
              ],
              [
                86.93293172047774,
                27.900707720877147
              ],
              [
                86.9329316648271,
                27.90079799509533
              ],
              [
                86.93252521233906,
                27.9007977967024
              ],
              [
                86.93252515633809,
                27.900888070920583
              ],
              [
                86.93211870351767,
                27.90088787132391
              ],
              [
                86.93211875985102,
                27.90079759711471
              ],
              [
                86.93181392049398,
                27.900797446628932
              ],
              [
                86.9318138639091,
                27.900887720847116
              ],
              [
                86.93171225070624,
                27.900887670532477
              ],
              [
                86.93171230738095,
                27.900797396323277
              ],
              [
                86.93161069425895,
                27.900797345936773
              ],
              [
                86.9316107510145,
                27.900707071727574
              ],
              [
                86.93171236404669,
                27.900707122105093
              ],
              [
                86.9317124207214,
                27.900616847895893
              ],
              [
                86.93161080777007,
                27.90061679750939
              ],
              [
                86.93161086452562,
                27.900526523291205
              ],
              [
                86.93171247738712,
                27.90052657367771
              ],
              [
                86.93171253406183,
                27.900436299459525
              ],
              [
                86.93150930850054,
                27.900436198614653
              ],
              [
                86.93150925165514,
                27.900526472832833
              ],
              [
                86.93140763879364,
                27.9005264223026
              ],
              [
                86.9314075818674,
                27.9006166965118
              ],
              [
                86.93130596891608,
                27.9006166459097
              ],
              [
                86.93130602593214,
                27.900526371691516
              ],
              [
                86.93120441306166,
                27.90052632100857
              ],
              [
                86.93120435597373,
                27.900616595226754
              ],
              [
                86.93110274302241,
                27.900616544462956
              ],
              [
                86.93110268584464,
                27.90070681868114
              ],
              [
                86.93100107281245,
                27.900706767845477
              ],
              [
                86.93100118733867,
                27.900526219418094
              ],
              [
                86.9305947358837,
                27.900526015329845
              ],
              [
                86.93059467828373,
                27.90061628954803
              ],
              [
                86.93028983943871,
                27.900616135693568
              ],
              [
                86.93028989729022,
                27.90052586148437
              ],
              [
                86.93039151015172,
                27.900525912841054
              ],
              [
                86.93039156792237,
                27.90043563862287
              ],
              [
                86.93018834236108,
                27.900435535837634
              ],
              [
                86.93018845823477,
                27.900254987401265
              ],
              [
                86.92988362040485,
                27.900254832657474
              ],
              [
                86.92988356222097,
                27.90034510687566
              ],
              [
                86.92968033683934,
                27.90034500333584
              ],
              [
                86.92968045354846,
                27.90016445489947
              ],
              [
                86.92957884102832,
                27.900164403021765
              ],
              [
                86.92957878258393,
                27.900254677230965
              ],
              [
                86.92937555737296,
                27.900254573241988
              ],
              [
                86.92937549876689,
                27.900344847460172
              ],
              [
                86.92866420993116,
                27.900344481136184
              ],
              [
                86.92866426913014,
                27.90025420692698
              ],
              [
                86.92856265652915,
                27.90025415429469
              ],
              [
                86.92856271580897,
                27.900163880076505
              ],
              [
                86.92846110328884,
                27.900163827372346
              ],
              [
                86.92846104391917,
                27.90025410159053
              ],
              [
                86.92835943131819,
                27.900254048805525
              ],
              [
                86.92835937186769,
                27.90034432302371
              ],
              [
                86.92774969574074,
                27.90034400475959
              ],
              [
                86.92774981565685,
                27.900163456341186
              ],
              [
                86.927851428177,
                27.900163509566365
              ],
              [
                86.9278514880497,
                27.900073235357166
              ],
              [
                86.92774987561042,
                27.900073182123002
              ],
              [
                86.92774999552653,
                27.899892633686633
              ],
              [
                86.92785160779513,
                27.899892686920797
              ],
              [
                86.92785166766784,
                27.899802412702613
              ],
              [
                86.92795327984662,
                27.899802465855927
              ],
              [
                86.92795339942137,
                27.899621917419562
              ],
              [
                86.92805501143845,
                27.899621970492028
              ],
              [
                86.92805495173641,
                27.899712244719193
              ],
              [
                86.9283597880302,
                27.899712403505404
              ],
              [
                86.92835972857971,
                27.89980267772359
              ],
              [
                86.92856295293726,
                27.899802783212753
              ],
              [
                86.92856307150589,
                27.899622234767403
              ],
              [
                86.92846145948882,
                27.899622182063244
              ],
              [
                86.92846157821914,
                27.899441633617894
              ],
              [
                86.92876641375834,
                27.899441791505787
              ],
              [
                86.92876653198562,
                27.899261243051452
              ],
              [
                86.92886814366135,
                27.89926129553103
              ],
              [
                86.92886826171794,
                27.8990807470767
              ],
              [
                86.92896987322298,
                27.899080799475428
              ],
              [
                86.92896993217043,
                27.898990525248262
              ],
              [
                86.92907154359462,
                27.898990577575127
              ],
              [
                86.92907166130986,
                27.898810029111807
              ],
              [
                86.92917327256338,
                27.898810081357826
              ],
              [
                86.92917333134014,
                27.898719807130657
              ],
              [
                86.92886849782214,
                27.89871965014108
              ],
              [
                86.92886867489806,
                27.898448827432627
              ],
              [
                86.92876706397692,
                27.89844877495305
              ],
              [
                86.92876712308606,
                27.8983585007169
              ],
              [
                86.92866551225475,
                27.898358448165457
              ],
              [
                86.92866563064372,
                27.89817789968417
              ],
              [
                86.9284624093135,
                27.898177794356705
              ],
              [
                86.92846246867417,
                27.89808752011157
              ],
              [
                86.92856407925395,
                27.89808757281573
              ],
              [
                86.92856413853377,
                27.897997298570594
              ],
              [
                86.92825930704596,
                27.897997140242527
              ],
              [
                86.92825924751462,
                27.89808741448766
              ],
              [
                86.92815763693484,
                27.89808736155892
              ],
              [
                86.92815769654703,
                27.89799708732277
              ],
              [
                86.92795447555817,
                27.89799698124072
              ],
              [
                86.92795441577528,
                27.898087255485855
              ],
              [
                86.92775119461572,
                27.898087149107358
              ],
              [
                86.92775125456929,
                27.897996874871207
              ],
              [
                86.92764964407036,
                27.89799682156518
              ],
              [
                86.92765000428581,
                27.89745517609438
              ],
              [
                86.9277516142727,
                27.897455229391426
              ],
              [
                86.92775167421728,
                27.89736495514629
              ],
              [
                86.92754845441418,
                27.89736484847135
              ],
              [
                86.92754839428993,
                27.897455122716483
              ],
              [
                86.92744678430304,
                27.897455069275708
              ],
              [
                86.92744660369675,
                27.89772589201111
              ],
              [
                86.92724338321992,
                27.89772578488701
              ],
              [
                86.92724332284415,
                27.897816059132143
              ],
              [
                86.9271417125159,
                27.897816005457805
              ],
              [
                86.92714159160266,
                27.89799655393909
              ],
              [
                86.92703998111271,
                27.897996500192885
              ],
              [
                86.92703992057525,
                27.898086774429036
              ],
              [
                86.92693830999548,
                27.89808672061097
              ],
              [
                86.92693824936818,
                27.89817699484712
              ],
              [
                86.92683663870756,
                27.8981769409482
              ],
              [
                86.92683651728227,
                27.8983574894205
              ],
              [
                86.92693812811358,
                27.89835754331942
              ],
              [
                86.92693806748628,
                27.89844781755557
              ],
              [
                86.92663323474981,
                27.898447655625255
              ],
              [
                86.92663311298318,
                27.898628204097555
              ],
              [
                86.92673472406602,
                27.898628258149188
              ],
              [
                86.92673466327702,
                27.898718532376353
              ],
              [
                86.92653144094068,
                27.898718424201228
              ],
              [
                86.92653137997202,
                27.898808698428393
              ],
              [
                86.92642976872749,
                27.898808644233032
              ],
              [
                86.92642970767798,
                27.8988989184602
              ],
              [
                86.92622648500925,
                27.898898809826935
              ],
              [
                86.92622636256888,
                27.899079358281266
              ],
              [
                86.92612475106384,
                27.899079303852346
              ],
              [
                86.9261246897628,
                27.899169578079512
              ],
              [
                86.92622630134869,
                27.899169632508436
              ],
              [
                86.92622624012851,
                27.89925990672662
              ],
              [
                86.92632785180423,
                27.899259961083676
              ],
              [
                86.92632772952555,
                27.899440509520044
              ],
              [
                86.9260228940133,
                27.899440346242258
              ],
              [
                86.92602295540416,
                27.899350072024074
              ],
              [
                86.92592134364759,
                27.899350017442437
              ],
              [
                86.92592128217588,
                27.899440291669606
              ],
              [
                86.92581967033846,
                27.899440237016105
              ],
              [
                86.92581960877692,
                27.899530511234286
              ],
              [
                86.9256163849314,
                27.899530401702705
              ],
              [
                86.92561632320816,
                27.89962067592089
              ],
              [
                86.92571793521626,
                27.899620730727104
              ],
              [
                86.92571787357386,
                27.899711004936304
              ],
              [
                86.9258194856628,
                27.899711059670654
              ],
              [
                86.9258192394256,
                27.90007215651644
              ],
              [
                86.92612407670754,
                27.900072320252367
              ],
              [
                86.9261241993186,
                27.899891771824983
              ],
              [
                86.92602258705897,
                27.899891717324195
              ],
              [
                86.9260227098407,
                27.89971116889681
              ],
              [
                86.92632754611653,
                27.89971133218358
              ],
              [
                86.92632748498616,
                27.89980160639278
              ],
              [
                86.92642909715596,
                27.899801660677973
              ],
              [
                86.92642903610646,
                27.899891934887172
              ],
              [
                86.92632742384683,
                27.899891880610966
              ],
              [
                86.9263273627075,
                27.899982154820165
              ],
              [
                86.92642897505695,
                27.899982209105357
              ],
              [
                86.92642891399846,
                27.90007248331456
              ],
              [
                86.92663213885908,
                27.900072591651384
              ],
              [
                86.92663195620463,
                27.900343414278986
              ],
              [
                86.9268351815683,
                27.900343522319364
              ],
              [
                86.92683512085117,
                27.900433796528564
              ],
              [
                86.92673350808847,
                27.9004337425488
              ],
              [
                86.92673344728152,
                27.900524016749017
              ],
              [
                86.92592054447039,
                27.900523582215946
              ],
              [
                86.92592060595108,
                27.900433308006747
              ],
              [
                86.92602221871377,
                27.900433362588384
              ],
              [
                86.92602228010463,
                27.90034308837918
              ],
              [
                86.92581905474097,
                27.900342979144042
              ],
              [
                86.92581899317942,
                27.900433253353246
              ],
              [
                86.92561576765405,
                27.90043314382166
              ],
              [
                86.92561564418959,
                27.90061369223108
              ],
              [
                86.92520919245615,
                27.900613472260616
              ],
              [
                86.92520925452973,
                27.900523198060398
              ],
              [
                86.92510764167722,
                27.900523142885874
              ],
              [
                86.92510757952279,
                27.90061341708609
              ],
              [
                86.92480274073168,
                27.900613251095393
              ],
              [
                86.92480280313764,
                27.900522976895175
              ],
              [
                86.92470119028512,
                27.900522921415224
              ],
              [
                86.92470125277194,
                27.900432647215005
              ],
              [
                86.92459964001823,
                27.90043259166319
              ],
              [
                86.9245995774416,
                27.900522865863408
              ],
              [
                86.92449796459806,
                27.900522810239725
              ],
              [
                86.92449790194057,
                27.900613084439943
              ],
              [
                86.9240914502161,
                27.90061286117266
              ],
              [
                86.92409157620482,
                27.900432312772228
              ],
              [
                86.92398996344214,
                27.900432256771253
              ],
              [
                86.92399002652184,
                27.90034198256205
              ],
              [
                86.92388841384899,
                27.90034192648921
              ],
              [
                86.9238882875189,
                27.900522474889645
              ],
              [
                86.92368506183185,
                27.900522362510404
              ],
              [
                86.92368499850062,
                27.900612636710623
              ],
              [
                86.92388822435835,
                27.900612749089863
              ],
              [
                86.92388816119781,
                27.90070302329008
              ],
              [
                86.92358332215517,
                27.900702854604436
              ],
              [
                86.92358338557624,
                27.900612580413203
              ],
              [
                86.92348177264287,
                27.900612524034937
              ],
              [
                86.92348170914096,
                27.90070279822617
              ],
              [
                86.92338009613573,
                27.900702741776037
              ],
              [
                86.92338003254399,
                27.900793015976255
              ],
              [
                86.92327841944893,
                27.900792959445276
              ],
              [
                86.92327835577635,
                27.90088323364549
              ],
              [
                86.92307512942453,
                27.90088312035895
              ],
              [
                86.92307519325881,
                27.900792846167718
              ],
              [
                86.92297358016376,
                27.900792789412158
              ],
              [
                86.92297351623964,
                27.900883063612376
              ],
              [
                86.92256706352703,
                27.900882835844534
              ],
              [
                86.92256712778351,
                27.9007925616533
              ],
              [
                86.92246551469744,
                27.90079250452943
              ],
              [
                86.92246545035111,
                27.900882778720668
              ],
              [
                86.92236383717521,
                27.90088272151595
              ],
              [
                86.92236390160238,
                27.900792447324715
              ],
              [
                86.92216067541226,
                27.900792332690703
              ],
              [
                86.9221606108144,
                27.900882606890917
              ],
              [
                86.92144931858304,
                27.900882203322777
              ],
              [
                86.92144925340129,
                27.90097247751401
              ],
              [
                86.920737960595,
                27.900972070280744
              ],
              [
                86.92073789481138,
                27.901062344462996
              ],
              [
                86.92043305478958,
                27.901062168815407
              ],
              [
                86.92043298875443,
                27.90115244299766
              ],
              [
                86.92033137533598,
                27.90115238430174
              ],
              [
                86.92033144145198,
                27.901062110110505
              ],
              [
                86.92022982811437,
                27.901062051333735
              ],
              [
                86.92022976190854,
                27.90115232552497
              ],
              [
                86.91951846795241,
                27.90115191198553
              ],
              [
                86.9195184011537,
                27.901242186167778
              ],
              [
                86.91901033363023,
                27.90124188854694
              ],
              [
                86.91901026641828,
                27.901332162720212
              ],
              [
                86.91880703924002,
                27.901332043145462
              ],
              [
                86.91880710662265,
                27.901241768963214
              ],
              [
                86.91870549311436,
                27.901241709063548
              ],
              [
                86.91870556058682,
                27.9011514348813
              ],
              [
                86.91860394716836,
                27.90115137490977
              ],
              [
                86.91860387961506,
                27.90124164909202
              ],
              [
                86.91840065260747,
                27.901241528915403
              ],
              [
                86.91840058488349,
                27.901331803097655
              ],
              [
                86.9181973577142,
                27.90133168261561
              ],
              [
                86.91819742559989,
                27.90124140844234
              ],
              [
                86.91789258510198,
                27.901241227162316
              ],
              [
                86.91789251695579,
                27.901331501344565
              ],
              [
                86.91779090336665,
                27.901331440771166
              ],
              [
                86.91779076692154,
                27.901511989117704
              ],
              [
                86.91728269814942,
                27.901511685118827
              ],
              [
                86.91728262950916,
                27.901601959292098
              ],
              [
                86.91697778799615,
                27.901601775990862
              ],
              [
                86.91697771909537,
                27.90169205016413
              ],
              [
                86.91687610517386,
                27.901691988916994
              ],
              [
                86.91687603619222,
                27.90178226308128
              ],
              [
                86.91667280817853,
                27.901782140362428
              ],
              [
                86.91667273902621,
                27.901872414526714
              ],
              [
                86.91616466859222,
                27.90187210640457
              ],
              [
                86.9161645990177,
                27.901962380568857
              ],
              [
                86.91596137067162,
                27.901962256789993
              ],
              [
                86.91596130092643,
                27.90205253095428
              ],
              [
                86.91565645816476,
                27.90205234473352
              ],
              [
                86.91565638816803,
                27.902142618897805
              ],
              [
                86.91535154515485,
                27.902142431994328
              ],
              [
                86.91535147490659,
                27.90223270615861
              ],
              [
                86.9144369451304,
                27.902232141405758
              ],
              [
                86.91443701614223,
                27.902141867250457
              ],
              [
                86.91464024481171,
                27.90214199327511
              ],
              [
                86.91464045733514,
                27.901871170791235
              ],
              [
                86.91474207141835,
                27.90187123368229
              ],
              [
                86.91474214217864,
                27.901780959526988
              ],
              [
                86.914843756172,
                27.901781022346174
              ],
              [
                86.91484382684247,
                27.901690748181892
              ],
              [
                86.914945440755,
                27.901690810929214
              ],
              [
                86.91494551134461,
                27.901600536764928
              ],
              [
                86.9150471251763,
                27.901600599440386
              ],
              [
                86.91504719567608,
                27.901510325267118
              ],
              [
                86.91433589947417,
                27.90150988498483
              ],
              [
                86.91433597056684,
                27.901419610820543
              ],
              [
                86.91443758422784,
                27.90141967393618
              ],
              [
                86.9144377262425,
                27.901239125598625
              ],
              [
                86.91433611275218,
                27.90123906247401
              ],
              [
                86.9143363260302,
                27.900968239963188
              ],
              [
                86.9142347127914,
                27.900968176766707
              ],
              [
                86.91423478396493,
                27.90087790259344
              ],
              [
                86.91433639712287,
                27.90087796578992
              ],
              [
                86.91433653929923,
                27.9006974174344
              ],
              [
                86.91413331333368,
                27.900697290969575
              ],
              [
                86.9141334558514,
                27.900516742614055
              ],
              [
                86.91423506866799,
                27.9005168058824
              ],
              [
                86.91423521101503,
                27.900336257517896
              ],
              [
                86.91393037307732,
                27.900336067488283
              ],
              [
                86.91393023022722,
                27.900516615852784
              ],
              [
                86.91403184303482,
                27.90051667926486
              ],
              [
                86.91403170035541,
                27.90069722762038
              ],
              [
                86.91382847438986,
                27.900697100706395
              ],
              [
                86.91382854589577,
                27.900606826533128
              ],
              [
                86.91352370720347,
                27.900606635596215
              ],
              [
                86.91352377896987,
                27.900516361422948
              ],
              [
                86.91342216616228,
                27.900516297624595
              ],
              [
                86.91342209430604,
                27.900606571806847
              ],
              [
                86.9133204814176,
                27.90060650793663
              ],
              [
                86.9133205533457,
                27.900516233754377
              ],
              [
                86.91301571491391,
                27.900516041703554
              ],
              [
                86.91301578710254,
                27.900425767521302
              ],
              [
                86.91260933619553,
                27.90042551039652
              ],
              [
                86.91260919114457,
                27.90060605875204
              ],
              [
                86.91230435247023,
                27.900605865120177
              ],
              [
                86.91230442524275,
                27.90051559094691
              ],
              [
                86.91250765085796,
                27.900515720106682
              ],
              [
                86.91250772346878,
                27.900425445933415
              ],
              [
                86.91220288529752,
                27.900425252076975
              ],
              [
                86.91220310387558,
                27.900154429548188
              ],
              [
                86.9123047163508,
                27.90015449423587
              ],
              [
                86.91230478912333,
                27.90006422005362
              ],
              [
                86.91220317673793,
                27.900064155365936
              ],
              [
                86.91220324959131,
                27.899973881183683
              ],
              [
                86.91230486189585,
                27.89997394587137
              ],
              [
                86.91230493466837,
                27.899883671689118
              ],
              [
                86.91240654689207,
                27.899883736304936
              ],
              [
                86.9124064742004,
                27.89997401048719
              ],
              [
                86.91281292341856,
                27.899974268213843
              ],
              [
                86.91281299576887,
                27.89988399402261
              ],
              [
                86.91291460799258,
                27.899884058270118
              ],
              [
                86.91291482479198,
                27.899613235705395
              ],
              [
                86.9128132128288,
                27.89961317146687
              ],
              [
                86.91281335752943,
                27.8994326230844
              ],
              [
                86.91301658112341,
                27.899432751498573
              ],
              [
                86.91301665330305,
                27.899342477307336
              ],
              [
                86.91291504159139,
                27.899342413140676
              ],
              [
                86.9129152583908,
                27.899071590557988
              ],
              [
                86.91301686985094,
                27.89907165472465
              ],
              [
                86.9130170142102,
                27.898891106324214
              ],
              [
                86.9133218480965,
                27.898891298375037
              ],
              [
                86.91332206387183,
                27.898620475774386
              ],
              [
                86.91322045283391,
                27.898620411832304
              ],
              [
                86.91322052484287,
                27.898530137632086
              ],
              [
                86.9131189138858,
                27.89853007361814
              ],
              [
                86.91311905807439,
                27.898349525208722
              ],
              [
                86.91332227965614,
                27.898349653155766
              ],
              [
                86.91332235157526,
                27.89825937895555
              ],
              [
                86.91352557298634,
                27.898259506606152
              ],
              [
                86.9135254294715,
                27.89844005501557
              ],
              [
                86.91362704034772,
                27.898440118733074
              ],
              [
                86.91362696867114,
                27.89853039293329
              ],
              [
                86.9140334125084,
                27.898530647039735
              ],
              [
                86.91403348384362,
                27.898440372839516
              ],
              [
                86.91413509471984,
                27.898440436170745
              ]
            ],
            [
              [
                86.91413509471984,
                27.898440436170745
              ],
              [
                86.91443992734851,
                27.898440625742218
              ],
              [
                86.91443985634567,
                27.89853089995142
              ],
              [
                86.91454146730274,
                27.898530962986204
              ],
              [
                86.91454139638972,
                27.898621237195403
              ],
              [
                86.914236563258,
                27.898621047848508
              ],
              [
                86.91423663442255,
                27.89853077364829
              ],
              [
                86.91413502346548,
                27.898530710379944
              ],
              [
                86.91413509471984,
                27.898440436170745
              ]
            ],
            [
              [
                86.91505001555961,
                27.897899357581803
              ],
              [
                86.91504994506882,
                27.897989631799987
              ],
              [
                86.91484672415181,
                27.897989506395174
              ],
              [
                86.91484679481329,
                27.89789923217699
              ],
              [
                86.91505001555961,
                27.897899357581803
              ]
            ],
            [
              [
                86.91687610517386,
                27.901691988916994
              ],
              [
                86.91667287733982,
                27.90169186618916
              ],
              [
                86.91667301564445,
                27.901511317851607
              ],
              [
                86.9168762431461,
                27.90151144057046
              ],
              [
                86.91687610517386,
                27.901691988916994
              ]
            ],
            [
              [
                86.92348177264287,
                27.900612524034937
              ],
              [
                86.92327854679411,
                27.90061241105382
              ],
              [
                86.92327861045771,
                27.900522136853606
              ],
              [
                86.92307538477066,
                27.90052202357605
              ],
              [
                86.92307557629147,
                27.900251200966412
              ],
              [
                86.9232788014665,
                27.90025131424397
              ],
              [
                86.92327873779391,
                27.90034158845317
              ],
              [
                86.92338035047574,
                27.900341644975168
              ],
              [
                86.923380286884,
                27.900431919175386
              ],
              [
                86.92348189964669,
                27.9004319756345
              ],
              [
                86.92348177264287,
                27.900612524034937
              ]
            ],
            [
              [
                86.92399002652184,
                27.90034198256205
              ],
              [
                86.92399021576094,
                27.900071159952414
              ],
              [
                86.92419344060357,
                27.900071271873514
              ],
              [
                86.9241935035126,
                27.8999809976733
              ],
              [
                86.92449834053403,
                27.899981165002487
              ],
              [
                86.92449827787654,
                27.900071439211686
              ],
              [
                86.9243966654552,
                27.900071383507157
              ],
              [
                86.92439660271687,
                27.900161657716357
              ],
              [
                86.92419337769456,
                27.900161546082717
              ],
              [
                86.92419325187652,
                27.900342094492135
              ],
              [
                86.92399002652184,
                27.90034198256205
              ]
            ],
            [
              [
                86.92835943131819,
                27.900254048805525
              ],
              [
                86.92815620610723,
                27.900253943019916
              ],
              [
                86.92815626572842,
                27.900163668810716
              ],
              [
                86.92825787824856,
                27.900163721739453
              ],
              [
                86.9282579377889,
                27.90007344752127
              ],
              [
                86.9283595502192,
                27.90007350037814
              ],
              [
                86.92835943131819,
                27.900254048805525
              ]
            ],
            [
              [
                86.92856271580897,
                27.900163880076505
              ],
              [
                86.92856277508879,
                27.900073605867306
              ],
              [
                86.92866438752809,
                27.900073658499597
              ],
              [
                86.9286643283291,
                27.900163932708796
              ],
              [
                86.92856271580897,
                27.900163880076505
              ]
            ],
            [
              [
                86.93425258086752,
                27.900888905805825
              ],
              [
                86.93425274455853,
                27.900618083151272
              ],
              [
                86.93435435750986,
                27.900618131588434
              ],
              [
                86.93435441199269,
                27.90052785737025
              ],
              [
                86.93455763773365,
                27.900527954019992
              ],
              [
                86.93455742049406,
                27.900889050892726
              ],
              [
                86.93425258086752,
                27.900888905805825
              ]
            ],
            [
              [
                86.93537016528255,
                27.90116025714587
              ],
              [
                86.93506532488347,
                27.9011601138556
              ],
              [
                86.93506559433312,
                27.900708742773663
              ],
              [
                86.93496398128299,
                27.900708694857528
              ],
              [
                86.93496403526275,
                27.900618420639343
              ],
              [
                86.9352688741347,
                27.90061856414521
              ],
              [
                86.93526892785395,
                27.900528289927024
              ],
              [
                86.93537054073343,
                27.9005283376096
              ],
              [
                86.93537037982719,
                27.900799160273134
              ],
              [
                86.9354719929492,
                27.900799207892828
              ],
              [
                86.93547204650676,
                27.900708933665662
              ],
              [
                86.93577688563923,
                27.900709076057616
              ],
              [
                86.93577677904513,
                27.90088962450297
              ],
              [
                86.93598000546882,
                27.900889719050653
              ],
              [
                86.9359798992071,
                27.90107026748702
              ],
              [
                86.93608151258962,
                27.90107031464857
              ],
              [
                86.93608140649859,
                27.90125086308494
              ],
              [
                86.93587817940117,
                27.90125076868099
              ],
              [
                86.93587823260839,
                27.901160494462804
              ],
              [
                86.93567500568165,
                27.901160399762407
              ],
              [
                86.93567495229476,
                27.90125067398059
              ],
              [
                86.93557333874156,
                27.90125062651361
              ],
              [
                86.93557344567702,
                27.901070078086224
              ],
              [
                86.93537021892095,
                27.901069982927687
              ],
              [
                86.93537016528255,
                27.90116025714587
              ]
            ],
            [
              [
                86.93628442208767,
                27.901612054038235
              ],
              [
                86.93628447497149,
                27.901521779829036
              ],
              [
                86.93638608877622,
                27.901521826766007
              ],
              [
                86.93638614157021,
                27.901431552556808
              ],
              [
                86.9364877552851,
                27.901431599421915
              ],
              [
                86.93648770258095,
                27.90152187363112
              ],
              [
                86.93658931638568,
                27.90152192042436
              ],
              [
                86.93658926376237,
                27.90161219463356
              ],
              [
                86.93628442208767,
                27.901612054038235
              ]
            ],
            [
              [
                86.93740212293335,
                27.901702840475796
              ],
              [
                86.93719889498253,
                27.9017027480122
              ],
              [
                86.93719894710279,
                27.901612473803002
              ],
              [
                86.93740217488292,
                27.90161256625761
              ],
              [
                86.93740212293335,
                27.901702840475796
              ]
            ],
            [
              [
                86.93801242412603,
                27.900619825406817
              ],
              [
                86.93791081115674,
                27.900619779673587
              ],
              [
                86.9379108626841,
                27.90052950544642
              ],
              [
                86.93801247556357,
                27.900529551179652
              ],
              [
                86.93801242412603,
                27.900619825406817
              ]
            ],
            [
              [
                86.94025023977022,
                27.896377922586073
              ],
              [
                86.9401486307625,
                27.896377878505742
              ],
              [
                86.94014868042136,
                27.89628760421569
              ],
              [
                86.94025028934824,
                27.896287648296024
              ],
              [
                86.94025023977022,
                27.896377922586073
              ]
            ],
            [
              [
                86.91342324385316,
                27.899162184827944
              ],
              [
                86.91342338754767,
                27.898981636436492
              ],
              [
                86.91352499892695,
                27.89898170022586
              ],
              [
                86.91352485540311,
                27.899162248617312
              ],
              [
                86.91342324385316,
                27.899162184827944
              ]
            ],
            [
              [
                86.91352406602653,
                27.900155264702924
              ],
              [
                86.91352420955036,
                27.89997471632944
              ],
              [
                86.91362582186389,
                27.899974780046943
              ],
              [
                86.91362567850175,
                27.90015532842043
              ],
              [
                86.91352406602653,
                27.900155264702924
              ]
            ],
            [
              [
                86.91382926099965,
                27.899704084701632
              ],
              [
                86.91382933251452,
                27.8996138105104
              ],
              [
                86.9139309444867,
                27.89961387400332
              ],
              [
                86.91393087306164,
                27.899704148194555
              ],
              [
                86.91382926099965,
                27.899704084701632
              ]
            ],
            [
              [
                86.91393130160294,
                27.89916250302918
              ],
              [
                86.91393137301901,
                27.899072228837948
              ],
              [
                86.91403298448812,
                27.899072292250025
              ],
              [
                86.91403291314393,
                27.89916256645024
              ],
              [
                86.91393130160294,
                27.89916250302918
              ]
            ],
            [
              [
                86.91403212841162,
                27.900155582544837
              ],
              [
                86.91403219974684,
                27.900065308353604
              ],
              [
                86.91413381214122,
                27.900065371702798
              ],
              [
                86.91413374088684,
                27.90015564588505
              ],
              [
                86.91403212841162,
                27.900155582544837
              ]
            ],
            [
              [
                86.91433675257724,
                27.90042659489663
              ],
              [
                86.9143368947536,
                27.900246046532125
              ],
              [
                86.91443850731865,
                27.900246109647757
              ],
              [
                86.914438365304,
                27.90042665801226
              ],
              [
                86.91433675257724,
                27.90042659489663
              ]
            ],
            [
              [
                86.91443921734705,
                27.899343367753378
              ],
              [
                86.9144392883499,
                27.899253093562145
              ],
              [
                86.91454089998071,
                27.899253156605912
              ],
              [
                86.91454082906769,
                27.899343430797146
              ],
              [
                86.91443921734705,
                27.899343367753378
              ]
            ],
            [
              [
                86.91454019079671,
                27.900155898509272
              ],
              [
                86.91454026171871,
                27.90006562432702
              ],
              [
                86.91464187411309,
                27.900065687298923
              ],
              [
                86.91464180328093,
                27.900155961481175
              ],
              [
                86.91454019079671,
                27.900155898509272
              ]
            ],
            [
              [
                86.91464123657873,
                27.90087815492122
              ],
              [
                86.91464130741987,
                27.900787880747952
              ],
              [
                86.91474292048798,
                27.900787943647988
              ],
              [
                86.91474284973667,
                27.900878217821255
              ],
              [
                86.91464123657873,
                27.90087815492122
              ]
            ],
            [
              [
                86.91474440624756,
                27.89889218565901
              ],
              [
                86.91474454774121,
                27.898711637258575
              ],
              [
                86.91484615886895,
                27.89871170006878
              ],
              [
                86.91484622953043,
                27.898621425868562
              ],
              [
                86.91504945162423,
                27.898621551273376
              ],
              [
                86.91504931063365,
                27.898802099682797
              ],
              [
                86.91484608820747,
                27.898801974277983
              ],
              [
                86.914846017546,
                27.898892248478198
              ],
              [
                86.91474440624756,
                27.89889218565901
              ]
            ],
            [
              [
                86.91504670215065,
                27.902142244417114
              ],
              [
                86.91504677265043,
                27.90205197026181
              ],
              [
                86.91514838690432,
                27.90205203285642
              ],
              [
                86.91514831648537,
                27.902142307020704
              ],
              [
                86.91504670215065,
                27.902142244417114
              ]
            ],
            [
              [
                86.91515078103133,
                27.89898271067784
              ],
              [
                86.91515085144128,
                27.898892436477624
              ],
              [
                86.9152524627397,
                27.898892498991383
              ],
              [
                86.91525239241959,
                27.8989827731916
              ],
              [
                86.91515078103133,
                27.89898271067784
              ]
            ],
            [
              [
                86.915556455758,
                27.89997597645917
              ],
              [
                86.91555659590416,
                27.8997954280767
              ],
              [
                86.91575982019883,
                27.899795552439468
              ],
              [
                86.91575968038504,
                27.899976100821938
              ],
              [
                86.915556455758,
                27.89997597645917
              ]
            ],
            [
              [
                86.91575940074848,
                27.90033719756891
              ],
              [
                86.91575954056226,
                27.900156649195424
              ],
              [
                86.91586115304648,
                27.90015671126901
              ],
              [
                86.91586108322042,
                27.90024698545126
              ],
              [
                86.91596269579446,
                27.900247047452982
              ],
              [
                86.91596262604926,
                27.900337321635234
              ],
              [
                86.91575940074848,
                27.90033719756891
              ]
            ],
            [
              [
                86.91586052462104,
                27.90096917890927
              ],
              [
                86.91586066427313,
                27.900788630553752
              ],
              [
                86.91606389041833,
                27.900788754476345
              ],
              [
                86.9160637511076,
                27.900969302831864
              ],
              [
                86.91586052462104,
                27.90096917890927
              ]
            ],
            [
              [
                86.91586247964256,
                27.89844150148284
              ],
              [
                86.91586254945962,
                27.898351227264655
              ],
              [
                86.91596416025499,
                27.898351289257395
              ],
              [
                86.91596409052775,
                27.898441563466594
              ],
              [
                86.91586247964256,
                27.89844150148284
              ]
            ],
            [
              [
                86.915862968362,
                27.89780958197352
              ],
              [
                86.91586303817907,
                27.897719307755334
              ],
              [
                86.91596464838155,
                27.89771936974807
              ],
              [
                86.91596457865431,
                27.897809643966255
              ],
              [
                86.915862968362,
                27.89780958197352
              ]
            ],
            [
              [
                86.91596171939761,
                27.9015108859506
              ],
              [
                86.91596178914281,
                27.901420611786317
              ],
              [
                86.9160634028128,
                27.90142067370719
              ],
              [
                86.91606333314844,
                27.901510947880457
              ],
              [
                86.91596171939761,
                27.9015108859506
              ]
            ],
            [
              [
                86.91616529477187,
                27.90105963885414
              ],
              [
                86.91616543392091,
                27.90087909049862
              ],
              [
                86.91636866023678,
                27.900879213972058
              ],
              [
                86.91636859083295,
                27.90096948815431
              ],
              [
                86.91626697758518,
                27.90096942644903
              ],
              [
                86.9162669081005,
                27.901059700631283
              ],
              [
                86.91616529477187,
                27.90105963885414
              ]
            ],
            [
              [
                86.91626961795838,
                27.897539006813812
              ],
              [
                86.91626968743408,
                27.897448732595628
              ],
              [
                86.91647290734498,
                27.897448855898382
              ],
              [
                86.91647283803995,
                27.897539130116566
              ],
              [
                86.91626961795838,
                27.897539006813812
              ]
            ],
            [
              [
                86.91647020407174,
                27.900969549769755
              ],
              [
                86.91647034271773,
                27.900789001414235
              ],
              [
                86.91657195579482,
                27.900789062957813
              ],
              [
                86.91657181731952,
                27.900969611322317
              ],
              [
                86.91647020407174,
                27.900969549769755
              ]
            ],
            [
              [
                86.91647110521671,
                27.899795985346586
              ],
              [
                86.91647124385372,
                27.899615436955134
              ],
              [
                86.91667446780703,
                27.899615559970428
              ],
              [
                86.9166743986637,
                27.899705834170646
              ],
              [
                86.9165727866017,
                27.899705772698933
              ],
              [
                86.91657271736855,
                27.899796046890167
              ],
              [
                86.91647110521671,
                27.899795985346586
              ]
            ],
            [
              [
                86.91657451730492,
                27.89744891743298
              ],
              [
                86.9165745865291,
                27.897358643205813
              ],
              [
                86.9166761963992,
                27.897358704668545
              ],
              [
                86.91667612725587,
                27.89744897889571
              ],
              [
                86.91657451730492,
                27.89744891743298
              ]
            ],
            [
              [
                86.9167749747436,
                27.90106000836715
              ],
              [
                86.91677511287754,
                27.90087946001163
              ],
              [
                86.91697833920242,
                27.90087958258675
              ],
              [
                86.91697820140084,
                27.90106013094227
              ],
              [
                86.9167749747436,
                27.90106000836715
              ]
            ],
            [
              [
                86.91697868368836,
                27.900428211657527
              ],
              [
                86.91697875258913,
                27.900337937475275
              ],
              [
                86.91708036524402,
                27.900337998641564
              ],
              [
                86.91708029642409,
                27.900428272832798
              ],
              [
                86.91697868368836,
                27.900428211657527
              ]
            ],
            [
              [
                86.91738561456522,
                27.899796536552845
              ],
              [
                86.91738568311565,
                27.899706262352627
              ],
              [
                86.91748729518663,
                27.899706323231456
              ],
              [
                86.91748722670806,
                27.89979659742269
              ],
              [
                86.91738561456522,
                27.899796536552845
              ]
            ],
            [
              [
                86.91768956302705,
                27.90097028340588
              ],
              [
                86.91768969964285,
                27.90078973504138
              ],
              [
                86.91789292579703,
                27.90078985626004
              ],
              [
                86.91789285765982,
                27.900880130442292
              ],
              [
                86.91779124449289,
                27.900880069868894
              ],
              [
                86.91779117627483,
                27.900970344051146
              ],
              [
                86.91768956302705,
                27.90097028340588
              ]
            ],
            [
              [
                86.9185045655244,
                27.898172266241225
              ],
              [
                86.91850463314958,
                27.89808199201406
              ],
              [
                86.91860624370241,
                27.898082052057454
              ],
              [
                86.91860617616706,
                27.89817232628462
              ],
              [
                86.9185045655244,
                27.898172266241225
              ]
            ],
            [
              [
                86.91901288752261,
                27.897811468803926
              ],
              [
                86.91901295472559,
                27.897721194576757
              ],
              [
                86.91911456493705,
                27.89772125424286
              ],
              [
                86.91911449782391,
                27.897811528470026
              ],
              [
                86.91901288752261,
                27.897811468803926
              ]
            ],
            [
              [
                86.9193161785165,
                27.899887954488083
              ],
              [
                86.9193162454769,
                27.899797680287865
              ],
              [
                86.91941785762874,
                27.899797739729387
              ],
              [
                86.91941792449933,
                27.89970746552917
              ],
              [
                86.91951953657929,
                27.899707524898826
              ],
              [
                86.91951940299981,
                27.899888073308244
              ],
              [
                86.9193161785165,
                27.899887954488083
              ]
            ],
            [
              [
                86.91941852632566,
                27.89889499766433
              ],
              [
                86.91941859319624,
                27.898804723446144
              ],
              [
                86.91982503812046,
                27.8988049604846
              ],
              [
                86.91982490505302,
                27.898985508911984
              ],
              [
                86.91992651645027,
                27.898985567976215
              ],
              [
                86.91992638356248,
                27.8991661164036
              ],
              [
                86.91982477199457,
                27.899166057330387
              ],
              [
                86.9198248385238,
                27.899075783121184
              ],
              [
                86.91972322703671,
                27.899075723976107
              ],
              [
                86.91972329365578,
                27.898985449757923
              ],
              [
                86.9195200708613,
                27.898985331243185
              ],
              [
                86.91952013764205,
                27.898895057033986
              ],
              [
                86.91941852632566,
                27.89889499766433
              ]
            ],
            [
              [
                86.9197236933432,
                27.898443804466783
              ],
              [
                86.91972375995327,
                27.8983535302486
              ],
              [
                86.91992698157097,
                27.89835364845791
              ],
              [
                86.91992691513157,
                27.898443922685075
              ],
              [
                86.9197236933432,
                27.898443804466783
              ]
            ],
            [
              [
                86.9197248257325,
                27.89690914256901
              ],
              [
                86.91972489234257,
                27.896818868323876
              ],
              [
                86.91982650171862,
                27.896818927468956
              ],
              [
                86.91982656823886,
                27.89672865322382
              ],
              [
                86.92013139611544,
                27.896728830200917
              ],
              [
                86.92013132984671,
                27.896819104437068
              ],
              [
                86.92002972047068,
                27.89681904552555
              ],
              [
                86.92002965411213,
                27.8969093197617
              ],
              [
                86.9197248257325,
                27.89690914256901
              ]
            ],
            [
              [
                86.91992731379491,
                27.89790227734004
              ],
              [
                86.91992744668269,
                27.897721728885706
              ],
              [
                86.92043549777597,
                27.897722023101927
              ],
              [
                86.92043529971541,
                27.897992845783428
              ],
              [
                86.92023207877145,
                27.89799272831972
              ],
              [
                86.92023214495933,
                27.897902454092556
              ],
              [
                86.91992731379491,
                27.89790227734004
              ]
            ],
            [
              [
                86.92023042390402,
                27.900249583612624
              ],
              [
                86.9202305563067,
                27.90006903521219
              ],
              [
                86.92033216871906,
                27.900069093988957
              ],
              [
                86.92033203648704,
                27.900249642389394
              ],
              [
                86.92023042390402,
                27.900249583612624
              ]
            ],
            [
              [
                86.92023287303488,
                27.896909437521852
              ],
              [
                86.92023300541062,
                27.896728889040567
              ],
              [
                86.92043622399201,
                27.896729006495292
              ],
              [
                86.92043609195763,
                27.896909554976574
              ],
              [
                86.92023287303488,
                27.896909437521852
              ]
            ],
            [
              [
                86.920331772032,
                27.900610739163316
              ],
              [
                86.92033190426402,
                27.900430190780845
              ],
              [
                86.92043351700873,
                27.900430249476766
              ],
              [
                86.92043345098256,
                27.900520523668
              ],
              [
                86.92053506381711,
                27.900520582301038
              ],
              [
                86.92053499787178,
                27.900610856492275
              ],
              [
                86.920331772032,
                27.900610739163316
              ]
            ],
            [
              [
                86.92033316037828,
                27.898714980868913
              ],
              [
                86.9203332926013,
                27.898534432432545
              ],
              [
                86.92043490357634,
                27.898534491128466
              ],
              [
                86.92043496960251,
                27.898444216901296
              ],
              [
                86.92073980228507,
                27.8984443925399
              ],
              [
                86.92073973651941,
                27.898534666758085
              ],
              [
                86.92084134749445,
                27.898534725157564
              ],
              [
                86.92084128180963,
                27.89862499937575
              ],
              [
                86.92073967074477,
                27.89862494097627
              ],
              [
                86.92073960497012,
                27.898715215194454
              ],
              [
                86.9206379938244,
                27.898715156723114
              ],
              [
                86.9206380596799,
                27.89862488250493
              ],
              [
                86.92043483755016,
                27.89862476534665
              ],
              [
                86.92043477153298,
                27.898715039564834
              ],
              [
                86.92033316037828,
                27.898714980868913
              ]
            ],
            [
              [
                86.92033408587658,
                27.89745114170654
              ],
              [
                86.92033421808163,
                27.89727059324322
              ],
              [
                86.92063904747637,
                27.89727076908844
              ],
              [
                86.92063891577436,
                27.89745131756074
              ],
              [
                86.92033408587658,
                27.89745114170654
              ]
            ],
            [
              [
                86.92043437537593,
                27.899256684846986
              ],
              [
                86.92043457345446,
                27.898985862210402
              ],
              [
                86.9205361848517,
                27.898985920825474
              ],
              [
                86.92053625079703,
                27.898895646616275
              ],
              [
                86.92063786211342,
                27.89889570515948
              ],
              [
                86.92063773040243,
                27.899076253586866
              ],
              [
                86.92114578782883,
                27.89907654519797
              ],
              [
                86.92114572239554,
                27.899166819407174
              ],
              [
                86.92094249925071,
                27.899166702994496
              ],
              [
                86.92094243364674,
                27.899256977203695
              ],
              [
                86.92043437537593,
                27.899256684846986
              ]
            ],
            [
              [
                86.92073848681912,
                27.9002498767329
              ],
              [
                86.92073861836842,
                27.900069328332467
              ],
              [
                86.92084023078075,
                27.900069386731943
              ],
              [
                86.92084009940214,
                27.90024993513238
              ],
              [
                86.92073848681912,
                27.9002498767329
              ]
            ],
            [
              [
                86.92094302408243,
                27.898444509258006
              ],
              [
                86.92094308967741,
                27.89835423503084
              ],
              [
                86.92104470049075,
                27.898354293277603
              ],
              [
                86.92104463497662,
                27.898444567495787
              ],
              [
                86.92094302408243,
                27.898444509258006
              ]
            ],
            [
              [
                86.92114480626667,
                27.900430658273102
              ],
              [
                86.92114487170893,
                27.90034038408187
              ],
              [
                86.92134809704565,
                27.900340500207086
              ],
              [
                86.92134803177407,
                27.9004307744073
              ],
              [
                86.92155125728146,
                27.900430890227092
              ],
              [
                86.92155112707067,
                27.900611438618544
              ],
              [
                86.9212462883065,
                27.900611264767587
              ],
              [
                86.92124641902036,
                27.900430716376135
              ],
              [
                86.92114480626667,
                27.900430658273102
              ]
            ],
            [
              [
                86.9211455260867,
                27.899437642043758
              ],
              [
                86.92114559152897,
                27.899347367834558
              ],
              [
                86.92124720326757,
                27.899347425928607
              ],
              [
                86.92124713791515,
                27.89943770014679
              ],
              [
                86.9211455260867,
                27.899437642043758
              ]
            ],
            [
              [
                86.92124824886164,
                27.897903038410714
              ],
              [
                86.9212483142051,
                27.897812764174564
              ],
              [
                86.92134992451538,
                27.897812822196748
              ],
              [
                86.92134985925279,
                27.897903096423917
              ],
              [
                86.92124824886164,
                27.897903038410714
              ]
            ],
            [
              [
                86.92134855393779,
                27.899708580787596
              ],
              [
                86.9213486192004,
                27.899618306587378
              ],
              [
                86.92145023119951,
                27.899618364528713
              ],
              [
                86.92145016600877,
                27.899708638737913
              ],
              [
                86.92134855393779,
                27.899708580787596
              ]
            ],
            [
              [
                86.92145094820782,
                27.898625348173606
              ],
              [
                86.92145107856236,
                27.898444799728253
              ],
              [
                86.92155268946553,
                27.898444857597724
              ],
              [
                86.92155262436462,
                27.898535131824893
              ],
              [
                86.92165423534864,
                27.898535189622496
              ],
              [
                86.92165417033756,
                27.89862546384068
              ],
              [
                86.92145094820782,
                27.898625348173606
              ]
            ],
            [
              [
                86.92175597619311,
                27.898354698893904
              ],
              [
                86.92175604111435,
                27.898264424666735
              ],
              [
                86.92185765184685,
                27.898264482311628
              ],
              [
                86.92185758700646,
                27.898354756538794
              ],
              [
                86.92175597619311,
                27.898354698893904
              ]
            ],
            [
              [
                86.92205945040737,
                27.900250630087047
              ],
              [
                86.92205951509506,
                27.90016035588683
              ],
              [
                86.9222627400994,
                27.900160470655592
              ],
              [
                86.92226267558239,
                27.900250744864792
              ],
              [
                86.92205945040737,
                27.900250630087047
              ]
            ],
            [
              [
                86.92246802391661,
                27.897271810038223
              ],
              [
                86.92246808825395,
                27.897181535802073
              ],
              [
                86.92256969797134,
                27.897181592916958
              ],
              [
                86.92256963372384,
                27.897271867162093
              ],
              [
                86.92246802391661,
                27.897271810038223
              ]
            ],
            [
              [
                86.9224685385794,
                27.896549616077156
              ],
              [
                86.92246860290776,
                27.89645934182304
              ],
              [
                86.92257021195141,
                27.896459398937925
              ],
              [
                86.92257014770391,
                27.89654967319204
              ],
              [
                86.9224685385794,
                27.896549616077156
              ]
            ],
            [
              [
                86.92246873156446,
                27.896278793323788
              ],
              [
                86.92246879589283,
                27.89618851906967
              ],
              [
                86.92257040469394,
                27.89618857618456
              ],
              [
                86.92257034044643,
                27.896278850438676
              ],
              [
                86.92246873156446,
                27.896278793323788
              ]
            ],
            [
              [
                86.92277368635503,
                27.896098415935633
              ],
              [
                86.92277375043186,
                27.896008141672535
              ],
              [
                86.92287535905331,
                27.896008198562843
              ],
              [
                86.9228752950663,
                27.89609847282594
              ],
              [
                86.92277368635503,
                27.896098415935633
              ]
            ],
            [
              [
                86.92297415546282,
                27.899980321601216
              ],
              [
                86.92297421938694,
                27.899890047400998
              ],
              [
                86.92307583163759,
                27.899890104147573
              ],
              [
                86.92307595930616,
                27.899709555729174
              ],
              [
                86.92327918347507,
                27.89970966900673
              ],
              [
                86.92327905613888,
                27.89989021742513
              ],
              [
                86.92317744388824,
                27.899890160822284
              ],
              [
                86.9231773801348,
                27.899980435031488
              ],
              [
                86.92297415546282,
                27.899980321601216
              ]
            ],
            [
              [
                86.92307691680246,
                27.89835544244743
              ],
              [
                86.92307698063674,
                27.898265168220263
              ],
              [
                86.92358503430818,
                27.89826545083025
              ],
              [
                86.9235849708961,
                27.898355725057417
              ],
              [
                86.92338174926043,
                27.898355612238003
              ],
              [
                86.92338168567768,
                27.89844588646517
              ],
              [
                86.92317846387134,
                27.89844577334931
              ],
              [
                86.92317852762477,
                27.89835549912214
              ],
              [
                86.92307691680246,
                27.89835544244743
              ]
            ],
            [
              [
                86.92307729978121,
                27.897813797057477
              ],
              [
                86.92307736361549,
                27.897723522821327
              ],
              [
                86.92317897384493,
                27.897723579496038
              ],
              [
                86.92317891010048,
                27.89781385373219
              ],
              [
                86.92307729978121,
                27.897813797057477
              ]
            ],
            [
              [
                86.9232816025932,
                27.8962792481498
              ],
              [
                86.92328166624783,
                27.896188973895683
              ],
              [
                86.92338327504895,
                27.89618903041768
              ],
              [
                86.92338321147517,
                27.896279304671797
              ],
              [
                86.9232816025932,
                27.8962792481498
              ]
            ],
            [
              [
                86.92348209014342,
                27.900161153024865
              ],
              [
                86.92348215364534,
                27.900070878815665
              ],
              [
                86.92368537848797,
                27.90007099149135
              ],
              [
                86.92368531515675,
                27.90016126570055
              ],
              [
                86.92348209014342,
                27.900161153024865
              ]
            ],
            [
              [
                86.92348399500301,
                27.897452926335614
              ],
              [
                86.92348405849594,
                27.897362652099464
              ],
              [
                86.92358566838402,
                27.897362708468748
              ],
              [
                86.92358560498093,
                27.897452982713883
              ],
              [
                86.92348399500301,
                27.897452926335614
              ]
            ],
            [
              [
                86.92358395631186,
                27.89980011256633
              ],
              [
                86.92358401972395,
                27.89970983835713
              ],
              [
                86.92368563181289,
                27.899709894654546
              ],
              [
                86.92368556848166,
                27.89980016887273
              ],
              [
                86.92358395631186,
                27.89980011256633
              ]
            ],
            [
              [
                86.92378774985097,
                27.898987757152593
              ],
              [
                86.92378787633376,
                27.898807208707243
              ],
              [
                86.92399109881384,
                27.898807320933773
              ],
              [
                86.92399103574313,
                27.898897595151954
              ],
              [
                86.92388942441774,
                27.898897539079115
              ],
              [
                86.9238893612572,
                27.898987813306285
              ],
              [
                86.92378774985097,
                27.898987757152593
              ]
            ],
            [
              [
                86.92419362933063,
                27.899800449245912
              ],
              [
                86.92419369223965,
                27.899710175036713
              ],
              [
                86.92439691640857,
                27.89971028666137
              ],
              [
                86.92439685367023,
                27.899800560879555
              ],
              [
                86.92419362933063,
                27.899800449245912
              ]
            ],
            [
              [
                86.92419469873006,
                27.89826578749187
              ],
              [
                86.9241947616301,
                27.89817551325572
              ],
              [
                86.92429637228174,
                27.89817556910398
              ],
              [
                86.92429630946256,
                27.89826584334013
              ],
              [
                86.92419469873006,
                27.89826578749187
              ]
            ],
            [
              [
                86.92419526484836,
                27.897453319357535
              ],
              [
                86.9241953277484,
                27.897363045112403
              ],
              [
                86.92429693763647,
                27.897363100960664
              ],
              [
                86.92429687482627,
                27.897453375205796
              ],
              [
                86.92419526484836,
                27.897453319357535
              ]
            ],
            [
              [
                86.92439917483607,
                27.89646041424081
              ],
              [
                86.92439923756542,
                27.89637013997771
              ],
              [
                86.92450084652823,
                27.896370195673256
              ],
              [
                86.92450078388872,
                27.896460469927373
              ],
              [
                86.92439917483607,
                27.89646041424081
              ]
            ],
            [
              [
                86.92470200262265,
                27.899349356677646
              ],
              [
                86.92470206510048,
                27.899259082459462
              ],
              [
                86.92480367676721,
                27.899259137939417
              ],
              [
                86.92480373917319,
                27.899168863721233
              ],
              [
                86.9249053507501,
                27.899168919120335
              ],
              [
                86.92490541306621,
                27.89907864489317
              ],
              [
                86.92500702456228,
                27.899078700220407
              ],
              [
                86.9250069001007,
                27.899259248665757
              ],
              [
                86.92490528843396,
                27.89925919333852
              ],
              [
                86.92490522611783,
                27.899349467556704
              ],
              [
                86.92470200262265,
                27.899349356677646
              ]
            ],
            [
              [
                86.92470244000339,
                27.89871743712341
              ],
              [
                86.92470250249019,
                27.898627162896243
              ],
              [
                86.92480411356404,
                27.898627218367213
              ],
              [
                86.92480405116706,
                27.898717492603364
              ],
              [
                86.92470244000339,
                27.89871743712341
              ]
            ],
            [
              [
                86.92480292794058,
                27.900342428485757
              ],
              [
                86.92480299034655,
                27.90025215428554
              ],
              [
                86.92490460293854,
                27.900252209684645
              ],
              [
                86.92490454062242,
                27.900342483893844
              ],
              [
                86.92480292794058,
                27.900342428485757
              ]
            ],
            [
              [
                86.9248048623278,
                27.897543927551375
              ],
              [
                86.92480492472478,
                27.897453653306243
              ],
              [
                86.92490653470269,
                27.897453708705346
              ],
              [
                86.92490647239553,
                27.897543982950477
              ],
              [
                86.9248048623278,
                27.897543927551375
              ]
            ],
            [
              [
                86.92490441598117,
                27.900523032303262
              ],
              [
                86.92490447830629,
                27.900432758094063
              ],
              [
                86.92500609106897,
                27.9004328134213
              ],
              [
                86.92500602883368,
                27.9005230876305
              ],
              [
                86.92490441598117,
                27.900523032303262
              ]
            ],
            [
              [
                86.92490491453717,
                27.89980083863864
              ],
              [
                86.92490503916943,
                27.899620290211256
              ],
              [
                86.92510826317664,
                27.899620400784883
              ],
              [
                86.9251082010312,
                27.899710675003067
              ],
              [
                86.92500658894225,
                27.899710619747694
              ],
              [
                86.92500652670697,
                27.899800893965878
              ],
              [
                86.92490491453717,
                27.89980083863864
              ]
            ],
            [
              [
                86.92520981312015,
                27.899710730177592
              ],
              [
                86.92520993724935,
                27.899530181750208
              ],
              [
                86.92541316108588,
                27.89953029187468
              ],
              [
                86.92541303729803,
                27.899710840311045
              ],
              [
                86.92520981312015,
                27.899710730177592
              ]
            ],
            [
              [
                86.92521012343417,
                27.899259359086674
              ],
              [
                86.92521018549877,
                27.89916908486849
              ],
              [
                86.92531179708466,
                27.899169139971146
              ],
              [
                86.92531185905943,
                27.89907886574398
              ],
              [
                86.92541347056448,
                27.899078920774777
              ],
              [
                86.92541334677664,
                27.899259469220127
              ],
              [
                86.92521012343417,
                27.899259359086674
              ]
            ],
            [
              [
                86.92531092935701,
                27.90043297896284
              ],
              [
                86.92531105332452,
                27.90025243054444
              ],
              [
                86.92561589110952,
                27.90025259540326
              ],
              [
                86.92561582937729,
                27.900342869612462
              ],
              [
                86.92551421669546,
                27.90034281473438
              ],
              [
                86.92551415488238,
                27.900433088943583
              ],
              [
                86.92531092935701,
                27.90043297896284
              ]
            ],
            [
              [
                86.92561675528883,
                27.898988756375633
              ],
              [
                86.92561694045855,
                27.898717933694133
              ],
              [
                86.9259217739496,
                27.898718097870233
              ],
              [
                86.92592165100616,
                27.898898646324568
              ],
              [
                86.92602326234054,
                27.898898700906205
              ],
              [
                86.92602313956777,
                27.899079249351555
              ],
              [
                86.92571830506164,
                27.899079085400032
              ],
              [
                86.92571836670403,
                27.898988811172867
              ],
              [
                86.92561675528883,
                27.898988756375633
              ]
            ],
            [
              [
                86.92582145538975,
                27.896822284158763
              ],
              [
                86.9258215169423,
                27.896732009904646
              ],
              [
                86.92592312624647,
                27.896732064549166
              ],
              [
                86.92592306478375,
                27.896822338803283
              ],
              [
                86.92582145538975,
                27.896822284158763
              ]
            ],
            [
              [
                86.9262267911012,
                27.898447438682116
              ],
              [
                86.92622685231241,
                27.898357164445965
              ],
              [
                86.92632846314372,
                27.89835721879404
              ],
              [
                86.92632852427407,
                27.89826694455789
              ],
              [
                86.92643013502453,
                27.8982669988341
              ],
              [
                86.92643001292551,
                27.8984475473064
              ],
              [
                86.9262267911012,
                27.898447438682116
              ]
            ],
            [
              [
                86.92653205058234,
                27.897815681839724
              ],
              [
                86.92653223347035,
                27.897544859104325
              ],
              [
                86.92663384353808,
                27.897544913227822
              ],
              [
                86.92663378265927,
                27.897635187472954
              ],
              [
                86.92673539281682,
                27.897635241524586
              ],
              [
                86.92673527122986,
                27.897815790014853
              ],
              [
                86.92653205058234,
                27.897815681839724
              ]
            ],
            [
              [
                86.92663402616559,
                27.89727409049242
              ],
              [
                86.9266340870444,
                27.897183816238304
              ],
              [
                86.92673569677977,
                27.897183870289933
              ],
              [
                86.9267356359818,
                27.897274144535068
              ],
              [
                86.92663402616559,
                27.89727409049242
              ]
            ],
            [
              [
                86.92683815638428,
                27.895920084631218
              ],
              [
                86.92683821709242,
                27.895829810359135
              ],
              [
                86.92693982556116,
                27.895829864258054
              ],
              [
                86.92693976494284,
                27.895920138521152
              ],
              [
                86.92683815638428,
                27.895920084631218
              ]
            ],
            [
              [
                86.92693861312299,
                27.897635349394285
              ],
              [
                86.92693867375029,
                27.89754507514915
              ],
              [
                86.92704028381802,
                27.8975451289762
              ],
              [
                86.92704022328056,
                27.897635403221337
              ],
              [
                86.92693861312299,
                27.897635349394285
              ]
            ],
            [
              [
                86.92693897686881,
                27.89709370390552
              ],
              [
                86.92693909811442,
                27.896913155397282
              ],
              [
                86.92704070758927,
                27.896913209215352
              ],
              [
                86.92704058651434,
                27.897093757723585
              ],
              [
                86.92693897686881,
                27.89709370390552
              ]
            ],
            [
              [
                86.92693946184228,
                27.896371509845636
              ],
              [
                86.92693958307892,
                27.896190961319437
              ],
              [
                86.927041191889,
                27.89619101514649
              ],
              [
                86.92704107081407,
                27.896371563672687
              ],
              [
                86.92693946184228,
                27.896371509845636
              ]
            ],
            [
              [
                86.92714183342913,
                27.89763545696754
              ],
              [
                86.92714195434237,
                27.897454908477272
              ],
              [
                86.92724356432926,
                27.89745496215161
              ],
              [
                86.9272434435867,
                27.897635510641877
              ],
              [
                86.92714183342913,
                27.89763545696754
              ]
            ],
            [
              [
                86.92714213571223,
                27.897184085723907
              ],
              [
                86.92714225661649,
                27.897003537224656
              ],
              [
                86.92734547574585,
                27.897003644492482
              ],
              [
                86.92734535517397,
                27.89718419300072
              ],
              [
                86.92714213571223,
                27.897184085723907
              ]
            ],
            [
              [
                86.92744696490934,
                27.897184246522343
              ],
              [
                86.92744702511442,
                27.897093972268227
              ],
              [
                86.92765024441447,
                27.897094079086894
              ],
              [
                86.92765018438006,
                27.89718435334101
              ],
              [
                86.92744696490934,
                27.897184246522343
              ]
            ],
            [
              [
                86.92785304465941,
                27.897726105360988
              ],
              [
                86.92785334398704,
                27.897274734117357
              ],
              [
                86.92805656362845,
                27.897274840343137
              ],
              [
                86.9280565039354,
                27.897365114588272
              ],
              [
                86.92836133365351,
                27.897365273365498
              ],
              [
                86.92836145253656,
                27.897184724857265
              ],
              [
                86.92856467200728,
                27.897184830328463
              ],
              [
                86.9285645534656,
                27.897365378836696
              ],
              [
                86.92846294355955,
                27.89736532614152
              ],
              [
                86.92846288419888,
                27.897455600386653
              ],
              [
                86.92815805422923,
                27.89745544184299
              ],
              [
                86.92815787538365,
                27.897726264587373
              ],
              [
                86.92785304465941,
                27.897726105360988
              ]
            ],
            [
              [
                86.9278536433057,
                27.89682336284677
              ],
              [
                86.92785376303316,
                27.896642814320572
              ],
              [
                86.92795537226546,
                27.896642867473886
              ],
              [
                86.92795543203935,
                27.89655259321079
              ],
              [
                86.92805704119081,
                27.896552646283254
              ],
              [
                86.92805692180471,
                27.896733194800472
              ],
              [
                86.92795531248258,
                27.896733141728006
              ],
              [
                86.92795525270868,
                27.896823415991104
              ],
              [
                86.9278536433057,
                27.89682336284677
              ]
            ],
            [
              [
                86.92866598579268,
                27.89763625421337
              ],
              [
                86.92866604498266,
                27.89754597996824
              ],
              [
                86.92886926513611,
                27.897546084990278
              ],
              [
                86.92886914708849,
                27.897726633489526
              ],
              [
                86.92876753685007,
                27.897726581009948
              ],
              [
                86.92876759595923,
                27.897636306764817
              ],
              [
                86.92866598579268,
                27.89763625421337
              ]
            ],
            [
              [
                86.92866746549761,
                27.895379397626893
              ],
              [
                86.92866752467862,
                27.89528912334583
              ],
              [
                86.9287691326443,
                27.895289175897272
              ],
              [
                86.92876907354413,
                27.895379450169354
              ],
              [
                86.92866746549761,
                27.895379397626893
              ]
            ],
            [
              [
                86.92886755336939,
                27.900164037748805
              ],
              [
                86.92886767143496,
                27.899983489312437
              ],
              [
                86.92907089613388,
                27.899983594047015
              ],
              [
                86.92907077841865,
                27.900164142483384
              ],
              [
                86.92886755336939,
                27.900164037748805
              ]
            ],
            [
              [
                86.92907313266944,
                27.89655317288466
              ],
              [
                86.92907319151807,
                27.896462898621557
              ],
              [
                86.9291748005797,
                27.896462950867576
              ],
              [
                86.92917474181192,
                27.89655322513966
              ],
              [
                86.92907313266944,
                27.89655317288466
              ]
            ],
            [
              [
                86.92917244971555,
                27.90007392052918
              ],
              [
                86.92917250849231,
                27.899983646310996
              ],
              [
                86.92937573320022,
                27.89998375059642
              ],
              [
                86.92937567458515,
                27.900074024814604
              ],
              [
                86.92917244971555,
                27.90007392052918
              ]
            ],
            [
              [
                86.92917262604585,
                27.899803097865647
              ],
              [
                86.9291727435994,
                27.899622549420297
              ],
              [
                86.92927435561649,
                27.89962260160343
              ],
              [
                86.92927429692055,
                27.899712875821614
              ],
              [
                86.92937590901849,
                27.899712927932885
              ],
              [
                86.9293758504124,
                27.89980320215107
              ],
              [
                86.92917262604585,
                27.899803097865647
              ]
            ],
            [
              [
                86.92917521193624,
                27.895831030989946
              ],
              [
                86.92917532946282,
                27.895650482436796
              ],
              [
                86.92927693776987,
                27.895650534610947
              ],
              [
                86.92927682041396,
                27.895831083155112
              ],
              [
                86.92917521193624,
                27.895831030989946
              ]
            ],
            [
              [
                86.92927547070423,
                27.89790739113454
              ],
              [
                86.92927558806912,
                27.897726842644275
              ],
              [
                86.92937719831652,
                27.89772689474656
              ],
              [
                86.9293772569226,
                27.897636620492445
              ],
              [
                86.92947886708018,
                27.897636672522864
              ],
              [
                86.9294786915314,
                27.897907495267248
              ],
              [
                86.92927547070423,
                27.89790739113454
              ]
            ],
            [
              [
                86.92927658569316,
                27.896192180243446
              ],
              [
                86.92927664437111,
                27.89610190597136
              ],
              [
                86.92937825310035,
                27.896101958073647
              ],
              [
                86.92937819450326,
                27.896192232336748
              ],
              [
                86.92927658569316,
                27.896192180243446
              ]
            ],
            [
              [
                86.92937678810084,
                27.898358814453513
              ],
              [
                86.92937684670693,
                27.898268540217362
              ],
              [
                86.92947845745739,
                27.8982685922388
              ],
              [
                86.92947851597364,
                27.89817831800265
              ],
              [
                86.92968173731286,
                27.89817842182993
              ],
              [
                86.9296816789583,
                27.898268696075064
              ],
              [
                86.92978328971775,
                27.898268747871924
              ],
              [
                86.92978323144403,
                27.898359022117056
              ],
              [
                86.92968162061273,
                27.898358970311214
              ],
              [
                86.92968156225817,
                27.898449244556346
              ],
              [
                86.92957995133703,
                27.89844919267864
              ],
              [
                86.92958000977244,
                27.898358918433505
              ],
              [
                86.92937678810084,
                27.898358814453513
              ]
            ],
            [
              [
                86.92957889946373,
                27.90007412880358
              ],
              [
                86.92957895790812,
                27.899983854585397
              ],
              [
                86.92968057025757,
                27.899983906463103
              ],
              [
                86.92968051190302,
                27.900074180681287
              ],
              [
                86.92957889946373,
                27.90007412880358
              ]
            ],
            [
              [
                86.92978229915447,
                27.899803409823594
              ],
              [
                86.92978235742818,
                27.89971313560541
              ],
              [
                86.9298839695261,
                27.899713187330406
              ],
              [
                86.92988391134223,
                27.89980346155757
              ],
              [
                86.92978229915447,
                27.899803409823594
              ]
            ],
            [
              [
                86.92988507501086,
                27.8979979768705
              ],
              [
                86.92988519136964,
                27.89781742837125
              ],
              [
                86.93008841203512,
                27.897817531605643
              ],
              [
                86.93008829600872,
                27.89799808009591
              ],
              [
                86.92988507501086,
                27.8979979768705
              ]
            ],
            [
              [
                86.92998651121866,
                27.89826885125903
              ],
              [
                86.92998656932168,
                27.898178577013894
              ],
              [
                86.93018979065192,
                27.898178680095576
              ],
              [
                86.93018973272855,
                27.898268954331726
              ],
              [
                86.92998651121866,
                27.89826885125903
              ]
            ],
            [
              [
                86.92998749883546,
                27.896734188957012
              ],
              [
                86.92998755692952,
                27.896643914693914
              ],
              [
                86.93008916616182,
                27.896643966266193
              ],
              [
                86.9300891081576,
                27.896734240529295
              ],
              [
                86.92998749883546,
                27.896734188957012
              ]
            ],
            [
              [
                86.93008997824782,
                27.89538012644805
              ],
              [
                86.93009003625204,
                27.895289852166986
              ],
              [
                86.9301916442267,
                27.895289903658416
              ],
              [
                86.93019158630332,
                27.895380177939483
              ],
              [
                86.93008997824782,
                27.89538012644805
              ]
            ],
            [
              [
                86.93018857409946,
                27.9000744389649
              ],
              [
                86.9301886320408,
                27.899984164746716
              ],
              [
                86.93029024439026,
                27.899984216175266
              ],
              [
                86.93029018654774,
                27.90007449039345
              ],
              [
                86.93018857409946,
                27.9000744389649
              ]
            ],
            [
              [
                86.93018909549963,
                27.899261970938362
              ],
              [
                86.9301892692877,
                27.898991148247877
              ],
              [
                86.93039249214507,
                27.89899125103311
              ],
              [
                86.93039260766841,
                27.898810702560812
              ],
              [
                86.9302909964149,
                27.898810651204126
              ],
              [
                86.93029105425742,
                27.898720376967976
              ],
              [
                86.93039266543009,
                27.898720428324662
              ],
              [
                86.93039272319176,
                27.898630154079527
              ],
              [
                86.93029111209994,
                27.898630102731826
              ],
              [
                86.93029122779397,
                27.89844955425054
              ],
              [
                86.93049444963624,
                27.898449656883063
              ],
              [
                86.93049427661174,
                27.898720479600495
              ],
              [
                86.9305958877844,
                27.898720530804468
              ],
              [
                86.93059583019341,
                27.89881080504062
              ],
              [
                86.93049421893092,
                27.898810753836646
              ],
              [
                86.93049398822558,
                27.899171850772266
              ],
              [
                86.93039237662173,
                27.89917179949643
              ],
              [
                86.93039231886006,
                27.899262073723595
              ],
              [
                86.93018909549963,
                27.899261970938362
              ]
            ],
            [
              [
                86.93029140132153,
                27.89817873151514
              ],
              [
                86.93029151701556,
                27.897998183024875
              ],
              [
                86.93039312751449,
                27.89799823438156
              ],
              [
                86.93039306975281,
                27.898088508626692
              ],
              [
                86.93049468034157,
                27.89808855990253
              ],
              [
                86.93049462266973,
                27.89817883414766
              ],
              [
                86.93029140132153,
                27.89817873151514
              ]
            ],
            [
              [
                86.93039324302885,
                27.89781768588231
              ],
              [
                86.9303933585522,
                27.89763713738306
              ],
              [
                86.93059657887632,
                27.897637239862867
              ],
              [
                86.93059663646731,
                27.89754696560875
              ],
              [
                86.93079985662973,
                27.89754706778313
              ],
              [
                86.93079979920942,
                27.897637342037246
              ],
              [
                86.93069818904287,
                27.89763729098599
              ],
              [
                86.9306981315417,
                27.897727565240107
              ],
              [
                86.93059652128532,
                27.897727514116983
              ],
              [
                86.93059646369433,
                27.89781778836212
              ],
              [
                86.93039324302885,
                27.89781768588231
              ]
            ],
            [
              [
                86.93039358958092,
                27.89727604036659
              ],
              [
                86.9303936473336,
                27.897185766103494
              ],
              [
                86.93049525707795,
                27.89718581737933
              ],
              [
                86.93049519940611,
                27.89727609164243
              ],
              [
                86.93039358958092,
                27.89727604036659
              ]
            ],
            [
              [
                86.93069703888489,
                27.89944277579883
              ],
              [
                86.93069721141532,
                27.899171953108343
              ],
              [
                86.93079882301919,
                27.899172004168584
              ],
              [
                86.93079876558988,
                27.89926227839575
              ],
              [
                86.9309003772746,
                27.89926232937514
              ],
              [
                86.93090026258668,
                27.89944287783846
              ],
              [
                86.93069703888489,
                27.89944277579883
              ]
            ],
            [
              [
                86.9308996891561,
                27.900345620074198
              ],
              [
                86.93089980384401,
                27.90016507163783
              ],
              [
                86.93100141637314,
                27.900165122545356
              ],
              [
                86.93100135911452,
                27.90025539676354
              ],
              [
                86.93110297172448,
                27.900255447599204
              ],
              [
                86.93110291454673,
                27.900345721817388
              ],
              [
                86.9308996891561,
                27.900345620074198
              ]
            ],
            [
              [
                86.93100187444206,
                27.899442928745987
              ],
              [
                86.93100193170068,
                27.899352654518818
              ],
              [
                86.93110354346624,
                27.8993527053455
              ],
              [
                86.93110348629745,
                27.89944297958165
              ],
              [
                86.93100187444206,
                27.899442928745987
              ]
            ],
            [
              [
                86.93110365781278,
                27.89917215688218
              ],
              [
                86.93110382932812,
                27.898901334182714
              ],
              [
                86.9313070520238,
                27.898901435611492
              ],
              [
                86.93130699501671,
                27.898991709847643
              ],
              [
                86.93140860644989,
                27.898991760458724
              ],
              [
                86.93140854953263,
                27.899082034694874
              ],
              [
                86.93130693801861,
                27.899081984083793
              ],
              [
                86.93130688101152,
                27.899172258319943
              ],
              [
                86.93110365781278,
                27.89917215688218
              ]
            ],
            [
              [
                86.93130876199389,
                27.89619320797003
              ],
              [
                86.93130881898301,
                27.89610293368896
              ],
              [
                86.93151203645048,
                27.896103034821298
              ],
              [
                86.93151197962307,
                27.89619330909338
              ],
              [
                86.93130876199389,
                27.89619320797003
              ]
            ],
            [
              [
                86.93140820801112,
                27.89962368008483
              ],
              [
                86.93140832185462,
                27.89944313162151
              ],
              [
                86.93150993371,
                27.899443182151746
              ],
              [
                86.93150982003719,
                27.899623730615062
              ],
              [
                86.93140820801112,
                27.89962368008483
              ]
            ],
            [
              [
                86.93141008625363,
                27.896644629914576
              ],
              [
                86.93141020007917,
                27.896464081379396
              ],
              [
                86.93151180914977,
                27.896464131900647
              ],
              [
                86.93151169549492,
                27.896644680444812
              ],
              [
                86.93141008625363,
                27.896644629914576
              ]
            ],
            [
              [
                86.93150959269155,
                27.899984827514746
              ],
              [
                86.93150970636438,
                27.899804279069397
              ],
              [
                86.93161131855213,
                27.89980432952777
              ],
              [
                86.9316113753077,
                27.8997140553006
              ],
              [
                86.93171298741461,
                27.89971410567812
              ],
              [
                86.93171293073989,
                27.899804379905287
              ],
              [
                86.93181454293664,
                27.899804430210942
              ],
              [
                86.93181437318201,
                27.90007525288346
              ],
              [
                86.93171276073373,
                27.900075202577806
              ],
              [
                86.93171281740844,
                27.899984928359622
              ],
              [
                86.93150959269155,
                27.899984827514746
              ]
            ],
            [
              [
                86.93201793656375,
                27.899533707916174
              ],
              [
                86.93201799297795,
                27.899443433689008
              ],
              [
                86.93211960483333,
                27.899443483770085
              ],
              [
                86.93211954849998,
                27.899533758006235
              ],
              [
                86.93201793656375,
                27.899533707916174
              ]
            ],
            [
              [
                86.93211926685119,
                27.89998512914207
              ],
              [
                86.9321193795089,
                27.899804580687736
              ],
              [
                86.93232260389341,
                27.899804680625312
              ],
              [
                86.93232254773075,
                27.899894954852478
              ],
              [
                86.93242416000834,
                27.899895004717962
              ],
              [
                86.9324241039355,
                27.899985278936146
              ],
              [
                86.93211926685119,
                27.89998512914207
              ]
            ],
            [
              [
                86.93212140725804,
                27.896554707755136
              ],
              [
                86.93212146357342,
                27.896464433483054
              ],
              [
                86.93222307265302,
                27.896464483483282
              ],
              [
                86.9322230164095,
                27.896554757755364
              ],
              [
                86.93212140725804,
                27.896554707755136
              ]
            ],
            [
              [
                86.93242449647232,
                27.899353359336992
              ],
              [
                86.93242466470882,
                27.89908253662854
              ],
              [
                86.93252627622284,
                27.899082586413172
              ],
              [
                86.93252622023084,
                27.899172860649323
              ],
              [
                86.93262783183471,
                27.89917291035311
              ],
              [
                86.93262766411026,
                27.89944373306156
              ],
              [
                86.93252605225487,
                27.899443683348792
              ],
              [
                86.93252610824686,
                27.899353409121623
              ],
              [
                86.93242449647232,
                27.899353359336992
              ]
            ],
            [
              [
                86.93252633221483,
                27.898992312177025
              ],
              [
                86.93252638820682,
                27.89890203793189
              ],
              [
                86.93283122225482,
                27.898902186827648
              ],
              [
                86.93283111078289,
                27.899082735308934
              ],
              [
                86.93272949925988,
                27.899082685748876
              ],
              [
                86.93272955508118,
                27.89899241151273
              ],
              [
                86.93252633221483,
                27.898992312177025
              ]
            ],
            [
              [
                86.93262755229695,
                27.899624281524876
              ],
              [
                86.93262760819911,
                27.899534007288725
              ],
              [
                86.93272922014432,
                27.899534056920647
              ],
              [
                86.93272916432302,
                27.899624331156797
              ],
              [
                86.93262755229695,
                27.899624281524876
              ]
            ],
            [
              [
                86.9326293971401,
                27.89664523128276
              ],
              [
                86.93262945304227,
                27.89655495701068
              ],
              [
                86.9327310622027,
                27.896555006633612
              ],
              [
                86.93273100639037,
                27.896645280905698
              ],
              [
                86.9326293971401,
                27.89664523128276
              ]
            ],
            [
              [
                86.93273173196862,
                27.89547171530574
              ],
              [
                86.93273178778094,
                27.895381441015687
              ],
              [
                86.93293500390993,
                27.895381540045964
              ],
              [
                86.93293494826828,
                27.89547181432703
              ],
              [
                86.93273173196862,
                27.89547171530574
              ]
            ],
            [
              [
                86.93283094356148,
                27.899353558017385
              ],
              [
                86.93283099930196,
                27.899263283781234
              ],
              [
                86.93323744605874,
                27.899263481257883
              ],
              [
                86.93323739065964,
                27.899353755494033
              ],
              [
                86.93333900243417,
                27.899353804676792
              ],
              [
                86.93333894711591,
                27.899444078912943
              ],
              [
                86.93303411154078,
                27.89944393114008
              ],
              [
                86.93303416711056,
                27.89935365690393
              ],
              [
                86.93283094356148,
                27.899353558017385
              ]
            ],
            [
              [
                86.93303455609905,
                27.89872173723291
              ],
              [
                86.9330347228084,
                27.898450914497513
              ],
              [
                86.93323794466863,
                27.898451013087612
              ],
              [
                86.93323800006775,
                27.89836073884248
              ],
              [
                86.9334412217573,
                27.898360837127154
              ],
              [
                86.93344116652888,
                27.89845111137229
              ],
              [
                86.93364438838911,
                27.89845120936052
              ],
              [
                86.93364427826465,
                27.89863175785977
              ],
              [
                86.93354266716385,
                27.898631708901586
              ],
              [
                86.93354261201627,
                27.89872198314672
              ],
              [
                86.93333938965297,
                27.898721885005777
              ],
              [
                86.93333933433472,
                27.89881215925091
              ],
              [
                86.93323772306324,
                27.898812110068146
              ],
              [
                86.93323777846234,
                27.898721835823014
              ],
              [
                86.93303455609905,
                27.89872173723291
              ]
            ],
            [
              [
                86.93323694743087,
                27.90007594933832
              ],
              [
                86.93323700283896,
                27.89998567511115
              ],
              [
                86.93344022756483,
                27.89998577340481
              ],
              [
                86.93344017232742,
                27.900076047631977
              ],
              [
                86.9335417847757,
                27.900076096662026
              ],
              [
                86.93354167447156,
                27.90025664511636
              ],
              [
                86.93333844924264,
                27.900256546966432
              ],
              [
                86.93333855987915,
                27.90007599852108
              ],
              [
                86.93323694743087,
                27.90007594933832
              ]
            ],
            [
              [
                86.9332390526058,
                27.89664552791545
              ],
              [
                86.93323910799592,
                27.896555253643367
              ],
              [
                86.93334071715636,
                27.89655530282613
              ],
              [
                86.93334066184708,
                27.896645577098212
              ],
              [
                86.9332390526058,
                27.89664552791545
              ]
            ],
            [
              [
                86.93323921878513,
                27.896374705099202
              ],
              [
                86.93323927418425,
                27.89628443082712
              ],
              [
                86.93334088308417,
                27.896284480000897
              ],
              [
                86.9333408277749,
                27.896374754281965
              ],
              [
                86.93323921878513,
                27.896374705099202
              ]
            ],
            [
              [
                86.93344243677363,
                27.89637480338388
              ],
              [
                86.93344249199308,
                27.89628452910281
              ],
              [
                86.93354410090198,
                27.89628457813286
              ],
              [
                86.9335440457634,
                27.896374852404943
              ],
              [
                86.93344243677363,
                27.89637480338388
              ]
            ],
            [
              [
                86.93354349434155,
                27.89727759508984
              ],
              [
                86.93354354948912,
                27.89718732082674
              ],
              [
                86.93364515923346,
                27.89718736978492
              ],
              [
                86.93364510417572,
                27.89727764404802
              ],
              [
                86.93354349434155,
                27.89727759508984
              ]
            ],
            [
              [
                86.93354448688112,
                27.89565265817438
              ],
              [
                86.9335445420197,
                27.895562383893314
              ],
              [
                86.93364615025489,
                27.895562432842514
              ],
              [
                86.93364609519715,
                27.89565270712358
              ],
              [
                86.93354448688112,
                27.89565265817438
              ]
            ],
            [
              [
                86.93364334215724,
                27.900166419847373
              ],
              [
                86.9336434522907,
                27.899985871402023
              ],
              [
                86.93394828939297,
                27.899986017827416
              ],
              [
                86.93394823457777,
                27.90007629205458
              ],
              [
                86.9338466221295,
                27.900076243320978
              ],
              [
                86.93384656722446,
                27.900166517548147
              ],
              [
                86.93364334215724,
                27.900166419847373
              ]
            ],
            [
              [
                86.93394927599468,
                27.898361081531796
              ],
              [
                86.93394933080089,
                27.89827080728666
              ],
              [
                86.93405094156931,
                27.898270855939415
              ],
              [
                86.93405088684395,
                27.898361130193532
              ],
              [
                86.93394927599468,
                27.898361081531796
              ]
            ],
            [
              [
                86.93425356296866,
                27.899263969716817
              ],
              [
                86.93425367207804,
                27.899083421244516
              ],
              [
                86.93445689512406,
                27.899083518029006
              ],
              [
                86.93445684074005,
                27.89917379227414
              ],
              [
                86.93455845234391,
                27.899173840558586
              ],
              [
                86.93455828942545,
                27.899444663267037
              ],
              [
                86.93445667757007,
                27.89944461498259
              ],
              [
                86.93445673195407,
                27.899354340746438
              ],
              [
                86.93435512017953,
                27.89935429239013
              ],
              [
                86.93435517465338,
                27.89926401815398
              ],
              [
                86.93425356296866,
                27.899263969716817
              ]
            ],
            [
              [
                86.93445787409908,
                27.897458581508808
              ],
              [
                86.93445798286709,
                27.897278032982605
              ],
              [
                86.93455959270126,
                27.897278081267054
              ],
              [
                86.93455964700442,
                27.89718780699497
              ],
              [
                86.93466125675775,
                27.897187855198567
              ],
              [
                86.93466109410879,
                27.897458677996852
              ],
              [
                86.93445787409908,
                27.897458581508808
              ]
            ],
            [
              [
                86.93486458435868,
                27.897007402854985
              ],
              [
                86.93486463841032,
                27.896917128582903
              ],
              [
                86.93496624790313,
                27.896917176561924
              ],
              [
                86.93496619394134,
                27.897007450834007
              ],
              [
                86.93486458435868,
                27.897007402854985
              ]
            ],
            [
              [
                86.93506575599395,
                27.900437920101147
              ],
              [
                86.93506580988388,
                27.90034764587398
              ],
              [
                86.93516742258369,
                27.90034769371825
              ],
              [
                86.93516736878358,
                27.900437967936433
              ],
              [
                86.93506575599395,
                27.900437920101147
              ]
            ],
            [
              [
                86.93527139866117,
                27.896375674408343
              ],
              [
                86.93527145237144,
                27.896285400127276
              ],
              [
                86.93537306128034,
                27.896285447809852
              ],
              [
                86.9353730076599,
                27.89637572209092
              ],
              [
                86.93527139866117,
                27.896375674408343
              ]
            ],
            [
              [
                86.93547258200148,
                27.899806191402973
              ],
              [
                86.93547263555006,
                27.899715917166823
              ],
              [
                86.93557424766595,
                27.899715964696686
              ],
              [
                86.93557419419822,
                27.899806238932836
              ],
              [
                86.93547258200148,
                27.899806191402973
              ]
            ],
            [
              [
                86.9356781548696,
                27.895834218985122
              ],
              [
                86.93567820823851,
                27.895743944695074
              ],
              [
                86.93577981664437,
                27.895743992072223
              ],
              [
                86.93577976335631,
                27.89583426636227
              ],
              [
                86.9356781548696,
                27.895834218985122
              ]
            ],
            [
              [
                86.93598032424498,
                27.9003480737146
              ],
              [
                86.93598043049771,
                27.90016752525128
              ],
              [
                86.93608204303581,
                27.900167572412833
              ],
              [
                86.93608193695376,
                27.900348120876153
              ],
              [
                86.93598032424498,
                27.9003480737146
              ]
            ],
            [
              [
                86.9362868013835,
                27.897549713357574
              ],
              [
                86.93628685424935,
                27.897459439094476
              ],
              [
                86.93638846425421,
                27.897459486022466
              ],
              [
                86.93638841147819,
                27.89754976029455
              ],
              [
                86.9362868013835,
                27.897549713357574
              ]
            ],
            [
              [
                86.93638962542553,
                27.895473451901896
              ],
              [
                86.93638967820155,
                27.895383177611844
              ],
              [
                86.93649128627503,
                27.89538322445899
              ],
              [
                86.93649123357986,
                27.89547349875802
              ],
              [
                86.93638962542553,
                27.895473451901896
              ]
            ],
            [
              [
                86.93659147382458,
                27.89782067671525
              ],
              [
                86.9365915264389,
                27.89773040245215
              ],
              [
                86.9366931366953,
                27.897730449164545
              ],
              [
                86.9366930841708,
                27.897820723427646
              ],
              [
                86.93659147382458,
                27.89782067671525
              ]
            ],
            [
              [
                86.93669087764795,
                27.90161224135494
              ],
              [
                86.93669098273287,
                27.901431692927556
              ],
              [
                86.93679259645675,
                27.901431739568086
              ],
              [
                86.93679254399514,
                27.901522013777285
              ],
              [
                86.93689415779987,
                27.90152206034595
              ],
              [
                86.93689410542808,
                27.90161233455515
              ],
              [
                86.93669087764795,
                27.90161224135494
              ]
            ],
            [
              [
                86.936692558845,
                27.898723465977792
              ],
              [
                86.93669261137848,
                27.89863319173266
              ],
              [
                86.93689583359804,
                27.89863328492389
              ],
              [
                86.93689578122627,
                27.89872355916902
              ],
              [
                86.93699739242588,
                27.898723605656837
              ],
              [
                86.93699734014393,
                27.898813879910954
              ],
              [
                86.93679411759199,
                27.898813786863457
              ],
              [
                86.93679417003563,
                27.89872351260934
              ],
              [
                86.936692558845,
                27.898723465977792
              ]
            ],
            [
              [
                86.93679579584257,
                27.89592501030952
              ],
              [
                86.93679584828621,
                27.89583473601947
              ],
              [
                86.93689745678189,
                27.89583478257915
              ],
              [
                86.93689740442808,
                27.895925056860214
              ],
              [
                86.93679579584257,
                27.89592501030952
              ]
            ],
            [
              [
                86.93720030213053,
                27.899265343878692
              ],
              [
                86.93720035424181,
                27.899175069642542
              ],
              [
                86.93730196586364,
                27.899175115896796
              ],
              [
                86.93730191383321,
                27.899265390141927
              ],
              [
                86.93720030213053,
                27.899265343878692
              ]
            ],
            [
              [
                86.93730066506717,
                27.901431971638853
              ],
              [
                86.93730071709759,
                27.901341697429654
              ],
              [
                86.93770717166073,
                27.901341881737
              ],
              [
                86.9377071199627,
                27.901432155955185
              ],
              [
                86.93780873368657,
                27.901432201850113
              ],
              [
                86.93780868206937,
                27.901522476059313
              ],
              [
                86.93740222684147,
                27.901522292048412
              ],
              [
                86.93740227879105,
                27.901432017830228
              ],
              [
                86.93730066506717,
                27.901431971638853
              ]
            ],
            [
              [
                86.93801489308271,
                27.896286661164307
              ],
              [
                86.93801494451125,
                27.89619638688324
              ],
              [
                86.93821816218535,
                27.896196478116142
              ],
              [
                86.9382181109185,
                27.896286752397206
              ],
              [
                86.93801489308271,
                27.896286661164307
              ]
            ],
            [
              [
                86.93811449930548,
                27.899807402987747
              ],
              [
                86.93811455066218,
                27.899717128742612
              ],
              [
                86.93821616277808,
                27.899717174332114
              ],
              [
                86.93821611151122,
                27.899807448568264
              ],
              [
                86.93811449930548,
                27.899807402987747
              ]
            ],
            [
              [
                86.93862485214304,
                27.895745288251344
              ],
              [
                86.93862490306853,
                27.895655013952315
              ],
              [
                86.93872651139353,
                27.895655059164522
              ],
              [
                86.93872646055787,
                27.89574533345457
              ],
              [
                86.93862485214304,
                27.895745288251344
              ]
            ],
            [
              [
                86.93903108345687,
                27.89610656578427
              ],
              [
                86.939031134041,
                27.89601629149422
              ],
              [
                86.93913274270736,
                27.896016336401
              ],
              [
                86.93913269220408,
                27.89610661069105
              ],
              [
                86.93903108345687,
                27.89610656578427
              ]
            ],
            [
              [
                86.93923450263206,
                27.895745558356786
              ],
              [
                86.93923455305449,
                27.895655284066738
              ],
              [
                86.93943776971349,
                27.895655373503008
              ],
              [
                86.93943766921896,
                27.895835922092086
              ],
              [
                86.93933606071428,
                27.895835877409887
              ],
              [
                86.9393361110469,
                27.895745603119835
              ],
              [
                86.93923450263206,
                27.895745558356786
              ]
            ],
            [
              [
                86.9394370159551,
                27.89700948778188
              ],
              [
                86.93943706620685,
                27.896919213509797
              ],
              [
                86.93953867571764,
                27.896919258120132
              ],
              [
                86.93953862554673,
                27.897009532392214
              ],
              [
                86.9394370159551,
                27.89700948778188
              ]
            ],
            [
              [
                86.93964048556171,
                27.89655820552536
              ],
              [
                86.93964053564278,
                27.896467931244292
              ],
              [
                86.93974214474035,
                27.896467975701913
              ],
              [
                86.93974209474011,
                27.89655824998298
              ],
              [
                86.93964048556171,
                27.89655820552536
              ]
            ],
            [
              [
                86.9398438536587,
                27.89628747151656
              ],
              [
                86.9398439035691,
                27.89619719722651
              ],
              [
                86.93994551240614,
                27.896197241540403
              ],
              [
                86.93994546257659,
                27.896287515821466
              ],
              [
                86.9398438536587,
                27.89628747151656
              ]
            ],
            [
              [
                86.92246577207375,
                27.900431407737543
              ],
              [
                86.92246583641109,
                27.900341133537328
              ],
              [
                86.92256744908394,
                27.900341190661194
              ],
              [
                86.92256738482745,
                27.900431464861413
              ],
              [
                86.92246577207375,
                27.900431407737543
              ]
            ],
            [
              [
                86.93211988648213,
                27.898992112598318
              ],
              [
                86.93211971749105,
                27.89926293530677
              ],
              [
                86.93191649412164,
                27.899262835063766
              ],
              [
                86.93191643761762,
                27.899353109299916
              ],
              [
                86.93181482585206,
                27.899353059066126
              ],
              [
                86.93181493901284,
                27.899172510602806
              ],
              [
                86.93171332741797,
                27.89917246029715
              ],
              [
                86.93171344074942,
                27.89899191182485
              ],
              [
                86.9318150521826,
                27.898991962130506
              ],
              [
                86.93181510875849,
                27.898901687894355
              ],
              [
                86.93201833146314,
                27.89890178828109
              ],
              [
                86.93201827504895,
                27.89899206251724
              ],
              [
                86.93211988648213,
                27.898992112598318
              ]
            ],
            [
              [
                86.93008783190311,
                27.898720274030026
              ],
              [
                86.93018944308476,
                27.898720325539426
              ],
              [
                86.9301893851524,
                27.898810599775576
              ],
              [
                86.93008777388991,
                27.898810548266177
              ],
              [
                86.93008783190311,
                27.898720274030026
              ]
            ],
            [
              [
                86.93445624243512,
                27.90016680883586
              ],
              [
                86.93455785497324,
                27.900166857120308
              ],
              [
                86.93455790927639,
                27.90007658289314
              ],
              [
                86.93486274663917,
                27.90007672729732
              ],
              [
                86.93486263852692,
                27.900257275751656
              ],
              [
                86.93465941328004,
                27.900257179560054
              ],
              [
                86.93465935905773,
                27.900347453778238
              ],
              [
                86.93435452094934,
                27.9003473089249
              ],
              [
                86.93435457542319,
                27.90025703469773
              ],
              [
                86.93445618804213,
                27.900257083063025
              ],
              [
                86.93445624243512,
                27.90016680883586
              ]
            ],
            [
              [
                86.91962308288478,
                27.897089631824368
              ],
              [
                86.91952147325722,
                27.89708957253556
              ],
              [
                86.91952140648544,
                27.89717984677171
              ],
              [
                86.91941979676804,
                27.897179787411037
              ],
              [
                86.91941993049126,
                27.896999238938736
              ],
              [
                86.9196231495847,
                27.896999357588218
              ],
              [
                86.91962308288478,
                27.897089631824368
              ]
            ],
            [
              [
                86.92633023587909,
                27.895739265496523
              ],
              [
                86.926431844258,
                27.89573931976375
              ],
              [
                86.92643178321748,
                27.89582959403583
              ],
              [
                86.92633017474874,
                27.895829539768606
              ],
              [
                86.92633023587909,
                27.895739265496523
              ]
            ],
            [
              [
                86.92968115380319,
                27.899081164200418
              ],
              [
                86.92947793077514,
                27.899081060373135
              ],
              [
                86.92947798930038,
                27.898990786136984
              ],
              [
                86.92937637787618,
                27.898990734106565
              ],
              [
                86.92937667089765,
                27.898539362934795
              ],
              [
                86.92988472592555,
                27.898539622323334
              ],
              [
                86.92988449319002,
                27.898900719267935
              ],
              [
                86.92978288184668,
                27.89890066754294
              ],
              [
                86.92978282358195,
                27.89899094177909
              ],
              [
                86.92968121214876,
                27.89899088997325
              ],
              [
                86.92968115380319,
                27.899081164200418
              ]
            ],
            [
              [
                86.93394965964717,
                27.897729161761962
              ],
              [
                86.93394976926858,
                27.897548613244744
              ],
              [
                86.93415298944,
                27.897548710478393
              ],
              [
                86.93415288016892,
                27.897729258995607
              ],
              [
                86.93394965964717,
                27.897729161761962
              ]
            ],
            [
              [
                86.93547408125376,
                27.897278512413475
              ],
              [
                86.93547413479335,
                27.89718823814139
              ],
              [
                86.93557574455566,
                27.897188285671252
              ],
              [
                86.93557569109691,
                27.897278559943334
              ],
              [
                86.93547408125376,
                27.897278512413475
              ]
            ],
            [
              [
                86.93008783190311,
                27.898720274030026
              ],
              [
                86.92998622073044,
                27.898720222457747
              ],
              [
                86.92998633692753,
                27.89853967397646
              ],
              [
                86.93018955894048,
                27.89853977705814
              ],
              [
                86.93018950100813,
                27.898630051303275
              ],
              [
                86.93008788991631,
                27.898629999793876
              ],
              [
                86.93008783190311,
                27.898720274030026
              ]
            ],
            [
              [
                86.92968115380319,
                27.899081164200418
              ],
              [
                86.92988437682226,
                27.899081267740236
              ],
              [
                86.92988431863837,
                27.8991715419674
              ],
              [
                86.9297827070435,
                27.89917149024241
              ],
              [
                86.92978247396661,
                27.89953258715108
              ],
              [
                86.92968086203038,
                27.899532535345234
              ],
              [
                86.92968092038494,
                27.899442261118068
              ],
              [
                86.92957930853854,
                27.89944220924036
              ],
              [
                86.92957948385376,
                27.89917138655886
              ],
              [
                86.92968109544863,
                27.899171438436568
              ],
              [
                86.92968115380319,
                27.899081164200418
              ]
            ],
            [
              [
                86.93212005546421,
                27.898721289880882
              ],
              [
                86.93191683310091,
                27.898721189646864
              ],
              [
                86.93191677660586,
                27.898811463883014
              ],
              [
                86.93171355408087,
                27.89881136334357
              ],
              [
                86.9317136107466,
                27.89872108910742
              ],
              [
                86.93181522191927,
                27.898721139413073
              ],
              [
                86.93181527850415,
                27.898630865167938
              ],
              [
                86.93191688959597,
                27.89863091540173
              ],
              [
                86.93191694609999,
                27.898540641156597
              ],
              [
                86.93181533508903,
                27.898540590931788
              ],
              [
                86.93181539166493,
                27.898450316686656
              ],
              [
                86.93191700259504,
                27.898450366920446
              ],
              [
                86.9319170590901,
                27.898360092675315
              ],
              [
                86.93201866993037,
                27.898360142828256
              ],
              [
                86.93201872634458,
                27.89826986858312
              ],
              [
                86.93212033710402,
                27.898269918664198
              ],
              [
                86.93212044975276,
                27.89808937016495
              ],
              [
                86.93222206034152,
                27.898089420165178
              ],
              [
                86.93222211658504,
                27.897999145920043
              ],
              [
                86.93212050607713,
                27.897999095910833
              ],
              [
                86.9321205624015,
                27.8979088216657
              ],
              [
                86.93222217282856,
                27.897908871665926
              ],
              [
                86.93222228530661,
                27.897728323157693
              ],
              [
                86.93181584429904,
                27.897728122698638
              ],
              [
                86.93181578771417,
                27.897818396952754
              ],
              [
                86.9319173980514,
                27.897818447177563
              ],
              [
                86.93191711558514,
                27.898269818421195
              ],
              [
                86.93181550482569,
                27.89826976819639
              ],
              [
                86.93181544824081,
                27.89836004244152
              ],
              [
                86.93151061571996,
                27.898359891299975
              ],
              [
                86.93151067254738,
                27.898269617054844
              ],
              [
                86.93140906179693,
                27.898269566524608
              ],
              [
                86.93140894796241,
                27.898450115014874
              ],
              [
                86.9313073370323,
                27.898450064412774
              ],
              [
                86.93130722302709,
                27.89863061289406
              ],
              [
                86.93110400084346,
                27.898630511465278
              ],
              [
                86.93110394367467,
                27.89872078570143
              ],
              [
                86.93100233249302,
                27.89872073487475
              ],
              [
                86.93100256150953,
                27.8983596379032
              ],
              [
                86.93090095066924,
                27.898359587004656
              ],
              [
                86.9309010080087,
                27.898269312759524
              ],
              [
                86.93059617574835,
                27.89826915959677
              ],
              [
                86.93059623333934,
                27.898178885351633
              ],
              [
                86.93069784400895,
                27.89817893648374
              ],
              [
                86.93069790151011,
                27.898088662238607
              ],
              [
                86.93090112268763,
                27.898088764269257
              ],
              [
                86.93090118002709,
                27.897998490024122
              ],
              [
                86.93100279052602,
                27.897998540922668
              ],
              [
                86.93100284778464,
                27.897908266677533
              ],
              [
                86.93110445820273,
                27.89790831750421
              ],
              [
                86.93110457254029,
                27.897727768995978
              ],
              [
                86.93120618278769,
                27.89772781975079
              ],
              [
                86.93120635403353,
                27.897456996988442
              ],
              [
                86.93151118403013,
                27.897457148794743
              ],
              [
                86.93151129769397,
                27.89727660028651
              ],
              [
                86.93171451735334,
                27.897276701113416
              ],
              [
                86.93171457401007,
                27.89718642685032
              ],
              [
                86.93191779350775,
                27.897186527380782
              ],
              [
                86.9319177370127,
                27.89727680164388
              ],
              [
                86.93201934684687,
                27.89727685179682
              ],
              [
                86.9320194032521,
                27.897186577533724
              ],
              [
                86.93212101299643,
                27.8971866276148
              ],
              [
                86.9321210693208,
                27.8970963533517
              ],
              [
                86.9322226789843,
                27.897096403351927
              ],
              [
                86.93222284769689,
                27.89682558056263
              ],
              [
                86.93242606652083,
                27.89682568033851
              ],
              [
                86.932426010448,
                27.896915954601607
              ],
              [
                86.93262922944261,
                27.896916054081043
              ],
              [
                86.93262928534476,
                27.89682577981794
              ],
              [
                86.93273089475673,
                27.89682582944088
              ],
              [
                86.93273078312309,
                27.897006377976062
              ],
              [
                86.93293400227941,
                27.89700647700634
              ],
              [
                86.93293405793004,
                27.89691620274324
              ],
              [
                86.93313727692465,
                27.89691630146809
              ],
              [
                86.9331372214447,
                27.89700657574017
              ],
              [
                86.93344205019264,
                27.89700672327049
              ],
              [
                86.93344199496421,
                27.89709699753359
              ],
              [
                86.93334038529174,
                27.897096948431678
              ],
              [
                86.93334010873639,
                27.897548319738192
              ],
              [
                86.9335433289078,
                27.897548417879136
              ],
              [
                86.93354321862164,
                27.89772896638737
              ],
              [
                86.93364482887802,
                27.897729015345554
              ],
              [
                86.93364477382028,
                27.89781928959967
              ],
              [
                86.93354316347406,
                27.89781924065047
              ],
              [
                86.93354310833547,
                27.897909514904587
              ],
              [
                86.93364471875354,
                27.897909563853787
              ],
              [
                86.93364460863806,
                27.89809011236202
              ],
              [
                86.93354299804031,
                27.89809006341282
              ],
              [
                86.93354294289274,
                27.898180337657955
              ],
              [
                86.93313650018736,
                27.898180141088602
              ],
              [
                86.93313644469842,
                27.898270415333737
              ],
              [
                86.93293322317955,
                27.898270316599902
              ],
              [
                86.93293333448081,
                27.898089768100654
              ],
              [
                86.9331365556673,
                27.898089866834486
              ],
              [
                86.93313661114726,
                27.897999592589354
              ],
              [
                86.93303500063935,
                27.897999543253878
              ],
              [
                86.93303505620914,
                27.89790926899976
              ],
              [
                86.93293344578207,
                27.897909219601402
              ],
              [
                86.93293339013144,
                27.897999493846537
              ],
              [
                86.9326285586077,
                27.897999345184342
              ],
              [
                86.93262861451885,
                27.897909070930226
              ],
              [
                86.93232378324663,
                27.89790892159429
              ],
              [
                86.93232372709295,
                27.897999195848406
              ],
              [
                86.93242533760086,
                27.897999245704906
              ],
              [
                86.93242511330051,
                27.898360342694424
              ],
              [
                86.93232350246022,
                27.898360292837925
              ],
              [
                86.93232344629756,
                27.898450567083056
              ],
              [
                86.93222183537642,
                27.898450517154693
              ],
              [
                86.9322217791329,
                27.898540791399828
              ],
              [
                86.93212016812193,
                27.8985407413996
              ],
              [
                86.93212005546421,
                27.898721289880882
              ]
            ],
            [
              [
                86.92246615812475,
                27.89988976251827
              ],
              [
                86.9223645458741,
                27.899889705322536
              ],
              [
                86.92236461030127,
                27.899799431113337
              ],
              [
                86.92246622247107,
                27.899799488318052
              ],
              [
                86.92246615812475,
                27.89988976251827
              ]
            ],
            [
              [
                86.93394965964717,
                27.897729161761962
              ],
              [
                86.93394960484095,
                27.89781943601608
              ],
              [
                86.93405121518717,
                27.897819484677818
              ],
              [
                86.9340511604618,
                27.897909758931934
              ],
              [
                86.93384793960767,
                27.897909661545572
              ],
              [
                86.93384804939079,
                27.89772911302836
              ],
              [
                86.93394965964717,
                27.897729161761962
              ]
            ],
            [
              [
                86.93374539454643,
                27.89944427489839
              ],
              [
                86.93374544953232,
                27.89935400066224
              ],
              [
                86.93384706130685,
                27.899354049467707
              ],
              [
                86.93384717109895,
                27.89917350099541
              ],
              [
                86.93374555948611,
                27.899173452189938
              ],
              [
                86.93374566944888,
                27.898992903708656
              ],
              [
                86.93394889232422,
                27.898993001247728
              ],
              [
                86.93394867308139,
                27.899354098201314
              ],
              [
                86.93405028485593,
                27.89935414686305
              ],
              [
                86.93405023013057,
                27.8994444210992
              ],
              [
                86.93374539454643,
                27.89944427489839
              ]
            ],
            [
              [
                86.92094204001397,
                27.899798622449918
              ],
              [
                86.92104365217479,
                27.89979868069668
              ],
              [
                86.92104358665166,
                27.899888954905883
              ],
              [
                86.92094197441001,
                27.899888896659117
              ],
              [
                86.92094204001397,
                27.899798622449918
              ]
            ],
            [
              [
                86.91494522899514,
                27.90196163342207
              ],
              [
                86.91494515840553,
                27.902051907586355
              ],
              [
                86.91484354415164,
                27.902051844830048
              ],
              [
                86.9148436148221,
                27.901961570674747
              ],
              [
                86.91494522899514,
                27.90196163342207
              ]
            ],
            [
              [
                86.92886897002157,
                27.897997456224928
              ],
              [
                86.92866574902371,
                27.89799735120289
              ],
              [
                86.92866586741269,
                27.897816802712622
              ],
              [
                86.92876747774093,
                27.897816855255083
              ],
              [
                86.9287674186318,
                27.8979071295092
              ],
              [
                86.92886902904986,
                27.897907181979793
              ],
              [
                86.92886897002157,
                27.897997456224928
              ]
            ],
            [
              [
                86.92236486800996,
                27.899438334276535
              ],
              [
                86.92246647983839,
                27.899438391472266
              ],
              [
                86.92246641549207,
                27.89952866569045
              ],
              [
                86.9223648035828,
                27.899528608485735
              ],
              [
                86.92236486800996,
                27.899438334276535
              ]
            ],
            [
              [
                86.92886897002157,
                27.897997456224928
              ],
              [
                86.9289705805205,
                27.897997508623657
              ],
              [
                86.92897052158203,
                27.898087782868792
              ],
              [
                86.9290721321618,
                27.898087835195657
              ],
              [
                86.9290720733042,
                27.89817810944079
              ],
              [
                86.92886885197396,
                27.898178004715195
              ],
              [
                86.92886897002157,
                27.897997456224928
              ]
            ],
            [
              [
                86.93445624243512,
                27.90016680883586
              ],
              [
                86.93435462989702,
                27.900166760470565
              ],
              [
                86.93435468437984,
                27.900076486243396
              ],
              [
                86.93445629682812,
                27.900076534608694
              ],
              [
                86.93445624243512,
                27.90016680883586
              ]
            ],
            [
              [
                86.92246577207375,
                27.900431407737543
              ],
              [
                86.9224656433811,
                27.90061195613798
              ],
              [
                86.92236403045672,
                27.900611898933263
              ],
              [
                86.92236415931107,
                27.900431350532827
              ],
              [
                86.92246577207375,
                27.900431407737543
              ]
            ],
            [
              [
                86.92094204001397,
                27.899798622449918
              ],
              [
                86.92084042785316,
                27.89979856413129
              ],
              [
                86.92084036216835,
                27.899888838331506
              ],
              [
                86.92063713767604,
                27.899888721460687
              ],
              [
                86.92063726939601,
                27.89970817305127
              ],
              [
                86.92053565731605,
                27.899708114508062
              ],
              [
                86.9205357892067,
                27.899527566089663
              ],
              [
                86.920637401107,
                27.899527624641852
              ],
              [
                86.92063746697147,
                27.899437350432652
              ],
              [
                86.92084069061936,
                27.89943746730347
              ],
              [
                86.92084049354696,
                27.89970828992209
              ],
              [
                86.92094210562692,
                27.8997083482497
              ],
              [
                86.92094204001397,
                27.899798622449918
              ]
            ],
            [
              [
                86.91972395979249,
                27.898082707585065
              ],
              [
                86.91972409302164,
                27.89790215913073
              ],
              [
                86.91982570340379,
                27.89790221827581
              ],
              [
                86.91982563688353,
                27.897992492502976
              ],
              [
                86.91992724735552,
                27.897992551567206
              ],
              [
                86.91992718090714,
                27.898082825794372
              ],
              [
                86.92013040202177,
                27.898082943707237
              ],
              [
                86.92013033574408,
                27.89817321792542
              ],
              [
                86.91982550382508,
                27.89817304094833
              ],
              [
                86.9198255703543,
                27.89808276672116
              ],
              [
                86.91972395979249,
                27.898082707585065
              ]
            ],
            [
              [
                86.91972395979249,
                27.898082707585065
              ],
              [
                86.91972382657234,
                27.89826325603042
              ],
              [
                86.91962221584883,
                27.89826319680449
              ],
              [
                86.91962234923967,
                27.89808264835914
              ],
              [
                86.91972395979249,
                27.898082707585065
              ]
            ],
            [
              [
                86.92246615812475,
                27.89988976251827
              ],
              [
                86.9225677703754,
                27.89988981964214
              ],
              [
                86.9225677061189,
                27.89998009385134
              ],
              [
                86.9224660937874,
                27.899980036727474
              ],
              [
                86.92246615812475,
                27.89988976251827
              ]
            ],
            [
              [
                86.91494522899514,
                27.90196163342207
              ],
              [
                86.91494537017437,
                27.901781085093496
              ],
              [
                86.9151485981701,
                27.901781210363563
              ],
              [
                86.91514866858904,
                27.90169093619928
              ],
              [
                86.91525028250156,
                27.901690998722025
              ],
              [
                86.91525035283965,
                27.90160072455774
              ],
              [
                86.91535196667132,
                27.901600787008615
              ],
              [
                86.91535182616583,
                27.901781335337187
              ],
              [
                86.91525021216347,
                27.901781272895292
              ],
              [
                86.9152501418254,
                27.901871547059578
              ],
              [
                86.91504691366796,
                27.90187142193324
              ],
              [
                86.91504684315919,
                27.901961696097526
              ],
              [
                86.91494522899514,
                27.90196163342207
              ]
            ],
            [
              [
                86.91962308288478,
                27.897089631824368
              ],
              [
                86.91992791177645,
                27.89708980925062
              ],
              [
                86.91992797821585,
                27.89699953501447
              ],
              [
                86.92002958775358,
                27.896999594006836
              ],
              [
                86.92002952140402,
                27.897089868242983
              ],
              [
                86.92023274065915,
                27.897089986003134
              ],
              [
                86.92023267447126,
                27.897180260239285
              ],
              [
                86.92002945504547,
                27.897180142479133
              ],
              [
                86.92002925596981,
                27.897450965187584
              ],
              [
                86.91982603604094,
                27.89745084712201
              ],
              [
                86.91982596951172,
                27.89754112135816
              ],
              [
                86.91972435946195,
                27.89754106221308
              ],
              [
                86.91972442607202,
                27.897450787985914
              ],
              [
                86.91962281611208,
                27.89745072876897
              ],
              [
                86.91962308288478,
                27.897089631824368
              ]
            ],
            [
              [
                86.92236486800996,
                27.899438334276535
              ],
              [
                86.92226325618152,
                27.899438276999952
              ],
              [
                86.92226332068955,
                27.89934800279075
              ],
              [
                86.92236493242815,
                27.899348060067332
              ],
              [
                86.92236486800996,
                27.899438334276535
              ]
            ],
            [
              [
                86.92633023587909,
                27.895739265496523
              ],
              [
                86.9260254107334,
                27.895739102236703
              ],
              [
                86.92602553348819,
                27.89555855370152
              ],
              [
                86.92612714169641,
                27.895558608193326
              ],
              [
                86.92612708040436,
                27.89564888246541
              ],
              [
                86.92633029700046,
                27.89564899122444
              ],
              [
                86.92633023587909,
                27.895739265496523
              ]
            ],
            [
              [
                86.93374539454643,
                27.89944427489839
              ],
              [
                86.93374528458367,
                27.899624823361705
              ],
              [
                86.93384689660974,
                27.899624872176158
              ],
              [
                86.93384684171369,
                27.899715146403327
              ],
              [
                86.93364361749087,
                27.89971504871154
              ],
              [
                86.93364356242415,
                27.899805322938708
              ],
              [
                86.93354195022741,
                27.899805273980522
              ],
              [
                86.93354189507983,
                27.89989554820769
              ],
              [
                86.93344028280224,
                27.899895499177642
              ],
              [
                86.93344033803066,
                27.899805224950477
              ],
              [
                86.9333387258339,
                27.899805175839578
              ],
              [
                86.93333883647941,
                27.899624627376262
              ],
              [
                86.93344044850546,
                27.899624676487157
              ],
              [
                86.9334405589713,
                27.89944412802384
              ],
              [
                86.93374539454643,
                27.89944427489839
              ]
            ],
            [
              [
                86.93547408125376,
                27.897278512413475
              ],
              [
                86.93547402771416,
                27.897368786676573
              ],
              [
                86.93537241779016,
                27.897368739074846
              ],
              [
                86.9353724714106,
                27.897278464802763
              ],
              [
                86.93547408125376,
                27.897278512413475
              ]
            ],
            [
              [
                86.93211988648213,
                27.898992112598318
              ],
              [
                86.93212005546421,
                27.898721289880882
              ],
              [
                86.9323232778275,
                27.89872138981846
              ],
              [
                86.93232316550217,
                27.89890193829974
              ],
              [
                86.93222155415882,
                27.898901888362396
              ],
              [
                86.9322214979153,
                27.898992162607527
              ],
              [
                86.93211988648213,
                27.898992112598318
              ]
            ]
          ]
        ]
      },
      "id": "+17851+5151",
      "properties": {
        "area_m2": 1318388.5564834336,
        "count": 13153,
        "image_id": "COPERNICUS/S1_GRD/S1A_IW_GRDH_1SDV_20211013T001139_20211013T001204_040093_04BF59_9E34",
        "lake_id": "imja-tsho",
        "observed_at": "2021-10-13T00:11:39Z",
        "water": 1
      }
    }
  ]
}
