{
  "type": "FeatureCollection",
  "features": [
    {
      "type": "Feature",
      "geometry": {
        "geodesic": false,
        "type": "MultiPolygon",
        "coordinates": [
          [
            [
              [
                86.91343629955428,
                27.898817988463705
              ],
              [
                86.91343637138357,
                27.898727714263487
              ],
              [
                86.91353798252928,
                27.89872777804387
              ],
              [
                86.91353791078083,
                27.89881805224409
              ],
              [
                86.91343629955428,
                27.898817988463705
              ]
            ]
          ],
          [
            [
              [
                86.92542531249791,
                27.90044993329839
              ],
              [
                86.92542525061297,
                27.90054020750759
              ],
              [
                86.9251204120195,
                27.900540042226563
              ],
              [
                86.92512047416494,
                27.90044976801736
              ],
              [
                86.92542531249791,
                27.90044993329839
              ]
            ]
          ],
          [
            [
              [
                86.91333461641757,
                27.898908198802687
              ],
              [
                86.91333432874109,
                27.89926929558559
              ],
              [
                86.91343594038986,
                27.899269359446826
              ],
              [
                86.91343586856057,
                27.89935963363806
              ],
              [
                86.91353748029019,
                27.899359697418443
              ],
              [
                86.91353755203863,
                27.89926942322721
              ],
              [
                86.9136391636874,
                27.89926948693573
              ],
              [
                86.91363923535499,
                27.89917921273551
              ],
              [
                86.91353762378706,
                27.899179149035977
              ],
              [
                86.91353769553551,
                27.89908887483576
              ],
              [
                86.91343608405742,
                27.899088811055375
              ],
              [
                86.91343615588671,
                27.898998536855157
              ],
              [
                86.91353776728396,
                27.89899860063554
              ],
              [
                86.9135378390324,
                27.898908326444307
              ],
              [
                86.9136394503488,
                27.89890839014384
              ],
              [
                86.91363930701361,
                27.899088938544278
              ],
              [
                86.9137409184917,
                27.89908900217195
              ],
              [
                86.91374070374943,
                27.89935982476362
              ],
              [
                86.91384231548804,
                27.899359888319427
              ],
              [
                86.91384224399111,
                27.89945016251066
              ],
              [
                86.91394385581057,
                27.899450225994602
              ],
              [
                86.91394399863371,
                27.89926967760315
              ],
              [
                86.91404561028249,
                27.899269741006243
              ],
              [
                86.9140458242612,
                27.898998918414573
              ],
              [
                86.91394421286395,
                27.89899885501148
              ],
              [
                86.91394428428,
                27.898908580811263
              ],
              [
                86.91404589558742,
                27.898908644223336
              ],
              [
                86.91404596691366,
                27.898818370014137
              ],
              [
                86.91414757814921,
                27.898818433345365
              ],
              [
                86.91414764938561,
                27.898728159145147
              ],
              [
                86.91384281595744,
                27.898727968926885
              ],
              [
                86.91384288745435,
                27.898637694726666
              ],
              [
                86.914147720631,
                27.89863788494493
              ],
              [
                86.91414779186739,
                27.89854761073573
              ],
              [
                86.91424940284243,
                27.89854767399509
              ],
              [
                86.91424947399798,
                27.89845739978589
              ],
              [
                86.91435108489217,
                27.898457462964405
              ],
              [
                86.91435144024773,
                27.8980060919184
              ],
              [
                86.91445305071971,
                27.898006155025048
              ],
              [
                86.91445312170458,
                27.897915880806863
              ],
              [
                86.914757952869,
                27.89791606966867
              ],
              [
                86.91475802360235,
                27.897825795450487
              ],
              [
                86.91485963390365,
                27.897825858260692
              ],
              [
                86.91485970454715,
                27.897735584042508
              ],
              [
                86.91496131476761,
                27.897735646771864
              ],
              [
                86.9149611030796,
                27.89800646941743
              ],
              [
                86.91506271355159,
                27.898006532074923
              ],
              [
                86.91506264306977,
                27.898096806284123
              ],
              [
                86.91516425362259,
                27.89809686886975
              ],
              [
                86.91516446481653,
                27.897826046224182
              ],
              [
                86.91526607511783,
                27.897826108728957
              ],
              [
                86.91526614542896,
                27.897735834510776
              ],
              [
                86.91506292498805,
                27.89773570942037
              ],
              [
                86.91506299546987,
                27.897645435202186
              ],
              [
                86.91536782587072,
                27.89764562271652
              ],
              [
                86.91536796632231,
                27.897465074271167
              ],
              [
                86.91597762613584,
                27.897465447269642
              ],
              [
                86.91597776557235,
                27.89728489882429
              ],
              [
                86.91618098517782,
                27.897285022549255
              ],
              [
                86.91618091562125,
                27.89737529677642
              ],
              [
                86.91628252550933,
                27.897375358535598
              ],
              [
                86.91628238657589,
                27.897555906980948
              ],
              [
                86.91638399663465,
                27.897555968659276
              ],
              [
                86.91638385787189,
                27.897736517104626
              ],
              [
                86.916180637422,
                27.897736393667124
              ],
              [
                86.91618070696957,
                27.89764611944894
              ],
              [
                86.91607909682996,
                27.897646057617898
              ],
              [
                86.91607902720155,
                27.897736331845064
              ],
              [
                86.91587580675166,
                27.897736207958403
              ],
              [
                86.91587587655974,
                27.897645933740222
              ],
              [
                86.91546943601031,
                27.897645685068582
              ],
              [
                86.91546929572941,
                27.89782623350495
              ],
              [
                86.91597734725387,
                27.897826544160342
              ],
              [
                86.91597720781736,
                27.89800709258773
              ],
              [
                86.91628203924229,
                27.89800727808085
              ],
              [
                86.91628217817573,
                27.897826729644482
              ],
              [
                86.9164853987963,
                27.89782685292927
              ],
              [
                86.91648546809233,
                27.89773657871109
              ],
              [
                86.91668868854222,
                27.897736701699433
              ],
              [
                86.91668875766759,
                27.897646427472267
              ],
              [
                86.91679036780718,
                27.89764648885415
              ],
              [
                86.91679043686068,
                27.897556214626984
              ],
              [
                86.91658721674317,
                27.89755609179135
              ],
              [
                86.91658742438875,
                27.897285269118832
              ],
              [
                86.91679064399422,
                27.897285391954465
              ],
              [
                86.91679071303874,
                27.897195117718315
              ],
              [
                86.91729876163468,
                27.897195423495855
              ],
              [
                86.917298830257,
                27.897105149259705
              ],
              [
                86.91740043989354,
                27.89710521019243
              ],
              [
                86.91740050842601,
                27.89701493595628
              ],
              [
                86.91760372753741,
                27.89701505759715
              ],
              [
                86.91760386426998,
                27.89683450912485
              ],
              [
                86.91770547365499,
                27.896834569824016
              ],
              [
                86.91770526880318,
                27.897105392532467
              ],
              [
                86.91811170735835,
                27.897105634601484
              ],
              [
                86.91811184325547,
                27.896925086129183
              ],
              [
                86.9183150621962,
                27.896925206710044
              ],
              [
                86.91831512997409,
                27.896834932473894
              ],
              [
                86.91851834874412,
                27.896835052758313
              ],
              [
                86.91851841635133,
                27.896744778522162
              ],
              [
                86.91882324426383,
                27.896744958382847
              ],
              [
                86.91882310955248,
                27.896925506864132
              ],
              [
                86.91902632849319,
                27.896925626402947
              ],
              [
                86.91902639568717,
                27.89683535215781
              ],
              [
                86.9191280050722,
                27.89683541181493
              ],
              [
                86.91912807217635,
                27.89674513757878
              ],
              [
                86.91922968148052,
                27.89674519715505
              ],
              [
                86.91922961446619,
                27.896835471400184
              ],
              [
                86.91973766141824,
                27.896835768176604
              ],
              [
                86.91973786120356,
                27.896564945450187
              ],
              [
                86.92004268862199,
                27.89656512261593
              ],
              [
                86.9200426222814,
                27.89665539686106
              ],
              [
                86.92014423150472,
                27.896655455763593
              ],
              [
                86.92014429776447,
                27.89656518151846
              ],
              [
                86.92024590689795,
                27.89656524034913
              ],
              [
                86.92024603924673,
                27.896384691858863
              ],
              [
                86.92034764821854,
                27.896384750608682
              ],
              [
                86.92034758212948,
                27.896475024853814
              ],
              [
                86.92044919118212,
                27.896475083540754
              ],
              [
                86.92044925719033,
                27.89638480929562
              ],
              [
                86.9208556930775,
                27.896385043261834
              ],
              [
                86.92085575875333,
                27.896294769016702
              ],
              [
                86.92116058541718,
                27.89629494370309
              ],
              [
                86.92116065083249,
                27.89620466945796
              ],
              [
                86.9213638684437,
                27.89620478553826
              ],
              [
                86.92136373794544,
                27.896385334046492
              ],
              [
                86.9216685648698,
                27.89638550760999
              ],
              [
                86.92166843488359,
                27.896566056109236
              ],
              [
                86.92187165316852,
                27.89656617145292
              ],
              [
                86.92187178282238,
                27.89638562295367
              ],
              [
                86.92177017385058,
                27.89638556531776
              ],
              [
                86.92177030366612,
                27.896205016818513
              ],
              [
                86.921668694865,
                27.896204959110737
              ],
              [
                86.92166882485122,
                27.896024410602504
              ],
              [
                86.92177043348167,
                27.89602446831028
              ],
              [
                86.92177049839393,
                27.89593419404718
              ],
              [
                86.92197371550208,
                27.895934309238147
              ],
              [
                86.92197378024366,
                27.89584403497505
              ],
              [
                86.9220753887124,
                27.895844092458244
              ],
              [
                86.92207532406064,
                27.89593436671236
              ],
              [
                86.92217693261023,
                27.895934424123688
              ],
              [
                86.92217699718114,
                27.89584414986059
              ],
              [
                86.92227860565885,
                27.89584420719107
              ],
              [
                86.92227867013992,
                27.895753932936955
              ],
              [
                86.9224818869157,
                27.895754047373337
              ],
              [
                86.92248175827694,
                27.895934595890555
              ],
              [
                86.92268497539409,
                27.895934710030495
              ],
              [
                86.92268503954278,
                27.895844435767394
              ],
              [
                86.92278664801152,
                27.895844492720585
              ],
              [
                86.92278671207936,
                27.895754218466468
              ],
              [
                86.92288832046725,
                27.89575427534779
              ],
              [
                86.92288838444527,
                27.895664001084693
              ],
              [
                86.9229899927523,
                27.895664057885167
              ],
              [
                86.92299005664947,
                27.895573783622066
              ],
              [
                86.92309166486667,
                27.89557384035966
              ],
              [
                86.92309153724302,
                27.89575438888586
              ],
              [
                86.92329475402778,
                27.895754502118503
              ],
              [
                86.92329488131008,
                27.8955739535923
              ],
              [
                86.92339648953627,
                27.895574010096333
              ],
              [
                86.92339642597148,
                27.895664284359434
              ],
              [
                86.92349803427852,
                27.8956643407916
              ],
              [
                86.92349809775348,
                27.8955740665285
              ],
              [
                86.92370131419688,
                27.895574179168253
              ],
              [
                86.92370125089259,
                27.895664453431355
              ],
              [
                86.92380285919964,
                27.89566450963894
              ],
              [
                86.92380292242306,
                27.89557423537584
              ],
              [
                86.92420935530987,
                27.895574459451606
              ],
              [
                86.92420941820092,
                27.895484185188504
              ],
              [
                86.92441263447364,
                27.89548429677723
              ],
              [
                86.92441269719401,
                27.895394022505148
              ],
              [
                86.92451430524952,
                27.89539407818273
              ],
              [
                86.92451436788006,
                27.895303803919628
              ],
              [
                86.92461597585472,
                27.895303859525345
              ],
              [
                86.92461591330503,
                27.895394133797428
              ],
              [
                86.92471752136055,
                27.895394189322296
              ],
              [
                86.92471745890069,
                27.89548446359438
              ],
              [
                86.92492067518239,
                27.8954845744375
              ],
              [
                86.92492061288422,
                27.8955748487006
              ],
              [
                86.9251238293366,
                27.89557495924728
              ],
              [
                86.9251237672181,
                27.89566523351038
              ],
              [
                86.92542859214821,
                27.89566539876446
              ],
              [
                86.92542865402416,
                27.895575124492375
              ],
              [
                86.92553026225035,
                27.895575179424355
              ],
              [
                86.92553032403647,
                27.895484905152273
              ],
              [
                86.92563193218182,
                27.895484960012386
              ],
              [
                86.9256319938871,
                27.895394685740303
              ],
              [
                86.92573360194261,
                27.895394740528555
              ],
              [
                86.92573354032716,
                27.895485014800638
              ],
              [
                86.9258351484725,
                27.895485069508037
              ],
              [
                86.92583533306731,
                27.895214246682805
              ],
              [
                86.92614015674876,
                27.895214410364833
              ],
              [
                86.92614021802284,
                27.895124136083766
              ],
              [
                86.9262418258358,
                27.895124190494723
              ],
              [
                86.92624176464257,
                27.895214464766806
              ],
              [
                86.9263433725274,
                27.8952145191059
              ],
              [
                86.92634331141501,
                27.89530479337798
              ],
              [
                86.92654652737332,
                27.895304901822602
              ],
              [
                86.92654658831503,
                27.895214627541538
              ],
              [
                86.92735945147453,
                27.895215058310665
              ],
              [
                86.9273595117425,
                27.895124784038583
              ],
              [
                86.92746111955546,
                27.89512483754224
              ],
              [
                86.92746105936834,
                27.895215111823305
              ],
              [
                86.92827392254581,
                27.895215537202542
              ],
              [
                86.92827386303242,
                27.89530581148361
              ],
              [
                86.92817225504878,
                27.89530575857284
              ],
              [
                86.92817219545454,
                27.89539603284492
              ],
              [
                86.92827380351903,
                27.895396085755692
              ],
              [
                86.92827374400565,
                27.895486360036756
              ],
              [
                86.92857856845964,
                27.89548651831991
              ],
              [
                86.92857862772149,
                27.895396244038846
              ],
              [
                86.92868023578599,
                27.89539629665317
              ],
              [
                86.92868029496701,
                27.895306022372104
              ],
              [
                86.92878190295065,
                27.895306074905584
              ],
              [
                86.92878196203284,
                27.895215800624516
              ],
              [
                86.92888356993565,
                27.89521585308613
              ],
              [
                86.92888362893699,
                27.895125578805064
              ],
              [
                86.92898523675893,
                27.895125631194812
              ],
              [
                86.92898517783844,
                27.895215905475876
              ],
              [
                86.92908678573225,
                27.895215957784774
              ],
              [
                86.92908684457191,
                27.89512568350371
              ],
              [
                86.93020453055945,
                27.89512625397883
              ],
              [
                86.93020464637924,
                27.894945705407714
              ],
              [
                86.93030625403051,
                27.8949457568183
              ],
              [
                86.93030631185506,
                27.89485548252825
              ],
              [
                86.93050952698692,
                27.894855585124837
              ],
              [
                86.93050935402529,
                27.895126407986
              ],
              [
                86.93071256966022,
                27.895126510286147
              ],
              [
                86.93071251217701,
                27.895216784576196
              ],
              [
                86.93081412007982,
                27.89521683560949
              ],
              [
                86.9308139478638,
                27.89548765846167
              ],
              [
                86.9309155560271,
                27.895487709423094
              ],
              [
                86.9309156133486,
                27.89539743514203
              ],
              [
                86.93101722142208,
                27.89539748603159
              ],
              [
                86.93101733588541,
                27.895216937460475
              ],
              [
                86.93091572798261,
                27.895216886570914
              ],
              [
                86.93091578530411,
                27.895126612289847
              ],
              [
                86.931119000948,
                27.89512671398812
              ],
              [
                86.93111905808985,
                27.89503643969807
              ],
              [
                86.93132227357205,
                27.895036541099902
              ],
              [
                86.93132233055218,
                27.894946266809853
              ],
              [
                86.93142393820345,
                27.89494631740297
              ],
              [
                86.93142371061528,
                27.8953074145452
              ],
              [
                86.93132210262264,
                27.895307363961066
              ],
              [
                86.9313220456425,
                27.89539763824213
              ],
              [
                86.93122043756902,
                27.89539758757715
              ],
              [
                86.93122038049906,
                27.8954878618672
              ],
              [
                86.93111877234473,
                27.89548781112137
              ],
              [
                86.93111871519392,
                27.895578085402434
              ],
              [
                86.93122032343807,
                27.895578136148266
              ],
              [
                86.93122020929813,
                27.895758684701413
              ],
              [
                86.93101699247744,
                27.895758583146872
              ],
              [
                86.93101704970911,
                27.89566830887479
              ],
              [
                86.93081383305909,
                27.89566820701482
              ],
              [
                86.93081377565674,
                27.895758481295886
              ],
              [
                86.93071216724191,
                27.89575843025361
              ],
              [
                86.93071210975872,
                27.895848704534675
              ],
              [
                86.9309153267501,
                27.895848806538375
              ],
              [
                86.9309152121071,
                27.896029355091525
              ],
              [
                86.93101682076447,
                27.896029405981086
              ],
              [
                86.93101670629216,
                27.89620995452525
              ],
              [
                86.9309150974641,
                27.89620990363569
              ],
              [
                86.9309150401426,
                27.896300177907772
              ],
              [
                86.9308134312247,
                27.896300126937366
              ],
              [
                86.93081348862705,
                27.896209852665283
              ],
              [
                86.93071187979899,
                27.89620980163199
              ],
              [
                86.93071193729116,
                27.896119527359907
              ],
              [
                86.93050871979673,
                27.89611942505078
              ],
              [
                86.93050883511347,
                27.895938876506616
              ],
              [
                86.93020400937489,
                27.89593872249046
              ],
              [
                86.9302039514605,
                27.896028996762542
              ],
              [
                86.93040716878424,
                27.896029099520828
              ],
              [
                86.93040705330581,
                27.896209648064993
              ],
              [
                86.93030544446877,
                27.89620959671729
              ],
              [
                86.93030550230232,
                27.89611932245419
              ],
              [
                86.93010228480789,
                27.89611921954319
              ],
              [
                86.93010222681265,
                27.896209493815274
              ],
              [
                86.92989900914755,
                27.896209390616814
              ],
              [
                86.92989895098162,
                27.896299664879916
              ],
              [
                86.93010216881741,
                27.89629976808736
              ],
              [
                86.93010211082218,
                27.896390042359442
              ],
              [
                86.9304069378184,
                27.896390196600176
              ],
              [
                86.9304068800747,
                27.896480470863274
              ],
              [
                86.93061009824287,
                27.896480573325118
              ],
              [
                86.93061004066085,
                27.896570847588215
              ],
              [
                86.93071164983027,
                27.896570898702358
              ],
              [
                86.93071170732246,
                27.896480624439256
              ],
              [
                86.93081331641103,
                27.89648067548153
              ],
              [
                86.93081337381338,
                27.896390401209448
              ],
              [
                86.9309149828211,
                27.896390452170873
              ],
              [
                86.93091475352612,
                27.896751549241237
              ],
              [
                86.93111797220632,
                27.896751650948495
              ],
              [
                86.93111785789571,
                27.896932199474694
              ],
              [
                86.93101624838492,
                27.896932148656997
              ],
              [
                86.93101613390363,
                27.8971126971832
              ],
              [
                86.93091452423114,
                27.89711264629364
              ],
              [
                86.93091463888312,
                27.89693209776744
              ],
              [
                86.93081302937235,
                27.89693204680601
              ],
              [
                86.93081314418602,
                27.896751498279812
              ],
              [
                86.93071153485491,
                27.896751447237538
              ],
              [
                86.9307115923381,
                27.89666117297444
              ],
              [
                86.93040676458729,
                27.896661019398458
              ],
              [
                86.930406822331,
                27.896570745135357
              ],
              [
                86.93020360399215,
                27.89657064237707
              ],
              [
                86.93020366190653,
                27.896480368113973
              ],
              [
                86.93000044373836,
                27.896480265059242
              ],
              [
                86.93000032757722,
                27.89666081358544
              ],
              [
                86.9301019368275,
                27.896660865157724
              ],
              [
                86.93010182082804,
                27.896841413683923
              ],
              [
                86.93000021140709,
                27.896841362111644
              ],
              [
                86.93000015333101,
                27.89693163637474
              ],
              [
                86.92979693431842,
                27.89693153302357
              ],
              [
                86.92979705082094,
                27.89675098449737
              ],
              [
                86.92969544148981,
                27.896750932709494
              ],
              [
                86.92969538315322,
                27.896841206972592
              ],
              [
                86.92949216431131,
                27.89684110316328
              ],
              [
                86.92949210581303,
                27.896931377426377
              ],
              [
                86.92959371531482,
                27.89693142936697
              ],
              [
                86.92959359847096,
                27.897111977884183
              ],
              [
                86.92928876945352,
                27.897111821837836
              ],
              [
                86.92928882813148,
                27.897021547574738
              ],
              [
                86.9290856089572,
                27.897021443172534
              ],
              [
                86.92908555011755,
                27.89711171742665
              ],
              [
                86.92898394044506,
                27.89711166511775
              ],
              [
                86.92898405829506,
                27.896931116600534
              ],
              [
                86.92908566779685,
                27.896931168918417
              ],
              [
                86.9290857266365,
                27.89684089465532
              ],
              [
                86.92898411722453,
                27.896840842337436
              ],
              [
                86.92898417614504,
                27.89675056808332
              ],
              [
                86.9287809574828,
                27.896750463222975
              ],
              [
                86.92878107566516,
                27.89656991470576
              ],
              [
                86.92867946650472,
                27.8965698621633
              ],
              [
                86.92867952568572,
                27.8964795879002
              ],
              [
                86.92827308936737,
                27.89647937700272
              ],
              [
                86.92827314888075,
                27.89638910273962
              ],
              [
                86.92806993089225,
                27.89638899683723
              ],
              [
                86.92806987120818,
                27.896479271100333
              ],
              [
                86.92817148028777,
                27.896479324082968
              ],
              [
                86.92817142069353,
                27.896569598346066
              ],
              [
                86.92847624817486,
                27.89656975686278
              ],
              [
                86.92847618883215,
                27.89666003112588
              ],
              [
                86.92857779808242,
                27.896660083812073
              ],
              [
                86.9285776795587,
                27.89684063233827
              ],
              [
                86.92867928897067,
                27.896840684943616
              ],
              [
                86.92867922978965,
                27.896930959206713
              ],
              [
                86.92827279179144,
                27.896930748300253
              ],
              [
                86.92827285130483,
                27.896840474046137
              ],
              [
                86.92837446072578,
                27.89684052688504
              ],
              [
                86.92837457958187,
                27.89665997835884
              ],
              [
                86.92817136109032,
                27.896659872609167
              ],
              [
                86.92817124189287,
                27.89684042112638
              ],
              [
                86.92796802305995,
                27.89684031508026
              ],
              [
                86.92796796329503,
                27.896930589334378
              ],
              [
                86.92817118228965,
                27.896930695389482
              ],
              [
                86.92817088429152,
                27.897382066660064
              ],
              [
                86.92827249420654,
                27.897382119570835
              ],
              [
                86.92827237517078,
                27.897562668070083
              ],
              [
                86.92817076508507,
                27.897562615159316
              ],
              [
                86.92817070548186,
                27.897652889404448
              ],
              [
                86.9279674851308,
                27.897652783349347
              ],
              [
                86.92796754490469,
                27.897562509104212
              ],
              [
                86.9273578843725,
                27.897562189133293
              ],
              [
                86.92735782409554,
                27.897652463378424
              ],
              [
                86.92715460375345,
                27.897652356128564
              ],
              [
                86.92715466420108,
                27.89756208188343
              ],
              [
                86.92725627428679,
                27.897562135548785
              ],
              [
                86.92725639501138,
                27.897381587049534
              ],
              [
                86.92684995533332,
                27.89738137194794
              ],
              [
                86.92684989464314,
                27.897471646193072
              ],
              [
                86.9267482846383,
                27.897471592231273
              ],
              [
                86.92674822385827,
                27.89756186647641
              ],
              [
                86.92664661377258,
                27.89756181243376
              ],
              [
                86.92664649203289,
                27.897742360924028
              ],
              [
                86.9265448817765,
                27.897742306809516
              ],
              [
                86.92654475987511,
                27.897922855299782
              ],
              [
                86.92613831818483,
                27.897922638087145
              ],
              [
                86.92613837947688,
                27.897832363850995
              ],
              [
                86.92603676913964,
                27.897832309359192
              ],
              [
                86.92603683051254,
                27.897742035114057
              ],
              [
                86.92583361000877,
                27.89774192591485
              ],
              [
                86.92583348693059,
                27.897922474396136
              ],
              [
                86.92573187650352,
                27.89792241967975
              ],
              [
                86.92573175325467,
                27.898102968161034
              ],
              [
                86.92613819560971,
                27.89810318656843
              ],
              [
                86.9261380730256,
                27.898283735040728
              ],
              [
                86.92674773758225,
                27.898284060401544
              ],
              [
                86.92674767680224,
                27.898374334637694
              ],
              [
                86.92684928764253,
                27.898374388608474
              ],
              [
                86.92684922694336,
                27.898464662844624
              ],
              [
                86.9270524488036,
                27.89846477055263
              ],
              [
                86.92705226720916,
                27.898735593243114
              ],
              [
                86.92715387839081,
                27.898735646989316
              ],
              [
                86.92715399928608,
                27.898555098526
              ],
              [
                86.92735722131701,
                27.89855520578484
              ],
              [
                86.92735716104005,
                27.89864548001201
              ],
              [
                86.92756038323266,
                27.89864558697441
              ],
              [
                86.92756032312639,
                27.89873586121056
              ],
              [
                86.92735710075411,
                27.89873575424816
              ],
              [
                86.92735698019122,
                27.898916302711477
              ],
              [
                86.92756020289588,
                27.898916409664896
              ],
              [
                86.9275601427896,
                27.899006683901046
              ],
              [
                86.92776336566493,
                27.89900679055802
              ],
              [
                86.92776330572035,
                27.899097064785188
              ],
              [
                86.92786491724335,
                27.899097118001386
              ],
              [
                86.9278647975159,
                27.899277666455717
              ],
              [
                86.92796640920959,
                27.89927771960005
              ],
              [
                86.9279662896618,
                27.899458268054385
              ],
              [
                86.92776306594203,
                27.899458161684873
              ],
              [
                86.92776300599746,
                27.89954843591204
              ],
              [
                86.92745817016181,
                27.899548275805305
              ],
              [
                86.9274581099657,
                27.89963855002349
              ],
              [
                86.92755972199177,
                27.899638603464265
              ],
              [
                86.92755966187651,
                27.899728877691434
              ],
              [
                86.9276612739924,
                27.899728931060345
              ],
              [
                86.92766121395799,
                27.89981920527853
              ],
              [
                86.92786443835148,
                27.89981931179177
              ],
              [
                86.927864318633,
                27.89999986022814
              ],
              [
                86.92776270626558,
                27.89999980700296
              ],
              [
                86.927762646321,
                27.900090081221144
              ],
              [
                86.92766103386374,
                27.900090027924097
              ],
              [
                86.92766109389815,
                27.899999753705913
              ],
              [
                86.92755948153074,
                27.899999700337002
              ],
              [
                86.92755954164599,
                27.899909426127802
              ],
              [
                86.9273563170908,
                27.899909319156418
              ],
              [
                86.9273564376537,
                27.89972877072005
              ],
              [
                86.92715321343088,
                27.899728663461204
              ],
              [
                86.92715345523939,
                27.899367566579485
              ],
              [
                86.92735667878847,
                27.89936767383833
              ],
              [
                86.92735673906543,
                27.899277399620146
              ],
              [
                86.92745835075911,
                27.89927745313279
              ],
              [
                86.92745841095523,
                27.89918717890562
              ],
              [
                86.9272551877475,
                27.89918707179949
              ],
              [
                86.92725524811429,
                27.899096797572323
              ],
              [
                86.92715363659129,
                27.899096743906966
              ],
              [
                86.92715369703892,
                27.8990064696798
              ],
              [
                86.92705208560575,
                27.899006415933595
              ],
              [
                86.92705214614321,
                27.89891614170643
              ],
              [
                86.9266457007339,
                27.898915925984998
              ],
              [
                86.92664563986406,
                27.899006200212163
              ],
              [
                86.92654402843088,
                27.89900614609765
              ],
              [
                86.92654408938157,
                27.898915871870486
              ],
              [
                86.9263408666859,
                27.89891576341688
              ],
              [
                86.92634080556452,
                27.899006037635065
              ],
              [
                86.92613758269817,
                27.899005928885018
              ],
              [
                86.92613739881304,
                27.899276751548552
              ],
              [
                86.92623901049774,
                27.89927680596849
              ],
              [
                86.92623894929552,
                27.89936708019566
              ],
              [
                86.92634056106107,
                27.89936713453475
              ],
              [
                86.92634062219143,
                27.899276860307584
              ],
              [
                86.92644223387613,
                27.89927691458379
              ],
              [
                86.92644229491665,
                27.899186640356625
              ],
              [
                86.92654390652051,
                27.899186694551986
              ],
              [
                86.92654384556084,
                27.89927696877017
              ],
              [
                86.92664545724554,
                27.899277022893667
              ],
              [
                86.9266453963757,
                27.89936729711185
              ],
              [
                86.92674700815023,
                27.8993673511545
              ],
              [
                86.92674688657225,
                27.89954789959985
              ],
              [
                86.92664527462703,
                27.8995478455572
              ],
              [
                86.92664509200851,
                27.89981866820277
              ],
              [
                86.926441867624,
                27.899818559892896
              ],
              [
                86.92644174554296,
                27.89999910832028
              ],
              [
                86.92654335790141,
                27.89999916251564
              ],
              [
                86.92654329694173,
                27.900089436733825
              ],
              [
                86.92634007205416,
                27.900089328262254
              ],
              [
                86.92634013317553,
                27.899999054053055
              ],
              [
                86.92583207137434,
                27.899998781585044
              ],
              [
                86.92583200982179,
                27.900089055794247
              ],
              [
                86.92603523471833,
                27.90008916501142
              ],
              [
                86.92603517333644,
                27.90017943922062
              ],
              [
                86.92613678586557,
                27.900179493712425
              ],
              [
                86.92613654067041,
                27.900540590549227
              ],
              [
                86.92583170207693,
                27.900540426831267
              ],
              [
                86.92583182517308,
                27.90035987842185
              ],
              [
                86.92573021248226,
                27.900359823705465
              ],
              [
                86.92573008920645,
                27.900540372114882
              ],
              [
                86.92552686348346,
                27.900540262448555
              ],
              [
                86.92552692527856,
                27.900449988248337
              ],
              [
                86.92542531249791,
                27.90044993329839
              ],
              [
                86.92542543627678,
                27.900269384888972
              ],
              [
                86.9253238236668,
                27.90026932986716
              ],
              [
                86.92532376169204,
                27.90035960407636
              ],
              [
                86.92522214900121,
                27.900359548982685
              ],
              [
                86.92522227311245,
                27.900179000564282
              ],
              [
                86.92481582300496,
                27.900178779443976
              ],
              [
                86.92481576060797,
                27.900269053653176
              ],
              [
                86.924714147998,
                27.90026899818221
              ],
              [
                86.92471408552018,
                27.90035927239141
              ],
              [
                86.9250189236106,
                27.900359438570753
              ],
              [
                86.9250187369317,
                27.90063026118039
              ],
              [
                86.92481551103802,
                27.90063015046303
              ],
              [
                86.924815573435,
                27.900539876262812
              ],
              [
                86.92471396056452,
                27.900539820791845
              ],
              [
                86.92471402304236,
                27.900449546591627
              ],
              [
                86.92461241027068,
                27.900449491048793
              ],
              [
                86.92461247282937,
                27.900359216848575
              ],
              [
                86.92440924744773,
                27.900359105529343
              ],
              [
                86.92440931017708,
                27.900268831329125
              ],
              [
                86.92430769756712,
                27.900268775561713
              ],
              [
                86.92430763474792,
                27.90035904976193
              ],
              [
                86.9242060220571,
                27.900358993922655
              ],
              [
                86.92420577045696,
                27.900720090723524
              ],
              [
                86.92400254440159,
                27.900719978811406
              ],
              [
                86.9240026074723,
                27.900629704611188
              ],
              [
                86.92390099452098,
                27.90062964854733
              ],
              [
                86.92390124713621,
                27.90026855173748
              ],
              [
                86.92369802191628,
                27.9002684393762
              ],
              [
                86.92369795860301,
                27.9003587135854
              ],
              [
                86.9235963459122,
                27.900358657287985
              ],
              [
                86.92359628250011,
                27.900448931488203
              ],
              [
                86.92369789528077,
                27.90044898778562
              ],
              [
                86.92369783195852,
                27.900539261985838
              ],
              [
                86.92379944482002,
                27.90053931820241
              ],
              [
                86.92379931833723,
                27.900719866602845
              ],
              [
                86.92329125320329,
                27.900719584756423
              ],
              [
                86.92329118953968,
                27.90080985895664
              ],
              [
                86.92217344533233,
                27.900809232309864
              ],
              [
                86.92217338074346,
                27.9008995065011
              ],
              [
                86.92146208840431,
                27.900899103004825
              ],
              [
                86.92146202322255,
                27.90098937719606
              ],
              [
                86.92105557013264,
                27.900989144972574
              ],
              [
                86.9210554390954,
                27.90116969334606
              ],
              [
                86.92064898533175,
                27.901169459927818
              ],
              [
                86.92064905118724,
                27.901079185745566
              ],
              [
                86.92003937104482,
                27.901078833363428
              ],
              [
                86.92003950376193,
                27.900898284989943
              ],
              [
                86.91983627739215,
                27.90089816693335
              ],
              [
                86.91983621086291,
                27.900988441124582
              ],
              [
                86.91993782413763,
                27.900988500188813
              ],
              [
                86.91993769124986,
                27.9011690485623
              ],
              [
                86.91963285093162,
                27.901168871136047
              ],
              [
                86.91963278424069,
                27.9012591453183
              ],
              [
                86.91953117071444,
                27.90125908602949
              ],
              [
                86.91953123749519,
                27.90116881184724
              ],
              [
                86.91942962405878,
                27.90116875247758
              ],
              [
                86.91942955719716,
                27.901259026659833
              ],
              [
                86.9188198760666,
                27.901258668887802
              ],
              [
                86.91881994344025,
                27.901168394705554
              ],
              [
                86.91871833000384,
                27.901168334814873
              ],
              [
                86.91871826254935,
                27.901258608997125
              ],
              [
                86.91821019495401,
                27.90125830842083
              ],
              [
                86.91821012707732,
                27.9013485825941
              ],
              [
                86.91780367266688,
                27.90134834078559
              ],
              [
                86.9178036044578,
                27.90143861495886
              ],
              [
                86.91760037708191,
                27.901438493605447
              ],
              [
                86.91760030870215,
                27.901528767778714
              ],
              [
                86.91739708116455,
                27.901528646119875
              ],
              [
                86.91739701261412,
                27.901618920293146
              ],
              [
                86.91729539875548,
                27.901618859351434
              ],
              [
                86.91729533011522,
                27.901709133524704
              ],
              [
                86.91719371618473,
                27.901709072511128
              ],
              [
                86.91719392234808,
                27.901438249991326
              ],
              [
                86.91709230866911,
                27.901438188905885
              ],
              [
                86.91709237747108,
                27.901347914732618
              ],
              [
                86.91688915027486,
                27.901347792328178
              ],
              [
                86.9168890813022,
                27.901438066501445
              ],
              [
                86.91678746761426,
                27.90143800518244
              ],
              [
                86.91678719138231,
                27.901799101866533
              ],
              [
                86.91668557736199,
                27.901799040475666
              ],
              [
                86.91668550821865,
                27.901889314648933
              ],
              [
                86.91648228000733,
                27.90188919163364
              ],
              [
                86.91648221069332,
                27.901979465806907
              ],
              [
                86.91617736813826,
                27.901979280735993
              ],
              [
                86.91617729857273,
                27.90206955490028
              ],
              [
                86.91587245575718,
                27.902069369146645
              ],
              [
                86.91587238594012,
                27.902159643310927
              ],
              [
                86.91566915723472,
                27.902159519100874
              ],
              [
                86.91566908723799,
                27.90224979326516
              ],
              [
                86.91516101506126,
                27.902249481432975
              ],
              [
                86.9151610854712,
                27.902159207277673
              ],
              [
                86.9149578567658,
                27.90215908201659
              ],
              [
                86.91495792734644,
                27.902068807861287
              ],
              [
                86.9150595416093,
                27.902068870527764
              ],
              [
                86.91505996457207,
                27.90152722553307
              ],
              [
                86.91495835081226,
                27.901527162875578
              ],
              [
                86.9149584213929,
                27.90143688870231
              ],
              [
                86.91475519403495,
                27.901436763153765
              ],
              [
                86.91475526478627,
                27.901346488980497
              ],
              [
                86.91465365119714,
                27.901346426098428
              ],
              [
                86.91465379285248,
                27.90116587775189
              ],
              [
                86.91455217942504,
                27.90116581478897
              ],
              [
                86.91455232125105,
                27.900985266442436
              ],
              [
                86.91445070800329,
                27.900985203407654
              ],
              [
                86.91445092099383,
                27.900714380878863
              ],
              [
                86.9143493079886,
                27.900714317772216
              ],
              [
                86.91434937907229,
                27.900624043589964
              ],
              [
                86.91384131449531,
                27.90062372691586
              ],
              [
                86.91384138600121,
                27.900533452733608
              ],
              [
                86.91353654751553,
                27.900533261832628
              ],
              [
                86.91353661926397,
                27.900442987650376
              ],
              [
                86.91343500651925,
                27.900442923869992
              ],
              [
                86.91343507835752,
                27.90035264968774
              ],
              [
                86.91333346570264,
                27.900352585826507
              ],
              [
                86.91333339377454,
                27.90044286000876
              ],
              [
                86.91292694280465,
                27.900442603818224
              ],
              [
                86.91292679828369,
                27.900623152173743
              ],
              [
                86.91282518537727,
                27.900623087935216
              ],
              [
                86.91282525771861,
                27.90053281376195
              ],
              [
                86.91241880641634,
                27.900532556080208
              ],
              [
                86.91241902446441,
                27.90026173355142
              ],
              [
                86.91252063703845,
                27.90026179807741
              ],
              [
                86.91252078222416,
                27.90008124972189
              ],
              [
                86.91272400703087,
                27.900081378558266
              ],
              [
                86.91272422431538,
                27.899810556011513
              ],
              [
                86.91292744861904,
                27.899810684551447
              ],
              [
                86.91292752087952,
                27.89972041036021
              ],
              [
                86.91302913294152,
                27.89972047451789
              ],
              [
                86.91302934946245,
                27.89944965195317
              ],
              [
                86.91323257309237,
                27.899449780043945
              ],
              [
                86.91323264509234,
                27.89935950585271
              ],
              [
                86.91292780990348,
                27.899359313604258
              ],
              [
                86.91292788215497,
                27.89926903941302
              ],
              [
                86.91282627051518,
                27.899268975183478
              ],
              [
                86.91282634284754,
                27.899178700992245
              ],
              [
                86.91272473128859,
                27.899178636681853
              ],
              [
                86.91272480371077,
                27.89908836249062
              ],
              [
                86.91302963814505,
                27.899088555179247
              ],
              [
                86.9130297103157,
                27.898998280988014
              ],
              [
                86.91313132170396,
                27.898998345064843
              ],
              [
                86.91313139379376,
                27.898908070864625
              ],
              [
                86.91333461641757,
                27.898908198802687
              ]
            ],
            [
              [
                86.92227860565885,
                27.89584420719107
              ],
              [
                86.92238021412759,
                27.895844264449686
              ],
              [
                86.92238014972736,
                27.895934538712787
              ],
              [
                86.9222785411688,
                27.89593448145417
              ],
              [
                86.92227860565885,
                27.89584420719107
              ]
            ],
            [
              [
                86.92288832046725,
                27.89575427534779
              ],
              [
                86.92298992885515,
                27.895754332148268
              ],
              [
                86.92298986495797,
                27.895844606411366
              ],
              [
                86.92288825648923,
                27.895844549601907
              ],
              [
                86.92288832046725,
                27.89575427534779
              ]
            ],
            [
              [
                86.92492061288422,
                27.8955748487006
              ],
              [
                86.92492030142034,
                27.89602622002508
              ],
              [
                86.92502191005975,
                27.896026275334354
              ],
              [
                86.92502184785143,
                27.896116549597455
              ],
              [
                86.92512345658068,
                27.896116604834862
              ],
              [
                86.9251233944532,
                27.89620687909796
              ],
              [
                86.9250217856431,
                27.896206823860553
              ],
              [
                86.92502172342577,
                27.896297098123654
              ],
              [
                86.92481850562592,
                27.89629698742426
              ],
              [
                86.92481887990898,
                27.895755341854645
              ],
              [
                86.92471727151211,
                27.89575528639266
              ],
              [
                86.92471739644083,
                27.89557473786646
              ],
              [
                86.92492061288422,
                27.8955748487006
              ]
            ],
            [
              [
                86.9265448817765,
                27.897742306809516
              ],
              [
                86.92624005101634,
                27.897742144016817
              ],
              [
                86.92624011222753,
                27.897651869780667
              ],
              [
                86.926138502052,
                27.897651815360728
              ],
              [
                86.92613856334405,
                27.897561541115596
              ],
              [
                86.92624017342976,
                27.897561595535535
              ],
              [
                86.92624029583419,
                27.897381047036284
              ],
              [
                86.92644351567323,
                27.897381155642602
              ],
              [
                86.9264434546327,
                27.897471429887737
              ],
              [
                86.92654506463757,
                27.897471484074114
              ],
              [
                86.9265448817765,
                27.897742306809516
              ]
            ],
            [
              [
                86.92684995533332,
                27.89738137194794
              ],
              [
                86.92654512558825,
                27.897381209828982
              ],
              [
                86.92654518653895,
                27.897290935583847
              ],
              [
                86.92674840619831,
                27.897291043732025
              ],
              [
                86.92674846697832,
                27.89720076948689
              ],
              [
                86.92685007673165,
                27.89720082344869
              ],
              [
                86.92684995533332,
                27.89738137194794
              ]
            ],
            [
              [
                86.92745841095523,
                27.89918717890562
              ],
              [
                86.92745847115133,
                27.899096904678455
              ],
              [
                86.92756008267433,
                27.89909695812821
              ],
              [
                86.92756002255908,
                27.89918723235538
              ],
              [
                86.92745841095523,
                27.89918717890562
              ]
            ],
            [
              [
                86.92796802305995,
                27.89684031508026
              ],
              [
                86.927764804236,
                27.896840208728715
              ],
              [
                86.9277648641716,
                27.896749934465618
              ],
              [
                86.92756164550937,
                27.896749827817626
              ],
              [
                86.92756170561564,
                27.896659553554528
              ],
              [
                86.9272568778828,
                27.896659393016602
              ],
              [
                86.9272569382406,
                27.896569118762486
              ],
              [
                86.92715532908016,
                27.89656906509713
              ],
              [
                86.92715538951882,
                27.89647879083403
              ],
              [
                86.9270537804482,
                27.896478737105795
              ],
              [
                86.92705402255316,
                27.896117640053394
              ],
              [
                86.9271556312914,
                27.896117693781633
              ],
              [
                86.92715581260735,
                27.89584687098335
              ],
              [
                86.92735902958076,
                27.895846978233212
              ],
              [
                86.92735890903583,
                27.896027526768393
              ],
              [
                86.92725730037844,
                27.89602747318389
              ],
              [
                86.92725717967181,
                27.896208021710088
              ],
              [
                86.92735878849089,
                27.89620807529459
              ],
              [
                86.92735884876785,
                27.896117801031494
              ],
              [
                86.92766367498254,
                27.89611796134484
              ],
              [
                86.92766355494068,
                27.896298509871038
              ],
              [
                86.92776516384959,
                27.8962985631591
              ],
              [
                86.92776510391398,
                27.8963888374222
              ],
              [
                86.92766349492423,
                27.89638878413414
              ],
              [
                86.9276634348988,
                27.896479058397237
              ],
              [
                86.92756182582819,
                27.89647900503731
              ],
              [
                86.92756176572192,
                27.89656927930041
              ],
              [
                86.9277649840428,
                27.8965693859484
              ],
              [
                86.92776492410721,
                27.8966596602115
              ],
              [
                86.92786653334849,
                27.896659713418714
              ],
              [
                86.92786647350273,
                27.896749987681815
              ],
              [
                86.92796808283384,
                27.896750040817164
              ],
              [
                86.92796802305995,
                27.89684031508026
              ]
            ],
            [
              [
                86.92806993089225,
                27.89638899683723
              ],
              [
                86.92786671290375,
                27.8963888906384
              ],
              [
                86.92786677275849,
                27.896298616375297
              ],
              [
                86.92806999057632,
                27.89629872257413
              ],
              [
                86.92806993089225,
                27.89638899683723
              ]
            ],
            [
              [
                86.92949210581303,
                27.896931377426377
              ],
              [
                86.92949204730576,
                27.897021651680493
              ],
              [
                86.92939043771412,
                27.89702159966804
              ],
              [
                86.92939049630225,
                27.89693132540494
              ],
              [
                86.92949210581303,
                27.896931377426377
              ]
            ],
            [
              [
                86.9131306008329,
                27.899901086977188
              ],
              [
                86.91313067292269,
                27.899810812785955
              ],
              [
                86.91323228507453,
                27.8998108767999
              ],
              [
                86.91323221307455,
                27.899901150982153
              ],
              [
                86.9131306008329,
                27.899901086977188
              ]
            ],
            [
              [
                86.91333368146898,
                27.900081763288735
              ],
              [
                86.91333375338812,
                27.899991489097502
              ],
              [
                86.91343536571063,
                27.899991552958735
              ],
              [
                86.91343529387235,
                27.900081827140987
              ],
              [
                86.91333368146898,
                27.900081763288735
              ]
            ],
            [
              [
                86.9134351501958,
                27.900262375505488
              ],
              [
                86.91343522203407,
                27.90017210132324
              ],
              [
                86.91374005951364,
                27.900172292457782
              ],
              [
                86.91373991634015,
                27.9003528408133
              ],
              [
                86.91353669102139,
                27.90035271347711
              ],
              [
                86.91353676276984,
                27.900262439294856
              ],
              [
                86.9134351501958,
                27.900262375505488
              ]
            ],
            [
              [
                86.91353726503588,
                27.899630519992147
              ],
              [
                86.91353740854174,
                27.89944997160968
              ],
              [
                86.91374063217167,
                27.899450098954855
              ],
              [
                86.91374048900715,
                27.89963064733732
              ],
              [
                86.91353726503588,
                27.899630519992147
              ]
            ],
            [
              [
                86.9139433559071,
                27.900082145315277
              ],
              [
                86.91394342732316,
                27.899991871124044
              ],
              [
                86.91414665196818,
                27.899991997867346
              ],
              [
                86.9141465807228,
                27.90008227205858
              ],
              [
                86.9139433559071,
                27.900082145315277
              ]
            ],
            [
              [
                86.91394364157136,
                27.899721048568306
              ],
              [
                86.91394371297844,
                27.89963077437707
              ],
              [
                86.9141469369587,
                27.89963090111139
              ],
              [
                86.91414686571332,
                27.899721175302627
              ],
              [
                86.91394364157136,
                27.899721048568306
              ]
            ],
            [
              [
                86.91404475432277,
                27.900353031274108
              ],
              [
                86.91404489698422,
                27.900172482909603
              ],
              [
                86.9142481219706,
                27.900172609500196
              ],
              [
                86.91424797965051,
                27.900353157864696
              ],
              [
                86.91404475432277,
                27.900353031274108
              ]
            ],
            [
              [
                86.91424869125994,
                27.899450415988284
              ],
              [
                86.91424876242448,
                27.89936014179705
              ],
              [
                86.9143503741541,
                27.899360204975565
              ],
              [
                86.9143503030794,
                27.89945047917578
              ],
              [
                86.91424869125994,
                27.899450415988284
              ]
            ],
            [
              [
                86.91424904705568,
                27.898999045005162
              ],
              [
                86.91424918937577,
                27.898818496604726
              ],
              [
                86.91435080060234,
                27.89881855978324
              ],
              [
                86.91435072952763,
                27.89890883398346
              ],
              [
                86.91455395216042,
                27.898908960124892
              ],
              [
                86.91455388124741,
                27.898999234325107
              ],
              [
                86.91465549265364,
                27.898999297279044
              ],
              [
                86.91465535100728,
                27.89917984567948
              ],
              [
                86.91445212787144,
                27.89917971969076
              ],
              [
                86.91445219886529,
                27.899089445490542
              ],
              [
                86.91435058737822,
                27.899089382383895
              ],
              [
                86.91435065845292,
                27.898999108183677
              ],
              [
                86.91424904705568,
                27.898999045005162
              ]
            ],
            [
              [
                86.91465570511419,
                27.89872847467839
              ],
              [
                86.91465577592838,
                27.89863820046919
              ],
              [
                86.91475738699324,
                27.89863826335126
              ],
              [
                86.91475731625991,
                27.898728537560462
              ],
              [
                86.91465570511419,
                27.89872847467839
              ]
            ],
            [
              [
                86.91496039741702,
                27.898909211500456
              ],
              [
                86.91496046797968,
                27.898818937300238
              ],
              [
                86.91506207921523,
                27.89881899995773
              ],
              [
                86.91506200873341,
                27.898909274157948
              ],
              [
                86.91496039741702,
                27.898909211500456
              ]
            ],
            [
              [
                86.91506172679716,
                27.899270370958817
              ],
              [
                86.9150619382516,
                27.898999548358166
              ],
              [
                86.91516354964884,
                27.89899961094379
              ],
              [
                86.91516340884691,
                27.899180159344226
              ],
              [
                86.91526502041484,
                27.899180221849004
              ],
              [
                86.91526495010369,
                27.899270496049223
              ],
              [
                86.91506172679716,
                27.899270370958817
              ]
            ],
            [
              [
                86.91536705336449,
                27.898638639062643
              ],
              [
                86.91536712359478,
                27.898548364853443
              ],
              [
                86.9154687345788,
                27.89854842721449
              ],
              [
                86.91546880471925,
                27.89845815300529
              ],
              [
                86.91587524830499,
                27.898458401676926
              ],
              [
                86.9158751784969,
                27.898548675886126
              ],
              [
                86.91577356752187,
                27.898548613830506
              ],
              [
                86.91577349762396,
                27.89863888803971
              ],
              [
                86.91536705336449,
                27.898638639062643
              ]
            ],
            [
              [
                86.91546634946188,
                27.901617749608665
              ],
              [
                86.91546648977874,
                27.90143720127111
              ],
              [
                86.91566971713667,
                27.90143732577761
              ],
              [
                86.91566957716117,
                27.901617874115164
              ],
              [
                86.91546634946188,
                27.901617749608665
              ]
            ],
            [
              [
                86.91546747191582,
                27.900173362773494
              ],
              [
                86.91546754206526,
                27.900083088582257
              ],
              [
                86.91567076689891,
                27.900083213079775
              ],
              [
                86.91567062693241,
                27.90026376145326
              ],
              [
                86.91556901434939,
                27.900263699244924
              ],
              [
                86.91556908441798,
                27.90017342505369
              ],
              [
                86.91546747191582,
                27.900173362773494
              ]
            ],
            [
              [
                86.91546824355966,
                27.899180346642964
              ],
              [
                86.91546831370012,
                27.899090072442746
              ],
              [
                86.9155699251872,
                27.899090134722943
              ],
              [
                86.9155699952468,
                27.898999860522725
              ],
              [
                86.91577321805028,
                27.898999984858545
              ],
              [
                86.91577314816135,
                27.899090259067744
              ],
              [
                86.91567153667427,
                27.89909019693128
              ],
              [
                86.91567146669551,
                27.899180471131494
              ],
              [
                86.91546824355966,
                27.899180346642964
              ]
            ],
            [
              [
                86.91556950481157,
                27.899631779906283
              ],
              [
                86.91556964493978,
                27.899451231523816
              ],
              [
                86.91567125675923,
                27.89945129373215
              ],
              [
                86.91567118678047,
                27.899541567923382
              ],
              [
                86.91577279868974,
                27.89954163005985
              ],
              [
                86.91577272879184,
                27.899631904251084
              ],
              [
                86.91556950481157,
                27.899631779906283
              ]
            ],
            [
              [
                86.91567223644391,
                27.898187454857236
              ],
              [
                86.91567237639245,
                27.898006906429853
              ],
              [
                86.91577398686442,
                27.898006968557336
              ],
              [
                86.91577384708657,
                27.89818751698472
              ],
              [
                86.91567223644391,
                27.898187454857236
              ]
            ],
            [
              [
                86.91577237931126,
                27.900083275216243
              ],
              [
                86.91577244920917,
                27.899993001025006
              ],
              [
                86.91597567386317,
                27.899993125073365
              ],
              [
                86.9159755344087,
                27.90017367344685
              ],
              [
                86.91587392190654,
                27.900173611463096
              ],
              [
                86.9158739917236,
                27.900083337271862
              ],
              [
                86.91577237931126,
                27.900083275216243
              ]
            ],
            [
              [
                86.9158745502152,
                27.89936114372402
              ],
              [
                86.91587462003226,
                27.8992708695238
              ],
              [
                86.91607784333878,
                27.899270993419446
              ],
              [
                86.91607777370139,
                27.899361267619664
              ],
              [
                86.9158745502152,
                27.89936114372402
              ]
            ],
            [
              [
                86.91597441870113,
                27.901618060308973
              ],
              [
                86.91597455817356,
                27.90143751197142
              ],
              [
                86.91607617185252,
                27.90143757388331
              ],
              [
                86.91607610219715,
                27.901527848056578
              ],
              [
                86.91617771596594,
                27.90152790988762
              ],
              [
                86.91617764640041,
                27.901618184060887
              ],
              [
                86.91597441870113,
                27.901618060308973
              ]
            ],
            [
              [
                86.91617903764825,
                27.899812700433827
              ],
              [
                86.9161791072048,
                27.89972242623361
              ],
              [
                86.91638233136473,
                27.899722549680096
              ],
              [
                86.91638226196987,
                27.89981282388031
              ],
              [
                86.91648387413966,
                27.899812885486774
              ],
              [
                86.91648380482566,
                27.899903159678008
              ],
              [
                86.91628058033335,
                27.899903036384234
              ],
              [
                86.91628064980905,
                27.899812762193
              ],
              [
                86.91617903764825,
                27.899812700433827
              ]
            ],
            [
              [
                86.91628002452772,
                27.90062522988716
              ],
              [
                86.91628009400343,
                27.900534955704913
              ],
              [
                86.91638170683797,
                27.900535017392222
              ],
              [
                86.91638163744311,
                27.900625291574475
              ],
              [
                86.91628002452772,
                27.90062522988716
              ]
            ],
            [
              [
                86.91628176136642,
                27.898368374944603
              ],
              [
                86.91628183083314,
                27.89827810072642
              ],
              [
                86.91638344156563,
                27.898278162413728
              ],
              [
                86.91638337217977,
                27.89836843662293
              ],
              [
                86.91628176136642,
                27.898368374944603
              ]
            ],
            [
              [
                86.91648345829155,
                27.900354530634182
              ],
              [
                86.91648352759657,
                27.90026425644295
              ],
              [
                86.91658514018857,
                27.900264317977545
              ],
              [
                86.91658520941276,
                27.900174043786308
              ],
              [
                86.91668682190594,
                27.90017410524904
              ],
              [
                86.91668668362827,
                27.90035465363151
              ],
              [
                86.91648345829155,
                27.900354530634182
              ]
            ],
            [
              [
                86.91668606136527,
                27.901167121271772
              ],
              [
                86.91668613050861,
                27.90107684708952
              ],
              [
                86.9168893571928,
                27.901076969790406
              ],
              [
                86.91688928822015,
                27.901167243972658
              ],
              [
                86.91668606136527,
                27.901167121271772
              ]
            ],
            [
              [
                86.91668647621626,
                27.900625476187248
              ],
              [
                86.91668661449393,
                27.900444927813762
              ],
              [
                86.91699145275503,
                27.9004451117528
              ],
              [
                86.9169912460976,
                27.900715934308536
              ],
              [
                86.91688963308339,
                27.900715873070382
              ],
              [
                86.91688970205604,
                27.900625598888134
              ],
              [
                86.91668647621626,
                27.900625476187248
              ]
            ],
            [
              [
                86.91668737500764,
                27.899451911692214
              ],
              [
                86.91668751328532,
                27.89927136329178
              ],
              [
                86.91689073660083,
                27.899271485992664
              ],
              [
                86.91689066762818,
                27.899361760192882
              ],
              [
                86.91699227937578,
                27.89936182142205
              ],
              [
                86.91699221049295,
                27.89945209562227
              ],
              [
                86.91709382232139,
                27.89945215678856
              ],
              [
                86.91709368471746,
                27.89963270518001
              ],
              [
                86.91689046072821,
                27.89963258278455
              ],
              [
                86.91689059866452,
                27.8994520343931
              ],
              [
                86.91668737500764,
                27.899451911692214
              ]
            ],
            [
              [
                86.91699097053939,
                27.90107703102856
              ],
              [
                86.91699110832297,
                27.90089648267304
              ],
              [
                86.9171943346748,
                27.900896604924768
              ],
              [
                86.91719412851144,
                27.901167427462536
              ],
              [
                86.91709251508401,
                27.9011673663771
              ],
              [
                86.91709258388597,
                27.901077092194846
              ],
              [
                86.91699097053939,
                27.90107703102856
              ]
            ],
            [
              [
                86.91699152164682,
                27.900354837561565
              ],
              [
                86.91699159052965,
                27.900264563379313
              ],
              [
                86.91709320311266,
                27.900264624536618
              ],
              [
                86.91709313431069,
                27.90035489872785
              ],
              [
                86.91699152164682,
                27.900354837561565
              ]
            ],
            [
              [
                86.9170943727012,
                27.8987299631419
              ],
              [
                86.91709457908914,
                27.898459140514298
              ],
              [
                86.91729780088649,
                27.89845926260433
              ],
              [
                86.91729786951778,
                27.898368988386146
              ],
              [
                86.91739948033111,
                27.89836904931887
              ],
              [
                86.91739954887258,
                27.898278775100685
              ],
              [
                86.91750115960507,
                27.89827883596155
              ],
              [
                86.91750109115344,
                27.89836911017973
              ],
              [
                86.91760270196679,
                27.898369170959743
              ],
              [
                86.917602633596,
                27.898459445177927
              ],
              [
                86.91750102269283,
                27.898459384388932
              ],
              [
                86.91750095423222,
                27.898549658607116
              ],
              [
                86.91719612128017,
                27.898549475808938
              ],
              [
                86.91719598385589,
                27.89873002422734
              ],
              [
                86.9170943727012,
                27.8987299631419
              ]
            ],
            [
              [
                86.91709512944199,
                27.897736946768827
              ],
              [
                86.91709519823497,
                27.897646672541658
              ],
              [
                86.91719680837458,
                27.8976467336271
              ],
              [
                86.91719673967143,
                27.897737007845283
              ],
              [
                86.91709512944199,
                27.897736946768827
              ]
            ],
            [
              [
                86.91719694578987,
                27.897466185172764
              ],
              [
                86.91719708320515,
                27.89728563671843
              ],
              [
                86.91750191261785,
                27.897285819507623
              ],
              [
                86.91750184416622,
                27.897376093734792
              ],
              [
                86.9176034540543,
                27.897376154514802
              ],
              [
                86.91760331732173,
                27.897556702969137
              ],
              [
                86.91729848714547,
                27.89755652040452
              ],
              [
                86.91729855576777,
                27.897466246177355
              ],
              [
                86.91719694578987,
                27.897466185172764
              ]
            ],
            [
              [
                86.91729574194785,
                27.901167488476112
              ],
              [
                86.91729581057915,
                27.90107721430284
              ],
              [
                86.9177022639655,
                27.90107745761154
              ],
              [
                86.91770219566659,
                27.901167731784806
              ],
              [
                86.917803809103,
                27.90116779243007
              ],
              [
                86.91780374088495,
                27.90125806660334
              ],
              [
                86.91749890034212,
                27.901257884460932
              ],
              [
                86.91749896880273,
                27.901167610287665
              ],
              [
                86.91729574194785,
                27.901167488476112
              ]
            ],
            [
              [
                86.9172963596564,
                27.900355020826865
              ],
              [
                86.91729642828768,
                27.90026474663563
              ],
              [
                86.91739804087969,
                27.90026480757734
              ],
              [
                86.91739797232925,
                27.900355081768573
              ],
              [
                86.9172963596564,
                27.900355020826865
              ]
            ],
            [
              [
                86.91739961741403,
                27.8981885008825
              ],
              [
                86.91739968595549,
                27.898098226664317
              ],
              [
                86.91750129652628,
                27.89809828752518
              ],
              [
                86.91750122806567,
                27.898188561743364
              ],
              [
                86.91739961741403,
                27.8981885008825
              ]
            ],
            [
              [
                86.91749944807191,
                27.900535691002922
              ],
              [
                86.91749951653252,
                27.90044541682067
              ],
              [
                86.91780435481158,
                27.900445598954093
              ],
              [
                86.91780428659352,
                27.900535873145326
              ],
              [
                86.91770267374999,
                27.900535812509045
              ],
              [
                86.91770260546005,
                27.900626086691297
              ],
              [
                86.91760099253568,
                27.90062602598315
              ],
              [
                86.91760106091543,
                27.900535751791917
              ],
              [
                86.91749944807191,
                27.900535691002922
              ]
            ],
            [
              [
                86.91749979039291,
                27.900084320055733
              ],
              [
                86.9174999273231,
                27.89990377166428
              ],
              [
                86.9177031518244,
                27.899903893161422
              ],
              [
                86.91770301523556,
                27.900084441552874
              ],
              [
                86.91749979039291,
                27.900084320055733
              ]
            ],
            [
              [
                86.91760126605472,
                27.900264929227195
              ],
              [
                86.91760133443448,
                27.90017465503596
              ],
              [
                86.91770294693664,
                27.900174715744107
              ],
              [
                86.91770287864672,
                27.900264989935344
              ],
              [
                86.91760126605472,
                27.900264929227195
              ]
            ],
            [
              [
                86.91760283871731,
                27.898188622523374
              ],
              [
                86.9176029070881,
                27.89809834830519
              ],
              [
                86.91780612822069,
                27.898098469649618
              ],
              [
                86.91780606001161,
                27.898188743867802
              ],
              [
                86.91760283871731,
                27.898188622523374
              ]
            ],
            [
              [
                86.91780415016638,
                27.900716421518815
              ],
              [
                86.91780421838443,
                27.90062614732758
              ],
              [
                86.9180074442332,
                27.900626268384546
              ],
              [
                86.9180073761948,
                27.900716542566798
              ],
              [
                86.91821060221423,
                27.900716663318338
              ],
              [
                86.91821046646083,
                27.900897211691824
              ],
              [
                86.91790562692412,
                27.900897030447734
              ],
              [
                86.91790576318058,
                27.90071648208323
              ],
              [
                86.91780415016638,
                27.900716421518815
              ]
            ],
            [
              [
                86.9179065807014,
                27.899633191770448
              ],
              [
                86.91790671695786,
                27.899452643370015
              ],
              [
                86.91810994061473,
                27.899452764265284
              ],
              [
                86.91810973675105,
                27.89972358686594
              ],
              [
                86.91800812466211,
                27.899723526454235
              ],
              [
                86.91800819270051,
                27.899633252254016
              ],
              [
                86.9179065807014,
                27.899633191770448
              ]
            ],
            [
              [
                86.91800771641374,
                27.900265171628593
              ],
              [
                86.91800778445214,
                27.900174897437356
              ],
              [
                86.91821100946547,
                27.900175018179915
              ],
              [
                86.91821094158877,
                27.900265292380134
              ],
              [
                86.91800771641374,
                27.900265171628593
              ]
            ],
            [
              [
                86.91811109582123,
                27.897918102654973
              ],
              [
                86.9181111637698,
                27.897827828427804
              ],
              [
                86.91821277408008,
                27.89782788875866
              ],
              [
                86.91821270621236,
                27.897918162985828
              ],
              [
                86.91811109582123,
                27.897918102654973
              ]
            ],
            [
              [
                86.91821073796764,
                27.900536114944853
              ],
              [
                86.91821087372105,
                27.900355566571367
              ],
              [
                86.9183124863939,
                27.900355626830358
              ],
              [
                86.91831235081118,
                27.900536175212824
              ],
              [
                86.91821073796764,
                27.900536114944853
              ]
            ],
            [
              [
                86.9182128419478,
                27.897737614531493
              ],
              [
                86.91821297767426,
                27.89755706608614
              ],
              [
                86.91861941791826,
                27.897557306654974
              ],
              [
                86.9186194854536,
                27.89746703242781
              ],
              [
                86.91872109543151,
                27.89746709238137
              ],
              [
                86.918721027986,
                27.89755736661752
              ],
              [
                86.91882263804474,
                27.897557426499215
              ],
              [
                86.91882257068907,
                27.897647700726385
              ],
              [
                86.9185177402523,
                27.897647520856715
              ],
              [
                86.9185176726361,
                27.89773779508388
              ],
              [
                86.9182128419478,
                27.897737614531493
              ]
            ],
            [
              [
                86.9183136387797,
                27.89882096540869
              ],
              [
                86.91831377435344,
                27.89864041699029
              ],
              [
                86.91851699649216,
                27.898640537283686
              ],
              [
                86.91851686125977,
                27.89882108570209
              ],
              [
                86.9183136387797,
                27.89882096540869
              ]
            ],
            [
              [
                86.91831397770507,
                27.898369594344718
              ],
              [
                86.91831404548296,
                27.898279320126534
              ],
              [
                86.91841565621544,
                27.898279380304675
              ],
              [
                86.91841558851841,
                27.89836965452286
              ],
              [
                86.91831397770507,
                27.898369594344718
              ]
            ],
            [
              [
                86.9184136251156,
                27.900987606329174
              ],
              [
                86.91841369282163,
                27.900897332146922
              ],
              [
                86.91851530600653,
                27.90089739226218
              ],
              [
                86.91851523838135,
                27.900987666444433
              ],
              [
                86.9184136251156,
                27.900987606329174
              ]
            ],
            [
              [
                86.91841430218481,
                27.900084864443777
              ],
              [
                86.91841443759687,
                27.899904316052325
              ],
              [
                86.91871927435778,
                27.899904496164538
              ],
              [
                86.91871920690329,
                27.899994770355775
              ],
              [
                86.91882081924376,
                27.899994830246452
              ],
              [
                86.9188207518791,
                27.90008510443769
              ],
              [
                86.9187191394488,
                27.90008504455599
              ],
              [
                86.91871907200328,
                27.900175318747227
              ],
              [
                86.91851584698097,
                27.90017519875027
              ],
              [
                86.91851591460615,
                27.900084924550054
              ],
              [
                86.91841430218481,
                27.900084864443777
              ]
            ],
            [
              [
                86.91841450529391,
                27.899814041852107
              ],
              [
                86.91841464070595,
                27.89963349345167
              ],
              [
                86.91851625270506,
                27.89963355356693
              ],
              [
                86.91851618508888,
                27.899723827767147
              ],
              [
                86.91861779716884,
                27.89972388780156
              ],
              [
                86.9186177296335,
                27.899814162001775
              ],
              [
                86.91841450529391,
                27.899814041852107
              ]
            ],
            [
              [
                86.91841477610902,
                27.899452945051237
              ],
              [
                86.91841484381504,
                27.899362670842034
              ],
              [
                86.91851645556262,
                27.899362730957293
              ],
              [
                86.91851638794644,
                27.89945300515751
              ],
              [
                86.91841477610902,
                27.899452945051237
              ]
            ],
            [
              [
                86.91841640088289,
                27.897286363832787
              ],
              [
                86.91841660397401,
                27.89701554113332
              ],
              [
                86.91851821352971,
                27.897015601230613
              ],
              [
                86.91851814591351,
                27.897105875466764
              ],
              [
                86.91861975555904,
                27.897105935501173
              ],
              [
                86.91861968803268,
                27.897196209737324
              ],
              [
                86.9185180783063,
                27.897196149702914
              ],
              [
                86.91851801069909,
                27.897286423939065
              ],
              [
                86.91841640088289,
                27.897286363832787
              ]
            ],
            [
              [
                86.91871839745833,
                27.90107806063262
              ],
              [
                86.91871859982182,
                27.900807238076883
              ],
              [
                86.91882021292587,
                27.900807297967564
              ],
              [
                86.9188200108139,
                27.9010781205233
              ],
              [
                86.91871839745833,
                27.90107806063262
              ]
            ],
            [
              [
                86.9187196790578,
                27.89936285095425
              ],
              [
                86.91871974650331,
                27.899272576745048
              ],
              [
                86.91882135817005,
                27.89927263663573
              ],
              [
                86.91882129080538,
                27.899362910835947
              ],
              [
                86.9187196790578,
                27.89936285095425
              ]
            ],
            [
              [
                86.91872021863986,
                27.89864065727166
              ],
              [
                86.91872028609436,
                27.89855038306246
              ],
              [
                86.91882189707837,
                27.898550442944156
              ],
              [
                86.9188218297137,
                27.898640717153356
              ],
              [
                86.91872021863986,
                27.89864065727166
              ]
            ],
            [
              [
                86.91872042098538,
                27.89836983462609
              ],
              [
                86.9187205558764,
                27.898189286189723
              ],
              [
                86.91882216652805,
                27.89818934607142
              ],
              [
                86.9188220318077,
                27.898369894507788
              ],
              [
                86.91872042098538,
                27.89836983462609
              ]
            ],
            [
              [
                86.91892222973279,
                27.900265712647954
              ],
              [
                86.91892249886806,
                27.89990461586505
              ],
              [
                86.91902411111869,
                27.89990467560302
              ],
              [
                86.91902404392471,
                27.89999494979425
              ],
              [
                86.91912565626518,
                27.89999500946035
              ],
              [
                86.91912558914306,
                27.90008528366057
              ],
              [
                86.91922720157338,
                27.900085343245824
              ],
              [
                86.91922700047651,
                27.90035616582851
              ],
              [
                86.91902377512183,
                27.900356046577155
              ],
              [
                86.91902384232479,
                27.90026577238592
              ],
              [
                86.91892222973279,
                27.900265712647954
              ]
            ],
            [
              [
                86.91892384445451,
                27.898099131654085
              ],
              [
                86.91892391172935,
                27.8980088574359
              ],
              [
                86.91902552221929,
                27.898008917164884
              ],
              [
                86.91902558941328,
                27.897918642937718
              ],
              [
                86.91912719981339,
                27.897918702603818
              ],
              [
                86.91912726691754,
                27.897828428376652
              ],
              [
                86.9192288772368,
                27.89782848795292
              ],
              [
                86.91922894426011,
                27.897738213725752
              ],
              [
                86.91933055448955,
                27.897738273239142
              ],
              [
                86.91933042061362,
                27.897918821693477
              ],
              [
                86.9192288102135,
                27.897918762180087
              ],
              [
                86.9192286761669,
                27.89809931063442
              ],
              [
                86.91892384445451,
                27.898099131654085
              ]
            ],
            [
              [
                86.91902350631895,
                27.900717143342096
              ],
              [
                86.91902357352191,
                27.90062686915086
              ],
              [
                86.91912518645528,
                27.900626928816962
              ],
              [
                86.91912511933316,
                27.90071720299921
              ],
              [
                86.91902350631895,
                27.900717143342096
              ]
            ],
            [
              [
                86.9190243799126,
                27.899543578793164
              ],
              [
                86.91902451430954,
                27.899363030383746
              ],
              [
                86.91943096130888,
                27.899363268581027
              ],
              [
                86.91943089444727,
                27.899453542790226
              ],
              [
                86.91932928260985,
                27.899453483348704
              ],
              [
                86.91932921566739,
                27.899543757557904
              ],
              [
                86.9190243799126,
                27.899543578793164
              ]
            ],
            [
              [
                86.91902498467641,
                27.89873111091934
              ],
              [
                86.91902505187039,
                27.898640836701155
              ],
              [
                86.91912666294424,
                27.898640896358273
              ],
              [
                86.91912673004839,
                27.898550622149074
              ],
              [
                86.9193299520344,
                27.89855074123873
              ],
              [
                86.91932988509194,
                27.898641015456914
              ],
              [
                86.9194314961658,
                27.898641074889454
              ],
              [
                86.91943136245156,
                27.898821623316838
              ],
              [
                86.91953297370507,
                27.89882168267751
              ],
              [
                86.91953290692432,
                27.898911956895695
              ],
              [
                86.91932968427356,
                27.89891183810248
              ],
              [
                86.91932975120703,
                27.898821563884297
              ],
              [
                86.9192281399625,
                27.89882150437091
              ],
              [
                86.91922820699479,
                27.89873123016171
              ],
              [
                86.91902498467641,
                27.89873111091934
              ]
            ],
            [
              [
                86.91912686426568,
                27.898370073712705
              ],
              [
                86.91912693137881,
                27.898279799485536
              ],
              [
                86.9192285421203,
                27.89827985907079
              ],
              [
                86.91922847509699,
                27.898370133297956
              ],
              [
                86.91912686426568,
                27.898370073712705
              ]
            ],
            [
              [
                86.91912740113483,
                27.897647879922317
              ],
              [
                86.91912753534314,
                27.897467331458998
              ],
              [
                86.91922914532104,
                27.897467391044252
              ],
              [
                86.91922901127442,
                27.897647939498587
              ],
              [
                86.91912740113483,
                27.897647879922317
              ]
            ],
            [
              [
                86.91922941340526,
                27.897106294108635
              ],
              [
                86.9192295474429,
                27.896925745636334
              ],
              [
                86.91943276639259,
                27.896925864573276
              ],
              [
                86.91943256583473,
                27.897196687281728
              ],
              [
                86.91933095610834,
                27.89719662784919
              ],
              [
                86.9193310230508,
                27.89710635361304
              ],
              [
                86.91922941340526,
                27.897106294108635
              ]
            ],
            [
              [
                86.9193280775738,
                27.901078418853807
              ],
              [
                86.91932814452524,
                27.900988144671555
              ],
              [
                86.9195313710567,
                27.900988263473753
              ],
              [
                86.91953130427595,
                27.901078537664986
              ],
              [
                86.9193280775738,
                27.901078418853807
              ]
            ],
            [
              [
                86.91943069386245,
                27.899724365399862
              ],
              [
                86.91943076072405,
                27.899634091199644
              ],
              [
                86.91963398473126,
                27.89963420984913
              ],
              [
                86.91963391804035,
                27.899724484049344
              ],
              [
                86.91943069386245,
                27.899724365399862
              ]
            ],
            [
              [
                86.91943169674163,
                27.8983702522349
              ],
              [
                86.91943183044688,
                27.898189703798533
              ],
              [
                86.9195334411075,
                27.898189763150224
              ],
              [
                86.91953337433573,
                27.89828003737739
              ],
              [
                86.9196349850772,
                27.898280096657217
              ],
              [
                86.91963485169535,
                27.898460645102567
              ],
              [
                86.91953324079218,
                27.89846058581376
              ],
              [
                86.91953330756395,
                27.898370311595574
              ],
              [
                86.91943169674163,
                27.8983702522349
              ]
            ],
            [
              [
                86.91953364141385,
                27.897918940477705
              ],
              [
                86.91953384172018,
                27.897648117796205
              ],
              [
                86.91963545187775,
                27.897648177085014
              ],
              [
                86.91963538518684,
                27.89773845131218
              ],
              [
                86.91973699542525,
                27.897738510520142
              ],
              [
                86.91973686222306,
                27.897919058974473
              ],
              [
                86.91953364141385,
                27.897918940477705
              ]
            ],
            [
              [
                86.91973499726663,
                27.90044673684108
              ],
              [
                86.9197350638767,
                27.900356462649846
              ],
              [
                86.91983667654956,
                27.900356521794926
              ],
              [
                86.91983661002931,
                27.90044679598616
              ],
              [
                86.91973499726663,
                27.90044673684108
              ]
            ],
            [
              [
                86.91983787395891,
                27.898731586101174
              ],
              [
                86.91983794047917,
                27.89864131188299
              ],
              [
                86.91993955155301,
                27.898641370938236
              ],
              [
                86.9199394851226,
                27.89873164515642
              ],
              [
                86.91983787395891,
                27.898731586101174
              ]
            ],
            [
              [
                86.91983833959166,
                27.89809966655592
              ],
              [
                86.91983847262317,
                27.89791911811057
              ],
              [
                86.91994008302329,
                27.897919177165818
              ],
              [
                86.91994014946269,
                27.89782890293865
              ],
              [
                86.92014337010121,
                27.897829020833548
              ],
              [
                86.92014323757276,
                27.898009569287883
              ],
              [
                86.92004162708281,
                27.898009510376365
              ],
              [
                86.92004156073325,
                27.89809978460353
              ],
              [
                86.91983833959166,
                27.89809966655592
              ]
            ],
            [
              [
                86.9199382892314,
                27.900356580859153
              ],
              [
                86.91993842211019,
                27.9001760324677
              ],
              [
                86.9201416471325,
                27.900176150371582
              ],
              [
                86.9201417134102,
                27.900085876171367
              ],
              [
                86.92044655069213,
                27.90008605246574
              ],
              [
                86.92044641865776,
                27.900266600857194
              ],
              [
                86.92014158086378,
                27.90026642456282
              ],
              [
                86.92014151459506,
                27.900356698763037
              ],
              [
                86.9199382892314,
                27.900356580859153
              ]
            ],
            [
              [
                86.91993862143737,
                27.89990520986705
              ],
              [
                86.91993875430718,
                27.899724661466614
              ],
              [
                86.92014197849406,
                27.899724779361513
              ],
              [
                86.92014184594764,
                27.89990532777093
              ],
              [
                86.91993862143737,
                27.89990520986705
              ]
            ],
            [
              [
                86.9202439215044,
                27.899273467173124
              ],
              [
                86.92024412005901,
                27.89900264453654
              ],
              [
                86.92034573147423,
                27.89900270329534
              ],
              [
                86.92034559927815,
                27.89918325172273
              ],
              [
                86.92044721086404,
                27.899183310409665
              ],
              [
                86.92044714484685,
                27.899273584618864
              ],
              [
                86.92065036818931,
                27.899273701768163
              ],
              [
                86.9206502364873,
                27.89945425018656
              ],
              [
                86.92044701281247,
                27.899454133037267
              ],
              [
                86.92044707882965,
                27.899363858828067
              ],
              [
                86.92034546707309,
                27.899363800141128
              ],
              [
                86.92034553318011,
                27.899273525931928
              ],
              [
                86.9202439215044,
                27.899273467173124
              ]
            ],
            [
              [
                86.92024451715031,
                27.89846099923642
              ],
              [
                86.92024458333817,
                27.898370725018236
              ],
              [
                86.9203461941605,
                27.898370783777036
              ],
              [
                86.92034612806246,
                27.89846105799522
              ],
              [
                86.92024451715031,
                27.89846099923642
              ]
            ],
            [
              [
                86.92024464951706,
                27.898280450791066
              ],
              [
                86.92024484806271,
                27.89800962811855
              ],
              [
                86.92044806903361,
                27.89800974556429
              ],
              [
                86.9204479370172,
                27.89819029400964
              ],
              [
                86.92034632635658,
                27.898190235331686
              ],
              [
                86.92034626025854,
                27.89828050954987
              ],
              [
                86.92024464951706,
                27.898280450791066
              ]
            ],
            [
              [
                86.92044727688123,
                27.899093036200465
              ],
              [
                86.92044740890663,
                27.898912487773078
              ],
              [
                86.92054902024098,
                27.89891254637917
              ],
              [
                86.92054895430465,
                27.899002820597353
              ],
              [
                86.92085378855926,
                27.89900299598443
              ],
              [
                86.92085372288344,
                27.899093270193628
              ],
              [
                86.92126016889462,
                27.899093502992034
              ],
              [
                86.92126023423808,
                27.899003228782835
              ],
              [
                86.92136184565328,
                27.899003286796034
              ],
              [
                86.92136171514603,
                27.89918383522342
              ],
              [
                86.92126010355116,
                27.89918377721022
              ],
              [
                86.92126003821669,
                27.899274051419418
              ],
              [
                86.92085359153177,
                27.899273818621015
              ],
              [
                86.9208536572076,
                27.899183544411812
              ],
              [
                86.92065043403582,
                27.89918342755896
              ],
              [
                86.92065049988233,
                27.89909315334976
              ],
              [
                86.92044727688123,
                27.899093036200465
              ]
            ],
            [
              [
                86.92044872913365,
                27.89710700323872
              ],
              [
                86.92044899316647,
                27.896745906276152
              ],
              [
                86.9206522117838,
                27.89674602340748
              ],
              [
                86.92065201427123,
                27.897016846133898
              ],
              [
                86.92055040470655,
                27.89701678760866
              ],
              [
                86.92055033877918,
                27.89710706184481
              ],
              [
                86.92044872913365,
                27.89710700323872
              ]
            ],
            [
              [
                86.92065122417598,
                27.89810013693177
              ],
              [
                86.92065129001351,
                27.8980098627046
              ],
              [
                86.92075290050344,
                27.898009921166963
              ],
              [
                86.92075296626012,
                27.897919646939794
              ],
              [
                86.92085457666923,
                27.897919705321303
              ],
              [
                86.92085444531757,
                27.898100253775638
              ],
              [
                86.92065122417598,
                27.89810013693177
              ]
            ],
            [
              [
                86.92095717088627,
                27.896565650061746
              ],
              [
                86.92095730205827,
                27.89638510157148
              ],
              [
                86.92105891103006,
                27.896385159800275
              ],
              [
                86.92105878002874,
                27.896565708299526
              ],
              [
                86.92095717088627,
                27.896565650061746
              ]
            ],
            [
              [
                86.92105622526499,
                27.900086403024297
              ],
              [
                86.92105635629326,
                27.89990585462386
              ],
              [
                86.9212595808215,
                27.89990597087484
              ],
              [
                86.92125951547804,
                27.89999624507506
              ],
              [
                86.92136112781851,
                27.899996303097243
              ],
              [
                86.9213610625649,
                27.90008657729746
              ],
              [
                86.92156428742551,
                27.900086693099286
              ],
              [
                86.92156422233359,
                27.9001769672995
              ],
              [
                86.921157772271,
                27.900176735390428
              ],
              [
                86.9211578376953,
                27.90008646119021
              ],
              [
                86.92105622526499,
                27.900086403024297
              ]
            ],
            [
              [
                86.92105766646814,
                27.898100370323064
              ],
              [
                86.92105773197329,
                27.8980100960959
              ],
              [
                86.92115934247222,
                27.898010154252827
              ],
              [
                86.92115927704792,
                27.898100428479996
              ],
              [
                86.92105766646814,
                27.898100370323064
              ]
            ],
            [
              [
                86.92105805949905,
                27.897558724942094
              ],
              [
                86.92105825601449,
                27.897287902233643
              ],
              [
                86.9211598658307,
                27.897287960390575
              ],
              [
                86.9211598004064,
                27.897378234626725
              ],
              [
                86.92126141031244,
                27.897378292711792
              ],
              [
                86.9212612796435,
                27.897558841184093
              ],
              [
                86.92105805949905,
                27.897558724942094
              ]
            ],
            [
              [
                86.92115731426495,
                27.90080865475602
              ],
              [
                86.92115737969824,
                27.900718380564786
              ],
              [
                86.92136060573564,
                27.900718496672035
              ],
              [
                86.92136054047303,
                27.900808770872253
              ],
              [
                86.92115731426495,
                27.90080865475602
              ]
            ],
            [
              [
                86.92146417394206,
                27.898010328283448
              ],
              [
                86.92146423911483,
                27.897920054056282
              ],
              [
                86.92166745992404,
                27.89792016969641
              ],
              [
                86.92166739493092,
                27.89801044393256
              ],
              [
                86.92146417394206,
                27.898010328283448
              ]
            ],
            [
              [
                86.92156402705781,
                27.900447789900156
              ],
              [
                86.92156415724166,
                27.90026724149972
              ],
              [
                86.92166576984265,
                27.900267299297326
              ],
              [
                86.92166570483157,
                27.90035757348856
              ],
              [
                86.92176731752238,
                27.900357631205317
              ],
              [
                86.92176718767091,
                27.900538179605753
              ],
              [
                86.9216655748184,
                27.900538121888996
              ],
              [
                86.92166563982947,
                27.900447847688778
              ],
              [
                86.92156402705781,
                27.900447789900156
              ]
            ],
            [
              [
                86.92156435251744,
                27.899996418899068
              ],
              [
                86.9215644826923,
                27.89981587048965
              ],
              [
                86.92166609487109,
                27.899815928278272
              ],
              [
                86.92166602986899,
                27.89990620248747
              ],
              [
                86.9217676421376,
                27.89990626020423
              ],
              [
                86.92176757720738,
                27.899996534404448
              ],
              [
                86.92156435251744,
                27.899996418899068
              ]
            ],
            [
              [
                86.9215662400126,
                27.89737846650885
              ],
              [
                86.92156637017848,
                27.89719791803655
              ],
              [
                86.92187119938457,
                27.897198091159872
              ],
              [
                86.92187106972173,
                27.897378639641154
              ],
              [
                86.9215662400126,
                27.89737846650885
              ]
            ],
            [
              [
                86.92166641989952,
                27.89936455724125
              ],
              [
                86.9216664849016,
                27.899274283023065
              ],
              [
                86.92227615494696,
                27.89927462818275
              ],
              [
                86.92227589695081,
                27.899635725028535
              ],
              [
                86.92217428494271,
                27.89963566768907
              ],
              [
                86.92217434952259,
                27.89954539347987
              ],
              [
                86.92207273759534,
                27.899545336068538
              ],
              [
                86.92207280226506,
                27.899455061850354
              ],
              [
                86.92176796673485,
                27.899454889158225
              ],
              [
                86.92176803165609,
                27.899364614949025
              ],
              [
                86.92166641989952,
                27.89936455724125
              ]
            ],
            [
              [
                86.9218699675877,
                27.89891330151198
              ],
              [
                86.92187003241911,
                27.898823027293794
              ],
              [
                86.92227647743316,
                27.898823257100812
              ],
              [
                86.92227641293412,
                27.898913531318996
              ],
              [
                86.9218699675877,
                27.89891330151198
              ]
            ],
            [
              [
                86.92197345654473,
                27.896295406254612
              ],
              [
                86.92197358601891,
                27.89611485774638
              ],
              [
                86.92217680346843,
                27.896114972631924
              ],
              [
                86.92217667432662,
                27.896295521140157
              ],
              [
                86.92197345654473,
                27.896295406254612
              ]
            ],
            [
              [
                86.92207441885529,
                27.89719820620711
              ],
              [
                86.92207454816777,
                27.897017657716844
              ],
              [
                86.92227776730611,
                27.897017772458653
              ],
              [
                86.92227757382697,
                27.89728859518507
              ],
              [
                86.92217596401076,
                27.89728853785459
              ],
              [
                86.92217602859064,
                27.897198263609457
              ],
              [
                86.92207441885529,
                27.89719820620711
              ]
            ],
            [
              [
                86.92217370367882,
                27.90044813552696
              ],
              [
                86.9221737682677,
                27.900357861326743
              ],
              [
                86.92227538094953,
                27.90035791866621
              ],
              [
                86.9222753164505,
                27.900448192866424
              ],
              [
                86.92217370367882,
                27.90044813552696
              ]
            ],
            [
              [
                86.92237680038578,
                27.900628798525478
              ],
              [
                86.92237692922215,
                27.900448250134026
              ],
              [
                86.92258015476548,
                27.900448364444646
              ],
              [
                86.922580219013,
                27.900358090244428
              ],
              [
                86.92268183170381,
                27.900358147278464
              ],
              [
                86.92268176753716,
                27.900448421478682
              ],
              [
                86.92298660586114,
                27.900448592158586
              ],
              [
                86.92298666976728,
                27.900358317958368
              ],
              [
                86.92318989514892,
                27.900358431370673
              ],
              [
                86.92318983140447,
                27.90044870557089
              ],
              [
                86.92329144417614,
                27.900448762164753
              ],
              [
                86.92329138052152,
                27.90053903636497
              ],
              [
                86.922986541946,
                27.900538866358804
              ],
              [
                86.92298647803088,
                27.900629140559023
              ],
              [
                86.92237680038578,
                27.900628798525478
              ]
            ],
            [
              [
                86.92237905483375,
                27.89746920092497
              ],
              [
                86.92237918365215,
                27.897288652443688
              ],
              [
                86.92258240329356,
                27.89728876673634
              ],
              [
                86.92258233905504,
                27.897379040981473
              ],
              [
                86.9229887786792,
                27.897379268668466
              ],
              [
                86.92298890648252,
                27.897198720187184
              ],
              [
                86.92288729674715,
                27.897198663377726
              ],
              [
                86.92288736072517,
                27.89710838913259
              ],
              [
                86.92278575107066,
                27.897108332251268
              ],
              [
                86.92278581514749,
                27.897018058006132
              ],
              [
                86.92309064385051,
                27.897018228434508
              ],
              [
                86.9230905800342,
                27.897108502679643
              ],
              [
                86.92329379934321,
                27.89710861592127
              ],
              [
                86.92329367205194,
                27.897289164411536
              ],
              [
                86.92319206222675,
                27.897289107826655
              ],
              [
                86.92319199849128,
                27.897379382062805
              ],
              [
                86.92309038858524,
                27.89737932540606
              ],
              [
                86.92309032476892,
                27.89746959964221
              ],
              [
                86.92298871477306,
                27.8974695429136
              ],
              [
                86.92298865087588,
                27.89755981714975
              ],
              [
                86.92319187102933,
                27.897559930544087
              ],
              [
                86.92319174355839,
                27.897740479016388
              ],
              [
                86.92288691282516,
                27.89774030881259
              ],
              [
                86.92288678485117,
                27.89792085727591
              ],
              [
                86.922683564024,
                27.89792074343241
              ],
              [
                86.92268369233935,
                27.897740194969096
              ],
              [
                86.92278530258675,
                27.897740251922286
              ],
              [
                86.9227853666546,
                27.897649977686136
              ],
              [
                86.92268375649702,
                27.897649920732945
              ],
              [
                86.92268382065471,
                27.897559646487814
              ],
              [
                86.92258221057799,
                27.897559589453774
              ],
              [
                86.9225822748165,
                27.897469315217624
              ],
              [
                86.92237905483375,
                27.89746920092497
              ]
            ],
            [
              [
                86.92237976329908,
                27.896476184237486
              ],
              [
                86.92237989210851,
                27.896295635729253
              ],
              [
                86.92248150100843,
                27.896295692916006
              ],
              [
                86.92248143668907,
                27.896385967170122
              ],
              [
                86.92258304566086,
                27.896386024276023
              ],
              [
                86.92258298143132,
                27.89647629853014
              ],
              [
                86.92237976329908,
                27.896476184237486
              ]
            ],
            [
              [
                86.92247905664763,
                27.899726113692086
              ],
              [
                86.92247918531334,
                27.899545565273684
              ],
              [
                86.92268240916783,
                27.89954567943159
              ],
              [
                86.92268228084349,
                27.899726227849992
              ],
              [
                86.92247905664763,
                27.899726113692086
              ]
            ],
            [
              [
                86.92248162964718,
                27.896115144407773
              ],
              [
                86.92248169395758,
                27.89602487014467
              ],
              [
                86.92258330260597,
                27.896024927250576
              ],
              [
                86.92258323836745,
                27.896115201513673
              ],
              [
                86.92248162964718,
                27.896115144407773
              ]
            ],
            [
              [
                86.92258054025055,
                27.899906719225374
              ],
              [
                86.92258060449805,
                27.89981644501617
              ],
              [
                86.92268221668581,
                27.899816502059192
              ],
              [
                86.92268215251916,
                27.899906776268395
              ],
              [
                86.92258054025055,
                27.899906719225374
              ]
            ],
            [
              [
                86.92258137544121,
                27.89873315444288
              ],
              [
                86.92258150392725,
                27.89855260599753
              ],
              [
                86.92278472593122,
                27.898552719993738
              ],
              [
                86.92278459777756,
                27.898733268439088
              ],
              [
                86.92258137544121,
                27.89873315444288
              ]
            ],
            [
              [
                86.92258259600914,
                27.897017944009924
              ],
              [
                86.92258266024767,
                27.89692766976479
              ],
              [
                86.9226842697315,
                27.89692772679883
              ],
              [
                86.92268420557382,
                27.89701800104396
              ],
              [
                86.92258259600914,
                27.897017944009924
              ]
            ],
            [
              [
                86.92258272447721,
                27.896837395519658
              ],
              [
                86.92258278871573,
                27.896747121274522
              ],
              [
                86.92268439803787,
                27.896747178308562
              ],
              [
                86.9226843338802,
                27.896837452553694
              ],
              [
                86.92258272447721,
                27.896837395519658
              ]
            ],
            [
              [
                86.92268446218657,
                27.896656904063427
              ],
              [
                86.92268452633526,
                27.89656662980931
              ],
              [
                86.9228877446292,
                27.89656674365281
              ],
              [
                86.92288768065117,
                27.89665701789794
              ],
              [
                86.92268446218657,
                27.896656904063427
              ]
            ],
            [
              [
                86.92278350847147,
                27.900267930049402
              ],
              [
                86.9227835725483,
                27.900177655849184
              ],
              [
                86.92288518506844,
                27.90017771273949
              ],
              [
                86.92288512107245,
                27.90026798693971
              ],
              [
                86.92278350847147,
                27.900267930049402
              ]
            ],
            [
              [
                86.92278440555606,
                27.899004091102626
              ],
              [
                86.92278446963289,
                27.89891381688444
              ],
              [
                86.92308930365394,
                27.898913987321798
              ],
              [
                86.92308936747025,
                27.898823713103617
              ],
              [
                86.92329258998626,
                27.898823826354224
              ],
              [
                86.92329252633165,
                27.89891410058139
              ],
              [
                86.92339413767499,
                27.898914157094406
              ],
              [
                86.92339401053643,
                27.89909470553077
              ],
              [
                86.9232923990224,
                27.89909464901776
              ],
              [
                86.92329233536778,
                27.899184923235943
              ],
              [
                86.92308911218701,
                27.89918480997635
              ],
              [
                86.92308917600333,
                27.89909453576715
              ],
              [
                86.9229875644983,
                27.899094479020572
              ],
              [
                86.92298762840444,
                27.89900420480239
              ],
              [
                86.92278440555606,
                27.899004091102626
              ]
            ],
            [
              [
                86.9228863369332,
                27.898552776884046
              ],
              [
                86.9228864649072,
                27.89837222842971
              ],
              [
                86.92308968657879,
                27.898372341976764
              ],
              [
                86.92308955893718,
                27.898552890431098
              ],
              [
                86.9228863369332,
                27.898552776884046
              ]
            ],
            [
              [
                86.92298705323114,
                27.899816672730115
              ],
              [
                86.92298711713728,
                27.89972639852091
              ],
              [
                86.92308872923522,
                27.899726455258506
              ],
              [
                86.9230886654099,
                27.899816729467705
              ],
              [
                86.92298705323114,
                27.899816672730115
              ]
            ],
            [
              [
                86.92298724495856,
                27.89954585010251
              ],
              [
                86.92298730886472,
                27.89945557588433
              ],
              [
                86.92308892071111,
                27.89945563262192
              ],
              [
                86.92308885688581,
                27.899545906840103
              ],
              [
                86.92298724495856,
                27.89954585010251
              ]
            ],
            [
              [
                86.92308943129555,
                27.898733438885433
              ],
              [
                86.92308949511188,
                27.898643164658264
              ],
              [
                86.92319110620369,
                27.898643221323994
              ],
              [
                86.92319104246822,
                27.898733495542178
              ],
              [
                86.92308943129555,
                27.898733438885433
              ]
            ],
            [
              [
                86.9232943085173,
                27.896386421924266
              ],
              [
                86.92329443580859,
                27.896205873416033
              ],
              [
                86.92339604461867,
                27.89620592992905
              ],
              [
                86.92339591749808,
                27.896386478437282
              ],
              [
                86.9232943085173,
                27.896386421924266
              ]
            ],
            [
              [
                86.92339432837834,
                27.898643334421887
              ],
              [
                86.9233944555169,
                27.898462785967553
              ],
              [
                86.92349606643805,
                27.8984628424087
              ],
              [
                86.9234960029541,
                27.89855311663587
              ],
              [
                86.92369922495807,
                27.898553229284605
              ],
              [
                86.9236991616448,
                27.898643503511774
              ],
              [
                86.92339432837834,
                27.898643334421887
              ]
            ],
            [
              [
                86.92339528186815,
                27.897289220915564
              ],
              [
                86.92339534543294,
                27.897198946679413
              ],
              [
                86.92359856491265,
                27.897199059471884
              ],
              [
                86.92359850151854,
                27.897289333717016
              ],
              [
                86.92339528186815,
                27.897289220915564
              ]
            ],
            [
              [
                86.92349562204147,
                27.899094761971924
              ],
              [
                86.92349574900935,
                27.89891421352657
              ],
              [
                86.92369897169604,
                27.89891432618429
              ],
              [
                86.92369884506054,
                27.899094874629643
              ],
              [
                86.92349562204147,
                27.899094761971924
              ]
            ],
            [
              [
                86.92349663777554,
                27.897650374319284
              ],
              [
                86.9234967012505,
                27.89756010007415
              ],
              [
                86.92359831132723,
                27.897560156434448
              ],
              [
                86.92359824793311,
                27.897650430679583
              ],
              [
                86.92349663777554,
                27.897650374319284
              ]
            ],
            [
              [
                86.923497336045,
                27.896657357622814
              ],
              [
                86.92349739951996,
                27.896567083377683
              ],
              [
                86.92370061782287,
                27.896567196017436
              ],
              [
                86.92370055450961,
                27.896657470271553
              ],
              [
                86.923497336045,
                27.896657357622814
              ]
            ],
            [
              [
                86.92369827519627,
                27.89990734254838
              ],
              [
                86.92369840184075,
                27.89972679412998
              ],
              [
                86.92400323814353,
                27.899726962555114
              ],
              [
                86.92400330120526,
                27.89963668834591
              ],
              [
                86.92420652523943,
                27.89963680024905
              ],
              [
                86.92420646234838,
                27.899727074467233
              ],
              [
                86.92410485024146,
                27.899727018547104
              ],
              [
                86.92410478726057,
                27.899817292756307
              ],
              [
                86.92400317507281,
                27.899817236764314
              ],
              [
                86.92400311201108,
                27.899907510973513
              ],
              [
                86.92390149974247,
                27.89990745490966
              ],
              [
                86.92390143659091,
                27.89999772911886
              ],
              [
                86.92379982423246,
                27.899997672974152
              ],
              [
                86.92379988747386,
                27.899907398764952
              ],
              [
                86.92369827519627,
                27.89990734254838
              ]
            ],
            [
              [
                86.92370030127452,
                27.897018567270052
              ],
              [
                86.92370042789207,
                27.8968380187708
              ],
              [
                86.92380203729505,
                27.896838074978387
              ],
              [
                86.92380222697433,
                27.896567252225022
              ],
              [
                86.92390383611679,
                27.896567308360744
              ],
              [
                86.92390358355546,
                27.896928405359244
              ],
              [
                86.92380197407162,
                27.896928349232503
              ],
              [
                86.9238019108482,
                27.89701862347764
              ],
              [
                86.92370030127452,
                27.897018567270052
              ]
            ],
            [
              [
                86.92390295212964,
                27.897831147783627
              ],
              [
                86.92390301527222,
                27.897740873547477
              ],
              [
                86.92410623576703,
                27.897740985594343
              ],
              [
                86.92410617279512,
                27.897831259839478
              ],
              [
                86.92390295212964,
                27.897831147783627
              ]
            ],
            [
              [
                86.92390396240197,
                27.89638675985251
              ],
              [
                86.92390402553556,
                27.896296485598395
              ],
              [
                86.92400563443549,
                27.896296541653268
              ],
              [
                86.92400569748824,
                27.89620626739915
              ],
              [
                86.9242089151174,
                27.896206379293304
              ],
              [
                86.92420885223534,
                27.89629665354742
              ],
              [
                86.92431046113526,
                27.896296709377715
              ],
              [
                86.92431039833404,
                27.896386983640813
              ],
              [
                86.92420878934429,
                27.896386927801537
              ],
              [
                86.92420872646221,
                27.896477202055653
              ],
              [
                86.92400550832998,
                27.896477090170485
              ],
              [
                86.92400557138274,
                27.896386815907384
              ],
              [
                86.92390396240197,
                27.89638675985251
              ]
            ],
            [
              [
                86.9240038687878,
                27.898824220382256
              ],
              [
                86.92400393184954,
                27.89873394615509
              ],
              [
                86.92410554302221,
                27.89873400214708
              ],
              [
                86.9241054800503,
                27.898824276365264
              ],
              [
                86.9240038687878,
                27.898824220382256
              ]
            ],
            [
              [
                86.92410573195588,
                27.89846317946558
              ],
              [
                86.92410579493676,
                27.898372905238414
              ],
              [
                86.92420740577705,
                27.898372961149555
              ],
              [
                86.92420734287701,
                27.898463235376724
              ],
              [
                86.92410573195588,
                27.89846317946558
              ]
            ],
            [
              [
                86.92420621075722,
                27.900088171304034
              ],
              [
                86.92420633654831,
                27.89990762288563
              ],
              [
                86.9243079488259,
                27.89990767872491
              ],
              [
                86.9243080744463,
                27.89972713030651
              ],
              [
                86.92451129865115,
                27.89972724176947
              ],
              [
                86.92451123601163,
                27.899817515978672
              ],
              [
                86.92471446038715,
                27.899817627136205
              ],
              [
                86.92471433543149,
                27.899998175554604
              ],
              [
                86.92461272307305,
                27.899998120011773
              ],
              [
                86.92461266051437,
                27.900088394220973
              ],
              [
                86.9244094356358,
                27.900088282910726
              ],
              [
                86.92440937290644,
                27.900178557119926
              ],
              [
                86.92430776037732,
                27.900178501352514
              ],
              [
                86.9243078231965,
                27.900088227143314
              ],
              [
                86.92420621075722,
                27.900088171304034
              ]
            ],
            [
              [
                86.92420671393056,
                27.899365977603477
              ],
              [
                86.92420677683059,
                27.899275703385296
              ],
              [
                86.92430838850632,
                27.899275759233557
              ],
              [
                86.9243083256961,
                27.899366033451738
              ],
              [
                86.92420671393056,
                27.899365977603477
              ]
            ],
            [
              [
                86.92420721709492,
                27.89864378383106
              ],
              [
                86.92420727998596,
                27.89855350960389
              ],
              [
                86.92430889099693,
                27.89855356544317
              ],
              [
                86.92430895379816,
                27.898463291216
              ],
              [
                86.92451217564941,
                27.89846340266998
              ],
              [
                86.92451211300988,
                27.898553676897144
              ],
              [
                86.92461372401188,
                27.898553732511846
              ],
              [
                86.9246136614532,
                27.898644006739012
              ],
              [
                86.92420721709492,
                27.89864378383106
              ]
            ],
            [
              [
                86.92420790890547,
                27.897650767269337
              ],
              [
                86.92420803468758,
                27.897470218788055
              ],
              [
                86.92430964468346,
                27.89747027462733
              ],
              [
                86.92430958187325,
                27.89756054886348
              ],
              [
                86.92441119195895,
                27.897560604630893
              ],
              [
                86.9244111292296,
                27.897650878867044
              ],
              [
                86.92420790890547,
                27.897650767269337
              ]
            ],
            [
              [
                86.92420822336074,
                27.897199396061637
              ],
              [
                86.92420828624282,
                27.897109121816502
              ],
              [
                86.9243098959063,
                27.897109177646797
              ],
              [
                86.9243098330961,
                27.897199451891932
              ],
              [
                86.92420822336074,
                27.897199396061637
              ]
            ],
            [
              [
                86.9243081372655,
                27.89963685609731
              ],
              [
                86.9243082000757,
                27.899546581879125
              ],
              [
                86.92451142393918,
                27.8995466933331
              ],
              [
                86.92451136129965,
                27.899636967551285
              ],
              [
                86.9243081372655,
                27.89963685609731
              ]
            ],
            [
              [
                86.92430995870752,
                27.897018903401666
              ],
              [
                86.92431002150875,
                27.89692862915653
              ],
              [
                86.92461484997821,
                27.89692879620724
              ],
              [
                86.92461478742852,
                27.897019070461358
              ],
              [
                86.92451317785486,
                27.89701901484666
              ],
              [
                86.92451311521533,
                27.89710928909179
              ],
              [
                86.92461472487882,
                27.89710934470649
              ],
              [
                86.92461459977046,
                27.897289893196756
              ],
              [
                86.92451298994527,
                27.897289837591043
              ],
              [
                86.92451292730574,
                27.897380111836174
              ],
              [
                86.9244113173997,
                27.89738005614961
              ],
              [
                86.92441156828119,
                27.897018959160093
              ],
              [
                86.92430995870752,
                27.897018903401666
              ]
            ],
            [
              [
                86.92431014712018,
                27.896748080657282
              ],
              [
                86.9243102099214,
                27.896657806403166
              ],
              [
                86.92451342839499,
                27.89665791784816
              ],
              [
                86.92451336575546,
                27.89674819209329
              ],
              [
                86.92431014712018,
                27.896748080657282
              ]
            ],
            [
              [
                86.92431064953894,
                27.89602588660638
              ],
              [
                86.92431077514138,
                27.895845338080182
              ],
              [
                86.9244123836191,
                27.895845393838613
              ],
              [
                86.92441225817835,
                27.896025942364812
              ],
              [
                86.92431064953894,
                27.89602588660638
              ]
            ],
            [
              [
                86.92451148658769,
                27.8994564191239
              ],
              [
                86.92451161187572,
                27.899275870687532
              ],
              [
                86.92461322355145,
                27.89927592630223
              ],
              [
                86.92461328611012,
                27.89918565208405
              ],
              [
                86.92471489771398,
                27.89918570762688
              ],
              [
                86.92471471028948,
                27.899456530281434
              ],
              [
                86.92481632213588,
                27.89945658574342
              ],
              [
                86.92481625974789,
                27.899546859961603
              ],
              [
                86.92461303587541,
                27.899546748956784
              ],
              [
                86.9246130984341,
                27.8994564747386
              ],
              [
                86.92451148658769,
                27.8994564191239
              ]
            ],
            [
              [
                86.92451179980328,
                27.899005048023998
              ],
              [
                86.9245118624428,
                27.898914773805814
              ],
              [
                86.92471508512949,
                27.898914884954365
              ],
              [
                86.92471502266065,
                27.89900515918153
              ],
              [
                86.92481663408485,
                27.899005214643516
              ],
              [
                86.92481657169685,
                27.899095488870685
              ],
              [
                86.9246133486688,
                27.899095377865866
              ],
              [
                86.92461341122747,
                27.899005103638697
              ],
              [
                86.92451179980328,
                27.899005048023998
              ]
            ],
            [
              [
                86.92471658439973,
                27.896748303241843
              ],
              [
                86.92471670933743,
                27.89656775473361
              ],
              [
                86.92481831848889,
                27.896567810195595
              ],
              [
                86.92481825610089,
                27.89665808444971
              ],
              [
                86.92491986534218,
                27.896658139830848
              ],
              [
                86.924919803044,
                27.896748414084964
              ],
              [
                86.92471658439973,
                27.896748303241843
              ]
            ],
            [
              [
                86.92481644692086,
                27.89927603730705
              ],
              [
                86.92481650930885,
                27.89918576308887
              ],
              [
                86.92491812090373,
                27.899185818478987
              ],
              [
                86.92491805860556,
                27.89927609269717
              ],
              [
                86.92481644692086,
                27.89927603730705
              ]
            ],
            [
              [
                86.92491768476268,
                27.899817737997292
              ],
              [
                86.92491774706981,
                27.899727463788093
              ],
              [
                86.92501935917673,
                27.899727519097365
              ],
              [
                86.92501929695042,
                27.89981779331555
              ],
              [
                86.92491768476268,
                27.899817737997292
              ]
            ],
            [
              [
                86.92491949155318,
                27.89719978533758
              ],
              [
                86.92491961614951,
                27.897019236838332
              ],
              [
                86.92512283530583,
                27.89701934738501
              ],
              [
                86.9251229595608,
                27.89683879888576
              ],
              [
                86.92532617837574,
                27.896838909135994
              ],
              [
                86.92532599248736,
                27.897109731889362
              ],
              [
                86.92502116351484,
                27.89710956640172
              ],
              [
                86.92502110129753,
                27.897199840646852
              ],
              [
                86.92491949155318,
                27.89719978533758
              ]
            ],
            [
              [
                86.92502004360314,
                27.898734502679375
              ],
              [
                86.92502010582945,
                27.898644228452206
              ],
              [
                86.92522332801308,
                27.898644338855156
              ],
              [
                86.92522326595746,
                27.898734613082322
              ],
              [
                86.92502004360314,
                27.898734502679375
              ]
            ],
            [
              [
                86.9252231418552,
                27.898915161536657
              ],
              [
                86.92522320391082,
                27.89882488730949
              ],
              [
                86.92532481517333,
                27.898824942403166
              ],
              [
                86.92532475320753,
                27.89891521662135
              ],
              [
                86.9252231418552,
                27.898915161536657
              ]
            ],
            [
              [
                86.92532673600496,
                27.896026440813014
              ],
              [
                86.92532685992755,
                27.895845892286815
              ],
              [
                86.92542846840527,
                27.89584594729066
              ],
              [
                86.92542834465335,
                27.89602649582584
              ],
              [
                86.92532673600496,
                27.896026440813014
              ]
            ],
            [
              [
                86.92552704888675,
                27.900269439829934
              ],
              [
                86.92552711069084,
                27.900179165620735
              ],
              [
                86.92562872321996,
                27.900179220489832
              ],
              [
                86.9256286615057,
                27.90026949469903
              ],
              [
                86.92552704888675,
                27.900269439829934
              ]
            ],
            [
              [
                86.92563063634405,
                27.89738071943867
              ],
              [
                86.92563075976359,
                27.897200170948402
              ],
              [
                86.92573236950794,
                27.897200225727666
              ],
              [
                86.92573243113236,
                27.897109951482534
              ],
              [
                86.92603726012285,
                27.89711011539812
              ],
              [
                86.92603732149576,
                27.897019841144004
              ],
              [
                86.92634215022572,
                27.897020004376877
              ],
              [
                86.92634208910435,
                27.897110278630993
              ],
              [
                86.92624047944985,
                27.8971102242919
              ],
              [
                86.92624041823863,
                27.897200498546017
              ],
              [
                86.92603719874995,
                27.897200389643256
              ],
              [
                86.92603713737705,
                27.897290663888388
              ],
              [
                86.92593552754288,
                27.8972906093337
              ],
              [
                86.92593546608913,
                27.897380883578837
              ],
              [
                86.92563063634405,
                27.89738071943867
              ]
            ],
            [
              [
                86.92563150025386,
                27.896116879881035
              ],
              [
                86.92563156195914,
                27.896026605617934
              ],
              [
                86.92583477925594,
                27.896026715113585
              ],
              [
                86.92583465617776,
                27.896207263639784
              ],
              [
                86.92573304735868,
                27.8962072089234
              ],
              [
                86.92573310898311,
                27.896116934669283
              ],
              [
                86.92563150025386,
                27.896116879881035
              ]
            ],
            [
              [
                86.92573329384741,
                27.895846111871002
              ],
              [
                86.92573341708729,
                27.895665563335818
              ],
              [
                86.92593663371035,
                27.895665672678756
              ],
              [
                86.92593651081184,
                27.895846221213937
              ],
              [
                86.92573329384741,
                27.895846111871002
              ]
            ],
            [
              [
                86.92583293302938,
                27.89873494250352
              ],
              [
                86.92583299458195,
                27.89864466826737
              ],
              [
                86.92603621676558,
                27.89864477747556
              ],
              [
                86.92603615539268,
                27.89873505171171
              ],
              [
                86.92583293302938,
                27.89873494250352
              ]
            ],
            [
              [
                86.9259358348206,
                27.896839238072104
              ],
              [
                86.92593589627435,
                27.896748963817984
              ],
              [
                86.92603750560546,
                27.896749018381655
              ],
              [
                86.92603756696938,
                27.89665874412754
              ],
              [
                86.92613917621067,
                27.89665879861036
              ],
              [
                86.92613911492761,
                27.89674907287346
              ],
              [
                86.92624072424974,
                27.89674912728442
              ],
              [
                86.9262406630565,
                27.896839401538536
              ],
              [
                86.92613905364453,
                27.896839347127578
              ],
              [
                86.92613899235248,
                27.896929621381695
              ],
              [
                86.92603738285966,
                27.896929566889888
              ],
              [
                86.92603744423256,
                27.89683929263577
              ],
              [
                86.9259358348206,
                27.896839238072104
              ]
            ],
            [
              [
                86.92593608064458,
                27.896478141055635
              ],
              [
                86.92593614208934,
                27.896387866792537
              ],
              [
                86.92603775107911,
                27.896387921356208
              ],
              [
                86.92603781245201,
                27.896297647093107
              ],
              [
                86.92613942135193,
                27.89629770157593
              ],
              [
                86.9261392987858,
                27.896478250102128
              ],
              [
                86.92593608064458,
                27.896478141055635
              ]
            ],
            [
              [
                86.92613954391807,
                27.896117153058714
              ],
              [
                86.92613960521012,
                27.89602687878663
              ],
              [
                86.92634282250692,
                27.89602698753668
              ],
              [
                86.92634288361931,
                27.895936713273578
              ],
              [
                86.92654610075441,
                27.895936821718198
              ],
              [
                86.9265460398127,
                27.8960270959813
              ],
              [
                86.9266476484611,
                27.89602715008683
              ],
              [
                86.92664752673937,
                27.89620769862201
              ],
              [
                86.9265459179203,
                27.8962076445075
              ],
              [
                86.92654585696961,
                27.8962979187706
              ],
              [
                86.92634263916077,
                27.896297810325976
              ],
              [
                86.92634270028213,
                27.896207536062878
              ],
              [
                86.92624109145407,
                27.896207481723785
              ],
              [
                86.9262411526563,
                27.896117207460687
              ],
              [
                86.92613954391807,
                27.896117153058714
              ]
            ],
            [
              [
                86.92613985033341,
                27.89566578172525
              ],
              [
                86.92613997289955,
                27.89548523318108
              ],
              [
                86.92654640548092,
                27.895485450366767
              ],
              [
                86.9265463445392,
                27.895575724638853
              ],
              [
                86.92624151985166,
                27.89557556186412
              ],
              [
                86.92624145864943,
                27.895665836127222
              ],
              [
                86.92613985033341,
                27.89566578172525
              ]
            ],
            [
              [
                86.92623870445071,
                27.899728177068393
              ],
              [
                86.9262387656619,
                27.89963790285021
              ],
              [
                86.92634037768798,
                27.899637957189302
              ],
              [
                86.92634031655761,
                27.899728231407487
              ],
              [
                86.92623870445071,
                27.899728177068393
              ]
            ],
            [
              [
                86.92634043880935,
                27.899547682971118
              ],
              [
                86.9263404999397,
                27.899457408752934
              ],
              [
                86.92644211179508,
                27.89945746302016
              ],
              [
                86.92644205075456,
                27.899547737238343
              ],
              [
                86.92634043880935,
                27.899547682971118
              ]
            ],
            [
              [
                86.92695186831297,
                27.896930054576274
              ],
              [
                86.92695205014995,
                27.896659231804943
              ],
              [
                86.92715526864151,
                27.89665933936023
              ],
              [
                86.92715514775523,
                27.896839887868463
              ],
              [
                86.92725675716719,
                27.89683994153382
              ],
              [
                86.92725663645159,
                27.897020490042053
              ],
              [
                86.92705341728629,
                27.897020382639475
              ],
              [
                86.92705347781477,
                27.89693010838536
              ],
              [
                86.92695186831297,
                27.896930054576274
              ]
            ],
            [
              [
                86.92756140508426,
                27.897110924843076
              ],
              [
                86.92756146519054,
                27.89702065058896
              ],
              [
                86.92766307477319,
                27.897020703948886
              ],
              [
                86.92766301475675,
                27.897110978203003
              ],
              [
                86.92756140508426,
                27.897110924843076
              ]
            ],
            [
              [
                86.92756242685502,
                27.8955762623614
              ],
              [
                86.92756248696129,
                27.895485988089312
              ],
              [
                86.9278673114063,
                27.89548614794452
              ],
              [
                86.92786725156054,
                27.895576422216603
              ],
              [
                86.92756242685502,
                27.8955762623614
              ]
            ],
            [
              [
                86.92766283468944,
                27.89738180095637
              ],
              [
                86.92766289470589,
                27.897291526711236
              ],
              [
                86.92776450454006,
                27.8972915799993
              ],
              [
                86.92776444460446,
                27.897381854244433
              ],
              [
                86.92766283468944,
                27.89738180095637
              ]
            ],
            [
              [
                86.92807010994446,
                27.89611817403895
              ],
              [
                86.92807016961953,
                27.896027899766867
              ],
              [
                86.92817177827692,
                27.896027952758484
              ],
              [
                86.92817183788014,
                27.8959376784864
              ],
              [
                86.92837505502422,
                27.89593778423608
              ],
              [
                86.92837499559168,
                27.89602805850816
              ],
              [
                86.92867982156383,
                27.896028216566734
              ],
              [
                86.92867976239181,
                27.896118490838816
              ],
              [
                86.92827332742091,
                27.896118279941337
              ],
              [
                86.92827326790753,
                27.89620855420444
              ],
              [
                86.92817165908845,
                27.896208501293668
              ],
              [
                86.92817171868268,
                27.896118227021585
              ],
              [
                86.92807010994446,
                27.89611817403895
              ]
            ],
            [
              [
                86.92898470646546,
                27.895938099688472
              ],
              [
                86.92898476538596,
                27.89584782541639
              ],
              [
                86.92918798236835,
                27.895847929962322
              ],
              [
                86.92918804111817,
                27.89575765569024
              ],
              [
                86.92949286633574,
                27.895757811952183
              ],
              [
                86.92949280783743,
                27.895848086224266
              ],
              [
                86.92959441633313,
                27.895848138164855
              ],
              [
                86.92959429949823,
                27.89602868670902
              ],
              [
                86.92939108217449,
                27.896028582755978
              ],
              [
                86.92939102359536,
                27.89611885702806
              ],
              [
                86.92918780610093,
                27.89611875277857
              ],
              [
                86.92918786485973,
                27.896028478506487
              ],
              [
                86.92908625620234,
                27.896028426269453
              ],
              [
                86.929086315042,
                27.89593815199737
              ],
              [
                86.92898470646546,
                27.895938099688472
              ]
            ],
            [
              [
                86.92908655039162,
                27.895577054900055
              ],
              [
                86.92908660922228,
                27.895486780627973
              ],
              [
                86.9291882173766,
                27.895486832856026
              ],
              [
                86.92918827613542,
                27.89539655858394
              ],
              [
                86.9292898841999,
                27.895396610740125
              ],
              [
                86.92928982553093,
                27.895486885021192
              ],
              [
                86.92949304183959,
                27.895486989117966
              ],
              [
                86.92949298334129,
                27.895577263399034
              ],
              [
                86.92959459157647,
                27.895577315339622
              ],
              [
                86.92959453315903,
                27.89566758961171
              ],
              [
                86.92918809987697,
                27.895667381418157
              ],
              [
                86.92918815862679,
                27.89557710713709
              ],
              [
                86.92908655039162,
                27.895577054900055
              ]
            ],
            [
              [
                86.92918745357505,
                27.896660398375136
              ],
              [
                86.92918757108367,
                27.896479849848937
              ],
              [
                86.92928918016327,
                27.896479902005122
              ],
              [
                86.92928923883224,
                27.89638962774202
              ],
              [
                86.92949245682972,
                27.89638973184778
              ],
              [
                86.92949239832245,
                27.89648000611088
              ],
              [
                86.92959400741103,
                27.89648005805147
              ],
              [
                86.92959394899358,
                27.896570332314568
              ],
              [
                86.92928912149429,
                27.896570176277205
              ],
              [
                86.92928906281634,
                27.896660450540303
              ],
              [
                86.92918745357505,
                27.896660398375136
              ]
            ],
            [
              [
                86.92949310033788,
                27.895396714845884
              ],
              [
                86.92949315883617,
                27.89530644056482
              ],
              [
                86.92979798279609,
                27.895306596144042
              ],
              [
                86.92979792454933,
                27.89539687042511
              ],
              [
                86.92949310033788,
                27.895396714845884
              ]
            ],
            [
              [
                86.92959412424591,
                27.896299509516286
              ],
              [
                86.92959418266335,
                27.89620923525319
              ],
              [
                86.92969579149141,
                27.896209287112928
              ],
              [
                86.92969573315482,
                27.89629956138501
              ],
              [
                86.92959412424591,
                27.896299509516286
              ]
            ],
            [
              [
                86.93000108261121,
                27.89548724805735
              ],
              [
                86.93000119877237,
                27.895306699495215
              ],
              [
                86.93010280675601,
                27.895306751058513
              ],
              [
                86.93010269077453,
                27.895487299620648
              ],
              [
                86.93000108261121,
                27.89548724805735
              ]
            ],
            [
              [
                86.91790712569131,
                27.898910998132777
              ],
              [
                86.91780551436592,
                27.89891093757734
              ],
              [
                86.91780558257501,
                27.89882066336814
              ],
              [
                86.91770397133946,
                27.89882060273186
              ],
              [
                86.91770410791932,
                27.898640054313457
              ],
              [
                86.91780571899316,
                27.898640114940758
              ],
              [
                86.91780565078409,
                27.898730389158942
              ],
              [
                86.9179072619388,
                27.898730449714375
              ],
              [
                86.91790712569131,
                27.898910998132777
              ]
            ],
            [
              [
                86.91516221200348,
                27.90071482055928
              ],
              [
                86.91516214159353,
                27.900805094741532
              ],
              [
                86.91506052850745,
                27.900805032155905
              ],
              [
                86.91506059899825,
                27.900714757973656
              ],
              [
                86.91516221200348,
                27.90071482055928
              ]
            ],
            [
              [
                86.91983740830821,
                27.899363505583548
              ],
              [
                86.91993902006477,
                27.899363564638794
              ],
              [
                86.91993895362538,
                27.899453838847993
              ],
              [
                86.9200405654628,
                27.89945389784036
              ],
              [
                86.92004049911323,
                27.899544172040578
              ],
              [
                86.91993888718598,
                27.899544113057196
              ],
              [
                86.91993882074658,
                27.899634387257414
              ],
              [
                86.91973559673937,
                27.89963426905709
              ],
              [
                86.91973572995055,
                27.89945372064767
              ],
              [
                86.91983734178795,
                27.899453779783766
              ],
              [
                86.91983740830821,
                27.899363505583548
              ]
            ],
            [
              [
                86.92593534317264,
                27.897561432069104
              ],
              [
                86.92593540463538,
                27.89747115782397
              ],
              [
                86.92603701463125,
                27.89747121238764
              ],
              [
                86.92603695325835,
                27.897561486632775
              ],
              [
                86.92593534317264,
                27.897561432069104
              ]
            ],
            [
              [
                86.92217648060493,
                27.89656634389352
              ],
              [
                86.92227808975639,
                27.896566401232988
              ],
              [
                86.92227802526634,
                27.89665667547812
              ],
              [
                86.92237963448966,
                27.896656732736737
              ],
              [
                86.92237957008943,
                27.89674700698187
              ],
              [
                86.92227796077627,
                27.896746949723255
              ],
              [
                86.92227789628622,
                27.896837223968387
              ],
              [
                86.92197306808626,
                27.896837051752364
              ],
              [
                86.92197313283683,
                27.896746777498247
              ],
              [
                86.92217635146312,
                27.896746892392773
              ],
              [
                86.92217648060493,
                27.89656634389352
              ]
            ],
            [
              [
                86.925325496788,
                27.897831925841444
              ],
              [
                86.92532537286542,
                27.898012474313745
              ],
              [
                86.92502054135066,
                27.898012308826104
              ],
              [
                86.92502060356797,
                27.897922034589953
              ],
              [
                86.92481738273182,
                27.89792192388158
              ],
              [
                86.9248172579648,
                27.89810247235388
              ],
              [
                86.92461403678729,
                27.898102361358042
              ],
              [
                86.92461409934596,
                27.89801208712189
              ],
              [
                86.92451248884703,
                27.898012031507193
              ],
              [
                86.92451273939615,
                27.89765093455361
              ],
              [
                86.9246143495627,
                27.89765099016831
              ],
              [
                86.92461441211239,
                27.89756071593216
              ],
              [
                86.9247160221981,
                27.897560771466008
              ],
              [
                86.92471595972926,
                27.897651045711143
              ],
              [
                86.92481756988683,
                27.89765110117313
              ],
              [
                86.92481763227482,
                27.897560826927993
              ],
              [
                86.92502085243724,
                27.897560937627386
              ],
              [
                86.92502079021993,
                27.89765121187252
              ],
              [
                86.92491918005338,
                27.897651156554264
              ],
              [
                86.92491911775521,
                27.8977414307994
              ],
              [
                86.92502072800261,
                27.89774148610867
              ],
              [
                86.9250206657853,
                27.897831760344822
              ],
              [
                86.925325496788,
                27.897831925841444
              ]
            ],
            [
              [
                86.91343550937819,
                27.89981100458525
              ],
              [
                86.91343558121646,
                27.899720730402997
              ],
              [
                86.91353719328744,
                27.899720794183384
              ],
              [
                86.913537121539,
                27.899811068374618
              ],
              [
                86.91343550937819,
                27.89981100458525
              ]
            ],
            [
              [
                86.92227712238761,
                27.897920514838123
              ],
              [
                86.92227692889948,
                27.89819133752861
              ],
              [
                86.92237853956908,
                27.898191394787222
              ],
              [
                86.92237841074169,
                27.898371943241557
              ],
              [
                86.92197196741647,
                27.89837171374895
              ],
              [
                86.92197203216703,
                27.898281439521785
              ],
              [
                86.9220736429175,
                27.89828149700498
              ],
              [
                86.92207370757822,
                27.898191222777815
              ],
              [
                86.92217531823886,
                27.898191280189142
              ],
              [
                86.92217544739863,
                27.898010731734807
              ],
              [
                86.9220738368997,
                27.89801067432348
              ],
              [
                86.92207377223896,
                27.898100948550645
              ],
              [
                86.92187055107941,
                27.898100833503406
              ],
              [
                86.92187061591082,
                27.89801055927624
              ],
              [
                86.92176900542087,
                27.898010501640332
              ],
              [
                86.92176907033314,
                27.897920227413163
              ],
              [
                86.92227712238761,
                27.897920514838123
              ]
            ],
            [
              [
                86.92644278323186,
                27.898464446530305
              ],
              [
                86.92644272219134,
                27.89855472075747
              ],
              [
                86.92634111118036,
                27.898554666490245
              ],
              [
                86.92634117230175,
                27.89846439226308
              ],
              [
                86.92644278323186,
                27.898464446530305
              ]
            ],
            [
              [
                86.92329316285091,
                27.89801135830972
              ],
              [
                86.92319155235198,
                27.89801130172484
              ],
              [
                86.92319148861651,
                27.89810157595201
              ],
              [
                86.92308987803673,
                27.898101519295263
              ],
              [
                86.9230897503951,
                27.898282067749594
              ],
              [
                86.92298813964466,
                27.898282011012004
              ],
              [
                86.9229882035508,
                27.898191736784835
              ],
              [
                86.92288659289018,
                27.898191679975376
              ],
              [
                86.92288672086417,
                27.89801113151206
              ],
              [
                86.9229883313631,
                27.89801118832152
              ],
              [
                86.92298839526028,
                27.89792091409435
              ],
              [
                86.92329322650552,
                27.89792108407357
              ],
              [
                86.92329316285091,
                27.89801135830972
              ]
            ],
            [
              [
                86.92664734414781,
                27.896478521402326
              ],
              [
                86.92654573507721,
                27.8964784672968
              ],
              [
                86.9265457960279,
                27.896388193033697
              ],
              [
                86.92664740501766,
                27.89638824714821
              ],
              [
                86.92664734414781,
                27.896478521402326
              ]
            ],
            [
              [
                86.91465435947383,
                27.900443684338796
              ],
              [
                86.91455274672012,
                27.900443621375878
              ],
              [
                86.91455281763314,
                27.900353347193626
              ],
              [
                86.914654430297,
                27.900353410156544
              ],
              [
                86.91465435947383,
                27.900443684338796
              ]
            ],
            [
              [
                86.91648248794935,
                27.9016183691318
              ],
              [
                86.9163808740997,
                27.901618307516355
              ],
              [
                86.91638094349456,
                27.901528033343087
              ],
              [
                86.91648255726335,
                27.901528094958532
              ],
              [
                86.91648248794935,
                27.9016183691318
              ]
            ],
            [
              [
                86.91496089138263,
                27.89827729205402
              ],
              [
                86.91516411282964,
                27.898277417288153
              ],
              [
                86.91516404243765,
                27.898367691497352
              ],
              [
                86.91496082081996,
                27.898367566263218
              ],
              [
                86.91496089138263,
                27.89827729205402
              ]
            ],
            [
              [
                86.92349790732861,
                27.8958448893178
              ],
              [
                86.92349784385364,
                27.895935163580898
              ],
              [
                86.92339623529507,
                27.895935107148734
              ],
              [
                86.92339629885987,
                27.895844832885633
              ],
              [
                86.92349790732861,
                27.8958448893178
              ]
            ],
            [
              [
                86.91343550937819,
                27.89981100458525
              ],
              [
                86.9134354375489,
                27.899901278776483
              ],
              [
                86.91333382530723,
                27.89990121491525
              ],
              [
                86.91333389722635,
                27.899810940732998
              ],
              [
                86.91343550937819,
                27.89981100458525
              ]
            ],
            [
              [
                86.91465435947383,
                27.900443684338796
              ],
              [
                86.91495919771695,
                27.900443872769408
              ],
              [
                86.91495912714531,
                27.90053414695166
              ],
              [
                86.91465428864166,
                27.90053395852105
              ],
              [
                86.91465435947383,
                27.900443684338796
              ]
            ],
            [
              [
                86.92349790732861,
                27.8958448893178
              ],
              [
                86.92349797080357,
                27.8957546150547
              ],
              [
                86.92370118758832,
                27.895754727694452
              ],
              [
                86.92370112428404,
                27.895845001957554
              ],
              [
                86.92349790732861,
                27.8958448893178
              ]
            ],
            [
              [
                86.92664734414781,
                27.896478521402326
              ],
              [
                86.9267489532274,
                27.896478575444974
              ],
              [
                86.92674889244739,
                27.89656884969909
              ],
              [
                86.92664728328695,
                27.896568795665427
              ],
              [
                86.92664734414781,
                27.896478521402326
              ]
            ],
            [
              [
                86.91983740830821,
                27.899363505583548
              ],
              [
                86.91963418480405,
                27.89936338723051
              ],
              [
                86.91963425149497,
                27.89927311302131
              ],
              [
                86.91953263982823,
                27.8992730537325
              ],
              [
                86.91953270660899,
                27.899182779523297
              ],
              [
                86.9196343181859,
                27.899182838812106
              ],
              [
                86.91963438487683,
                27.899092564602906
              ],
              [
                86.91973599638187,
                27.899092623810866
              ],
              [
                86.91973592977179,
                27.89918289802905
              ],
              [
                86.91983754135768,
                27.899182957165145
              ],
              [
                86.91983740830821,
                27.899363505583548
              ]
            ],
            [
              [
                86.92176920016665,
                27.897739678949847
              ],
              [
                86.92187081040507,
                27.897739736585756
              ],
              [
                86.92187094006789,
                27.897559188113455
              ],
              [
                86.92207416021235,
                27.897559303160694
              ],
              [
                86.92207403089088,
                27.89773985162401
              ],
              [
                86.92197242064348,
                27.897739794140815
              ],
              [
                86.9219723559019,
                27.897830068376965
              ],
              [
                86.92176913525438,
                27.897829953177016
              ],
              [
                86.92176920016665,
                27.897739678949847
              ]
            ],
            [
              [
                86.925325496788,
                27.897831925841444
              ],
              [
                86.9253255587538,
                27.897741651596313
              ],
              [
                86.9254271690012,
                27.89774170660914
              ],
              [
                86.92542710712524,
                27.897831980854274
              ],
              [
                86.925325496788,
                27.897831925841444
              ]
            ],
            [
              [
                86.91587308412872,
                27.901256901632145
              ],
              [
                86.91556824359488,
                27.90125671521376
              ],
              [
                86.91556831366347,
                27.90116644104049
              ],
              [
                86.91587315394578,
                27.901166627458878
              ],
              [
                86.91587308412872,
                27.901256901632145
              ]
            ],
            [
              [
                86.92146378293236,
                27.898551973637467
              ],
              [
                86.92146365258681,
                27.898732522073836
              ],
              [
                86.92136204142314,
                27.89873246414148
              ],
              [
                86.9213619761695,
                27.898822738359666
              ],
              [
                86.921260364916,
                27.898822680346466
              ],
              [
                86.92126043025047,
                27.898732406128282
              ],
              [
                86.92115881908678,
                27.898732348043215
              ],
              [
                86.92115875366248,
                27.8988226222614
              ],
              [
                86.92095553116444,
                27.898822505857705
              ],
              [
                86.92095566234542,
                27.898641957421336
              ],
              [
                86.92105727342825,
                27.898642015659117
              ],
              [
                86.92105733894239,
                27.898551741440933
              ],
              [
                86.92115894993539,
                27.89855179960685
              ],
              [
                86.92115901535969,
                27.89846152537968
              ],
              [
                86.92126062627185,
                27.898461583464748
              ],
              [
                86.92126069160632,
                27.898371309246563
              ],
              [
                86.921159080784,
                27.898371251161496
              ],
              [
                86.92115914619932,
                27.89828097693433
              ],
              [
                86.92126075694976,
                27.898281035019394
              ],
              [
                86.92126082228424,
                27.89819076079223
              ],
              [
                86.92136243294486,
                27.89819081880543
              ],
              [
                86.92136236769124,
                27.898281093032598
              ],
              [
                86.9214639784417,
                27.898281150964948
              ],
              [
                86.92146391326892,
                27.898371425192117
              ],
              [
                86.92156552410023,
                27.898371483052603
              ],
              [
                86.92156558918317,
                27.898281208825438
              ],
              [
                86.9217688106751,
                27.898281324321832
              ],
              [
                86.92176874575385,
                27.898371598549
              ],
              [
                86.92166713493154,
                27.898371540841225
              ],
              [
                86.92166700492734,
                27.89855208928658
              ],
              [
                86.92146378293236,
                27.898551973637467
              ]
            ],
            [
              [
                86.92593472859025,
                27.89846417444857
              ],
              [
                86.92593479005298,
                27.89837390021242
              ],
              [
                86.92613801174254,
                27.898374009267897
              ],
              [
                86.92613795045048,
                27.898464283504048
              ],
              [
                86.92593472859025,
                27.89846417444857
              ]
            ],
            [
              [
                86.9254279734066,
                27.89656814137749
              ],
              [
                86.92552958256704,
                27.89656819631845
              ],
              [
                86.92552964435316,
                27.896477922064335
              ],
              [
                86.92573286249439,
                27.896478031703715
              ],
              [
                86.9257327392545,
                27.896658580220933
              ],
              [
                86.92542791153065,
                27.89665841564059
              ],
              [
                86.9254279734066,
                27.89656814137749
              ]
            ],
            [
              [
                86.92522357620861,
                27.89828324192852
              ],
              [
                86.92522363826423,
                27.898192967701355
              ],
              [
                86.92532524893383,
                27.898193022786046
              ],
              [
                86.92532518696805,
                27.898283297022196
              ],
              [
                86.92522357620861,
                27.89828324192852
              ]
            ],
            [
              [
                86.91475766993561,
                27.89827716652344
              ],
              [
                86.91475759919328,
                27.898367440732642
              ],
              [
                86.91455437758458,
                27.898367314896635
              ],
              [
                86.91455444847962,
                27.898277040687436
              ],
              [
                86.91475766993561,
                27.89827716652344
              ]
            ],
            [
              [
                86.92227550995659,
                27.900177370265773
              ],
              [
                86.92237712247672,
                27.90017742753337
              ],
              [
                86.92237705805853,
                27.90026770173359
              ],
              [
                86.92227544545754,
                27.90026764446599
              ],
              [
                86.92227550995659,
                27.900177370265773
              ]
            ],
            [
              [
                86.91587308412872,
                27.901256901632145
              ],
              [
                86.915974697637,
                27.901256963624885
              ],
              [
                86.91597462790078,
                27.901347237798152
              ],
              [
                86.91587301431166,
                27.901347175805412
              ],
              [
                86.91587308412872,
                27.901256901632145
              ]
            ],
            [
              [
                86.92217648060493,
                27.89656634389352
              ],
              [
                86.92207487146246,
                27.896566286491176
              ],
              [
                86.9220749361232,
                27.89647601223706
              ],
              [
                86.92217654518481,
                27.89647606964839
              ],
              [
                86.92217648060493,
                27.89656634389352
              ]
            ],
            [
              [
                86.92166765492134,
                27.897649347005924
              ],
              [
                86.92156604477275,
                27.897649289217302
              ],
              [
                86.92156610985569,
                27.89755901498115
              ],
              [
                86.92166771992343,
                27.897559072769774
              ],
              [
                86.92166765492134,
                27.897649347005924
              ]
            ],
            [
              [
                86.92644278323186,
                27.898464446530305
              ],
              [
                86.92644284427239,
                27.898374172294155
              ],
              [
                86.92654445511268,
                27.89837422648053
              ],
              [
                86.92654439416198,
                27.89846450071668
              ],
              [
                86.92644278323186,
                27.898464446530305
              ]
            ],
            [
              [
                86.91516221200348,
                27.90071482055928
              ],
              [
                86.91516228240445,
                27.900624546377028
              ],
              [
                86.91506066948905,
                27.900624483791404
              ],
              [
                86.91506081046167,
                27.900443935435884
              ],
              [
                86.91516242321538,
                27.900443998021508
              ],
              [
                86.9151623528144,
                27.90053427220376
              ],
              [
                86.91536557847452,
                27.900534397150434
              ],
              [
                86.91536543800495,
                27.900714945505953
              ],
              [
                86.91516221200348,
                27.90071482055928
              ]
            ],
            [
              [
                86.9254279734066,
                27.89656814137749
              ],
              [
                86.92532636425514,
                27.896568086373644
              ],
              [
                86.92532642621195,
                27.896477812110547
              ],
              [
                86.92542803528255,
                27.896477867123373
              ],
              [
                86.9254279734066,
                27.89656814137749
              ]
            ],
            [
              [
                86.92369973147315,
                27.89783103544032
              ],
              [
                86.9236997947864,
                27.89774076120417
              ],
              [
                86.9238014050338,
                27.897740817411755
              ],
              [
                86.9238013418014,
                27.897831091647905
              ],
              [
                86.92369973147315,
                27.89783103544032
              ]
            ],
            [
              [
                86.92593534317264,
                27.897561432069104
              ],
              [
                86.92593528171889,
                27.897651706314235
              ],
              [
                86.92563045121923,
                27.897651542174067
              ],
              [
                86.92563038950497,
                27.897741816410218
              ],
              [
                86.92552877925758,
                27.897741761550105
              ],
              [
                86.92552884105268,
                27.89765148730497
              ],
              [
                86.92542723088614,
                27.89765143237299
              ],
              [
                86.9254272927621,
                27.897561158127857
              ],
              [
                86.92532568267639,
                27.897561103115027
              ],
              [
                86.92532574464218,
                27.897470828869896
              ],
              [
                86.92573218463465,
                27.89747104847205
              ],
              [
                86.92573212301022,
                27.897561322717184
              ],
              [
                86.92593534317264,
                27.897561432069104
              ]
            ],
            [
              [
                86.92227712238761,
                27.897920514838123
              ],
              [
                86.92227718687766,
                27.897830240601973
              ],
              [
                86.92248040753415,
                27.897830355056325
              ],
              [
                86.9224803432058,
                27.89792062928349
              ],
              [
                86.92227712238761,
                27.897920514838123
              ]
            ],
            [
              [
                86.91800866897829,
                27.899001332825545
              ],
              [
                86.91831350320595,
                27.89900151382709
              ],
              [
                86.91831343542806,
                27.89909178803629
              ],
              [
                86.91821182393201,
                27.899091727777304
              ],
              [
                86.9182117560553,
                27.899182001986503
              ],
              [
                86.91780530974768,
                27.89918176019596
              ],
              [
                86.91780537795675,
                27.899091485986762
              ],
              [
                86.91800860093988,
                27.899091607034745
              ],
              [
                86.91800866897829,
                27.899001332825545
              ]
            ],
            [
              [
                86.92227550995659,
                27.900177370265773
              ],
              [
                86.92197067240515,
                27.900177198013818
              ],
              [
                86.92197073715572,
                27.9000869238136
              ],
              [
                86.92186912472542,
                27.900086866249556
              ],
              [
                86.92186918955683,
                27.899996592040356
              ],
              [
                86.92227563895466,
                27.899996821856355
              ],
              [
                86.92227550995659,
                27.900177370265773
              ]
            ],
            [
              [
                86.91475766993561,
                27.89827716652344
              ],
              [
                86.91475774066896,
                27.89818689231424
              ],
              [
                86.9149609619453,
                27.898187017844815
              ],
              [
                86.91496089138263,
                27.89827729205402
              ],
              [
                86.91475766993561,
                27.89827716652344
              ]
            ],
            [
              [
                86.91668557736199,
                27.901799040475666
              ],
              [
                86.916380735301,
                27.901798855853908
              ],
              [
                86.91638080470484,
                27.901708581689626
              ],
              [
                86.91648241863534,
                27.90170864330507
              ],
              [
                86.91648248794935,
                27.9016183691318
              ],
              [
                86.91658410179899,
                27.90161843067538
              ],
              [
                86.91658403256584,
                27.901708704839667
              ],
              [
                86.91668564650531,
                27.90170876631138
              ],
              [
                86.91668557736199,
                27.901799040475666
              ]
            ],
            [
              [
                86.91800866897829,
                27.899001332825545
              ],
              [
                86.91790705757207,
                27.899001272341977
              ],
              [
                86.91790712569131,
                27.898910998132777
              ],
              [
                86.91800873701669,
                27.898911058616346
              ],
              [
                86.91800866897829,
                27.899001332825545
              ]
            ],
            [
              [
                86.92176920016665,
                27.897739678949847
              ],
              [
                86.92166758992823,
                27.89773962123309
              ],
              [
                86.92166765492134,
                27.897649347005924
              ],
              [
                86.92176926507891,
                27.897649404713697
              ],
              [
                86.92176920016665,
                27.897739678949847
              ]
            ],
            [
              [
                86.92339477334984,
                27.898011414822733
              ],
              [
                86.92339470978504,
                27.898101689049902
              ],
              [
                86.92349632036482,
                27.89810174549105
              ],
              [
                86.92349619339694,
                27.898282293954367
              ],
              [
                86.92339458264648,
                27.898282237513218
              ],
              [
                86.92339464622026,
                27.898191963286052
              ],
              [
                86.92329303555064,
                27.898191906773036
              ],
              [
                86.92329316285091,
                27.89801135830972
              ],
              [
                86.92339477334984,
                27.898011414822733
              ]
            ],
            [
              [
                86.92339477334984,
                27.898011414822733
              ],
              [
                86.92339490047941,
                27.897830866350432
              ],
              [
                86.92369973147315,
                27.89783103544032
              ],
              [
                86.92369966815988,
                27.89792130967647
              ],
              [
                86.9235980577418,
                27.897921253388034
              ],
              [
                86.92359799434769,
                27.898011527624185
              ],
              [
                86.92339477334984,
                27.898011414822733
              ]
            ],
            [
              [
                86.9258331176691,
                27.898464119813035
              ],
              [
                86.92593472859025,
                27.89846417444857
              ],
              [
                86.92593466713649,
                27.89855444868472
              ],
              [
                86.92583305612553,
                27.898554394040204
              ],
              [
                86.9258331176691,
                27.898464119813035
              ]
            ],
            [
              [
                86.92573058228272,
                27.899818178441276
              ],
              [
                86.92573045901591,
                27.899998726868663
              ],
              [
                86.92552723429903,
                27.899998617202332
              ],
              [
                86.92552748149743,
                27.89963752034756
              ],
              [
                86.92542586948034,
                27.8996374654066
              ],
              [
                86.9254258075954,
                27.899727739624783
              ],
              [
                86.92532419548849,
                27.899727684602972
              ],
              [
                86.92532400958214,
                27.89999850723956
              ],
              [
                86.92522239722369,
                27.89999845214588
              ],
              [
                86.92522245927931,
                27.89990817793668
              ],
              [
                86.92512084700172,
                27.899908122771137
              ],
              [
                86.92512121982952,
                27.89936647748
              ],
              [
                86.9253244433696,
                27.89936658773922
              ],
              [
                86.92532462926697,
                27.899095765075685
              ],
              [
                86.92542624078997,
                27.89909582008851
              ],
              [
                86.92542642643582,
                27.898824997415993
              ],
              [
                86.92552803769831,
                27.89882505235696
              ],
              [
                86.92552809949342,
                27.89873477812979
              ],
              [
                86.92542648832075,
                27.898734723188827
              ],
              [
                86.92542655019672,
                27.89864444896166
              ],
              [
                86.9253249391049,
                27.898644393948832
              ],
              [
                86.92532500107069,
                27.89855411971268
              ],
              [
                86.92512177905773,
                27.898554009462448
              ],
              [
                86.92512184118522,
                27.898463735226297
              ],
              [
                86.92502023026408,
                27.89846367998889
              ],
              [
                86.92502035469872,
                27.898283131525574
              ],
              [
                86.92522357620861,
                27.89828324192852
              ],
              [
                86.92522345211533,
                27.898463790391837
              ],
              [
                86.9254266739666,
                27.898463900498342
              ],
              [
                86.92542673584255,
                27.898373626271177
              ],
              [
                86.92552834668284,
                27.898373681203154
              ],
              [
                86.92552840847794,
                27.898283406975988
              ],
              [
                86.9254267977275,
                27.898283352035026
              ],
              [
                86.92542692148838,
                27.898102803562725
              ],
              [
                86.92552853207715,
                27.898102858503687
              ],
              [
                86.92552847028203,
                27.898193132739838
              ],
              [
                86.92573169162125,
                27.898193242397184
              ],
              [
                86.92573162999683,
                27.898283516624353
              ],
              [
                86.92583324075626,
                27.898283571340734
              ],
              [
                86.9258331176691,
                27.898464119813035
              ],
              [
                86.92573150673898,
                27.89846406509665
              ],
              [
                86.92573138348115,
                27.89864461355997
              ],
              [
                86.92562977238933,
                27.898644558762737
              ],
              [
                86.92562964896081,
                27.898825107226056
              ],
              [
                86.9257312602233,
                27.898825162014305
              ],
              [
                86.9257311985899,
                27.89891543624147
              ],
              [
                86.92583280994222,
                27.898915490957855
              ],
              [
                86.92583274839865,
                27.899005765185024
              ],
              [
                86.92593435983181,
                27.89900581982056
              ],
              [
                86.92593423690636,
                27.89918636827489
              ],
              [
                86.92573101370763,
                27.89918625891399
              ],
              [
                86.92573095207422,
                27.899276533132173
              ],
              [
                86.92583256375892,
                27.899276587848558
              ],
              [
                86.92583250220636,
                27.899366862075723
              ],
              [
                86.92593411398089,
                27.89936691671126
              ],
              [
                86.92593405251816,
                27.899457190929443
              ],
              [
                86.92603566437354,
                27.8994572455021
              ],
              [
                86.92603572574644,
                27.899366971283914
              ],
              [
                86.92613733752098,
                27.899367025775717
              ],
              [
                86.92613727622893,
                27.8994572999939
              ],
              [
                86.92623888808431,
                27.89945735441384
              ],
              [
                86.92623882687312,
                27.899547628632025
              ],
              [
                86.92593399105543,
                27.899547465156612
              ],
              [
                86.92593386812996,
                27.899728013583996
              ],
              [
                86.9261370923438,
                27.899728122648455
              ],
              [
                86.92613703104276,
                27.89981839686664
              ],
              [
                86.92573058228272,
                27.899818178441276
              ]
            ]
          ],
          [
            [
              [
                86.92573058228272,
                27.899818178441276
              ],
              [
                86.92562897008598,
                27.899818123644046
              ],
              [
                86.92562903180922,
                27.899727849434843
              ],
              [
                86.92573064391614,
                27.89972790422309
              ],
              [
                86.92573058228272,
                27.899818178441276
              ]
            ]
          ],
          [
            [
              [
                86.92146378293236,
                27.898551973637467
              ],
              [
                86.92136217193037,
                27.89855191569613
              ],
              [
                86.921362237184,
                27.898461641477947
              ],
              [
                86.92146384809615,
                27.8984616994103
              ],
              [
                86.92146378293236,
                27.898551973637467
              ]
            ]
          ],
          [
            [
              [
                86.91343629955428,
                27.898817988463705
              ],
              [
                86.91343622772499,
                27.89890826266392
              ],
              [
                86.91333461641757,
                27.898908198802687
              ],
              [
                86.91333468832771,
                27.89881792460247
              ],
              [
                86.91343629955428,
                27.898817988463705
              ]
            ]
          ],
          [
            [
              [
                86.9263433725274,
                27.8952145191059
              ],
              [
                86.92634343363979,
                27.89512424482483
              ],
              [
                86.9262418258358,
                27.895124190494723
              ],
              [
                86.92624188702904,
                27.89503391621366
              ],
              [
                86.92634349475217,
                27.895033970543768
              ],
              [
                86.92634355586456,
                27.894943696271685
              ],
              [
                86.92644516350686,
                27.894943750529926
              ],
              [
                86.92644498042121,
                27.895214573364143
              ],
              [
                86.9263433725274,
                27.8952145191059
              ]
            ]
          ],
          [
            [
              [
                86.92776300599746,
                27.89954843591204
              ],
              [
                86.92806784182413,
                27.899548595345035
              ],
              [
                86.92806778213108,
                27.89963886956322
              ],
              [
                86.92816939416612,
                27.89963892256382
              ],
              [
                86.92816933455391,
                27.899729196782005
              ],
              [
                86.92827094666981,
                27.89972924970176
              ],
              [
                86.92827088714745,
                27.899819523919945
              ],
              [
                86.92847411154094,
                27.89981962953487
              ],
              [
                86.92847399282857,
                27.90000017797124
              ],
              [
                86.9281691557263,
                27.900000019436558
              ],
              [
                86.9281692153385,
                27.899909745218373
              ],
              [
                86.92806760305193,
                27.899909692226753
              ],
              [
                86.92806766274498,
                27.899819418008573
              ],
              [
                86.92786443835148,
                27.89981931179177
              ],
              [
                86.92786455807894,
                27.899638763355405
              ],
              [
                86.92776294605288,
                27.899638710130223
              ],
              [
                86.92776300599746,
                27.89954843591204
              ]
            ]
          ],
          [
            [
              [
                86.92877989375174,
                27.89837539972521
              ],
              [
                86.92877983465158,
                27.89846567396136
              ],
              [
                86.92888144559068,
                27.898465726431954
              ],
              [
                86.92888138657136,
                27.898556000668105
              ],
              [
                86.92908460861126,
                27.898556105375736
              ],
              [
                86.9290846674599,
                27.898465831139585
              ],
              [
                86.92938950026823,
                27.898465987644073
              ],
              [
                86.92938961745345,
                27.89828543916279
              ],
              [
                86.9294912282129,
                27.89828549118423
              ],
              [
                86.92949128672915,
                27.898195216939094
              ],
              [
                86.92959289740774,
                27.898195268879686
              ],
              [
                86.92959283898132,
                27.898285543124818
              ],
              [
                86.92969444974975,
                27.898285594993542
              ],
              [
                86.92969427473098,
                27.89855641771996
              ],
              [
                86.92979588575092,
                27.898556469507835
              ],
              [
                86.92979576923943,
                27.89873701798912
              ],
              [
                86.92959254685817,
                27.898736914323536
              ],
              [
                86.9295926052846,
                27.898646640087385
              ],
              [
                86.9294909941838,
                27.89864658813781
              ],
              [
                86.92949105269108,
                27.89855631390166
              ],
              [
                86.92928783065116,
                27.898556209795903
              ],
              [
                86.92928771329525,
                27.898736758268203
              ],
              [
                86.9293893244859,
                27.89873681036151
              ],
              [
                86.92938926588879,
                27.89882708459766
              ],
              [
                86.92949087716026,
                27.898827136610112
              ],
              [
                86.92949076014571,
                27.899007685082413
              ],
              [
                86.92959237158787,
                27.899007737023002
              ],
              [
                86.92959231316145,
                27.899098011259152
              ],
              [
                86.92969392468446,
                27.899098063127877
              ],
              [
                86.92969409971221,
                27.89882724042841
              ],
              [
                86.92979571098368,
                27.89882729222527
              ],
              [
                86.92979541969598,
                27.89927866337907
              ],
              [
                86.9295921963086,
                27.899278559713487
              ],
              [
                86.92959225473503,
                27.89918828548632
              ],
              [
                86.92938903150934,
                27.89918818152429
              ],
              [
                86.92938909010645,
                27.89909790728814
              ],
              [
                86.92928747858345,
                27.89909785519484
              ],
              [
                86.92928741989651,
                27.89918812943099
              ],
              [
                86.92918580829264,
                27.899188077256838
              ],
              [
                86.92918574952486,
                27.899278351484003
              ],
              [
                86.92938897291224,
                27.89927845575146
              ],
              [
                86.92938885572701,
                27.899459004205795
              ],
              [
                86.92928724386265,
                27.89945895211249
              ],
              [
                86.9292873025406,
                27.899368677885324
              ],
              [
                86.92908407898254,
                27.899368573465154
              ],
              [
                86.92908396128527,
                27.899549121919488
              ],
              [
                86.92898234934006,
                27.89954906960161
              ],
              [
                86.92898229040159,
                27.899639343819793
              ],
              [
                86.92888067837552,
                27.899639291430045
              ],
              [
                86.92888079640517,
                27.89945874297571
              ],
              [
                86.92867757268542,
                27.899458637962653
              ],
              [
                86.92867763186642,
                27.899368363735487
              ],
              [
                86.9285760200919,
                27.899368311121158
              ],
              [
                86.92857607936273,
                27.899278036893993
              ],
              [
                86.92847446766905,
                27.899277984198818
              ],
              [
                86.92847452702972,
                27.89918770997165
              ],
              [
                86.92816969220019,
                27.89918755143697
              ],
              [
                86.92816975181239,
                27.8990972772098
              ],
              [
                86.92867780942743,
                27.899097541053983
              ],
              [
                86.92867786860843,
                27.899007266826818
              ],
              [
                86.9287794800506,
                27.89900731936928
              ],
              [
                86.92877953915075,
                27.89891704514211
              ],
              [
                86.92816987101882,
                27.898916728755466
              ],
              [
                86.92816993063103,
                27.898826454519316
              ],
              [
                86.92806831935954,
                27.8988264015277
              ],
              [
                86.92806825966649,
                27.898916675754865
              ],
              [
                86.92796664831417,
                27.89891662269138
              ],
              [
                86.92796658854027,
                27.89900689691855
              ],
              [
                86.92776336566493,
                27.89900679055802
              ],
              [
                86.9277634855451,
                27.898826242094703
              ],
              [
                86.92786509681659,
                27.898826295319882
              ],
              [
                86.92786515668031,
                27.89873602108373
              ],
              [
                86.92806837904361,
                27.89873612729155
              ],
              [
                86.92806843873666,
                27.89864585306438
              ],
              [
                86.92796682763587,
                27.898645799991915
              ],
              [
                86.92796700695756,
                27.898374977283463
              ],
              [
                86.92847506120393,
                27.898375241873246
              ],
              [
                86.92847512055562,
                27.898284967637096
              ],
              [
                86.92827189901877,
                27.89828486202217
              ],
              [
                86.92827201806351,
                27.898104313540884
              ],
              [
                86.92837362866125,
                27.89810436637979
              ],
              [
                86.92837368809379,
                27.89801409214364
              ],
              [
                86.9284752986017,
                27.89801414491068
              ],
              [
                86.92847523925899,
                27.89810441914683
              ],
              [
                86.92857684984776,
                27.898104471842004
              ],
              [
                86.9285766720532,
                27.89837529456842
              ],
              [
                86.92877989375174,
                27.89837539972521
              ]
            ],
            [
              [
                86.92908460861126,
                27.898556105375736
              ],
              [
                86.92918621963122,
                27.89855615762175
              ],
              [
                86.92918616087242,
                27.8986464318579
              ],
              [
                86.92908454976263,
                27.898646379620867
              ],
              [
                86.92908460861126,
                27.898556105375736
              ]
            ],
            [
              [
                86.92918580829264,
                27.899188077256838
              ],
              [
                86.92898258506696,
                27.89918797269294
              ],
              [
                86.92898264400543,
                27.89909769846577
              ],
              [
                86.92918586705144,
                27.89909780302967
              ],
              [
                86.92918580829264,
                27.899188077256838
              ]
            ],
            [
              [
                86.92816999023424,
                27.89873618029215
              ],
              [
                86.92817004983746,
                27.898645906056
              ],
              [
                86.92827166093826,
                27.898645958975752
              ],
              [
                86.9282716014159,
                27.89873623320292
              ],
              [
                86.92816999023424,
                27.89873618029215
              ]
            ],
            [
              [
                86.92847488314885,
                27.898646064581698
              ],
              [
                86.92847494250054,
                27.898555790345547
              ],
              [
                86.9287797755514,
                27.89855594819751
              ],
              [
                86.92877971645125,
                27.89864622243366
              ],
              [
                86.92847488314885,
                27.898646064581698
              ]
            ]
          ],
          [
            [
              [
                86.9293897932268,
                27.898014616436374
              ],
              [
                86.9293897346297,
                27.898104890681505
              ],
              [
                86.92928812403196,
                27.898104838588203
              ],
              [
                86.92928800668503,
                27.898285387069485
              ],
              [
                86.92908478514819,
                27.8982852826583
              ],
              [
                86.92908472629955,
                27.898375556903435
              ],
              [
                86.92877989375174,
                27.89837539972521
              ],
              [
                86.9287799528519,
                27.898285125480076
              ],
              [
                86.92888156361134,
                27.898285177950672
              ],
              [
                86.92888162263066,
                27.898194903714522
              ],
              [
                86.92898323330924,
                27.89819495610427
              ],
              [
                86.92898329223873,
                27.898104681859135
              ],
              [
                86.92918651343422,
                27.898104786423033
              ],
              [
                86.92918657219302,
                27.8980145121779
              ],
              [
                86.9293897932268,
                27.898014616436374
              ]
            ]
          ],
          [
            [
              [
                86.92959295583417,
                27.898104994643536
              ],
              [
                86.92949134523643,
                27.898104942693962
              ],
              [
                86.9294914037437,
                27.898014668448827
              ],
              [
                86.9293897932268,
                27.898014616436374
              ],
              [
                86.92938985181493,
                27.89792434219124
              ],
              [
                86.92959307267805,
                27.89792444615327
              ],
              [
                86.92959295583417,
                27.898104994643536
              ]
            ]
          ],
          [
            [
              [
                86.92959295583417,
                27.898104994643536
              ],
              [
                86.92969456643192,
                27.89810504651226
              ],
              [
                86.92969450809532,
                27.89819532074841
              ],
              [
                86.92959289740774,
                27.898195268879686
              ],
              [
                86.92959295583417,
                27.898104994643536
              ]
            ]
          ],
          [
            [
              [
                86.93101699247744,
                27.895758583146872
              ],
              [
                86.9310169352368,
                27.895848857427936
              ],
              [
                86.9309153267501,
                27.895848806538375
              ],
              [
                86.9309153840626,
                27.89575853225731
              ],
              [
                86.93101699247744,
                27.895758583146872
              ]
            ]
          ]
        ]
      },
      "id": "+7115+4699",
      "properties": {
        "area_m2": 645712.5356400874,
        "count": 6442,
        "image_id": "COPERNICUS/S1_GRD/S1A_IW_GRDH_1SDV_20210911T121357_20210911T121422_039634_04AF85_E8A4",
        "lake_id": "imja-tsho",
        "observed_at": "2021-09-11T12:13:57Z",
        "water": 1
      }
    }
  ]
}
