{
  "type": "FeatureCollection",
  "features": [
    {
      "type": "Feature",
      "geometry": {
        "geodesic": false,
        "type": "MultiPolygon",
        "coordinates": [
          [
            [
              [
                86.91861133372748,
                27.896139864113014
              ],
              [
                86.91861140125384,
                27.89604958986788
              ],
              [
                86.91871300991123,
                27.896049649821443
              ],
              [
                86.91871294246572,
                27.89613992407556
              ],
              [
                86.91861133372748,
                27.896139864113014
              ]
            ]
          ],
          [
            [
              [
                86.91962742112776,
                27.89614046034283
              ],
              [
                86.9196274878097,
                27.896050186088715
              ],
              [
                86.91983070512447,
                27.896050304432773
              ],
              [
                86.91983090467623,
                27.895779481679405
              ],
              [
                86.91993251308209,
                27.89577954073465
              ],
              [
                86.91993231378186,
                27.896050363497
              ],
              [
                86.92003392243923,
                27.896050422480382
              ],
              [
                86.92003412148793,
                27.895779599727017
              ],
              [
                86.92013572989379,
                27.89577965862955
              ],
              [
                86.92013546483689,
                27.896140755646016
              ],
              [
                86.91962742112776,
                27.89614046034283
              ]
            ]
          ],
          [
            [
              [
                86.92186313766965,
                27.895690374390743
              ],
              [
                86.92186320249208,
                27.89560010012764
              ],
              [
                86.92196481073623,
                27.895600157691685
              ],
              [
                86.92196474599464,
                27.895690431945802
              ],
              [
                86.92186313766965,
                27.895690374390743
              ]
            ]
          ],
          [
            [
              [
                86.92663927714182,
                27.894880530343148
              ],
              [
                86.92663933801165,
                27.894790256062084
              ],
              [
                86.92674094551022,
                27.89479031010473
              ],
              [
                86.92674088472121,
                27.894880584385795
              ],
              [
                86.92663927714182,
                27.894880530343148
              ]
            ]
          ],
          [
            [
              [
                86.92755386560493,
                27.894700465433967
              ],
              [
                86.92755392571121,
                27.8946101911529
              ],
              [
                86.92765553303909,
                27.894610244512826
              ],
              [
                86.92765547301366,
                27.89470051880288
              ],
              [
                86.92755386560493,
                27.894700465433967
              ]
            ]
          ],
          [
            [
              [
                86.92887476202614,
                27.89470115333686
              ],
              [
                86.92877315460844,
                27.89470110087525
              ],
              [
                86.92877321369961,
                27.8946108265852
              ],
              [
                86.92887482103647,
                27.894610879046812
              ],
              [
                86.92887476202614,
                27.89470115333686
              ]
            ]
          ],
          [
            [
              [
                86.93080536044579,
                27.89461186167797
              ],
              [
                86.93080541784813,
                27.894521587378936
              ],
              [
                86.93090702510413,
                27.894521638349346
              ],
              [
                86.93090696778265,
                27.894611912648376
              ],
              [
                86.93080536044579,
                27.89461186167797
              ]
            ]
          ],
          [
            [
              [
                86.93161833264278,
                27.894431718732136
              ],
              [
                86.93151672546763,
                27.894431668291734
              ],
              [
                86.93151678228607,
                27.8943413939927
              ],
              [
                86.9316183893714,
                27.894341444433103
              ],
              [
                86.93161833264278,
                27.894431718732136
              ]
            ]
          ],
          [
            [
              [
                86.93202487412692,
                27.894251371159065
              ],
              [
                86.93202476133446,
                27.89443191975713
              ],
              [
                86.93192315415929,
                27.89443186961317
              ],
              [
                86.93192326712244,
                27.89425132101511
              ],
              [
                86.93202487412692,
                27.894251371159065
              ]
            ]
          ],
          [
            [
              [
                86.93334559932026,
                27.89452283910942
              ],
              [
                86.93324399206425,
                27.894522789944624
              ],
              [
                86.93324404744538,
                27.89443251564559
              ],
              [
                86.93334565462055,
                27.894432564810387
              ],
              [
                86.93334559932026,
                27.89452283910942
              ]
            ]
          ],
          [
            [
              [
                86.93517506790252,
                27.893620968293405
              ],
              [
                86.93517512168467,
                27.89353069398539
              ],
              [
                86.93527672802439,
                27.893530741730846
              ],
              [
                86.93527667433209,
                27.893621016038864
              ],
              [
                86.93517506790252,
                27.893620968293405
              ]
            ]
          ],
          [
            [
              [
                86.93751180834344,
                27.893983144752465
              ],
              [
                86.93741020157253,
                27.89398309865991
              ],
              [
                86.93741025350414,
                27.89389282434291
              ],
              [
                86.93751186018523,
                27.89389287044445
              ],
              [
                86.93751180834344,
                27.893983144752465
              ]
            ]
          ],
          [
            [
              [
                86.94177909953042,
                27.89434611053422
              ],
              [
                86.94208392086726,
                27.894346238948387
              ],
              [
                86.94208387281637,
                27.8944365132564
              ],
              [
                86.94228708721161,
                27.894436598497542
              ],
              [
                86.9422870393314,
                27.894526872805557
              ],
              [
                86.94188061019958,
                27.894526702044804
              ],
              [
                86.94188065842114,
                27.894436427727804
              ],
              [
                86.94177905121903,
                27.89443638485122
              ],
              [
                86.94177909953042,
                27.89434611053422
              ]
            ]
          ],
          [
            [
              [
                86.94188051375644,
                27.894707250660836
              ],
              [
                86.94167729885814,
                27.89470716482681
              ],
              [
                86.94167734725039,
                27.894616890518794
              ],
              [
                86.94188056197801,
                27.89461697635282
              ],
              [
                86.94188051375644,
                27.894707250660836
              ]
            ]
          ],
          [
            [
              [
                86.91668014555489,
                27.896951178783574
              ],
              [
                86.9172898025028,
                27.896951545969944
              ],
              [
                86.91728987113409,
                27.896861271733794
              ],
              [
                86.91769630877297,
                27.896861515024526
              ],
              [
                86.9176963770629,
                27.896771240788375
              ],
              [
                86.91789959571615,
                27.89677136198907
              ],
              [
                86.9178996638354,
                27.89668108775292
              ],
              [
                86.91769644535283,
                27.896680966552225
              ],
              [
                86.91769651364275,
                27.896590692316074
              ],
              [
                86.9175949044913,
                27.896590631607925
              ],
              [
                86.91759497286208,
                27.896500357362793
              ],
              [
                86.91769658193269,
                27.89650041807094
              ],
              [
                86.91769671851254,
                27.896319869589657
              ],
              [
                86.91779832742145,
                27.89631993022594
              ],
              [
                86.91779839562155,
                27.896229655980804
              ],
              [
                86.91810322208777,
                27.89622983743151
              ],
              [
                86.91810315413022,
                27.89632011167664
              ],
              [
                86.91800154523028,
                27.89632005127392
              ],
              [
                86.9180014771919,
                27.89641032551007
              ],
              [
                86.91820469517141,
                27.896410446261612
              ],
              [
                86.91820496664228,
                27.89604934928108
              ],
              [
                86.91840818394806,
                27.89604946971821
              ],
              [
                86.91840811625103,
                27.896139743972327
              ],
              [
                86.9183065075128,
                27.8961396837852
              ],
              [
                86.91830643972592,
                27.896229958030336
              ],
              [
                86.91840804855399,
                27.89623001821746
              ],
              [
                86.91840798084796,
                27.896320292462594
              ],
              [
                86.91850958975688,
                27.896320352568868
              ],
              [
                86.91850972498926,
                27.8961398040786
              ],
              [
                86.91861133372748,
                27.896139864113014
              ],
              [
                86.91861126619214,
                27.896230138358145
              ],
              [
                86.9187128750202,
                27.89623019832069
              ],
              [
                86.91871280757469,
                27.896320472565826
              ],
              [
                86.91881441648361,
                27.896320532447522
              ],
              [
                86.91881434911895,
                27.896410806692653
              ],
              [
                86.9189159581087,
                27.896410866502485
              ],
              [
                86.91891582355005,
                27.896591414992752
              ],
              [
                86.91901743271049,
                27.89659147473072
              ],
              [
                86.91901756709846,
                27.896410926240453
              ],
              [
                86.9191191760972,
                27.89641098589757
              ],
              [
                86.91911910898406,
                27.896501260142703
              ],
              [
                86.91942393621386,
                27.89650143868287
              ],
              [
                86.91942400307546,
                27.896411164437733
              ],
              [
                86.91932239407672,
                27.89641110499621
              ],
              [
                86.91932246101918,
                27.896320830751076
              ],
              [
                86.91942406992808,
                27.8963208901926
              ],
              [
                86.91942427049494,
                27.896050067448215
              ],
              [
                86.91932266183755,
                27.896050008006693
              ],
              [
                86.91932279572247,
                27.895869459507445
              ],
              [
                86.91942440420917,
                27.895869518939982
              ],
              [
                86.91942433735655,
                27.8959597931941
              ],
              [
                86.9195259459241,
                27.895959852554775
              ],
              [
                86.91952581238054,
                27.896140401054023
              ],
              [
                86.91962742112776,
                27.89614046034283
              ],
              [
                86.91962735443684,
                27.896230734587967
              ],
              [
                86.9200337897401,
                27.896230970979634
              ],
              [
                86.92003372339053,
                27.89632124523375
              ],
              [
                86.91972889665482,
                27.896321068050042
              ],
              [
                86.91972883005373,
                27.896411342295178
              ],
              [
                86.92013526603971,
                27.8964115783904
              ],
              [
                86.92013533229945,
                27.896321304145268
              ],
              [
                86.92023694121734,
                27.896321362975932
              ],
              [
                86.92023700739622,
                27.8962310887308
              ],
              [
                86.92044022505235,
                27.89623120617654
              ],
              [
                86.92044029106056,
                27.896140931931406
              ],
              [
                86.92023707357511,
                27.896140814476684
              ],
              [
                86.92023713976299,
                27.89605054023155
              ],
              [
                86.92044035707775,
                27.89605065767729
              ],
              [
                86.92044048910314,
                27.895870109169056
              ],
              [
                86.92054209758984,
                27.89587016778413
              ],
              [
                86.92054189980777,
                27.896140990537496
              ],
              [
                86.92094833478764,
                27.896141224234217
              ],
              [
                86.92094846596862,
                27.895960675725984
              ],
              [
                86.92105007454516,
                27.895960733963765
              ],
              [
                86.92105000904002,
                27.89605100821788
              ],
              [
                86.92125322636376,
                27.896051124468862
              ],
              [
                86.92125329169822,
                27.895960850214745
              ],
              [
                86.92135490027476,
                27.895960908227945
              ],
              [
                86.92135496552838,
                27.89587063397383
              ],
              [
                86.92145657402408,
                27.895870691906183
              ],
              [
                86.92145663919685,
                27.895780417652066
              ],
              [
                86.9215582476027,
                27.895780475512552
              ],
              [
                86.92155818251976,
                27.89587074976667
              ],
              [
                86.92186300800681,
                27.895870922907957
              ],
              [
                86.92186307283822,
                27.89578064864486
              ],
              [
                86.92226950647961,
                27.895780878442892
              ],
              [
                86.92226957097864,
                27.895690604188776
              ],
              [
                86.92277761261266,
                27.895690889745236
              ],
              [
                86.92277767668949,
                27.895600615482138
              ],
              [
                86.92308250142196,
                27.895600785919495
              ],
              [
                86.92308256524726,
                27.895510511656397
              ],
              [
                86.92348899789151,
                27.89551073786117
              ],
              [
                86.92348906137545,
                27.895420463589087
              ],
              [
                86.9239971017698,
                27.895420744653972
              ],
              [
                86.92399716483152,
                27.89533047039087
              ],
              [
                86.92379394883729,
                27.89533035818231
              ],
              [
                86.92379401206071,
                27.89524008391921
              ],
              [
                86.92399722788427,
                27.895240196118788
              ],
              [
                86.92399735400774,
                27.895059647574623
              ],
              [
                86.92409896174884,
                27.89505970355763
              ],
              [
                86.92409883579606,
                27.895240252101797
              ],
              [
                86.92420044370783,
                27.895240308021922
              ],
              [
                86.92420056948994,
                27.895059759468776
              ],
              [
                86.92430217723104,
                27.895059815308052
              ],
              [
                86.92430230284246,
                27.894879266763887
              ],
              [
                86.92440391042187,
                27.894879322522318
              ],
              [
                86.9244038477015,
                27.89496959680338
              ],
              [
                86.92450545536175,
                27.894969652489948
              ],
              [
                86.92450539272222,
                27.89505992676203
              ],
              [
                86.92470860821341,
                27.89506003791058
              ],
              [
                86.92470854574456,
                27.89515031218266
              ],
              [
                86.92491176139745,
                27.895150423034767
              ],
              [
                86.92491188600276,
                27.894969874490602
              ],
              [
                86.92521670898353,
                27.894970040202825
              ],
              [
                86.92521677103015,
                27.894879765921758
              ],
              [
                86.92541998618897,
                27.894879876028263
              ],
              [
                86.92541992430402,
                27.894970150300345
              ],
              [
                86.92552153197326,
                27.894970205241307
              ],
              [
                86.92552159375938,
                27.894879930969225
              ],
              [
                86.92613123923581,
                27.894880259024983
              ],
              [
                86.92613130052786,
                27.894789984743916
              ],
              [
                86.92633451551599,
                27.894790093493967
              ],
              [
                86.9263344544036,
                27.89488036777503
              ],
              [
                86.92663927714182,
                27.894880530343148
              ],
              [
                86.92663921628096,
                27.894970804624215
              ],
              [
                86.92714725460917,
                27.894971074073883
              ],
              [
                86.92714737549545,
                27.894790525511752
              ],
              [
                86.92724898299402,
                27.89479057917711
              ],
              [
                86.9272488622784,
                27.89497112773924
              ],
              [
                86.92735046994764,
                27.89497118133273
              ],
              [
                86.92735065076953,
                27.89470035848055
              ],
              [
                86.92755386560493,
                27.894700465433967
              ],
              [
                86.92755380549866,
                27.894790739724016
              ],
              [
                86.92775702049578,
                27.894790846372004
              ],
              [
                86.92775696056017,
                27.894881120662056
              ],
              [
                86.9275537453834,
                27.89488101400508
              ],
              [
                86.92755368527712,
                27.894971288286147
              ],
              [
                86.92765529294635,
                27.894971341646073
              ],
              [
                86.92765523292093,
                27.89506161592714
              ],
              [
                86.92806166393923,
                27.8950618286482
              ],
              [
                86.9280617236233,
                27.894971554367135
              ],
              [
                86.92846815430923,
                27.894971765875468
              ],
              [
                86.92846827300363,
                27.894791217313337
              ],
              [
                86.92856988050218,
                27.894791269999526
              ],
              [
                86.92856982124033,
                27.894881544289575
              ],
              [
                86.9287730364171,
                27.894881649446365
              ],
              [
                86.92877309550828,
                27.894791375156313
              ],
              [
                86.92887470301582,
                27.89479142762691
              ],
              [
                86.92887476202614,
                27.89470115333686
              ],
              [
                86.92897636944386,
                27.89470120572661
              ],
              [
                86.92897631051437,
                27.894791480016657
              ],
              [
                86.929281133028,
                27.894791636745726
              ],
              [
                86.92928107435904,
                27.89488191102679
              ],
              [
                86.92968750471259,
                27.894882118950846
              ],
              [
                86.92968762138577,
                27.89470157037075
              ],
              [
                86.92978922880349,
                27.894701622167606
              ],
              [
                86.92978928705922,
                27.894611347877557
              ],
              [
                86.9300941090698,
                27.894611502801013
              ],
              [
                86.93009405107456,
                27.89470177709106
              ],
              [
                86.93029726591897,
                27.89470188000206
              ],
              [
                86.93029732374352,
                27.89461160571201
              ],
              [
                86.93050053842622,
                27.894611708326565
              ],
              [
                86.93050059608908,
                27.894521434027535
              ],
              [
                86.9307038106011,
                27.89452153633666
              ],
              [
                86.93070375309993,
                27.894611810635695
              ],
              [
                86.93080536044579,
                27.89461186167797
              ],
              [
                86.93080530303445,
                27.894702135968018
              ],
              [
                86.93100851788783,
                27.89470223782799
              ],
              [
                86.9310085751195,
                27.894611963537937
              ],
              [
                86.93111018246535,
                27.894612014355634
              ],
              [
                86.93111023961616,
                27.894521740065585
              ],
              [
                86.93141506139318,
                27.894521892069513
              ],
              [
                86.9314150044849,
                27.894612166359565
              ],
              [
                86.93151661183074,
                27.894612216880816
              ],
              [
                86.93151666864918,
                27.894521942581783
              ],
              [
                86.9316182759052,
                27.89452199303117
              ],
              [
                86.93161833264278,
                27.894431718732136
              ],
              [
                86.93171993980897,
                27.894431769100674
              ],
              [
                86.93171999646572,
                27.89434149480164
              ],
              [
                86.93182160355104,
                27.894341545098314
              ],
              [
                86.93182149041722,
                27.89452209369638
              ],
              [
                86.93212631219423,
                27.894522244128257
              ],
              [
                86.93212636850961,
                27.894431969829224
              ],
              [
                86.93222797568478,
                27.89443201982047
              ],
              [
                86.93222803191033,
                27.894341745521437
              ],
              [
                86.932126424825,
                27.89434169553019
              ],
              [
                86.9321264811314,
                27.89425142123116
              ],
              [
                86.93202487412692,
                27.894251371159065
              ],
              [
                86.93202493052316,
                27.894161096860035
              ],
              [
                86.93192332359952,
                27.894161046716075
              ],
              [
                86.93192343656267,
                27.893980498118008
              ],
              [
                86.93182182980972,
                27.893980447902184
              ],
              [
                86.93182188637662,
                27.89389017359417
              ],
              [
                86.93192349303975,
                27.893890223809994
              ],
              [
                86.93192366247997,
                27.89361940089493
              ],
              [
                86.93202526889158,
                27.89361945103889
              ],
              [
                86.93202521249535,
                27.893709725346906
              ],
              [
                86.93212681899676,
                27.893709775410017
              ],
              [
                86.93212693161855,
                27.893529226793984
              ],
              [
                86.93253335695051,
                27.893529426318793
              ],
              [
                86.93253330097649,
                27.893619700626807
              ],
              [
                86.93233008814433,
                27.893619601012627
              ],
              [
                86.93233003199961,
                27.893709875320642
              ],
              [
                86.93243163850104,
                27.893709925168157
              ],
              [
                86.93243158244617,
                27.89380019946719
              ],
              [
                86.93222836927264,
                27.893800099709278
              ],
              [
                86.93222825682153,
                27.893980648316326
              ],
              [
                86.93212665006858,
                27.89398059832508
              ],
              [
                86.93212670637497,
                27.893890324026046
              ],
              [
                86.93202509971185,
                27.893890273953954
              ],
              [
                86.93202498691939,
                27.894070822561
              ],
              [
                86.9321265937532,
                27.894070872633094
              ],
              [
                86.93212653744679,
                27.894161146932127
              ],
              [
                86.93232975128508,
                27.894161246842753
              ],
              [
                86.93232958285994,
                27.89443206973985
              ],
              [
                86.93253279721027,
                27.894432169354033
              ],
              [
                86.9325328531843,
                27.894341895055
              ],
              [
                86.9326344602786,
                27.8943419447498
              ],
              [
                86.93263434849226,
                27.894522493347868
              ],
              [
                86.93283756301325,
                27.89452259251289
              ],
              [
                86.93283761873575,
                27.89443231821386
              ],
              [
                86.93293922591091,
                27.894432367684082
              ],
              [
                86.93293917027825,
                27.894522641983112
              ],
              [
                86.93314238479925,
                27.894522740698978
              ],
              [
                86.93314232932829,
                27.89461301499801
              ],
              [
                86.93334554401997,
                27.89461311340845
              ],
              [
                86.93334559932026,
                27.89452283910942
              ],
              [
                86.93344720658526,
                27.894522888211334
              ],
              [
                86.93344726180469,
                27.8944326139123
              ],
              [
                86.93354886897986,
                27.894432662933365
              ],
              [
                86.93354881385025,
                27.8945229372324
              ],
              [
                86.93415845743122,
                27.894523229777754
              ],
              [
                86.93415851205778,
                27.89443295547872
              ],
              [
                86.9345649407764,
                27.894433149011764
              ],
              [
                86.93456510364095,
                27.894162326105686
              ],
              [
                86.93466671057357,
                27.8941623743003
              ],
              [
                86.93466681897327,
                27.893981825684268
              ],
              [
                86.93456521222032,
                27.893981777489653
              ],
              [
                86.93456553794046,
                27.893440131623596
              ],
              [
                86.93476875044924,
                27.89344022794096
              ],
              [
                86.93476864221122,
                27.893620776565974
              ],
              [
                86.93517506790252,
                27.893620968293405
              ],
              [
                86.93517501412039,
                27.893711242610404
              ],
              [
                86.9353782271412,
                27.893711338029455
              ],
              [
                86.93537817352974,
                27.89380161233747
              ],
              [
                86.93517496033824,
                27.89380151691842
              ],
              [
                86.93517490655611,
                27.89389179123542
              ],
              [
                86.93507329988401,
                27.89389174340911
              ],
              [
                86.93507324602102,
                27.89398201771713
              ],
              [
                86.93517485277398,
                27.893982065543433
              ],
              [
                86.93517479899184,
                27.894072339851448
              ],
              [
                86.9353780126864,
                27.8940724352705
              ],
              [
                86.93537795907494,
                27.894162709578513
              ],
              [
                86.9355811729312,
                27.894162804692137
              ],
              [
                86.93558111949042,
                27.89425307900015
              ],
              [
                86.93568272650388,
                27.894253126449165
              ],
              [
                86.93568267314396,
                27.8943434007482
              ],
              [
                86.93588588734157,
                27.894343495421644
              ],
              [
                86.93588583414333,
                27.89443376972966
              ],
              [
                86.93608904851162,
                27.89443386409768
              ],
              [
                86.93608899549305,
                27.894524138405696
              ],
              [
                86.93619060275805,
                27.89452418547742
              ],
              [
                86.93619076158019,
                27.894253362562353
              ],
              [
                86.93649558262958,
                27.894253503328358
              ],
              [
                86.93649552994339,
                27.894343777636376
              ],
              [
                86.93659713704668,
                27.894343824411653
              ],
              [
                86.93659724224838,
                27.89416327579562
              ],
              [
                86.93680045611362,
                27.89416336911261
              ],
              [
                86.93680024637496,
                27.894524466344674
              ],
              [
                86.93659703183599,
                27.8945243730187
              ],
              [
                86.93659697923064,
                27.894614647326716
              ],
              [
                86.9368001939403,
                27.894614740643707
              ],
              [
                86.93680008907097,
                27.894795289250755
              ],
              [
                86.93700330412199,
                27.8947953822713
              ],
              [
                86.93700335638597,
                27.89470510797227
              ],
              [
                86.9372065712663,
                27.89470520069637
              ],
              [
                86.93720651916401,
                27.894795474995405
              ],
              [
                86.93740973421502,
                27.894795567423063
              ],
              [
                86.93740978614663,
                27.894705293124034
              ],
              [
                86.93730817870197,
                27.89470524695063
              ],
              [
                86.9373082307234,
                27.89461497264261
              ],
              [
                86.93740983807824,
                27.89461501881602
              ],
              [
                86.93740999386407,
                27.894344195900953
              ],
              [
                86.93751160096737,
                27.89434424199351
              ],
              [
                86.93751180834344,
                27.893983144752465
              ],
              [
                86.93761341510539,
                27.89398319078214
              ],
              [
                86.9376132598316,
                27.89425401371517
              ],
              [
                86.9378164738675,
                27.89425410554096
              ],
              [
                86.93781652545775,
                27.89416383122396
              ],
              [
                86.93791813239935,
                27.894163877029058
              ],
              [
                86.93791797788013,
                27.894434699953102
              ],
              [
                86.93822279944156,
                27.89443483690127
              ],
              [
                86.93822290194832,
                27.894254288285236
              ],
              [
                86.93812129493485,
                27.894254242713703
              ],
              [
                86.93812134626458,
                27.894163968396704
              ],
              [
                86.93801973933196,
                27.894163922753304
              ],
              [
                86.93801979075154,
                27.894073648436308
              ],
              [
                86.93822300445507,
                27.89407373966022
              ],
              [
                86.93822295320618,
                27.89416401397722
              ],
              [
                86.93852777401302,
                27.89416415025165
              ],
              [
                86.9385276720183,
                27.89434469886768
              ],
              [
                86.93893410044048,
                27.894344879518886
              ],
              [
                86.93893415110546,
                27.894254605210868
              ],
              [
                86.9390357581279,
                27.894254650189517
              ],
              [
                86.93903570754377,
                27.89434492449753
              ],
              [
                86.93923892175935,
                27.894345014230247
              ],
              [
                86.9392389721728,
                27.894254739913247
              ],
              [
                86.93954379324913,
                27.894254873941886
              ],
              [
                86.93954384340208,
                27.894164599624887
              ],
              [
                86.93964545034368,
                27.894164644154376
              ],
              [
                86.93964540027157,
                27.894254918471376
              ],
              [
                86.93984861431647,
                27.894255007296792
              ],
              [
                86.93984871412829,
                27.894074458671778
              ],
              [
                86.93974710726754,
                27.894074414295
              ],
              [
                86.93974715725878,
                27.893984139978002
              ],
              [
                86.9398487640297,
                27.893984184354778
              ],
              [
                86.9398488139401,
                27.89389391003778
              ],
              [
                86.93995042062119,
                27.893893954333706
              ],
              [
                86.93995027115949,
                27.8941647772847
              ],
              [
                86.94005187810109,
                27.894164821508763
              ],
              [
                86.94005197758052,
                27.893984272874768
              ],
              [
                86.94015358435145,
                27.893984317026963
              ],
              [
                86.9401534353928,
                27.894255139977957
              ],
              [
                86.93995022133892,
                27.8942550516017
              ],
              [
                86.93995017151836,
                27.894345325909715
              ],
              [
                86.93984856441506,
                27.894345281604807
              ],
              [
                86.93984846460324,
                27.89452583022982
              ],
              [
                86.94005167916019,
                27.89452591875879
              ],
              [
                86.94005172889092,
                27.894435644450777
              ],
              [
                86.9403565504793,
                27.894435776682787
              ],
              [
                86.9403565009911,
                27.8945260509908
              ],
              [
                86.94045810827406,
                27.89452609491842
              ],
              [
                86.94045796007,
                27.894796917842466
              ],
              [
                86.94076278266449,
                27.894797049185144
              ],
              [
                86.94076293011396,
                27.894526226252115
              ],
              [
                86.940661322831,
                27.894526182549075
              ],
              [
                86.94066127359434,
                27.89461645685709
              ],
              [
                86.94055966623053,
                27.894616413082186
              ],
              [
                86.94055976486555,
                27.894435864457172
              ],
              [
                86.94066137205867,
                27.89443590824106
              ],
              [
                86.94066142129533,
                27.89434563392406
              ],
              [
                86.94055981418306,
                27.894345590149157
              ],
              [
                86.94055986350057,
                27.894255315832158
              ],
              [
                86.94045825646913,
                27.89425527198539
              ],
              [
                86.9404583058675,
                27.89416499766839
              ],
              [
                86.94055991280909,
                27.89416504151516
              ],
              [
                86.9405599621266,
                27.894074767207144
              ],
              [
                86.94066156898735,
                27.894074810982048
              ],
              [
                86.94066161821503,
                27.893984536665048
              ],
              [
                86.94076322498596,
                27.893984580368087
              ],
              [
                86.94076312669229,
                27.894165129002086
              ],
              [
                86.94086473364287,
                27.894165172624277
              ],
              [
                86.94086463551092,
                27.894345721258272
              ],
              [
                86.94116945684776,
                27.89434585169365
              ],
              [
                86.9411695056622,
                27.894255577376654
              ],
              [
                86.94106789863078,
                27.89425553397006
              ],
              [
                86.94106794752608,
                27.89416525965306
              ],
              [
                86.94096634058448,
                27.8941652161746
              ],
              [
                86.94096638956063,
                27.894074941857603
              ],
              [
                86.94127121013389,
                27.894075072068404
              ],
              [
                86.94127125885852,
                27.893984797751404
              ],
              [
                86.94147447240934,
                27.893984884178316
              ],
              [
                86.9414744238554,
                27.894075158495315
              ],
              [
                86.94157603071615,
                27.894075201605467
              ],
              [
                86.94157607918925,
                27.893984927279483
              ],
              [
                86.9419825062909,
                27.893985098947535
              ],
              [
                86.94198241002742,
                27.89416564758153
              ],
              [
                86.94177919613524,
                27.89416556190022
              ],
              [
                86.94177909953042,
                27.89434611053422
              ],
              [
                86.94167749240916,
                27.89434606757678
              ],
              [
                86.9416774440259,
                27.89443634189378
              ],
              [
                86.94157583682379,
                27.894436298864477
              ],
              [
                86.94157578835069,
                27.894526573181476
              ],
              [
                86.94137257379376,
                27.894526486898293
              ],
              [
                86.94137262243753,
                27.894436212581294
              ],
              [
                86.94147422963066,
                27.89443625576331
              ],
              [
                86.9414742781846,
                27.89434598144631
              ],
              [
                86.94157588529687,
                27.894346024556462
              ],
              [
                86.94157593376997,
                27.894255750239463
              ],
              [
                86.94127111268466,
                27.8942556207024
              ],
              [
                86.94127101523542,
                27.894436169327413
              ],
              [
                86.94116940804228,
                27.89443612600167
              ],
              [
                86.94116935922783,
                27.894526400318664
              ],
              [
                86.94086453738794,
                27.894526269883286
              ],
              [
                86.94086443926496,
                27.89470681849932
              ],
              [
                86.94096604670962,
                27.894706862058626
              ],
              [
                86.94096609569475,
                27.894616587741627
              ],
              [
                86.94106770305855,
                27.89461663122009
              ],
              [
                86.94106755637266,
                27.894887454153118
              ],
              [
                86.941169163988,
                27.894887497550727
              ],
              [
                86.94116921280244,
                27.894797223242712
              ],
              [
                86.94127082033692,
                27.89479726657744
              ],
              [
                86.94127091778617,
                27.894616717952427
              ],
              [
                86.94137252514999,
                27.894616761206308
              ],
              [
                86.94137242787141,
                27.894797309831322
              ],
              [
                86.94157564293141,
                27.894797396114505
              ],
              [
                86.94157559445831,
                27.89488767042252
              ],
              [
                86.94177880969798,
                27.894887756400276
              ],
              [
                86.94177885800039,
                27.89479748209226
              ],
              [
                86.94188046554386,
                27.894797524977832
              ],
              [
                86.94188051375644,
                27.894707250660836
              ],
              [
                86.94218533611736,
                27.894707378850427
              ],
              [
                86.94218528814733,
                27.894797653167423
              ],
              [
                86.94208368061284,
                27.89479761050643
              ],
              [
                86.94208363256195,
                27.894887884814448
              ],
              [
                86.9421852401773,
                27.89488792747544
              ],
              [
                86.9421851442462,
                27.89506847609147
              ],
              [
                86.9420835364512,
                27.895068433430477
              ],
              [
                86.94208358450209,
                27.894978159122463
              ],
              [
                86.9419819768059,
                27.894978116398587
              ],
              [
                86.94198192866519,
                27.8950683907066
              ],
              [
                86.94167710529815,
                27.89506826205887
              ],
              [
                86.94167700852265,
                27.895248810674904
              ],
              [
                86.94147379260924,
                27.89524872453545
              ],
              [
                86.94147350124967,
                27.895790370329642
              ],
              [
                86.94167671817816,
                27.895790456469097
              ],
              [
                86.94167662139367,
                27.89597100505818
              ],
              [
                86.94187983865454,
                27.895971090901188
              ],
              [
                86.94187974221141,
                27.896151639481285
              ],
              [
                86.94208295980465,
                27.896151725018868
              ],
              [
                86.9420828636939,
                27.896332273607946
              ],
              [
                86.94248929957209,
                27.896332443784797
              ],
              [
                86.94248920413507,
                27.896512992364894
              ],
              [
                86.94269242241103,
                27.89651307700416
              ],
              [
                86.94269232731538,
                27.896693625575274
              ],
              [
                86.94289554592372,
                27.896693709918097
              ],
              [
                86.94289545116044,
                27.896874258489213
              ],
              [
                86.94330188906882,
                27.89687442627654
              ],
              [
                86.94330179497928,
                27.897054974847656
              ],
              [
                86.94360662391587,
                27.897055099902126
              ],
              [
                86.94360657712262,
                27.897145374183193
              ],
              [
                86.94370818685798,
                27.89714541572129
              ],
              [
                86.94370809343319,
                27.897325964283425
              ],
              [
                86.94380970333923,
                27.897326005740673
              ],
              [
                86.94380965670769,
                27.89741628002174
              ],
              [
                86.94391126669457,
                27.897416321407125
              ],
              [
                86.94391122015286,
                27.897506595679207
              ],
              [
                86.9440128302206,
                27.897506636992727
              ],
              [
                86.94401208689165,
                27.89895102528317
              ],
              [
                86.94411369830686,
                27.898951066515842
              ],
              [
                86.94411365193582,
                27.899041340778943
              ],
              [
                86.94401204043078,
                27.899041299537288
              ],
              [
                86.94401190104819,
                27.899312122308622
              ],
              [
                86.94360545403089,
                27.8993119565964
              ],
              [
                86.94360550082413,
                27.899221682342283
              ],
              [
                86.94350388915738,
                27.89922164073232
              ],
              [
                86.94350393604047,
                27.899131366478205
              ],
              [
                86.94330071286869,
                27.899131283024715
              ],
              [
                86.94330085402096,
                27.89886046025338
              ],
              [
                86.94309763135225,
                27.898860376503446
              ],
              [
                86.94309772579213,
                27.898679827986232
              ],
              [
                86.94126872489076,
                27.89867906074413
              ],
              [
                86.94126862742355,
                27.898859609261347
              ],
              [
                86.94106540476382,
                27.89885952251104
              ],
              [
                86.94106530695525,
                27.89904007101927
              ],
              [
                86.94086208396313,
                27.89903998397252
              ],
              [
                86.9408619858132,
                27.899220532471773
              ],
              [
                86.94065876248871,
                27.899220445128577
              ],
              [
                86.94065866399743,
                27.899400993618844
              ],
              [
                86.94045544033156,
                27.89940090597022
              ],
              [
                86.9404553415079,
                27.89958145446049
              ],
              [
                86.94025211750967,
                27.89958136651542
              ],
              [
                86.94025201834465,
                27.899761915005687
              ],
              [
                86.94004879400505,
                27.899761826755196
              ],
              [
                86.94004869450765,
                27.899942375236478
              ],
              [
                86.93882934648484,
                27.89994183944531
              ],
              [
                86.93882924495725,
                27.900122387917612
              ],
              [
                86.9386260199529,
                27.90012229756506
              ],
              [
                86.93862591808394,
                27.900302846028378
              ],
              [
                86.93842269274722,
                27.900302755379382
              ],
              [
                86.93842238613425,
                27.900844400751367
              ],
              [
                86.93821915978243,
                27.90084430980593
              ],
              [
                86.93821905723975,
                27.90102485825128
              ],
              [
                86.93801583054658,
                27.90102476700041
              ],
              [
                86.93801562478745,
                27.90138586387315
              ],
              [
                86.93781239742054,
                27.90138577232584
              ],
              [
                86.93781229420412,
                27.901566320753222
              ],
              [
                86.93760906650483,
                27.901566228900485
              ],
              [
                86.93760917006261,
                27.9013856804731
              ],
              [
                86.93720271534676,
                27.90138549586931
              ],
              [
                86.93720281957827,
                27.90120494743294
              ],
              [
                86.93679636553615,
                27.901204761634393
              ],
              [
                86.9367962606309,
                27.901385310070758
              ],
              [
                86.93659303327297,
                27.901385216717834
              ],
              [
                86.93659292802634,
                27.901565765145218
              ],
              [
                86.9360848587961,
                27.901565530460353
              ],
              [
                86.9360849118416,
                27.90147525625115
              ],
              [
                86.93588168432198,
                27.9014751618472
              ],
              [
                86.93588173752919,
                27.901384887637995
              ],
              [
                86.93557689650129,
                27.901384745479604
              ],
              [
                86.935576949969,
                27.90129447126142
              ],
              [
                86.93537372278176,
                27.90129437612085
              ],
              [
                86.93537377642016,
                27.901204101902664
              ],
              [
                86.9350689359043,
                27.901203958621377
              ],
              [
                86.93506898978524,
                27.901113684403192
              ],
              [
                86.93456092268399,
                27.901113444103853
              ],
              [
                86.93456097699614,
                27.90102316988567
              ],
              [
                86.93425613698332,
                27.90102302480775
              ],
              [
                86.934256191547,
                27.90093275059855
              ],
              [
                86.93374812529913,
                27.900932507298837
              ],
              [
                86.93374818027604,
                27.900842233080656
              ],
              [
                86.93263043547579,
                27.900841691243823
              ],
              [
                86.93263049138693,
                27.900751417025642
              ],
              [
                86.93202081292438,
                27.90075111765309
              ],
              [
                86.93202086933857,
                27.900660843443887
              ],
              [
                86.9315128043843,
                27.900660591906625
              ],
              [
                86.9315128612207,
                27.90057031768844
              ],
              [
                86.93100479668864,
                27.900570064282682
              ],
              [
                86.93100485394724,
                27.900479790073483
              ],
              [
                86.93059840267193,
                27.9004795860032
              ],
              [
                86.93059846026293,
                27.900389311785016
              ],
              [
                86.92907426926286,
                27.90038853583824
              ],
              [
                86.92907432812048,
                27.900298261620055
              ],
              [
                86.92876949018277,
                27.90029810441488
              ],
              [
                86.92876943107362,
                27.900388378624083
              ],
              [
                86.92785491650592,
                27.90038790294817
              ],
              [
                86.9278548566332,
                27.90047817715737
              ],
              [
                86.92724517976964,
                27.90047785666543
              ],
              [
                86.92724511939387,
                27.90056813087463
              ],
              [
                86.92653382912982,
                27.90056775355526
              ],
              [
                86.92653376816116,
                27.90065802775548
              ],
              [
                86.9248063475933,
                27.900657096130665
              ],
              [
                86.92480628518734,
                27.90074737033088
              ],
              [
                86.92419660685054,
                27.900747036346242
              ],
              [
                86.92419654394152,
                27.90083731054646
              ],
              [
                86.92338363883968,
                27.900836861038474
              ],
              [
                86.92338357525693,
                27.900927135229708
              ],
              [
                86.92226582983685,
                27.900926509328535
              ],
              [
                86.92226576532883,
                27.90101678351977
              ],
              [
                86.92155447221712,
                27.9010163804996
              ],
              [
                86.92155440711622,
                27.901106654690835
              ],
              [
                86.92104634019462,
                27.901106364570932
              ],
              [
                86.92104627467151,
                27.90119663875318
              ],
              [
                86.92023336694659,
                27.901196170659052
              ],
              [
                86.92023330074075,
                27.90128644485029
              ],
              [
                86.91962361945748,
                27.901286090626606
              ],
              [
                86.91962355274859,
                27.901376364808858
              ],
              [
                86.91901387096226,
                27.901376007890228
              ],
              [
                86.9190139381742,
                27.90128573371696
              ],
              [
                86.91860748399733,
                27.901285494271022
              ],
              [
                86.91860741644403,
                27.90137576845327
              ],
              [
                86.91830257555985,
                27.901375588080548
              ],
              [
                86.918302507764,
                27.901465862262796
              ],
              [
                86.91789605291339,
                27.901465620723783
              ],
              [
                86.91789598477617,
                27.90155589489705
              ],
              [
                86.91769275718468,
                27.90155577367839
              ],
              [
                86.91769268887678,
                27.901646047851656
              ],
              [
                86.917387847247,
                27.90164586545772
              ],
              [
                86.9173877786786,
                27.901736139622006
              ],
              [
                86.91718455075473,
                27.90173601765774
              ],
              [
                86.91718448202462,
                27.901826291822026
              ],
              [
                86.91687963989179,
                27.901826108305194
              ],
              [
                86.91687957091015,
                27.901916382478465
              ],
              [
                86.91667634264493,
                27.901916259750628
              ],
              [
                86.91667627349261,
                27.9020065339239
              ],
              [
                86.91647304507468,
                27.90200641089962
              ],
              [
                86.91647297575169,
                27.902096685063903
              ],
              [
                86.91616813286426,
                27.902096499975023
              ],
              [
                86.91616806328975,
                27.902186774130325
              ],
              [
                86.9158632201508,
                27.90218658836771
              ],
              [
                86.91586315031576,
                27.90227686252301
              ],
              [
                86.91565992139476,
                27.90227673830397
              ],
              [
                86.91565985139803,
                27.902367012468257
              ],
              [
                86.9155582368477,
                27.90236695024196
              ],
              [
                86.91555830693426,
                27.902276676086654
              ],
              [
                86.91515184908329,
                27.90227642644484
              ],
              [
                86.91515177866435,
                27.90236670060014
              ],
              [
                86.91464370593964,
                27.902366386863527
              ],
              [
                86.91464377678079,
                27.902276112708225
              ],
              [
                86.91454216232029,
                27.902276049736322
              ],
              [
                86.91454230417325,
                27.902095501416735
              ],
              [
                86.91464391846307,
                27.902095564388638
              ],
              [
                86.91464406013638,
                27.90191501606905
              ],
              [
                86.9147456742645,
                27.901915078960105
              ],
              [
                86.91474595727873,
                27.901553982302964
              ],
              [
                86.91454272971419,
                27.90155385644001
              ],
              [
                86.91454280063618,
                27.90146358226674
              ],
              [
                86.91444118693026,
                27.901463519222975
              ],
              [
                86.91444132894493,
                27.901282970885422
              ],
              [
                86.9143397154097,
                27.90128290776979
              ],
              [
                86.91433985759504,
                27.901102359423252
              ],
              [
                86.91423824423049,
                27.901102296235756
              ],
              [
                86.91423845775104,
                27.90083147370697
              ],
              [
                86.91413684463802,
                27.900831410438624
              ],
              [
                86.91413691590137,
                27.900741136265353
              ],
              [
                86.91352723775321,
                27.90074075508323
              ],
              [
                86.91352730951962,
                27.900650480909963
              ],
              [
                86.91332408364391,
                27.900650353250377
              ],
              [
                86.91332415557203,
                27.90056007907711
              ],
              [
                86.91301931701447,
                27.900559887026283
              ],
              [
                86.91301917264623,
                27.900740435381802
              ],
              [
                86.91312078566942,
                27.900740499467616
              ],
              [
                86.91312071357063,
                27.900830773640884
              ],
              [
                86.91322232667468,
                27.900830837663815
              ],
              [
                86.91322225465674,
                27.900921111837082
              ],
              [
                86.91332386785062,
                27.900921175779164
              ],
              [
                86.91332336431795,
                27.901553094947126
              ],
              [
                86.91322175054017,
                27.901553031005044
              ],
              [
                86.91322167852223,
                27.90164330516933
              ],
              [
                86.91312006465462,
                27.9016432411464
              ],
              [
                86.91311999255583,
                27.901733515310685
              ],
              [
                86.91281515071046,
                27.901733322801718
              ],
              [
                86.91281522306078,
                27.901643048646417
              ],
              [
                86.91271360920214,
                27.901642984327044
              ],
              [
                86.91271368164229,
                27.901552710162758
              ],
              [
                86.91261206786452,
                27.901552645771517
              ],
              [
                86.91261221291548,
                27.901372097442948
              ],
              [
                86.9125105992994,
                27.90137203297086
              ],
              [
                86.91251067191023,
                27.901281758806576
              ],
              [
                86.91240905838397,
                27.90128169426262
              ],
              [
                86.91240913107565,
                27.901191420098336
              ],
              [
                86.91230751763922,
                27.901191355482517
              ],
              [
                86.91230766319325,
                27.901010807144964
              ],
              [
                86.91240927645899,
                27.901010871769767
              ],
              [
                86.91240942184234,
                27.90083032342323
              ],
              [
                86.91251103494638,
                27.900830387967183
              ],
              [
                86.91251118015904,
                27.900649839620648
              ],
              [
                86.91230795429232,
                27.900649710460875
              ],
              [
                86.91230788151081,
                27.900739984634143
              ],
              [
                86.9121046554824,
                27.900739855177928
              ],
              [
                86.91210472842559,
                27.90064958100466
              ],
              [
                86.91200311549223,
                27.90064951616426
              ],
              [
                86.91200318851628,
                27.900559241990994
              ],
              [
                86.9121048013688,
                27.90055930683139
              ],
              [
                86.9121049472462,
                27.900378758484855
              ],
              [
                86.91220655992805,
                27.900378823253387
              ],
              [
                86.91220677849714,
                27.900108000715615
              ],
              [
                86.9119019412152,
                27.900107806194423
              ],
              [
                86.91190201432909,
                27.900017532021156
              ],
              [
                86.9118004019886,
                27.900017467028047
              ],
              [
                86.91180047517436,
                27.899927192845794
              ],
              [
                86.91190208743399,
                27.899927257838904
              ],
              [
                86.91190216054787,
                27.89983698365665
              ],
              [
                86.91200377271765,
                27.899837048568916
              ],
              [
                86.91200391876575,
                27.89965650019543
              ],
              [
                86.91241036678916,
                27.899656759098878
              ],
              [
                86.91241029410648,
                27.89974703329011
              ],
              [
                86.9127151303823,
                27.899747226679427
              ],
              [
                86.91271549253811,
                27.899295855732237
              ],
              [
                86.91261388087136,
                27.89929579134998
              ],
              [
                86.91261395338337,
                27.899205517149763
              ],
              [
                86.91251234179748,
                27.899205452686658
              ],
              [
                86.91251241439933,
                27.899115178495425
              ],
              [
                86.91261402590438,
                27.89911524295853
              ],
              [
                86.91261409841638,
                27.899024968767293
              ],
              [
                86.91271570983159,
                27.899025033149552
              ],
              [
                86.91271578226275,
                27.898934758958315
              ],
              [
                86.91281739359711,
                27.898934823268707
              ],
              [
                86.91281732125579,
                27.89902509745994
              ],
              [
                86.91342698976501,
                27.89902548175922
              ],
              [
                86.91342713345054,
                27.89884493336777
              ],
              [
                86.91363035594858,
                27.898845060865657
              ],
              [
                86.91363078597212,
                27.898303415646385
              ],
              [
                86.91342756448019,
                27.898303288148497
              ],
              [
                86.91342770815673,
                27.898122739730095
              ],
              [
                86.91322448700616,
                27.89812261193576
              ],
              [
                86.91322455900612,
                27.898032337726562
              ],
              [
                86.91332616949607,
                27.89803240165966
              ],
              [
                86.91332624142417,
                27.89794212745046
              ],
              [
                86.9134278518243,
                27.897942191311692
              ],
              [
                86.913427779995,
                27.898032465520895
              ],
              [
                86.91352939048495,
                27.898032529310264
              ],
              [
                86.91352946223338,
                27.89794225509208
              ],
              [
                86.91413912468798,
                27.89794263622929
              ],
              [
                86.91413919594234,
                27.897852362020085
              ],
              [
                86.9142408062616,
                27.89785242527945
              ],
              [
                86.91424087742614,
                27.897762151061265
              ],
              [
                86.91444409791197,
                27.89776227735541
              ],
              [
                86.91444416890582,
                27.897672003137227
              ],
              [
                86.91474899937853,
                27.897672192016998
              ],
              [
                86.91474907012085,
                27.897581917798814
              ],
              [
                86.91485068019757,
                27.89758198060902
              ],
              [
                86.91485075085006,
                27.897491706390834
              ],
              [
                86.91495236083696,
                27.89749176912019
              ],
              [
                86.91495243140861,
                27.897401494902006
              ],
              [
                86.91525726113571,
                27.897401682658884
              ],
              [
                86.91525733144685,
                27.89731140843172
              ],
              [
                86.91495250198025,
                27.89731122068382
              ],
              [
                86.91495257255191,
                27.897220946456656
              ],
              [
                86.9147493530722,
                27.897220820917095
              ],
              [
                86.91474942381453,
                27.89713054668993
              ],
              [
                86.91495264311457,
                27.89713067222949
              ],
              [
                86.91495278425786,
                27.896950123775156
              ],
              [
                86.91515600322553,
                27.89695024901827
              ],
              [
                86.91515579202263,
                27.89722107169977
              ],
              [
                86.91525740176697,
                27.89722113420455
              ],
              [
                86.91525754239822,
                27.8970405857592
              ],
              [
                86.9153591519719,
                27.89704064819211
              ],
              [
                86.91535894127205,
                27.89731147086463
              ],
              [
                86.91546055109724,
                27.897311533225675
              ],
              [
                86.91546062124668,
                27.89722125899851
              ],
              [
                86.91556223098203,
                27.89722132128769
              ],
              [
                86.91556216092243,
                27.897311595514857
              ],
              [
                86.91576538057281,
                27.89731171985966
              ],
              [
                86.91576545047073,
                27.897221445632493
              ],
              [
                86.91607027969478,
                27.897221631583758
              ],
              [
                86.91607034933217,
                27.89713135735659
              ],
              [
                86.9164767879682,
                27.897131604249562
              ],
              [
                86.91647685727321,
                27.897041330022397
              ],
              [
                86.91668007642055,
                27.89704145301074
              ],
              [
                86.91668014555489,
                27.896951178783574
              ]
            ],
            [
              [
                86.92521670898353,
                27.894970040202825
              ],
              [
                86.92531831664377,
                27.894970095287515
              ],
              [
                86.92531825468697,
                27.895060369568583
              ],
              [
                86.92521664693689,
                27.895060314474907
              ],
              [
                86.92521670898353,
                27.894970040202825
              ]
            ],
            [
              [
                86.92978922880349,
                27.894701622167606
              ],
              [
                86.92989083623017,
                27.894701673883617
              ],
              [
                86.92989077806426,
                27.89479194817367
              ],
              [
                86.92978917055672,
                27.894791896457658
              ],
              [
                86.92978922880349,
                27.894701622167606
              ]
            ],
            [
              [
                86.93111018246535,
                27.894612014355634
              ],
              [
                86.9312117898022,
                27.894612065101466
              ],
              [
                86.93121173273224,
                27.894702339391515
              ],
              [
                86.93111012530554,
                27.894702288645682
              ],
              [
                86.93111018246535,
                27.894612014355634
              ]
            ],
            [
              [
                86.9314150044849,
                27.894612166359565
              ],
              [
                86.93141494758561,
                27.894702440658595
              ],
              [
                86.93131334015892,
                27.894702390056494
              ],
              [
                86.93131339714805,
                27.894612115766446
              ],
              [
                86.9314150044849,
                27.894612166359565
              ]
            ],
            [
              [
                86.94076312669229,
                27.894165129002086
              ],
              [
                86.94076307755445,
                27.8942554033101
              ],
              [
                86.94066147052301,
                27.89425535960706
              ],
              [
                86.94066151975069,
                27.894165085299047
              ],
              [
                86.94076312669229,
                27.894165129002086
              ]
            ],
            [
              [
                86.91342627134635,
                27.899928223671566
              ],
              [
                86.91342641503188,
                27.89974767529808
              ],
              [
                86.91362963921875,
                27.899747802804953
              ],
              [
                86.91362949587459,
                27.89992835117844
              ],
              [
                86.91342627134635,
                27.899928223671566
              ]
            ],
            [
              [
                86.91403722895598,
                27.89830366973486
              ],
              [
                86.91403730029118,
                27.898213395525662
              ],
              [
                86.91413891095182,
                27.89821345886587
              ],
              [
                86.91413883970642,
                27.898303733075075
              ],
              [
                86.91403722895598,
                27.89830366973486
              ]
            ],
            [
              [
                86.91952554529345,
                27.89650149804354
              ],
              [
                86.919525678837,
                27.896320949553274
              ],
              [
                86.91962728774591,
                27.896321008833098
              ],
              [
                86.91962715437305,
                27.896501557323365
              ],
              [
                86.91952554529345,
                27.89650149804354
              ]
            ],
            [
              [
                86.9244036595314,
                27.895240419619633
              ],
              [
                86.92440372225177,
                27.895150145347547
              ],
              [
                86.92450533008271,
                27.895150201034113
              ],
              [
                86.92450526744318,
                27.895240475306196
              ],
              [
                86.9244036595314,
                27.895240419619633
              ]
            ],
            [
              [
                86.92501336922838,
                27.895150478353024
              ],
              [
                86.9250134314457,
                27.89506020408094
              ],
              [
                86.9251150391868,
                27.89506025931835
              ],
              [
                86.92511497705931,
                27.89515053359043
              ],
              [
                86.92501336922838,
                27.895150478353024
              ]
            ],
            [
              [
                86.92562307791925,
                27.895060534382488
              ],
              [
                86.92562313963352,
                27.894970260110405
              ],
              [
                86.92572474729377,
                27.894970314898654
              ],
              [
                86.92572468566934,
                27.895060589170736
              ],
              [
                86.92562307791925,
                27.895060534382488
              ]
            ],
            [
              [
                86.92582629341942,
                27.89506064388712
              ],
              [
                86.92582635496301,
                27.894970369606057
              ],
              [
                86.9260295702835,
                27.894970478814244
              ],
              [
                86.9260295089106,
                27.895060753086327
              ],
              [
                86.92582629341942,
                27.89506064388712
              ]
            ],
            [
              [
                86.93029715025189,
                27.894882428582157
              ],
              [
                86.93029720808543,
                27.89479215429211
              ],
              [
                86.93039881559297,
                27.89479220563981
              ],
              [
                86.93039887333667,
                27.89470193134976
              ],
              [
                86.93060208819006,
                27.89470203380262
              ],
              [
                86.93060203060804,
                27.89479230809267
              ],
              [
                86.93050042310051,
                27.894792256906666
              ],
              [
                86.93050036543765,
                27.894882531196714
              ],
              [
                86.93029715025189,
                27.894882428582157
              ]
            ],
            [
              [
                86.93466660216488,
                27.89434292290735
              ],
              [
                86.93466665636923,
                27.894252648608315
              ],
              [
                86.93476826337371,
                27.89425269672208
              ],
              [
                86.93476820925919,
                27.8943429710301
              ],
              [
                86.93466660216488,
                27.89434292290735
              ]
            ],
            [
              [
                86.93527624474874,
                27.89434321051197
              ],
              [
                86.93527629844104,
                27.894252936212936
              ],
              [
                86.93547951247695,
                27.894253031479273
              ],
              [
                86.93547945894635,
                27.894343305778307
              ],
              [
                86.93527624474874,
                27.89434321051197
              ]
            ],
            [
              [
                86.93578412041,
                27.894614271031426
              ],
              [
                86.9357841736801,
                27.894523996732392
              ],
              [
                86.93588578095408,
                27.894524044028692
              ],
              [
                86.93588572775586,
                27.894614318336707
              ],
              [
                86.93578412041,
                27.894614271031426
              ]
            ],
            [
              [
                86.93639381729702,
                27.89452427939628
              ],
              [
                86.93639387007305,
                27.894434005088264
              ],
              [
                86.93649547725718,
                27.89443405194439
              ],
              [
                86.93649542457099,
                27.894524326243424
              ],
              [
                86.93639381729702,
                27.89452427939628
              ]
            ],
            [
              [
                86.93832415077652,
                27.894886253932032
              ],
              [
                86.93832420195355,
                27.894795979624018
              ],
              [
                86.93842580947906,
                27.89479602505182
              ],
              [
                86.93842575839186,
                27.894886299359836
              ],
              [
                86.93832415077652,
                27.894886253932032
              ]
            ],
            [
              [
                86.93842586056624,
                27.894705750752788
              ],
              [
                86.93842591165344,
                27.894615476444773
              ],
              [
                86.93852751900826,
                27.894615521791728
              ],
              [
                86.9385274680109,
                27.894705796099743
              ],
              [
                86.93842586056624,
                27.894705750752788
              ]
            ],
            [
              [
                86.93944203548938,
                27.89452565227356
              ],
              [
                86.93944213597493,
                27.894345103657532
              ],
              [
                86.9395437430872,
                27.8943451482499
              ],
              [
                86.93954364277234,
                27.894525696874915
              ],
              [
                86.93944203548938,
                27.89452565227356
              ]
            ],
            [
              [
                86.93954344213361,
                27.894886794097996
              ],
              [
                86.93954349229554,
                27.894796519798962
              ],
              [
                86.93964509982105,
                27.894796564328452
              ],
              [
                86.93964504974896,
                27.894886838627485
              ],
              [
                86.93954344213361,
                27.894886794097996
              ]
            ],
            [
              [
                86.93964334704623,
                27.89795616430051
              ],
              [
                86.93964354737952,
                27.897595067239127
              ],
              [
                86.93984676766772,
                27.89759515607353
              ],
              [
                86.93984656800816,
                27.897956253143892
              ],
              [
                86.93964334704623,
                27.89795616430051
              ]
            ],
            [
              [
                86.94015323678428,
                27.894616237219005
              ],
              [
                86.94015328643417,
                27.894525962910986
              ],
              [
                86.94025489371712,
                27.89452600699132
              ],
              [
                86.94025484414809,
                27.894616281299335
              ],
              [
                86.94015323678428,
                27.894616237219005
              ]
            ],
            [
              [
                86.93781260386238,
                27.90102467544412
              ],
              [
                86.93781250064595,
                27.90120522388947
              ],
              [
                86.9376092736204,
                27.901205132036733
              ],
              [
                86.93760937717819,
                27.901024583600364
              ],
              [
                86.93781260386238,
                27.90102467544412
              ]
            ],
            [
              [
                86.94015323678428,
                27.894616237219005
              ],
              [
                86.9401531871254,
                27.89470651152702
              ],
              [
                86.94005157968076,
                27.894706467374824
              ],
              [
                86.94005162942047,
                27.894616193066806
              ],
              [
                86.94015323678428,
                27.894616237219005
              ]
            ],
            [
              [
                86.93781260386238,
                27.90102467544412
              ],
              [
                86.93781281029523,
                27.900663578553416
              ],
              [
                86.93801603630568,
                27.900663670100727
              ],
              [
                86.93801583054658,
                27.90102476700041
              ],
              [
                86.93781260386238,
                27.90102467544412
              ]
            ]
          ],
          [
            [
              [
                86.91637552524304,
                27.896680171480316
              ],
              [
                86.91637545585716,
                27.896770445716466
              ],
              [
                86.91617223721289,
                27.89677032226998
              ],
              [
                86.91617230676945,
                27.89668004803383
              ],
              [
                86.91637552524304,
                27.896680171480316
              ]
            ]
          ],
          [
            [
              [
                86.91637545585716,
                27.896770445716466
              ],
              [
                86.91647706517931,
                27.896770507322927
              ],
              [
                86.91647713448432,
                27.896680233086776
              ],
              [
                86.91637552524304,
                27.896680171480316
              ],
              [
                86.91637559462892,
                27.896589897244166
              ],
              [
                86.91657881294081,
                27.896590020385226
              ],
              [
                86.91657874371663,
                27.896680294621373
              ],
              [
                86.91688357143151,
                27.89668047877601
              ],
              [
                86.91688350246784,
                27.89677075301216
              ],
              [
                86.91698511178998,
                27.89677081424133
              ],
              [
                86.91698504290717,
                27.89686108847748
              ],
              [
                86.9167818241012,
                27.89686096593829
              ],
              [
                86.91678189314571,
                27.89677069170214
              ],
              [
                86.91657867450144,
                27.896770568857523
              ],
              [
                86.91657860528625,
                27.896860843093673
              ],
              [
                86.91668021468924,
                27.896860904547424
              ],
              [
                86.91668014555489,
                27.896951178783574
              ],
              [
                86.91647692657824,
                27.896951055786246
              ],
              [
                86.91647699587428,
                27.896860781559077
              ],
              [
                86.9163753864713,
                27.896860719943632
              ],
              [
                86.91637545585716,
                27.896770445716466
              ]
            ]
          ],
          [
            [
              [
                86.91901756709846,
                27.896410926240453
              ],
              [
                86.9189159581087,
                27.896410866502485
              ],
              [
                86.91891602538354,
                27.896320592257354
              ],
              [
                86.91901763429244,
                27.896320651995318
              ],
              [
                86.91901756709846,
                27.896410926240453
              ]
            ]
          ],
          [
            [
              [
                86.92125329169822,
                27.895960850214745
              ],
              [
                86.92105007454516,
                27.895960733963765
              ],
              [
                86.92105020555546,
                27.895780185455532
              ],
              [
                86.9211518139703,
                27.895780243612464
              ],
              [
                86.921151748546,
                27.89587051787556
              ],
              [
                86.92125335704168,
                27.89587057596063
              ],
              [
                86.92125329169822,
                27.895960850214745
              ]
            ]
          ],
          [
            [
              [
                86.92186313766965,
                27.895690374390743
              ],
              [
                86.92186307283822,
                27.89578064864486
              ],
              [
                86.92165985601754,
                27.895780533301174
              ],
              [
                86.92165992101064,
                27.895690259038076
              ],
              [
                86.92186313766965,
                27.895690374390743
              ]
            ]
          ],
          [
            [
              [
                86.93029732374352,
                27.89461160571201
              ],
              [
                86.9300941090698,
                27.894611502801013
              ],
              [
                86.93009416707402,
                27.894521228510964
              ],
              [
                86.93029738157706,
                27.894521331421963
              ],
              [
                86.93029732374352,
                27.89461160571201
              ]
            ]
          ]
        ]
      },
      "id": "+9361+1461",
      "properties": {
        "area_m2": 1812446.11625701,
        "count": 18082,
        "image_id": "COPERNICUS/S2_SR_HARMONIZED/20241212T045119_20241212T045116_T45RVL",
        "lake_id": "imja-tsho",
        "observed_at": "2024-12-12T05:01:05.807000Z",
        "water": 1
      }
    }
  ]
}
