{
  "type": "FeatureCollection",
  "features": [
    {
      "type": "Feature",
      "geometry": {
        "geodesic": false,
        "type": "MultiPolygon",
        "coordinates": [
          [
            [
              [
                86.91861140125384,
                27.89604958986788
              ],
              [
                86.9186114687892,
                27.895959315613762
              ],
              [
                86.91871307735674,
                27.895959375576307
              ],
              [
                86.91871300991123,
                27.896049649821443
              ],
              [
                86.91861140125384,
                27.89604958986788
              ]
            ]
          ],
          [
            [
              [
                86.92582666266294,
                27.894518998200724
              ],
              [
                86.92572505541591,
                27.894518943493324
              ],
              [
                86.92572511704034,
                27.894428669203275
              ],
              [
                86.92582672419753,
                27.89442872391966
              ],
              [
                86.92582666266294,
                27.894518998200724
              ]
            ]
          ],
          [
            [
              [
                86.92724934514982,
                27.89424893345478
              ],
              [
                86.92714773815432,
                27.894248879789423
              ],
              [
                86.92714779860195,
                27.894158605499374
              ],
              [
                86.92724940550762,
                27.89415865916473
              ],
              [
                86.92724934514982,
                27.89424893345478
              ]
            ]
          ],
          [
            [
              [
                86.92846827300363,
                27.894791217313337
              ],
              [
                86.92836666550507,
                27.894791164546294
              ],
              [
                86.9283667249376,
                27.894700890256246
              ],
              [
                86.92846833235532,
                27.894700943023285
              ],
              [
                86.92846827300363,
                27.894791217313337
              ]
            ]
          ],
          [
            [
              [
                86.93039950853542,
                27.893708914078374
              ],
              [
                86.93039939304799,
                27.89388946268542
              ],
              [
                86.93029778638487,
                27.893889411346702
              ],
              [
                86.93029784420943,
                27.893799137038688
              ],
              [
                86.93019623762716,
                27.893799085628103
              ],
              [
                86.93019629554155,
                27.89370881132009
              ],
              [
                86.93039950853542,
                27.893708914078374
              ]
            ]
          ],
          [
            [
              [
                86.93619076158019,
                27.894253362562353
              ],
              [
                86.93608915456673,
                27.894253315490634
              ],
              [
                86.93608926061285,
                27.8940727668746
              ],
              [
                86.93619086745564,
                27.894072813946323
              ],
              [
                86.93619076158019,
                27.894253362562353
              ]
            ]
          ],
          [
            [
              [
                86.93659734745009,
                27.893982727170606
              ],
              [
                86.93649574068814,
                27.893982680404314
              ],
              [
                86.93649584606052,
                27.8938021317793
              ],
              [
                86.93659745266076,
                27.89380217854559
              ],
              [
                86.93659734745009,
                27.893982727170606
              ]
            ]
          ],
          [
            [
              [
                86.93771553861421,
                27.893080493534033
              ],
              [
                86.93761393268771,
                27.893080447594187
              ],
              [
                86.93761398443965,
                27.892990173268206
              ],
              [
                86.93771559028531,
                27.892990219208052
              ],
              [
                86.93771553861421,
                27.893080493534033
              ]
            ]
          ],
          [
            [
              [
                86.93862948278765,
                27.893983646892742
              ],
              [
                86.93862938095462,
                27.89416419552674
              ],
              [
                86.93852777401302,
                27.89416415025165
              ],
              [
                86.93852772301567,
                27.894254424559666
              ],
              [
                86.93842611599321,
                27.89425437921271
              ],
              [
                86.93842621816759,
                27.894073830587697
              ],
              [
                86.93852782501936,
                27.89407387593465
              ],
              [
                86.93852787601672,
                27.893983601617652
              ],
              [
                86.93862948278765,
                27.893983646892742
              ]
            ]
          ],
          [
            [
              [
                86.93862953370414,
                27.893893372584728
              ],
              [
                86.93852792701408,
                27.893893327309637
              ],
              [
                86.93852797802042,
                27.893803052992638
              ],
              [
                86.93862958462066,
                27.89380309826773
              ],
              [
                86.93862953370414,
                27.893893372584728
              ]
            ]
          ],
          [
            [
              [
                86.93964560055996,
                27.89389382120338
              ],
              [
                86.93964565063204,
                27.89380354688638
              ],
              [
                86.9395440440318,
                27.893803502365877
              ],
              [
                86.93954409418475,
                27.893713228048878
              ],
              [
                86.93974730722354,
                27.893713317018022
              ],
              [
                86.93974725724127,
                27.893803591344007
              ],
              [
                86.93995047044176,
                27.893803680016706
              ],
              [
                86.93995042062119,
                27.893893954333706
              ],
              [
                86.93964560055996,
                27.89389382120338
              ]
            ]
          ],
          [
            [
              [
                86.94076317583912,
                27.894074854685087
              ],
              [
                86.94066156898735,
                27.894074810982048
              ],
              [
                86.94066161821503,
                27.893984536665048
              ],
              [
                86.9405600114441,
                27.893984492881163
              ],
              [
                86.94056015937868,
                27.893713669930168
              ],
              [
                86.94066176590705,
                27.893713713705072
              ],
              [
                86.94066171667039,
                27.893803988022068
              ],
              [
                86.94076332327961,
                27.893804031725107
              ],
              [
                86.94076317583912,
                27.894074854685087
              ]
            ]
          ],
          [
            [
              [
                86.94177929274007,
                27.893985013266224
              ],
              [
                86.94177934104248,
                27.89389473894024
              ],
              [
                86.94198255442262,
                27.893894824621555
              ],
              [
                86.9419825062909,
                27.893985098947535
              ],
              [
                86.94177929274007,
                27.893985013266224
              ]
            ]
          ],
          [
            [
              [
                86.91728993976537,
                27.896770997497647
              ],
              [
                86.91739154908751,
                27.89677105843037
              ],
              [
                86.91739148054606,
                27.89686133266652
              ],
              [
                86.91749308995801,
                27.89686139352738
              ],
              [
                86.91749315840964,
                27.89677111929123
              ],
              [
                86.9176963770629,
                27.896771240788375
              ],
              [
                86.91769658193269,
                27.89650041807094
              ],
              [
                86.91749336379146,
                27.89650029658278
              ],
              [
                86.91749343225207,
                27.896410022337648
              ],
              [
                86.91759504124184,
                27.896410083126643
              ],
              [
                86.9175951096126,
                27.896319808881508
              ],
              [
                86.91749350071268,
                27.896319748101497
              ],
              [
                86.91749356916431,
                27.896229473856362
              ],
              [
                86.91810322208777,
                27.89622983743151
              ],
              [
                86.91810329003633,
                27.896139563186374
              ],
              [
                86.9183065075128,
                27.8961396837852
              ],
              [
                86.91830643972592,
                27.896229958030336
              ],
              [
                86.91820483090684,
                27.896229897771345
              ],
              [
                86.91820476303913,
                27.89632017201648
              ],
              [
                86.91840798084796,
                27.896320292462594
              ],
              [
                86.91840804855399,
                27.89623001821746
              ],
              [
                86.91850965737306,
                27.896230078323736
              ],
              [
                86.91850979260545,
                27.89604952983347
              ],
              [
                86.91861140125384,
                27.89604958986788
              ],
              [
                86.91861126619214,
                27.896230138358145
              ],
              [
                86.9187128750202,
                27.89623019832069
              ],
              [
                86.91871280757469,
                27.896320472565826
              ],
              [
                86.91891602538354,
                27.896320592257354
              ],
              [
                86.9189159581087,
                27.896410866502485
              ],
              [
                86.91901756709846,
                27.896410926240453
              ],
              [
                86.91901763429244,
                27.896320651995318
              ],
              [
                86.91911924320135,
                27.896320711652436
              ],
              [
                86.9191191760972,
                27.89641098589757
              ],
              [
                86.91942400307546,
                27.896411164437733
              ],
              [
                86.91942406992808,
                27.8963208901926
              ],
              [
                86.919525678837,
                27.896320949553274
              ],
              [
                86.91952574560878,
                27.896230675299158
              ],
              [
                86.9194241367897,
                27.89623061593848
              ],
              [
                86.91942427049494,
                27.896050067448215
              ],
              [
                86.91932266183755,
                27.896050008006693
              ],
              [
                86.91932286265595,
                27.89577918525333
              ],
              [
                86.9196276878735,
                27.89577936333535
              ],
              [
                86.91962755450064,
                27.8959599118346
              ],
              [
                86.91983077164471,
                27.895960030187638
              ],
              [
                86.91983090467623,
                27.895779481679405
              ],
              [
                86.91993251308209,
                27.89577954073465
              ],
              [
                86.91993231378186,
                27.896050363497
              ],
              [
                86.92003392243923,
                27.896050422480382
              ],
              [
                86.92003405513837,
                27.895869873981134
              ],
              [
                86.92013566363406,
                27.895869932883667
              ],
              [
                86.92013559736533,
                27.895960207137783
              ],
              [
                86.9203388145184,
                27.895960324736237
              ],
              [
                86.92033874842036,
                27.896050598990353
              ],
              [
                86.92044035707775,
                27.89605065767729
              ],
              [
                86.92044048910314,
                27.895870109169056
              ],
              [
                86.92064370608553,
                27.895870226318355
              ],
              [
                86.92064364023902,
                27.89596050057247
              ],
              [
                86.92074524881556,
                27.89596055903483
              ],
              [
                86.92074531457223,
                27.895870284780713
              ],
              [
                86.92094853156361,
                27.895870401471868
              ],
              [
                86.9209485971496,
                27.89578012721775
              ],
              [
                86.92105020555546,
                27.895780185455532
              ],
              [
                86.92105027106061,
                27.89568991119243
              ],
              [
                86.92135509603563,
                27.895690085456614
              ],
              [
                86.92135516128926,
                27.895599811193513
              ],
              [
                86.92125355304509,
                27.895599753180313
              ],
              [
                86.92125361838855,
                27.895509478926197
              ],
              [
                86.92166005101484,
                27.89550971052086
              ],
              [
                86.92165998601274,
                27.895599984774975
              ],
              [
                86.92186320249208,
                27.89560010012764
              ],
              [
                86.92186326732349,
                27.895509825864544
              ],
              [
                86.92206648364112,
                27.89550994091178
              ],
              [
                86.9220666129626,
                27.89532939238558
              ],
              [
                86.92216822095521,
                27.89532944979691
              ],
              [
                86.92216809180442,
                27.89550999832311
              ],
              [
                86.92226969995876,
                27.895510055662577
              ],
              [
                86.9222697644578,
                27.895419781399475
              ],
              [
                86.92237137253127,
                27.895419838658093
              ],
              [
                86.92237143694048,
                27.89532956439499
              ],
              [
                86.92247304492412,
                27.89532962158174
              ],
              [
                86.92247310925248,
                27.89523934730966
              ],
              [
                86.92267632506706,
                27.895239461458583
              ],
              [
                86.92267626090938,
                27.895329735730666
              ],
              [
                86.92257465291675,
                27.895329678687645
              ],
              [
                86.9225745244397,
                27.89551022722283
              ],
              [
                86.92267613260302,
                27.895510284256865
              ],
              [
                86.92267619675171,
                27.895420009993764
              ],
              [
                86.92277780483417,
                27.89542006695594
              ],
              [
                86.922777868902,
                27.895329792692838
              ],
              [
                86.92287947689464,
                27.89532984957416
              ],
              [
                86.92287960486864,
                27.89514930103898
              ],
              [
                86.92298121269059,
                27.89514935784844
              ],
              [
                86.92298127659673,
                27.895059083576356
              ],
              [
                86.92308288432885,
                27.895059140313947
              ],
              [
                86.92308275669622,
                27.895239688858116
              ],
              [
                86.92298114879341,
                27.89523963212052
              ],
              [
                86.92298108488727,
                27.89532990638362
              ],
              [
                86.92318430087252,
                27.895330019786943
              ],
              [
                86.92318436460799,
                27.895239745514857
              ],
              [
                86.92338758042257,
                27.895239858621736
              ],
              [
                86.92338764398737,
                27.895149584349653
              ],
              [
                86.9234892518183,
                27.89514964078182
              ],
              [
                86.92348931529325,
                27.895059366509738
              ],
              [
                86.92359092303435,
                27.895059422879022
              ],
              [
                86.92359079624613,
                27.895239971414203
              ],
              [
                86.9238956199725,
                27.89524014005493
              ],
              [
                86.92389568311508,
                27.895149865782848
              ],
              [
                86.923997290946,
                27.895149921846706
              ],
              [
                86.92399735400774,
                27.895059647574623
              ],
              [
                86.92420056948994,
                27.895059759468776
              ],
              [
                86.9242005065989,
                27.89515003374984
              ],
              [
                86.92440372225177,
                27.895150145347547
              ],
              [
                86.92440378498112,
                27.895059871075464
              ],
              [
                86.92460700046333,
                27.89505998237673
              ],
              [
                86.92460706302201,
                27.894969708095662
              ],
              [
                86.92470867068226,
                27.894969763638496
              ],
              [
                86.92470873314213,
                27.894879489357432
              ],
              [
                86.92511516345076,
                27.8948797107652
              ],
              [
                86.92511510132327,
                27.89496998503728
              ],
              [
                86.92521670898353,
                27.894970040202825
              ],
              [
                86.92521683307679,
                27.894789491649675
              ],
              [
                86.92531844056637,
                27.89478954673437
              ],
              [
                86.92531831664377,
                27.894970095287515
              ],
              [
                86.92541992430402,
                27.894970150300345
              ],
              [
                86.92542004806492,
                27.894789601747195
              ],
              [
                86.92552165555449,
                27.894789656688157
              ],
              [
                86.92552159375938,
                27.894879930969225
              ],
              [
                86.9256232013388,
                27.894879985829338
              ],
              [
                86.92562332475833,
                27.894699437267207
              ],
              [
                86.92572493216706,
                27.894699492055455
              ],
              [
                86.92572499379148,
                27.89460921777439
              ],
              [
                86.92582660111935,
                27.894609272490776
              ],
              [
                86.92582666266294,
                27.894518998200724
              ],
              [
                86.92592826990098,
                27.894519052845244
              ],
              [
                86.92592833135473,
                27.894428778555195
              ],
              [
                86.92602993851193,
                27.894428833118866
              ],
              [
                86.92602981577511,
                27.894609381689982
              ],
              [
                86.92592820844723,
                27.89460932712631
              ],
              [
                86.92592814699348,
                27.894699601407375
              ],
              [
                86.92602975440221,
                27.894699655971046
              ],
              [
                86.9260296930293,
                27.894789930252113
              ],
              [
                86.92623290802642,
                27.894790039154874
              ],
              [
                86.92623296922864,
                27.89469976487381
              ],
              [
                86.92613136181093,
                27.894699710462852
              ],
              [
                86.92613142310299,
                27.894609436181785
              ],
              [
                86.92633463775873,
                27.894609544931832
              ],
              [
                86.92633451551599,
                27.894790093493967
              ],
              [
                86.92643612301454,
                27.894790147761192
              ],
              [
                86.9264362450866,
                27.894609599190076
              ],
              [
                86.92653785241448,
                27.894609653385437
              ],
              [
                86.9265379133562,
                27.89451937909539
              ],
              [
                86.92684273509728,
                27.894519541214347
              ],
              [
                86.92684267439812,
                27.894609815495414
              ],
              [
                86.92663945974236,
                27.89460970749995
              ],
              [
                86.92663933801165,
                27.894790256062084
              ],
              [
                86.9265377305131,
                27.89479020194757
              ],
              [
                86.92653760861172,
                27.894970750509703
              ],
              [
                86.9267408239412,
                27.894970858666863
              ],
              [
                86.92674088472121,
                27.894880584385795
              ],
              [
                86.9268424923096,
                27.894880638347594
              ],
              [
                86.92684243161044,
                27.89497091262866
              ],
              [
                86.92714725460917,
                27.894971074073883
              ],
              [
                86.9271473150568,
                27.89488079979282
              ],
              [
                86.92704570746841,
                27.8948807460556
              ],
              [
                86.92704582852538,
                27.894700197484482
              ],
              [
                86.92714743594308,
                27.894700251230685
              ],
              [
                86.92714749638174,
                27.894609976940636
              ],
              [
                86.92704588905387,
                27.894609923203415
              ],
              [
                86.92704594958235,
                27.894519648913366
              ],
              [
                86.92694434233532,
                27.89451959510428
              ],
              [
                86.92694446356298,
                27.894339046524184
              ],
              [
                86.92704607063932,
                27.89433910034225
              ],
              [
                86.92704601011083,
                27.894429374632303
              ],
              [
                86.92714761726803,
                27.89442942836952
              ],
              [
                86.92714755682938,
                27.894519702659572
              ],
              [
                86.9272491640764,
                27.894519756315944
              ],
              [
                86.92724934514982,
                27.89424893345478
              ],
              [
                86.92755416612734,
                27.894249093992702
              ],
              [
                86.92755410603004,
                27.89433936828275
              ],
              [
                86.92735089186836,
                27.894339261329335
              ],
              [
                86.9273508315914,
                27.894429535619384
              ],
              [
                86.92775726024713,
                27.894429749229776
              ],
              [
                86.92775732018274,
                27.894339474939727
              ],
              [
                86.92785892725908,
                27.894339528155925
              ],
              [
                86.92785874770382,
                27.894610351017086
              ],
              [
                86.92775714036696,
                27.89461029780089
              ],
              [
                86.92775708043136,
                27.89470057209094
              ],
              [
                86.92785868784907,
                27.894700625307138
              ],
              [
                86.92785856813958,
                27.89488117387825
              ],
              [
                86.92765535297178,
                27.89488106736501
              ],
              [
                86.92765541299721,
                27.894790793083942
              ],
              [
                86.92755380549866,
                27.894790739724016
              ],
              [
                86.92755368527712,
                27.894971288286147
              ],
              [
                86.92775690061559,
                27.89497139494312
              ],
              [
                86.92775684068,
                27.895061669224187
              ],
              [
                86.92796005618915,
                27.895061775575734
              ],
              [
                86.92796011595406,
                27.894971501294666
              ],
              [
                86.92846815430923,
                27.894971765875468
              ],
              [
                86.92846827300363,
                27.894791217313337
              ],
              [
                86.92867148800973,
                27.89479132261385
              ],
              [
                86.92867160636276,
                27.89461077404274
              ],
              [
                86.92877321369961,
                27.8946108265852
              ],
              [
                86.92877315460844,
                27.89470110087525
              ],
              [
                86.92887476202614,
                27.89470115333686
              ],
              [
                86.92887482103647,
                27.894610879046812
              ],
              [
                86.92928125037493,
                27.894611088165625
              ],
              [
                86.929281133028,
                27.894791636745726
              ],
              [
                86.92968756304917,
                27.894791844660798
              ],
              [
                86.92968762138577,
                27.89470157037075
              ],
              [
                86.92978922880349,
                27.894701622167606
              ],
              [
                86.92978928705922,
                27.894611347877557
              ],
              [
                86.92989089439608,
                27.89461139959357
              ],
              [
                86.929890952562,
                27.89452112530352
              ],
              [
                86.929992559818,
                27.894521176947666
              ],
              [
                86.92999261790308,
                27.894430902648633
              ],
              [
                86.93009422506925,
                27.894430954220915
              ],
              [
                86.93009428306449,
                27.894340679921882
              ],
              [
                86.93029749723514,
                27.89434078283288
              ],
              [
                86.9302974394106,
                27.89443105712293
              ],
              [
                86.93060226091812,
                27.894431210932474
              ],
              [
                86.93060231850012,
                27.89434093663344
              ],
              [
                86.93080553267079,
                27.894341038789854
              ],
              [
                86.93080547525946,
                27.894431313088887
              ],
              [
                86.93090708243462,
                27.894431364059297
              ],
              [
                86.93090702510413,
                27.894521638349346
              ],
              [
                86.93100863236015,
                27.894521689247888
              ],
              [
                86.9310086896008,
                27.89443141494886
              ],
              [
                86.93131351111731,
                27.894431567177364
              ],
              [
                86.93131345413717,
                27.894521841476397
              ],
              [
                86.93141506139318,
                27.894521892069513
              ],
              [
                86.93141511829246,
                27.894431617770483
              ],
              [
                86.93161833264278,
                27.894431718732136
              ],
              [
                86.931618446109,
                27.894251170143054
              ],
              [
                86.93172005311348,
                27.89425122050261
              ],
              [
                86.93171999646572,
                27.89434149480164
              ],
              [
                86.93182160355104,
                27.894341545098314
              ],
              [
                86.93182166011796,
                27.894251270799284
              ],
              [
                86.93192326712244,
                27.89425132101511
              ],
              [
                86.93192338008559,
                27.89407077241704
              ],
              [
                86.93202498691939,
                27.894070822561
              ],
              [
                86.93202509971185,
                27.893890273953954
              ],
              [
                86.93192349303975,
                27.893890223809994
              ],
              [
                86.93192354951684,
                27.89379994951096
              ],
              [
                86.93182194293456,
                27.893799899286154
              ],
              [
                86.93182199950147,
                27.89370962498712
              ],
              [
                86.93141557350475,
                27.89370942336924
              ],
              [
                86.93141545970617,
                27.893889971976286
              ],
              [
                86.93121224637095,
                27.893889870718187
              ],
              [
                86.93121218930098,
                27.89398014501722
              ],
              [
                86.93100897579507,
                27.89398004346268
              ],
              [
                86.93100891856339,
                27.89407031776171
              ],
              [
                86.93080570489579,
                27.894070215901742
              ],
              [
                86.93080576229814,
                27.89397994160271
              ],
              [
                86.93070415554519,
                27.893979890560434
              ],
              [
                86.93070421303736,
                27.8938896162614
              ],
              [
                86.93050099971111,
                27.893889513952274
              ],
              [
                86.93050111502785,
                27.893708965345226
              ],
              [
                86.93060272152928,
                27.893709016540214
              ],
              [
                86.9306027791023,
                27.8936187422322
              ],
              [
                86.9307043855139,
                27.893618793346338
              ],
              [
                86.93070432802172,
                27.893709067654353
              ],
              [
                86.93080593452315,
                27.893709118696627
              ],
              [
                86.93080604932784,
                27.893528570080598
              ],
              [
                86.93090765565859,
                27.893528621051008
              ],
              [
                86.93090754101559,
                27.893709169658052
              ],
              [
                86.93100914751702,
                27.893709220547613
              ],
              [
                86.93100909027636,
                27.89379949485563
              ],
              [
                86.93111069685864,
                27.893799545673325
              ],
              [
                86.93111075400945,
                27.89370927136531
              ],
              [
                86.93131396700332,
                27.893709372776122
              ],
              [
                86.93131402399244,
                27.893619098468108
              ],
              [
                86.93121241758085,
                27.893619047803124
              ],
              [
                86.93121247464184,
                27.89352877349511
              ],
              [
                86.93151729363407,
                27.89352892526548
              ],
              [
                86.93151735045252,
                27.89343865095746
              ],
              [
                86.93161895669344,
                27.893438701406847
              ],
              [
                86.93161889996482,
                27.89352897571486
              ],
              [
                86.93172050629558,
                27.893529026074418
              ],
              [
                86.93172044964781,
                27.893619300382433
              ],
              [
                86.9318220560594,
                27.893619350679106
              ],
              [
                86.93182211262632,
                27.89352907637109
              ],
              [
                86.93192371895707,
                27.893529126586916
              ],
              [
                86.93192377543414,
                27.8934388522789
              ],
              [
                86.93202538168404,
                27.893438902422858
              ],
              [
                86.93202543808027,
                27.893348628105862
              ],
              [
                86.93192383191122,
                27.893348577970883
              ],
              [
                86.93192388838831,
                27.893258303653887
              ],
              [
                86.93222870662596,
                27.8932584538522
              ],
              [
                86.9322286504004,
                27.8933487281692
              ],
              [
                86.93233025656946,
                27.8933487780796
              ],
              [
                86.93233014428004,
                27.893529326704613
              ],
              [
                86.93263496328126,
                27.893529476004613
              ],
              [
                86.93263501916546,
                27.893439201696594
              ],
              [
                86.93273662541536,
                27.89343925131055
              ],
              [
                86.93273656961202,
                27.89352952562755
              ],
              [
                86.93283817595174,
                27.893529575169637
              ],
              [
                86.93283806450674,
                27.893710123785667
              ],
              [
                86.93293967100817,
                27.89371017325589
              ],
              [
                86.93293955973385,
                27.89389072187192
              ],
              [
                86.93283795307073,
                27.893890672401696
              ],
              [
                86.93283778590325,
                27.894161495316762
              ],
              [
                86.93273617897961,
                27.89416144576569
              ],
              [
                86.93273629059529,
                27.89398089715864
              ],
              [
                86.93263468383334,
                27.89398084754469
              ],
              [
                86.9326347956197,
                27.893800298928657
              ],
              [
                86.93273640220198,
                27.893800348551594
              ],
              [
                86.93273645800532,
                27.89371007424358
              ],
              [
                86.93243163850104,
                27.893709925168157
              ],
              [
                86.93243158244617,
                27.89380019946719
              ],
              [
                86.93222836927264,
                27.893800099709278
              ],
              [
                86.93222820059597,
                27.89407092262434
              ],
              [
                86.93232980742978,
                27.89407097254372
              ],
              [
                86.93232975128508,
                27.894161246842753
              ],
              [
                86.9324313582087,
                27.894161296690267
              ],
              [
                86.93243130215383,
                27.8942515709893
              ],
              [
                86.93253290915831,
                27.894251620755966
              ],
              [
                86.93253279721027,
                27.894432169354033
              ],
              [
                86.93263440438542,
                27.894432219048834
              ],
              [
                86.93263429259908,
                27.894612767646898
              ],
              [
                86.93273589994492,
                27.894612817260853
              ],
              [
                86.93273601156059,
                27.89443226867177
              ],
              [
                86.93283761873575,
                27.89443231821386
              ],
              [
                86.93283773018075,
                27.894251769615792
              ],
              [
                86.93293933719421,
                27.894251819086016
              ],
              [
                86.93293922591091,
                27.894432367684082
              ],
              [
                86.93304083309506,
                27.894432417082438
              ],
              [
                86.93304077753426,
                27.894522691372487
              ],
              [
                86.93324399206425,
                27.894522789944624
              ],
              [
                86.93324393667413,
                27.894613064243657
              ],
              [
                86.93334554401997,
                27.89461311340845
              ],
              [
                86.93334565462055,
                27.894432564810387
              ],
              [
                86.93365047615502,
                27.89443271187358
              ],
              [
                86.93365042110625,
                27.894522986172614
              ],
              [
                86.93395524290123,
                27.894523132562075
              ],
              [
                86.93395529769847,
                27.89443285826304
              ],
              [
                86.93446333359225,
                27.894433100745285
              ],
              [
                86.93446338796727,
                27.89434282643727
              ],
              [
                86.93466660216488,
                27.89434292290735
              ],
              [
                86.93466671057357,
                27.8941623743003
              ],
              [
                86.9347683174972,
                27.89416242242305
              ],
              [
                86.9347683716207,
                27.894072148115036
              ],
              [
                86.93466676476893,
                27.894072099992286
              ],
              [
                86.93466692738197,
                27.89380127706824
              ],
              [
                86.93456532079071,
                27.893801228873624
              ],
              [
                86.93456548365526,
                27.893530405940595
              ],
              [
                86.93426066464507,
                27.893530260907593
              ],
              [
                86.93426071918178,
                27.893439986590593
              ],
              [
                86.93466714419036,
                27.89344017981821
              ],
              [
                86.934667089995,
                27.89353045413521
              ],
              [
                86.9349719090052,
                27.893530598269894
              ],
              [
                86.93497185506136,
                27.893620872577912
              ],
              [
                86.93527667433209,
                27.893621016038864
              ],
              [
                86.9352766206308,
                27.89371129035586
              ],
              [
                86.9353782271412,
                27.893711338029455
              ],
              [
                86.93537811990932,
                27.893891886645484
              ],
              [
                86.9352765132372,
                27.893891838980874
              ],
              [
                86.93527635214232,
                27.89416266190492
              ],
              [
                86.93537795907494,
                27.894162709578513
              ],
              [
                86.93537806629786,
                27.893982160962484
              ],
              [
                86.93547967305979,
                27.893982208555226
              ],
              [
                86.9354797265904,
                27.89389193424721
              ],
              [
                86.93558133327149,
                27.89389198176809
              ],
              [
                86.93558138671226,
                27.89380170745109
              ],
              [
                86.935479780121,
                27.89380165993021
              ],
              [
                86.93547983365161,
                27.893711385622197
              ],
              [
                86.93558144015304,
                27.893711433143075
              ],
              [
                86.93558154704357,
                27.89353088451806
              ],
              [
                86.93568315338331,
                27.893530931958093
              ],
              [
                86.93568304666344,
                27.89371148059209
              ],
              [
                86.93588625968427,
                27.893711575256553
              ],
              [
                86.93588615330577,
                27.893892123881567
              ],
              [
                86.93598775997788,
                27.893892171106003
              ],
              [
                86.93598749443588,
                27.89434354264608
              ],
              [
                86.93619070864247,
                27.894343636861386
              ],
              [
                86.93619076158019,
                27.894253362562353
              ],
              [
                86.93629236859366,
                27.894253409553226
              ],
              [
                86.93629242145053,
                27.89416313524521
              ],
              [
                86.93639402838315,
                27.8941631821732
              ],
              [
                86.93639408115916,
                27.894072907865187
              ],
              [
                86.93649568800195,
                27.89407295471233
              ],
              [
                86.93649563531577,
                27.894163229020343
              ],
              [
                86.93659724224838,
                27.89416327579562
              ],
              [
                86.93659734745009,
                27.893982727170606
              ],
              [
                86.936698954221,
                27.89398277387402
              ],
              [
                86.93669879666548,
                27.894253596798066
              ],
              [
                86.93659718964304,
                27.894253550103635
              ],
              [
                86.93659697923064,
                27.894614647326716
              ],
              [
                86.93669858658548,
                27.894614694021143
              ],
              [
                86.93669848154546,
                27.89479524262819
              ],
              [
                86.93751134174053,
                27.894795613524604
              ],
              [
                86.93751149727483,
                27.89452479060954
              ],
              [
                86.93761310454882,
                27.894524836639217
              ],
              [
                86.93761315630974,
                27.894434562331202
              ],
              [
                86.93751154912559,
                27.894434516301526
              ],
              [
                86.93751160096737,
                27.89434424199351
              ],
              [
                86.93761320807066,
                27.894344288023188
              ],
              [
                86.93761341510539,
                27.89398319078214
              ],
              [
                86.93751180834344,
                27.893983144752465
              ],
              [
                86.937511912027,
                27.89380259612745
              ],
              [
                86.93741030542675,
                27.89380255002591
              ],
              [
                86.93741040928099,
                27.893622001400896
              ],
              [
                86.93751201571055,
                27.893622047493455
              ],
              [
                86.9375121193941,
                27.893441498859456
              ],
              [
                86.93771533192084,
                27.893441590828978
              ],
              [
                86.93771553861421,
                27.893080493534033
              ],
              [
                86.93802035638474,
                27.893080630931355
              ],
              [
                86.93802030496516,
                27.893170905257335
              ],
              [
                86.93812191097253,
                27.893170950900736
              ],
              [
                86.93812180830407,
                27.893351499543716
              ],
              [
                86.9382234144821,
                27.893351545124233
              ],
              [
                86.93822331197535,
                27.893532093767213
              ],
              [
                86.93812170562663,
                27.893532048186696
              ],
              [
                86.93812160295818,
                27.893712596829676
              ],
              [
                86.93822320946859,
                27.893712642401212
              ],
              [
                86.93822310696183,
                27.893893191035207
              ],
              [
                86.93812150028074,
                27.893893145463675
              ],
              [
                86.93812144894203,
                27.89398341977169
              ],
              [
                86.93801984218008,
                27.89398337412829
              ],
              [
                86.93801973933196,
                27.894163922753304
              ],
              [
                86.9383245601388,
                27.894164059476893
              ],
              [
                86.93832445780272,
                27.894344608092922
              ],
              [
                86.9385276720183,
                27.89434469886768
              ],
              [
                86.93852762101196,
                27.89443497318468
              ],
              [
                86.93842601381883,
                27.89443492782874
              ],
              [
                86.93842596274062,
                27.89452520213676
              ],
              [
                86.93832435546665,
                27.89452515670895
              ],
              [
                86.93832430428962,
                27.89461543101697
              ],
              [
                86.93842591165344,
                27.894615476444773
              ],
              [
                86.93842586056624,
                27.894705750752788
              ],
              [
                86.93822264567693,
                27.894705659825316
              ],
              [
                86.93822259442804,
                27.894795934124346
              ],
              [
                86.93842580947906,
                27.89479602505182
              ],
              [
                86.93842575839186,
                27.894886299359836
              ],
              [
                86.93852736600721,
                27.89488634470679
              ],
              [
                86.93852741700456,
                27.894796070407757
              ],
              [
                86.93862902453006,
                27.894796115682848
              ],
              [
                86.93862907544657,
                27.894705841374833
              ],
              [
                86.93873068289123,
                27.89470588657806
              ],
              [
                86.93873083539822,
                27.89443506365401
              ],
              [
                86.93883244258237,
                27.894435108785373
              ],
              [
                86.93883249333717,
                27.894344834468374
              ],
              [
                86.9387308862249,
                27.894344789345997
              ],
              [
                86.93873098789622,
                27.894164240720983
              ],
              [
                86.93883259482884,
                27.894164285852344
              ],
              [
                86.93883264557466,
                27.894074011535345
              ],
              [
                86.93923907299073,
                27.894074191288233
              ],
              [
                86.93923917381764,
                27.893893642654234
              ],
              [
                86.93934078049872,
                27.8938936874083
              ],
              [
                86.9393407301751,
                27.8939839617253
              ],
              [
                86.93944233694602,
                27.89398400639852
              ],
              [
                86.93944238718879,
                27.893893732081523
              ],
              [
                86.93964560055996,
                27.89389382120338
              ],
              [
                86.93964550041576,
                27.894074369837377
              ],
              [
                86.93974710726754,
                27.894074414295
              ],
              [
                86.93974700729403,
                27.894254962920016
              ],
              [
                86.93984861431647,
                27.894255007296792
              ],
              [
                86.93984866422687,
                27.894164732979792
              ],
              [
                86.93995027115949,
                27.8941647772847
              ],
              [
                86.93995037080062,
                27.893984228650705
              ],
              [
                86.94035679789329,
                27.893984405106774
              ],
              [
                86.94035674841408,
                27.894074679423774
              ],
              [
                86.9405599621266,
                27.894074767207144
              ],
              [
                86.94055991280909,
                27.89416504151516
              ],
              [
                86.94066151975069,
                27.894165085299047
              ],
              [
                86.94066147052301,
                27.89425535960706
              ],
              [
                86.94076307755445,
                27.8942554033101
              ],
              [
                86.94076317583912,
                27.894074854685087
              ],
              [
                86.94086478269988,
                27.894074898307277
              ],
              [
                86.94086488082286,
                27.89389434967328
              ],
              [
                86.94106809420299,
                27.893894436702062
              ],
              [
                86.94106799642138,
                27.89407498533606
              ],
              [
                86.94116960327315,
                27.894075028742655
              ],
              [
                86.9411695056622,
                27.894255577376654
              ],
              [
                86.94127111268466,
                27.8942556207024
              ],
              [
                86.94127125885852,
                27.893984797751404
              ],
              [
                86.94177929274007,
                27.893985013266224
              ],
              [
                86.94177924443765,
                27.89407528758322
              ],
              [
                86.9416776375769,
                27.894075244625785
              ],
              [
                86.9416775408014,
                27.894255793268766
              ],
              [
                86.94157593376997,
                27.894255750239463
              ],
              [
                86.94157583682379,
                27.894436298864477
              ],
              [
                86.94137262243753,
                27.894436212581294
              ],
              [
                86.94137257379376,
                27.894526486898293
              ],
              [
                86.94127096651079,
                27.894526443644413
              ],
              [
                86.94127101523542,
                27.894436169327413
              ],
              [
                86.94106780084017,
                27.894436082604056
              ],
              [
                86.94106775195385,
                27.89452635691207
              ],
              [
                86.9409661446709,
                27.894526313433612
              ],
              [
                86.94096604670962,
                27.894706862058626
              ],
              [
                86.94106765416325,
                27.894706905537085
              ],
              [
                86.94106760526795,
                27.894797179845103
              ],
              [
                86.94127082033692,
                27.89479726657744
              ],
              [
                86.94127086906155,
                27.894706992269427
              ],
              [
                86.9413724765062,
                27.894707035523307
              ],
              [
                86.94137252514999,
                27.894616761206308
              ],
              [
                86.94157573987759,
                27.89461684748949
              ],
              [
                86.94157578835069,
                27.894526573181476
              ],
              [
                86.94167739563365,
                27.89452661621078
              ],
              [
                86.94167749240916,
                27.89434606757678
              ],
              [
                86.94198231375498,
                27.89434619621553
              ],
              [
                86.94198221748253,
                27.89452674484953
              ],
              [
                86.9417790029166,
                27.894526659159233
              ],
              [
                86.9417789546142,
                27.894616933476232
              ],
              [
                86.94167734725039,
                27.894616890518794
              ],
              [
                86.94167729885814,
                27.89470716482681
              ],
              [
                86.94177890631178,
                27.894707207784247
              ],
              [
                86.94177880969798,
                27.894887756400276
              ],
              [
                86.94167720208264,
                27.894887713451823
              ],
              [
                86.94167710529815,
                27.89506826205887
              ],
              [
                86.94147388972611,
                27.8950681759284
              ],
              [
                86.94147350124967,
                27.895790370329642
              ],
              [
                86.94167671817816,
                27.895790456469097
              ],
              [
                86.94167662139367,
                27.89597100505818
              ],
              [
                86.9420830559154,
                27.895971176438767
              ],
              [
                86.94208295980465,
                27.896151725018868
              ],
              [
                86.94228617740688,
                27.896151810260005
              ],
              [
                86.94228608163749,
                27.896332358849087
              ],
              [
                86.94269251751567,
                27.89633252842406
              ],
              [
                86.94269242241103,
                27.89651307700416
              ],
              [
                86.94309885897194,
                27.89651324539336
              ],
              [
                86.94309876454103,
                27.896693793964474
              ],
              [
                86.94350520177568,
                27.896693961149932
              ],
              [
                86.94350506114442,
                27.896964784011097
              ],
              [
                86.9436066707091,
                27.896964825621062
              ],
              [
                86.94360657712262,
                27.897145374183193
              ],
              [
                86.94370818685798,
                27.89714541572129
              ],
              [
                86.94370814014559,
                27.897235690002358
              ],
              [
                86.9438097499618,
                27.89723573145961
              ],
              [
                86.94380965670769,
                27.89741628002174
              ],
              [
                86.94401287668147,
                27.897416362720644
              ],
              [
                86.94401269085597,
                27.89777745981796
              ],
              [
                86.94411430117523,
                27.897777501059615
              ],
              [
                86.94411420842418,
                27.89795804960378
              ],
              [
                86.94401259793423,
                27.897958008362124
              ],
              [
                86.94401185458732,
                27.899402396553754
              ],
              [
                86.94380863090349,
                27.89940231385485
              ],
              [
                86.94380867753505,
                27.899312039600733
              ],
              [
                86.94370706577847,
                27.8993119981345
              ],
              [
                86.94370715921225,
                27.899131449626267
              ],
              [
                86.94360554762636,
                27.899131408088166
              ],
              [
                86.9436055944196,
                27.89904113383405
              ],
              [
                86.94350398292354,
                27.899041092215104
              ],
              [
                86.94350393604047,
                27.899131366478205
              ],
              [
                86.9431991012828,
                27.899131241181188
              ],
              [
                86.94319914841739,
                27.89904096692707
              ],
              [
                86.94309753692134,
                27.89904092501168
              ],
              [
                86.94309763135225,
                27.898860376503446
              ],
              [
                86.9428944086925,
                27.898860292448084
              ],
              [
                86.94289450346476,
                27.89867974393087
              ],
              [
                86.94187839185489,
                27.898679319189437
              ],
              [
                86.941878488307,
                27.89849877067222
              ],
              [
                86.94147204434398,
                27.898498598671793
              ],
              [
                86.94147194720915,
                27.89867914718901
              ],
              [
                86.94126872489076,
                27.89867906074413
              ],
              [
                86.94126862742355,
                27.898859609261347
              ],
              [
                86.94106540476382,
                27.89885952251104
              ],
              [
                86.94106511132912,
                27.89940116801777
              ],
              [
                86.94086188766327,
                27.89940108097102
              ],
              [
                86.94086178951335,
                27.899581629461288
              ],
              [
                86.94025211750967,
                27.89958136651542
              ],
              [
                86.94025201834465,
                27.899761915005687
              ],
              [
                86.94004879400505,
                27.899761826755196
              ],
              [
                86.94004869450765,
                27.899942375236478
              ],
              [
                86.93882934648484,
                27.89994183944531
              ],
              [
                86.93882924495725,
                27.900122387917612
              ],
              [
                86.9386260199529,
                27.90012229756506
              ],
              [
                86.93862591808394,
                27.900302846028378
              ],
              [
                86.93842269274722,
                27.900302755379382
              ],
              [
                86.93842238613425,
                27.900844400751367
              ],
              [
                86.93821915978243,
                27.90084430980593
              ],
              [
                86.93821905723975,
                27.90102485825128
              ],
              [
                86.93801583054658,
                27.90102476700041
              ],
              [
                86.93801562478745,
                27.90138586387315
              ],
              [
                86.93781239742054,
                27.90138577232584
              ],
              [
                86.93781229420412,
                27.901566320753222
              ],
              [
                86.93760906650483,
                27.901566228900485
              ],
              [
                86.93760917006261,
                27.9013856804731
              ],
              [
                86.93720271534676,
                27.90138549586931
              ],
              [
                86.93720281957827,
                27.90120494743294
              ],
              [
                86.93679636553615,
                27.901204761634393
              ],
              [
                86.9367962606309,
                27.901385310070758
              ],
              [
                86.93659303327297,
                27.901385216717834
              ],
              [
                86.93659292802634,
                27.901565765145218
              ],
              [
                86.93638970033604,
                27.901565671495852
              ],
              [
                86.93638964754204,
                27.901655945705052
              ],
              [
                86.93628803361156,
                27.901655898768077
              ],
              [
                86.9362880864864,
                27.901565624558877
              ],
              [
                86.93598324494644,
                27.9015654832988
              ],
              [
                86.9359832980818,
                27.901475209089597
              ],
              [
                86.93578007055318,
                27.901475114532932
              ],
              [
                86.93578012385022,
                27.90138484032373
              ],
              [
                86.93557689650129,
                27.901384745479604
              ],
              [
                86.935576949969,
                27.90129447126142
              ],
              [
                86.93527210919262,
                27.901294328429287
              ],
              [
                86.93527216291187,
                27.901204054220088
              ],
              [
                86.934967322396,
                27.901203910714223
              ],
              [
                86.93496737636679,
                27.90111363649604
              ],
              [
                86.93456092268399,
                27.901113444103853
              ],
              [
                86.93456097699614,
                27.90102316988567
              ],
              [
                86.9341545236547,
                27.901022976298727
              ],
              [
                86.93415457829921,
                27.900932702089523
              ],
              [
                86.93364651205137,
                27.90093245841252
              ],
              [
                86.93364656710911,
                27.90084218420332
              ],
              [
                86.93263043547579,
                27.900841691243823
              ],
              [
                86.93263049138693,
                27.900751417025642
              ],
              [
                86.93202081292438,
                27.90075111765309
              ],
              [
                86.93202086933857,
                27.900660843443887
              ],
              [
                86.9315128043843,
                27.900660591906625
              ],
              [
                86.9315128612207,
                27.90057031768844
              ],
              [
                86.93100479668864,
                27.900570064282682
              ],
              [
                86.93100485394724,
                27.900479790073483
              ],
              [
                86.93059840267193,
                27.9004795860032
              ],
              [
                86.93059846026293,
                27.900389311785016
              ],
              [
                86.92805814195941,
                27.900388009173955
              ],
              [
                86.92805808225738,
                27.90047828339214
              ],
              [
                86.92744840538484,
                27.900477963789527
              ],
              [
                86.92744834517976,
                27.900568237998726
              ],
              [
                86.92653382912982,
                27.90056775355526
              ],
              [
                86.92653376816116,
                27.90065802775548
              ],
              [
                86.9249079605626,
                27.900657151529767
              ],
              [
                86.92490789824647,
                27.900747425729985
              ],
              [
                86.92439983295982,
                27.9007471479709
              ],
              [
                86.92439977022147,
                27.900837422171115
              ],
              [
                86.92358686511065,
                27.900836973866873
              ],
              [
                86.92358680169858,
                27.900927248058107
              ],
              [
                86.92277389593198,
                27.900926794956863
              ],
              [
                86.92277383184617,
                27.901017069148097
              ],
              [
                86.92257060523384,
                27.901016955124938
              ],
              [
                86.92257066949034,
                27.900926680933704
              ],
              [
                86.92236744305767,
                27.90092656660512
              ],
              [
                86.9223673786305,
                27.901016840796352
              ],
              [
                86.92155447221712,
                27.9010163804996
              ],
              [
                86.92155440711622,
                27.901106654690835
              ],
              [
                86.92104634019462,
                27.901106364570932
              ],
              [
                86.92104627467151,
                27.90119663875318
              ],
              [
                86.92023336694659,
                27.901196170659052
              ],
              [
                86.92023330074075,
                27.90128644485029
              ],
              [
                86.91962361945748,
                27.901286090626606
              ],
              [
                86.91962355274859,
                27.901376364808858
              ],
              [
                86.91901387096226,
                27.901376007890228
              ],
              [
                86.9190139381742,
                27.90128573371696
              ],
              [
                86.91870909754155,
                27.90128555424255
              ],
              [
                86.91870903007808,
                27.9013758284248
              ],
              [
                86.91820096193479,
                27.901375527812572
              ],
              [
                86.9182008940491,
                27.901465801985843
              ],
              [
                86.91799766662828,
                27.901465681216337
              ],
              [
                86.91799759857192,
                27.901555955389604
              ],
              [
                86.91769275718468,
                27.90155577367839
              ],
              [
                86.91769268887678,
                27.901646047851656
              ],
              [
                86.9174894611236,
                27.901645926327564
              ],
              [
                86.91748939264502,
                27.90173620050083
              ],
              [
                86.91718455075473,
                27.90173601765774
              ],
              [
                86.91718448202462,
                27.901826291822026
              ],
              [
                86.91698125393906,
                27.901826169552333
              ],
              [
                86.91698118503828,
                27.9019164437256
              ],
              [
                86.91667634264493,
                27.901916259750628
              ],
              [
                86.91667627349261,
                27.9020065339239
              ],
              [
                86.91647304507468,
                27.90200641089962
              ],
              [
                86.91647297575169,
                27.902096685063903
              ],
              [
                86.91626974715408,
                27.902096561743182
              ],
              [
                86.91626967766939,
                27.902186835907468
              ],
              [
                86.91596483453044,
                27.902186650360445
              ],
              [
                86.91596476478524,
                27.90227692452473
              ],
              [
                86.91565992139476,
                27.90227673830397
              ],
              [
                86.91565985139803,
                27.902367012468257
              ],
              [
                86.9145420913983,
                27.902366323891627
              ],
              [
                86.91454237509525,
                27.902005227252452
              ],
              [
                86.91464398930422,
                27.902005290224352
              ],
              [
                86.91464406013638,
                27.90191501606905
              ],
              [
                86.9147456742645,
                27.901915078960105
              ],
              [
                86.91474588652741,
                27.90164425646725
              ],
              [
                86.91464427265981,
                27.901644193576196
              ],
              [
                86.91464434349197,
                27.90155391940293
              ],
              [
                86.91454272971419,
                27.90155385644001
              ],
              [
                86.91454280063618,
                27.90146358226674
              ],
              [
                86.91444118693026,
                27.901463519222975
              ],
              [
                86.91444132894493,
                27.901282970885422
              ],
              [
                86.9143397154097,
                27.90128290776979
              ],
              [
                86.91433978650237,
                27.901192633596523
              ],
              [
                86.91423817305696,
                27.901192570400042
              ],
              [
                86.91423845775104,
                27.90083147370697
              ],
              [
                86.91413684463802,
                27.900831410438624
              ],
              [
                86.91413691590137,
                27.900741136265353
              ],
              [
                86.91352723775321,
                27.90074075508323
              ],
              [
                86.91352730951962,
                27.900650480909963
              ],
              [
                86.91332408364391,
                27.900650353250377
              ],
              [
                86.91332415557203,
                27.90056007907711
              ],
              [
                86.91301931701447,
                27.900559887026283
              ],
              [
                86.91301917264623,
                27.900740435381802
              ],
              [
                86.91312078566942,
                27.900740499467616
              ],
              [
                86.91312071357063,
                27.900830773640884
              ],
              [
                86.91332393977872,
                27.900830901605897
              ],
              [
                86.91332336431795,
                27.901553094947126
              ],
              [
                86.91322175054017,
                27.901553031005044
              ],
              [
                86.91322167852223,
                27.90164330516933
              ],
              [
                86.913018450796,
                27.901643177060585
              ],
              [
                86.91301837860738,
                27.90173345121589
              ],
              [
                86.91281515071046,
                27.901733322801718
              ],
              [
                86.91281522306078,
                27.901643048646417
              ],
              [
                86.91271360920214,
                27.901642984327044
              ],
              [
                86.91271368164229,
                27.901552710162758
              ],
              [
                86.91261206786452,
                27.901552645771517
              ],
              [
                86.91261221291548,
                27.901372097442948
              ],
              [
                86.9125105992994,
                27.90137203297086
              ],
              [
                86.91251067191023,
                27.901281758806576
              ],
              [
                86.91240905838397,
                27.90128169426262
              ],
              [
                86.91240913107565,
                27.901191420098336
              ],
              [
                86.91230751763922,
                27.901191355482517
              ],
              [
                86.91230766319325,
                27.901010807144964
              ],
              [
                86.91240927645899,
                27.901010871769767
              ],
              [
                86.91240942184234,
                27.90083032342323
              ],
              [
                86.91251103494638,
                27.900830387967183
              ],
              [
                86.91251118015904,
                27.900649839620648
              ],
              [
                86.91230795429232,
                27.900649710460875
              ],
              [
                86.91230788151081,
                27.900739984634143
              ],
              [
                86.9121046554824,
                27.900739855177928
              ],
              [
                86.91210472842559,
                27.90064958100466
              ],
              [
                86.91200311549223,
                27.90064951616426
              ],
              [
                86.91200318851628,
                27.900559241990994
              ],
              [
                86.9121048013688,
                27.90055930683139
              ],
              [
                86.9121049472462,
                27.900378758484855
              ],
              [
                86.91220655992805,
                27.900378823253387
              ],
              [
                86.91220677849714,
                27.900108000715615
              ],
              [
                86.9119019412152,
                27.900107806194423
              ],
              [
                86.91190201432909,
                27.900017532021156
              ],
              [
                86.9118004019886,
                27.900017467028047
              ],
              [
                86.91180047517436,
                27.899927192845794
              ],
              [
                86.91190208743399,
                27.899927257838904
              ],
              [
                86.91190216054787,
                27.89983698365665
              ],
              [
                86.91200377271765,
                27.899837048568916
              ],
              [
                86.91200391876575,
                27.89965650019543
              ],
              [
                86.91210553077386,
                27.899656565035826
              ],
              [
                86.91210560370807,
                27.899566290853574
              ],
              [
                86.91230882755359,
                27.899566420300808
              ],
              [
                86.91230875478107,
                27.899656694492045
              ],
              [
                86.91241036678916,
                27.899656759098878
              ],
              [
                86.91241029410648,
                27.89974703329011
              ],
              [
                86.9127151303823,
                27.899747226679427
              ],
              [
                86.91271520281346,
                27.899656952488193
              ],
              [
                86.91281681482155,
                27.899657016807566
              ],
              [
                86.91281688717187,
                27.899566742616333
              ],
              [
                86.91271527524462,
                27.89956667830594
              ],
              [
                86.91271549253811,
                27.899295855732237
              ],
              [
                86.91261388087136,
                27.89929579134998
              ],
              [
                86.91261395338337,
                27.899205517149763
              ],
              [
                86.91251234179748,
                27.899205452686658
              ],
              [
                86.91251241439933,
                27.899115178495425
              ],
              [
                86.91261402590438,
                27.89911524295853
              ],
              [
                86.91261409841638,
                27.899024968767293
              ],
              [
                86.91271570983159,
                27.899025033149552
              ],
              [
                86.91271585469391,
                27.898844484758097
              ],
              [
                86.91281746594743,
                27.89884454906849
              ],
              [
                86.91281739359711,
                27.898934823268707
              ],
              [
                86.91291900493148,
                27.898934887507234
              ],
              [
                86.91291907719196,
                27.898844613307016
              ],
              [
                86.91302068844547,
                27.898844677464695
              ],
              [
                86.91302104932566,
                27.898393306463607
              ],
              [
                86.91312266015697,
                27.898393370549417
              ],
              [
                86.91312287642639,
                27.898122547921815
              ],
              [
                86.91322448700616,
                27.89812261193576
              ],
              [
                86.91322455900612,
                27.898032337726562
              ],
              [
                86.91363100097489,
                27.898032593018783
              ],
              [
                86.91363107264249,
                27.8979423188006
              ],
              [
                86.91413912468798,
                27.89794263622929
              ],
              [
                86.91413919594234,
                27.897852362020085
              ],
              [
                86.9142408062616,
                27.89785242527945
              ],
              [
                86.91424087742614,
                27.897762151061265
              ],
              [
                86.91444409791197,
                27.89776227735541
              ],
              [
                86.91444416890582,
                27.897672003137227
              ],
              [
                86.91464738922096,
                27.89767212913493
              ],
              [
                86.91464746004414,
                27.897581854916744
              ],
              [
                86.91485068019757,
                27.89758198060902
              ],
              [
                86.91485075085006,
                27.897491706390834
              ],
              [
                86.91495236083696,
                27.89749176912019
              ],
              [
                86.91495243140861,
                27.897401494902006
              ],
              [
                86.91515565122069,
                27.897401620145125
              ],
              [
                86.91515572162166,
                27.89731134592694
              ],
              [
                86.91495250198025,
                27.89731122068382
              ],
              [
                86.91495257255191,
                27.897220946456656
              ],
              [
                86.91485096280756,
                27.897220883718315
              ],
              [
                86.91485103346005,
                27.89713060950013
              ],
              [
                86.91464781416002,
                27.897130483807857
              ],
              [
                86.91464788497422,
                27.89704020958069
              ],
              [
                86.91485110411256,
                27.897040335272965
              ],
              [
                86.91485117477404,
                27.8969500610458
              ],
              [
                86.91525761270937,
                27.89695031153203
              ],
              [
                86.91525747207811,
                27.897130859986365
              ],
              [
                86.91566391070513,
                27.89713110926886
              ],
              [
                86.91566384072638,
                27.897221383496024
              ],
              [
                86.91596866995043,
                27.897221569671867
              ],
              [
                86.91596880940489,
                27.897041021217532
              ],
              [
                86.91617202854324,
                27.897041144960465
              ],
              [
                86.91617209809979,
                27.896950870733296
              ],
              [
                86.91637531708542,
                27.896950994179782
              ],
              [
                86.9163753864713,
                27.896860719943632
              ],
              [
                86.91627377706831,
                27.896860658265304
              ],
              [
                86.91627384653503,
                27.896770384029153
              ],
              [
                86.91617223721289,
                27.89677032226998
              ],
              [
                86.916172376326,
                27.89658977379768
              ],
              [
                86.91627398547746,
                27.896589835556853
              ],
              [
                86.91627405495316,
                27.896499561320702
              ],
              [
                86.91678210029721,
                27.89649986899369
              ],
              [
                86.91678216934173,
                27.896409594748555
              ],
              [
                86.91688377833148,
                27.896409656058573
              ],
              [
                86.91688364040417,
                27.89659020453986
              ],
              [
                86.91708685870707,
                27.896590326935314
              ],
              [
                86.91708692750903,
                27.896500052690183
              ],
              [
                86.91698531843844,
                27.896499991532878
              ],
              [
                86.91698538731227,
                27.896409717296727
              ],
              [
                86.91718860529178,
                27.89640983953947
              ],
              [
                86.9171884678675,
                27.89659038801177
              ],
              [
                86.91729007701896,
                27.896590449025346
              ],
              [
                86.91728993976537,
                27.896770997497647
              ]
            ],
            [
              [
                86.91728993976537,
                27.896770997497647
              ],
              [
                86.91728987113409,
                27.896861271733794
              ],
              [
                86.9171882617311,
                27.89686121072022
              ],
              [
                86.91718833044324,
                27.896770936493056
              ],
              [
                86.91728993976537,
                27.896770997497647
              ]
            ],
            [
              [
                86.92033874842036,
                27.896050598990353
              ],
              [
                86.92033855012625,
                27.89632142174372
              ],
              [
                86.92003372339053,
                27.89632124523375
              ],
              [
                86.92003365704097,
                27.89641151947888
              ],
              [
                86.91972883005373,
                27.896411342295178
              ],
              [
                86.91972902986599,
                27.896140519550794
              ],
              [
                86.91983063860422,
                27.89614057868689
              ],
              [
                86.91983057209296,
                27.89623085293202
              ],
              [
                86.91993218091204,
                27.896230911996252
              ],
              [
                86.91993224735144,
                27.896140637751117
              ],
              [
                86.92023707357511,
                27.896140814476684
              ],
              [
                86.92023713976299,
                27.89605054023155
              ],
              [
                86.92033874842036,
                27.896050598990353
              ]
            ],
            [
              [
                86.92074524881556,
                27.89596055903483
              ],
              [
                86.92094846596862,
                27.895960675725984
              ],
              [
                86.92094840038263,
                27.8960509499801
              ],
              [
                86.92084679171626,
                27.896050891670455
              ],
              [
                86.92084672604044,
                27.896141165924572
              ],
              [
                86.92064350855499,
                27.89614104907172
              ],
              [
                86.92064357439251,
                27.896050774826588
              ],
              [
                86.92074518305888,
                27.896050833288946
              ],
              [
                86.92074524881556,
                27.89596055903483
              ]
            ],
            [
              [
                86.9225745244397,
                27.89551022722283
              ],
              [
                86.92257446020118,
                27.895600501485927
              ],
              [
                86.92247285195701,
                27.89560044437104
              ],
              [
                86.92247291627639,
                27.895510170107944
              ],
              [
                86.9225745244397,
                27.89551022722283
              ]
            ],
            [
              [
                86.92592814699348,
                27.894699601407375
              ],
              [
                86.92592808553076,
                27.894789875688442
              ],
              [
                86.92582647804117,
                27.894789821052907
              ],
              [
                86.92582653957578,
                27.89469954677184
              ],
              [
                86.92592814699348,
                27.894699601407375
              ]
            ],
            [
              [
                86.93131345413717,
                27.894521841476397
              ],
              [
                86.93131339714805,
                27.894612115766446
              ],
              [
                86.9312117898022,
                27.894612065101466
              ],
              [
                86.93121184687217,
                27.894521790802433
              ],
              [
                86.93131345413717,
                27.894521841476397
              ]
            ],
            [
              [
                86.93202538168404,
                27.893438902422858
              ],
              [
                86.93212698793394,
                27.89343895248597
              ],
              [
                86.93212693161855,
                27.893529226793984
              ],
              [
                86.93202532528781,
                27.893529176730876
              ],
              [
                86.93202538168404,
                27.893438902422858
              ]
            ],
            [
              [
                86.93253279721027,
                27.894432169354033
              ],
              [
                86.93253274123624,
                27.894522443653063
              ],
              [
                86.93232952671524,
                27.894522344038883
              ],
              [
                86.93232963900465,
                27.89434179544082
              ],
              [
                86.93243124608998,
                27.894341845288334
              ],
              [
                86.9324311900351,
                27.894432119587364
              ],
              [
                86.93253279721027,
                27.894432169354033
              ]
            ],
            [
              [
                86.93547967305979,
                27.893982208555226
              ],
              [
                86.93568288658366,
                27.893982303525117
              ],
              [
                86.93568293994359,
                27.893892029217103
              ],
              [
                86.93578454662467,
                27.893892076585267
              ],
              [
                86.93578449334561,
                27.893982350893282
              ],
              [
                86.93588610010754,
                27.893982398189582
              ],
              [
                86.93588604691828,
                27.894072672497597
              ],
              [
                86.93558122638095,
                27.894072530384122
              ],
              [
                86.9355811729312,
                27.894162804692137
              ],
              [
                86.93547956599858,
                27.89416275717126
              ],
              [
                86.93547967305979,
                27.893982208555226
              ]
            ],
            [
              [
                86.93812180830407,
                27.893351499543716
              ],
              [
                86.93812175696534,
                27.8934417738697
              ],
              [
                86.93802015070646,
                27.893441728217315
              ],
              [
                86.93802020212604,
                27.893351453900316
              ],
              [
                86.93812180830407,
                27.893351499543716
              ]
            ],
            [
              [
                86.93923907299073,
                27.894074191288233
              ],
              [
                86.93944228670324,
                27.894074280715518
              ],
              [
                86.9394421862177,
                27.894254829340532
              ],
              [
                86.9392389721728,
                27.894254739913247
              ],
              [
                86.93923907299073,
                27.894074191288233
              ]
            ],
            [
              [
                86.9132230468181,
                27.89992809586825
              ],
              [
                86.913223190845,
                27.899747547494766
              ],
              [
                86.91362963921875,
                27.899747802804953
              ],
              [
                86.91362949587459,
                27.89992835117844
              ],
              [
                86.9132230468181,
                27.89992809586825
              ]
            ],
            [
              [
                86.91535894127205,
                27.89731147086463
              ],
              [
                86.91535901150233,
                27.897221196646445
              ],
              [
                86.91546062124668,
                27.89722125899851
              ],
              [
                86.91546055109724,
                27.897311533225675
              ],
              [
                86.91535894127205,
                27.89731147086463
              ]
            ],
            [
              [
                86.91779798639402,
                27.896771301424657
              ],
              [
                86.91779805459412,
                27.896681027188507
              ],
              [
                86.9178996638354,
                27.89668108775292
              ],
              [
                86.91789959571615,
                27.89677136198907
              ],
              [
                86.91779798639402,
                27.896771301424657
              ]
            ],
            [
              [
                86.91800127307668,
                27.89668114823649
              ],
              [
                86.91800134111509,
                27.896590873991357
              ],
              [
                86.91810295027553,
                27.896590934403058
              ],
              [
                86.91810288232696,
                27.896681208648193
              ],
              [
                86.91800127307668,
                27.89668114823649
              ]
            ],
            [
              [
                86.91881421438961,
                27.89659135518292
              ],
              [
                86.91881428175428,
                27.89650108093779
              ],
              [
                86.91901749990448,
                27.896501200485584
              ],
              [
                86.91901743271049,
                27.89659147473072
              ],
              [
                86.91881421438961,
                27.89659135518292
              ]
            ],
            [
              [
                86.93050042310051,
                27.894792256906666
              ],
              [
                86.93050048076336,
                27.894701982616617
              ],
              [
                86.93060208819006,
                27.89470203380262
              ],
              [
                86.93060203060804,
                27.89479230809267
              ],
              [
                86.93050042310051,
                27.894792256906666
              ]
            ],
            [
              [
                86.93171988316121,
                27.894522043399707
              ],
              [
                86.93171993980897,
                27.894431769100674
              ],
              [
                86.93182154698412,
                27.894431819397347
              ],
              [
                86.93182149041722,
                27.89452209369638
              ],
              [
                86.93171988316121,
                27.894522043399707
              ]
            ],
            [
              [
                86.93781698976997,
                27.893351362379956
              ],
              [
                86.93781704136022,
                27.893261088053976
              ],
              [
                86.93791864744841,
                27.89326113385907
              ],
              [
                86.937918595948,
                27.89335140817607
              ],
              [
                86.93781698976997,
                27.893351362379956
              ]
            ],
            [
              [
                86.9381211409187,
                27.89452506563775
              ],
              [
                86.93812124359613,
                27.894344517021718
              ],
              [
                86.93822285069943,
                27.894344562593254
              ],
              [
                86.93822274819267,
                27.894525111209283
              ],
              [
                86.9381211409187,
                27.89452506563775
              ]
            ],
            [
              [
                86.93893410044048,
                27.894344879518886
              ],
              [
                86.93893415110546,
                27.894254605210868
              ],
              [
                86.9390357581279,
                27.894254650189517
              ],
              [
                86.93903570754377,
                27.89434492449753
              ],
              [
                86.93893410044048,
                27.894344879518886
              ]
            ],
            [
              [
                86.93964334704623,
                27.89795616430051
              ],
              [
                86.93964354737952,
                27.897595067239127
              ],
              [
                86.93984676766772,
                27.89759515607353
              ],
              [
                86.93984656800816,
                27.897956253143892
              ],
              [
                86.93964334704623,
                27.89795616430051
              ]
            ],
            [
              [
                86.94005152994103,
                27.89479674168284
              ],
              [
                86.94005157968076,
                27.894706467374824
              ],
              [
                86.9401531871254,
                27.89470651152702
              ],
              [
                86.94015313747552,
                27.894796785835034
              ],
              [
                86.94005152994103,
                27.89479674168284
              ]
            ],
            [
              [
                86.94005162942047,
                27.894616193066806
              ],
              [
                86.94005172889092,
                27.894435644450777
              ],
              [
                86.94015333608405,
                27.89443568860297
              ],
              [
                86.94015323678428,
                27.894616237219005
              ],
              [
                86.94005162942047,
                27.894616193066806
              ]
            ],
            [
              [
                86.94025494328616,
                27.89443573267432
              ],
              [
                86.94025504241526,
                27.894255184049307
              ],
              [
                86.94035664944668,
                27.894255228057773
              ],
              [
                86.9403565504793,
                27.894435776682787
              ],
              [
                86.94025494328616,
                27.89443573267432
              ]
            ],
            [
              [
                86.94045796007,
                27.894796917842466
              ],
              [
                86.94045800946836,
                27.89470664353445
              ],
              [
                86.940559616922,
                27.8947066873902
              ],
              [
                86.9405595676045,
                27.89479696169822
              ],
              [
                86.94045796007,
                27.894796917842466
              ]
            ],
            [
              [
                86.94055976486555,
                27.894435864457172
              ],
              [
                86.94055981418306,
                27.894345590149157
              ],
              [
                86.94096624262319,
                27.894345764808598
              ],
              [
                86.94096619364704,
                27.894436039125598
              ],
              [
                86.94055976486555,
                27.894435864457172
              ]
            ],
            [
              [
                86.94066127359434,
                27.89461645685709
              ],
              [
                86.940661322831,
                27.894526182549075
              ],
              [
                86.94086453738794,
                27.894526269883286
              ],
              [
                86.94086448833094,
                27.8946165441913
              ],
              [
                86.94066127359434,
                27.89461645685709
              ]
            ],
            [
              [
                86.93781260386238,
                27.90102467544412
              ],
              [
                86.93781250064595,
                27.90120522388947
              ],
              [
                86.9376092736204,
                27.901205132036733
              ],
              [
                86.93760937717819,
                27.901024583600364
              ],
              [
                86.93781260386238,
                27.90102467544412
              ]
            ],
            [
              [
                86.93781260386238,
                27.90102467544412
              ],
              [
                86.93781281029523,
                27.900663578553416
              ],
              [
                86.93801603630568,
                27.900663670100727
              ],
              [
                86.93801583054658,
                27.90102476700041
              ],
              [
                86.93781260386238,
                27.90102467544412
              ]
            ]
          ],
          [
            [
              [
                86.93050111502785,
                27.893708965345226
              ],
              [
                86.93039950853542,
                27.893708914078374
              ],
              [
                86.93039956627912,
                27.89361863977934
              ],
              [
                86.93050117269071,
                27.89361869103721
              ],
              [
                86.93050111502785,
                27.893708965345226
              ]
            ]
          ],
          [
            [
              [
                86.93862953370414,
                27.893893372584728
              ],
              [
                86.93873114038524,
                27.89389341777897
              ],
              [
                86.9387311912209,
                27.893803143461973
              ],
              [
                86.93893440442139,
                27.89380323363486
              ],
              [
                86.93893445508637,
                27.89371295931786
              ],
              [
                86.93903606159677,
                27.893713004296508
              ],
              [
                86.93903596044647,
                27.893893552930503
              ],
              [
                86.9389343537564,
                27.89389350795186
              ],
              [
                86.93893430309141,
                27.893983782268858
              ],
              [
                86.93883269632948,
                27.893983737218345
              ],
              [
                86.93883264557466,
                27.894074011535345
              ],
              [
                86.93873103872289,
                27.894073966412968
              ],
              [
                86.93873108955856,
                27.89398369209597
              ],
              [
                86.93862948278765,
                27.893983646892742
              ],
              [
                86.93862953370414,
                27.893893372584728
              ]
            ]
          ],
          [
            [
              [
                86.94116931042237,
                27.894616674626683
              ],
              [
                86.94116926160791,
                27.894706948934697
              ],
              [
                86.94106765416325,
                27.894706905537085
              ],
              [
                86.94106770305855,
                27.89461663122009
              ],
              [
                86.94116931042237,
                27.894616674626683
              ]
            ]
          ],
          [
            [
              [
                86.94127096651079,
                27.894526443644413
              ],
              [
                86.94127091778617,
                27.894616717952427
              ],
              [
                86.94116931042237,
                27.894616674626683
              ],
              [
                86.94116935922783,
                27.894526400318664
              ],
              [
                86.94127096651079,
                27.894526443644413
              ]
            ]
          ],
          [
            [
              [
                86.9417789546142,
                27.894616933476232
              ],
              [
                86.94188056197801,
                27.89461697635282
              ],
              [
                86.94188051375644,
                27.894707250660836
              ],
              [
                86.94177890631178,
                27.894707207784247
              ],
              [
                86.9417789546142,
                27.894616933476232
              ]
            ]
          ],
          [
            [
              [
                86.94188051375644,
                27.894707250660836
              ],
              [
                86.94198212121007,
                27.894707293465558
              ],
              [
                86.94198221748253,
                27.89452674484953
              ],
              [
                86.94208382476549,
                27.8945267875734
              ],
              [
                86.94208387281637,
                27.8944365132564
              ],
              [
                86.94228708721161,
                27.894436598497542
              ],
              [
                86.9422870393314,
                27.894526872805557
              ],
              [
                86.94218543204845,
                27.894526830225413
              ],
              [
                86.94218538407841,
                27.89461710454241
              ],
              [
                86.94208377671461,
                27.8946170618904
              ],
              [
                86.94208368061284,
                27.89479761050643
              ],
              [
                86.94188046554386,
                27.894797524977832
              ],
              [
                86.94188051375644,
                27.894707250660836
              ]
            ]
          ]
        ]
      },
      "id": "+9390+1466",
      "properties": {
        "area_m2": 1882911.2320622564,
        "count": 18785,
        "image_id": "COPERNICUS/S2_SR_HARMONIZED/20241202T045139_20241202T045922_T45RVL",
        "lake_id": "imja-tsho",
        "observed_at": "2024-12-02T05:01:05.724000Z",
        "water": 1
      }
    }
  ]
}
