observed_at,year,sensor,source_product,boundary_geojson_url,available,usable,observation_state,lake_area_km2,aoi_valid_fraction,lake_envelope_valid_fraction,cloud_shadow_metrics,method,method_version,rejection_reasons,quality_flags,geometry_version
1985-10-01T00:00:00Z,1985,,,,False,False,unavailable,,,,,,,NO_ACQUISITION_IN_CONFIGURED_SEASON,,imja-expanded-aoi-v2-2026-08-28
1986-10-01T00:00:00Z,1986,,,,False,False,unavailable,,,,,,,NO_ACQUISITION_IN_CONFIGURED_SEASON,,imja-expanded-aoi-v2-2026-08-28
1987-12-06T04:10:34.831000Z,1987,TM,LANDSAT/LT05/C02/T1_L2/LT05_140041_19871206,,True,False,rejected,,0.14103710587653284,0.0,20,landsat_c2_l2_ndwi_connected_component,0.2.0-archive,LOW_LAKE_ENVELOPE_OBSERVABILITY;NO_LAKE_COMPONENT_AT_SEED,LOW_LAKE_ENVELOPE_OBSERVABILITY;NO_LAKE_COMPONENT_AT_SEED,imja-expanded-aoi-v2-2026-08-28
1988-10-01T00:00:00Z,1988,,,,False,False,unavailable,,,,,,,NO_ACQUISITION_IN_CONFIGURED_SEASON,,imja-expanded-aoi-v2-2026-08-28
1989-11-09T04:06:39.563000Z,1989,TM,LANDSAT/LT05/C02/T1_L2/LT05_140041_19891109,,True,False,rejected,,0.1004549235923222,0.0,5,landsat_c2_l2_ndwi_connected_component,0.2.0-archive,LOW_LAKE_ENVELOPE_OBSERVABILITY;NO_LAKE_COMPONENT_AT_SEED,LOW_LAKE_ENVELOPE_OBSERVABILITY;NO_LAKE_COMPONENT_AT_SEED,imja-expanded-aoi-v2-2026-08-28
1989-12-11T04:05:44.842000Z,1989,TM,LANDSAT/LT05/C02/T1_L2/LT05_140041_19891211,,True,False,rejected,,0.29331944329943127,0.0,14,landsat_c2_l2_ndwi_connected_component,0.2.0-archive,LOW_LAKE_ENVELOPE_OBSERVABILITY;NO_LAKE_COMPONENT_AT_SEED,LOW_LAKE_ENVELOPE_OBSERVABILITY;NO_LAKE_COMPONENT_AT_SEED,imja-expanded-aoi-v2-2026-08-28
1990-10-01T00:00:00Z,1990,,,,False,False,unavailable,,,,,,,NO_ACQUISITION_IN_CONFIGURED_SEASON,,imja-expanded-aoi-v2-2026-08-28
1991-11-15T04:06:21.958000Z,1991,TM,LANDSAT/LT05/C02/T1_L2/LT05_140041_19911115,,True,False,rejected,,0.19124028509544316,0.0,20,landsat_c2_l2_ndwi_connected_component,0.2.0-archive,LOW_LAKE_ENVELOPE_OBSERVABILITY;NO_LAKE_COMPONENT_AT_SEED,LOW_LAKE_ENVELOPE_OBSERVABILITY;NO_LAKE_COMPONENT_AT_SEED,imja-expanded-aoi-v2-2026-08-28
1992-10-16T04:03:39.594000Z,1992,TM,LANDSAT/LT05/C02/T1_L2/LT05_140041_19921016,data/archive/scenes/landsat/LANDSAT_LT05_C02_T1_L2_LT05_140041_19921016.geojson,True,True,published,0.666662,0.6740738520111788,0.8965953446117602,25,landsat_c2_l2_ndwi_connected_component,0.2.0-archive,,HUMAN_REVIEWED;PUBLISHED_AFTER_REVIEW,imja-expanded-aoi-v2-2026-08-28
1992-11-01T04:03:28.282000Z,1992,TM,LANDSAT/LT05/C02/T1_L2/LT05_140041_19921101,,True,False,rejected,,0.09430903326862931,0.0006734309059890451,7,landsat_c2_l2_ndwi_connected_component,0.2.0-archive,LOW_LAKE_ENVELOPE_OBSERVABILITY;NO_LAKE_COMPONENT_AT_SEED,LOW_LAKE_ENVELOPE_OBSERVABILITY;NO_LAKE_COMPONENT_AT_SEED,imja-expanded-aoi-v2-2026-08-28
1992-11-17T04:03:10.932000Z,1992,TM,LANDSAT/LT05/C02/T1_L2/LT05_140041_19921117,,True,False,rejected,,0.07802441748045748,0.14710635982865794,4,landsat_c2_l2_ndwi_connected_component,0.2.0-archive,LOW_LAKE_ENVELOPE_OBSERVABILITY;NO_LAKE_COMPONENT_AT_SEED,LOW_LAKE_ENVELOPE_OBSERVABILITY;NO_LAKE_COMPONENT_AT_SEED,imja-expanded-aoi-v2-2026-08-28
1992-12-03T04:03:20.972000Z,1992,TM,LANDSAT/LT05/C02/T1_L2/LT05_140041_19921203,,True,False,rejected,,0.005351160542310871,0.0,29,landsat_c2_l2_ndwi_connected_component,0.2.0-archive,LOW_LAKE_ENVELOPE_OBSERVABILITY;NO_LAKE_COMPONENT_AT_SEED,LOW_LAKE_ENVELOPE_OBSERVABILITY;NO_LAKE_COMPONENT_AT_SEED,imja-expanded-aoi-v2-2026-08-28
1993-10-03T04:04:25.602000Z,1993,TM,LANDSAT/LT05/C02/T1_L2/LT05_140041_19931003,data/archive/scenes/landsat/LANDSAT_LT05_C02_T1_L2_LT05_140041_19931003.geojson,True,False,rejected,0.195759,0.24320050363863827,0.14631672908006688,17,landsat_c2_l2_ndwi_connected_component,0.2.0-archive,LOW_LAKE_ENVELOPE_OBSERVABILITY,LOW_LAKE_ENVELOPE_OBSERVABILITY,imja-expanded-aoi-v2-2026-08-28
1993-11-04T04:04:13.980000Z,1993,TM,LANDSAT/LT05/C02/T1_L2/LT05_140041_19931104,,True,False,rejected,,0.09013842567957459,0.0,16,landsat_c2_l2_ndwi_connected_component,0.2.0-archive,LOW_LAKE_ENVELOPE_OBSERVABILITY;NO_LAKE_COMPONENT_AT_SEED,LOW_LAKE_ENVELOPE_OBSERVABILITY;NO_LAKE_COMPONENT_AT_SEED,imja-expanded-aoi-v2-2026-08-28
1993-11-20T04:04:05.134000Z,1993,TM,LANDSAT/LT05/C02/T1_L2/LT05_140041_19931120,data/archive/scenes/landsat/LANDSAT_LT05_C02_T1_L2_LT05_140041_19931120.geojson,True,False,rejected,0.272438,0.44640520426593827,0.25004621584648934,7,landsat_c2_l2_ndwi_connected_component,0.2.0-archive,LOW_LAKE_ENVELOPE_OBSERVABILITY,LOW_LAKE_ENVELOPE_OBSERVABILITY,imja-expanded-aoi-v2-2026-08-28
1993-12-06T04:04:02.538000Z,1993,TM,LANDSAT/LT05/C02/T1_L2/LT05_140041_19931206,data/archive/scenes/landsat/LANDSAT_LT05_C02_T1_L2_LT05_140041_19931206.geojson,True,False,rejected,0.363552,0.3833820233982106,0.2564636162447378,25,landsat_c2_l2_ndwi_connected_component,0.2.0-archive,LOW_LAKE_ENVELOPE_OBSERVABILITY,LOW_LAKE_ENVELOPE_OBSERVABILITY,imja-expanded-aoi-v2-2026-08-28
1994-10-22T03:57:36.392000Z,1994,TM,LANDSAT/LT05/C02/T1_L2/LT05_140041_19941022,,True,False,rejected,,0.10313260235780776,0.0033671545299452255,9,landsat_c2_l2_ndwi_connected_component,0.2.0-archive,LOW_LAKE_ENVELOPE_OBSERVABILITY;NO_LAKE_COMPONENT_AT_SEED,LOW_LAKE_ENVELOPE_OBSERVABILITY;NO_LAKE_COMPONENT_AT_SEED,imja-expanded-aoi-v2-2026-08-28
1994-11-07T03:57:02.532000Z,1994,TM,LANDSAT/LT05/C02/T1_L2/LT05_140041_19941107,,True,False,rejected,,0.08579724047995535,0.012121756307802812,7,landsat_c2_l2_ndwi_connected_component,0.2.0-archive,LOW_LAKE_ENVELOPE_OBSERVABILITY;NO_LAKE_COMPONENT_AT_SEED,LOW_LAKE_ENVELOPE_OBSERVABILITY;NO_LAKE_COMPONENT_AT_SEED,imja-expanded-aoi-v2-2026-08-28
1994-11-23T03:56:28.398000Z,1994,TM,LANDSAT/LT05/C02/T1_L2/LT05_140041_19941123,,True,False,rejected,,0.0,0.0,50,landsat_c2_l2_ndwi_connected_component,0.2.0-archive,LOW_LAKE_ENVELOPE_OBSERVABILITY;NO_LAKE_COMPONENT_AT_SEED,LOW_LAKE_ENVELOPE_OBSERVABILITY;NO_LAKE_COMPONENT_AT_SEED,imja-expanded-aoi-v2-2026-08-28
1994-12-09T03:56:00.412000Z,1994,TM,LANDSAT/LT05/C02/T1_L2/LT05_140041_19941209,,True,False,rejected,,0.24520576486370882,0.0105213675665112,11,landsat_c2_l2_ndwi_connected_component,0.2.0-archive,LOW_LAKE_ENVELOPE_OBSERVABILITY;NO_LAKE_COMPONENT_AT_SEED,LOW_LAKE_ENVELOPE_OBSERVABILITY;NO_LAKE_COMPONENT_AT_SEED,imja-expanded-aoi-v2-2026-08-28
1995-10-25T03:41:59.646000Z,1995,TM,LANDSAT/LT05/C02/T1_L2/LT05_140041_19951025,data/archive/scenes/landsat/LANDSAT_LT05_C02_T1_L2_LT05_140041_19951025.geojson,True,False,rejected,0.240864,0.22817468466375265,0.180912591309308,4,landsat_c2_l2_ndwi_connected_component,0.2.0-archive,LOW_LAKE_ENVELOPE_OBSERVABILITY,LOW_LAKE_ENVELOPE_OBSERVABILITY,imja-expanded-aoi-v2-2026-08-28
1995-11-26T03:41:58.085000Z,1995,TM,LANDSAT/LT05/C02/T1_L2/LT05_140041_19951126,,True,False,rejected,,0.044190992962549205,0.0010246713393088215,11,landsat_c2_l2_ndwi_connected_component,0.2.0-archive,LOW_LAKE_ENVELOPE_OBSERVABILITY;NO_LAKE_COMPONENT_AT_SEED,LOW_LAKE_ENVELOPE_OBSERVABILITY;NO_LAKE_COMPONENT_AT_SEED,imja-expanded-aoi-v2-2026-08-28
1995-12-12T03:42:59.507000Z,1995,TM,LANDSAT/LT05/C02/T1_L2/LT05_140041_19951212,,True,False,rejected,,0.12731714994491367,0.009966777408637866,5,landsat_c2_l2_ndwi_connected_component,0.2.0-archive,LOW_LAKE_ENVELOPE_OBSERVABILITY;NO_LAKE_COMPONENT_AT_SEED,LOW_LAKE_ENVELOPE_OBSERVABILITY;NO_LAKE_COMPONENT_AT_SEED,imja-expanded-aoi-v2-2026-08-28
1996-10-11T04:01:15.837000Z,1996,TM,LANDSAT/LT05/C02/T1_L2/LT05_140041_19961011,data/archive/scenes/landsat/LANDSAT_LT05_C02_T1_L2_LT05_140041_19961011.geojson,True,False,rejected,0.403245,0.19440331562104096,0.301448800764806,26,landsat_c2_l2_ndwi_connected_component,0.2.0-archive,LOW_LAKE_ENVELOPE_OBSERVABILITY,LOW_LAKE_ENVELOPE_OBSERVABILITY,imja-expanded-aoi-v2-2026-08-28
1996-10-27T04:02:03.942000Z,1996,TM,LANDSAT/LT05/C02/T1_L2/LT05_140041_19961027,,True,False,rejected,,0.0,0.0,28,landsat_c2_l2_ndwi_connected_component,0.2.0-archive,LOW_LAKE_ENVELOPE_OBSERVABILITY;NO_LAKE_COMPONENT_AT_SEED,LOW_LAKE_ENVELOPE_OBSERVABILITY;NO_LAKE_COMPONENT_AT_SEED,imja-expanded-aoi-v2-2026-08-28
1996-11-28T04:03:34.675000Z,1996,TM,LANDSAT/LT05/C02/T1_L2/LT05_140041_19961128,data/archive/scenes/landsat/LANDSAT_LT05_C02_T1_L2_LT05_140041_19961128.geojson,True,False,rejected,0.470903,0.2911475016675523,0.3205795203059223,9,landsat_c2_l2_ndwi_connected_component,0.2.0-archive,LOW_LAKE_ENVELOPE_OBSERVABILITY,LOW_LAKE_ENVELOPE_OBSERVABILITY,imja-expanded-aoi-v2-2026-08-28
1996-12-14T04:04:20.258000Z,1996,TM,LANDSAT/LT05/C02/T1_L2/LT05_140041_19961214,,True,False,rejected,,0.25178784222320366,0.17479625413961933,7,landsat_c2_l2_ndwi_connected_component,0.2.0-archive,LOW_LAKE_ENVELOPE_OBSERVABILITY;NO_LAKE_COMPONENT_AT_SEED,LOW_LAKE_ENVELOPE_OBSERVABILITY;NO_LAKE_COMPONENT_AT_SEED,imja-expanded-aoi-v2-2026-08-28
1997-10-14T04:15:22.702000Z,1997,TM,LANDSAT/LT05/C02/T1_L2/LT05_140041_19971014,,True,False,rejected,,0.1385093195632129,0.010774894495824722,35,landsat_c2_l2_ndwi_connected_component,0.2.0-archive,LOW_LAKE_ENVELOPE_OBSERVABILITY;NO_LAKE_COMPONENT_AT_SEED,LOW_LAKE_ENVELOPE_OBSERVABILITY;NO_LAKE_COMPONENT_AT_SEED,imja-expanded-aoi-v2-2026-08-28
1997-10-30T04:15:49.575000Z,1997,TM,LANDSAT/LT05/C02/T1_L2/LT05_140041_19971030,,True,False,rejected,,0.0,0.0,92,landsat_c2_l2_ndwi_connected_component,0.2.0-archive,LOW_LAKE_ENVELOPE_OBSERVABILITY;NO_LAKE_COMPONENT_AT_SEED,LOW_LAKE_ENVELOPE_OBSERVABILITY;NO_LAKE_COMPONENT_AT_SEED,imja-expanded-aoi-v2-2026-08-28
1997-11-15T04:16:11.919000Z,1997,TM,LANDSAT/LT05/C02/T1_L2/LT05_140041_19971115,data/archive/scenes/landsat/LANDSAT_LT05_C02_T1_L2_LT05_140041_19971115.geojson,True,False,rejected,0.079386,0.040859183535812894,0.06666965969291547,14,landsat_c2_l2_ndwi_connected_component,0.2.0-archive,LOW_LAKE_ENVELOPE_OBSERVABILITY,LOW_LAKE_ENVELOPE_OBSERVABILITY,imja-expanded-aoi-v2-2026-08-28
1998-10-17T04:20:59.557000Z,1998,TM,LANDSAT/LT05/C02/T1_L2/LT05_140041_19981017,data/archive/scenes/landsat/LANDSAT_LT05_C02_T1_L2_LT05_140041_19981017.geojson,True,False,rejected,0.056833,0.16786575631983988,0.05640974177225883,22,landsat_c2_l2_ndwi_connected_component,0.2.0-archive,LOW_LAKE_ENVELOPE_OBSERVABILITY,LOW_LAKE_ENVELOPE_OBSERVABILITY,imja-expanded-aoi-v2-2026-08-28
1998-11-02T04:21:03.671000Z,1998,TM,LANDSAT/LT05/C02/T1_L2/LT05_140041_19981102,data/archive/scenes/landsat/LANDSAT_LT05_C02_T1_L2_LT05_140041_19981102.geojson,True,False,rejected,0.19215,0.10620449827248908,0.14129372679304275,4,landsat_c2_l2_ndwi_connected_component,0.2.0-archive,LOW_LAKE_ENVELOPE_OBSERVABILITY,LOW_LAKE_ENVELOPE_OBSERVABILITY,imja-expanded-aoi-v2-2026-08-28
1998-12-04T04:21:07.097000Z,1998,TM,LANDSAT/LT05/C02/T1_L2/LT05_140041_19981204,,True,False,rejected,,0.11008731235338601,0.020144827258370336,7,landsat_c2_l2_ndwi_connected_component,0.2.0-archive,LOW_LAKE_ENVELOPE_OBSERVABILITY;NO_LAKE_COMPONENT_AT_SEED,LOW_LAKE_ENVELOPE_OBSERVABILITY;NO_LAKE_COMPONENT_AT_SEED,imja-expanded-aoi-v2-2026-08-28
1999-10-04T04:18:44.817000Z,1999,TM,LANDSAT/LT05/C02/T1_L2/LT05_140041_19991004,,True,False,rejected,,0.0,0.0,87,landsat_c2_l2_ndwi_connected_component,0.2.0-archive,LOW_LAKE_ENVELOPE_OBSERVABILITY;NO_LAKE_COMPONENT_AT_SEED,LOW_LAKE_ENVELOPE_OBSERVABILITY;NO_LAKE_COMPONENT_AT_SEED,imja-expanded-aoi-v2-2026-08-28
1999-10-12T04:35:11.134000Z,1999,ETM+,LANDSAT/LE07/C02/T1_L2/LE07_140041_19991012,,True,False,rejected,,0.0,0.0,67,landsat_c2_l2_ndwi_connected_component,0.2.0-archive,LOW_LAKE_ENVELOPE_OBSERVABILITY;NO_LAKE_COMPONENT_AT_SEED,LOW_LAKE_ENVELOPE_OBSERVABILITY;NO_LAKE_COMPONENT_AT_SEED,imja-expanded-aoi-v2-2026-08-28
1999-10-20T04:18:43.109000Z,1999,TM,LANDSAT/LT05/C02/T1_L2/LT05_140041_19991020,,True,False,rejected,,0.0,0.0,65,landsat_c2_l2_ndwi_connected_component,0.2.0-archive,LOW_LAKE_ENVELOPE_OBSERVABILITY;NO_LAKE_COMPONENT_AT_SEED,LOW_LAKE_ENVELOPE_OBSERVABILITY;NO_LAKE_COMPONENT_AT_SEED,imja-expanded-aoi-v2-2026-08-28
1999-10-28T04:35:02.975000Z,1999,ETM+,LANDSAT/LE07/C02/T1_L2/LE07_140041_19991028,,True,False,rejected,,0.0,0.0,11,landsat_c2_l2_ndwi_connected_component,0.2.0-archive,LOW_LAKE_ENVELOPE_OBSERVABILITY;NO_LAKE_COMPONENT_AT_SEED,LOW_LAKE_ENVELOPE_OBSERVABILITY;NO_LAKE_COMPONENT_AT_SEED,imja-expanded-aoi-v2-2026-08-28
1999-11-05T04:18:13.760000Z,1999,TM,LANDSAT/LT05/C02/T1_L2/LT05_140041_19991105,,True,False,rejected,,0.06482428857294865,0.07075249961706866,14,landsat_c2_l2_ndwi_connected_component,0.2.0-archive,LOW_LAKE_ENVELOPE_OBSERVABILITY;NO_LAKE_COMPONENT_AT_SEED,LOW_LAKE_ENVELOPE_OBSERVABILITY;NO_LAKE_COMPONENT_AT_SEED,imja-expanded-aoi-v2-2026-08-28
1999-11-21T04:17:37.893000Z,1999,TM,LANDSAT/LT05/C02/T1_L2/LT05_140041_19991121,,True,False,rejected,,0.056230654505392164,0.026263805333572757,8,landsat_c2_l2_ndwi_connected_component,0.2.0-archive,LOW_LAKE_ENVELOPE_OBSERVABILITY;NO_LAKE_COMPONENT_AT_SEED,LOW_LAKE_ENVELOPE_OBSERVABILITY;NO_LAKE_COMPONENT_AT_SEED,imja-expanded-aoi-v2-2026-08-28
1999-11-29T04:34:56.645000Z,1999,ETM+,LANDSAT/LE07/C02/T1_L2/LE07_140041_19991129,,True,False,rejected,,0.012374221496076518,0.0,11,landsat_c2_l2_ndwi_connected_component,0.2.0-archive,LOW_LAKE_ENVELOPE_OBSERVABILITY;NO_LAKE_COMPONENT_AT_SEED,LOW_LAKE_ENVELOPE_OBSERVABILITY;NO_LAKE_COMPONENT_AT_SEED,imja-expanded-aoi-v2-2026-08-28
1999-12-07T04:17:16.931000Z,1999,TM,LANDSAT/LT05/C02/T1_L2/LT05_140041_19991207,,True,False,rejected,,0.0,0.0,16,landsat_c2_l2_ndwi_connected_component,0.2.0-archive,LOW_LAKE_ENVELOPE_OBSERVABILITY;NO_LAKE_COMPONENT_AT_SEED,LOW_LAKE_ENVELOPE_OBSERVABILITY;NO_LAKE_COMPONENT_AT_SEED,imja-expanded-aoi-v2-2026-08-28
2000-10-14T04:32:19.052000Z,2000,ETM+,LANDSAT/LE07/C02/T1_L2/LE07_140041_20001014,,True,False,rejected,,0.11278807455650532,0.08656096002197228,22,landsat_c2_l2_ndwi_connected_component,0.2.0-archive,LOW_LAKE_ENVELOPE_OBSERVABILITY;NO_LAKE_COMPONENT_AT_SEED,LOW_LAKE_ENVELOPE_OBSERVABILITY;NO_LAKE_COMPONENT_AT_SEED,imja-expanded-aoi-v2-2026-08-28
2000-10-30T04:32:31.387000Z,2000,ETM+,LANDSAT/LE07/C02/T1_L2/LE07_140041_20001030,data/archive/scenes/landsat/LANDSAT_LE07_C02_T1_L2_LE07_140041_20001030.geojson,True,False,rejected,0.305816,0.19761671001056674,0.2258185486639657,5,landsat_c2_l2_ndwi_connected_component,0.2.0-archive,LOW_LAKE_ENVELOPE_OBSERVABILITY,LOW_LAKE_ENVELOPE_OBSERVABILITY,imja-expanded-aoi-v2-2026-08-28
2000-11-07T04:20:58.396000Z,2000,TM,LANDSAT/LT05/C02/T1_L2/LT05_140041_20001107,data/archive/scenes/landsat/LANDSAT_LT05_C02_T1_L2_LT05_140041_20001107.geojson,True,False,rejected,0.395126,0.35752047905627565,0.2881544824089282,9,landsat_c2_l2_ndwi_connected_component,0.2.0-archive,LOW_LAKE_ENVELOPE_OBSERVABILITY,LOW_LAKE_ENVELOPE_OBSERVABILITY,imja-expanded-aoi-v2-2026-08-28
2000-11-23T04:21:18.940000Z,2000,TM,LANDSAT/LT05/C02/T1_L2/LT05_140041_20001123,,True,False,rejected,,0.1203705341417529,0.0026937236239561804,6,landsat_c2_l2_ndwi_connected_component,0.2.0-archive,LOW_LAKE_ENVELOPE_OBSERVABILITY;NO_LAKE_COMPONENT_AT_SEED,LOW_LAKE_ENVELOPE_OBSERVABILITY;NO_LAKE_COMPONENT_AT_SEED,imja-expanded-aoi-v2-2026-08-28
2000-12-09T04:21:26.327000Z,2000,TM,LANDSAT/LT05/C02/T1_L2/LT05_140041_20001209,data/archive/scenes/landsat/LANDSAT_LT05_C02_T1_L2_LT05_140041_20001209.geojson,True,False,rejected,0.356335,0.28682280463767124,0.24421773737779195,12,landsat_c2_l2_ndwi_connected_component,0.2.0-archive,LOW_LAKE_ENVELOPE_OBSERVABILITY,LOW_LAKE_ENVELOPE_OBSERVABILITY,imja-expanded-aoi-v2-2026-08-28
2001-10-09T04:22:03.843000Z,2001,TM,LANDSAT/LT05/C02/T1_L2/LT05_140041_20011009,data/archive/scenes/landsat/LANDSAT_LT05_C02_T1_L2_LT05_140041_20011009.geojson,True,False,rejected,0.498868,0.36402761018968754,0.397670193155829,25,landsat_c2_l2_ndwi_connected_component,0.2.0-archive,LOW_LAKE_ENVELOPE_OBSERVABILITY,LOW_LAKE_ENVELOPE_OBSERVABILITY,imja-expanded-aoi-v2-2026-08-28
2001-10-17T04:30:25.911000Z,2001,ETM+,LANDSAT/LE07/C02/T1_L2/LE07_140041_20011017,,True,False,rejected,,0.06743601465948156,0.0,11,landsat_c2_l2_ndwi_connected_component,0.2.0-archive,LOW_LAKE_ENVELOPE_OBSERVABILITY;NO_LAKE_COMPONENT_AT_SEED,LOW_LAKE_ENVELOPE_OBSERVABILITY;NO_LAKE_COMPONENT_AT_SEED,imja-expanded-aoi-v2-2026-08-28
2002-10-04T04:29:53.035000Z,2002,ETM+,LANDSAT/LE07/C02/T1_L2/LE07_140041_20021004,data/archive/scenes/landsat/LANDSAT_LE07_C02_T1_L2_LE07_140041_20021004.geojson,True,False,rejected,0.331075,0.5693823681508495,0.2933095299716367,35,landsat_c2_l2_ndwi_connected_component,0.2.0-archive,LOW_LAKE_ENVELOPE_OBSERVABILITY,LOW_LAKE_ENVELOPE_OBSERVABILITY,imja-expanded-aoi-v2-2026-08-28
2002-10-20T04:29:56.704000Z,2002,ETM+,LANDSAT/LE07/C02/T1_L2/LE07_140041_20021020,,True,False,rejected,,0.025838460904301065,0.0,18,landsat_c2_l2_ndwi_connected_component,0.2.0-archive,LOW_LAKE_ENVELOPE_OBSERVABILITY;NO_LAKE_COMPONENT_AT_SEED,LOW_LAKE_ENVELOPE_OBSERVABILITY;NO_LAKE_COMPONENT_AT_SEED,imja-expanded-aoi-v2-2026-08-28
2002-11-05T04:30:02.326000Z,2002,ETM+,LANDSAT/LE07/C02/T1_L2/LE07_140041_20021105,,True,False,rejected,,0.0004586709036266461,0.0,13,landsat_c2_l2_ndwi_connected_component,0.2.0-archive,LOW_LAKE_ENVELOPE_OBSERVABILITY;NO_LAKE_COMPONENT_AT_SEED,LOW_LAKE_ENVELOPE_OBSERVABILITY;NO_LAKE_COMPONENT_AT_SEED,imja-expanded-aoi-v2-2026-08-28
2003-11-08T04:30:37.544000Z,2003,ETM+,LANDSAT/LE07/C02/T1_L2/LE07_140041_20031108,data/archive/scenes/landsat/LANDSAT_LE07_C02_T1_L2_LE07_140041_20031108.geojson,True,False,rejected,0.453763,0.16166620449827174,0.3141700426242148,9,landsat_c2_l2_ndwi_connected_component,0.2.0-archive,LANDSAT_7_SLC_OFF;LOW_LAKE_ENVELOPE_OBSERVABILITY,LANDSAT_7_SLC_OFF;LOW_LAKE_ENVELOPE_OBSERVABILITY,imja-expanded-aoi-v2-2026-08-28
2003-11-16T04:20:27.872000Z,2003,TM,LANDSAT/LT05/C02/T1_L2/LT05_140041_20031116,,True,False,rejected,,0.045377241828987516,0.0,18,landsat_c2_l2_ndwi_connected_component,0.2.0-archive,LOW_LAKE_ENVELOPE_OBSERVABILITY;NO_LAKE_COMPONENT_AT_SEED,LOW_LAKE_ENVELOPE_OBSERVABILITY;NO_LAKE_COMPONENT_AT_SEED,imja-expanded-aoi-v2-2026-08-28
2003-11-24T04:30:50.258000Z,2003,ETM+,LANDSAT/LE07/C02/T1_L2/LE07_140041_20031124,,True,False,rejected,,0.0,0.0,13,landsat_c2_l2_ndwi_connected_component,0.2.0-archive,LANDSAT_7_SLC_OFF;LOW_LAKE_ENVELOPE_OBSERVABILITY;NO_LAKE_COMPONENT_AT_SEED,LANDSAT_7_SLC_OFF;LOW_LAKE_ENVELOPE_OBSERVABILITY;NO_LAKE_COMPONENT_AT_SEED,imja-expanded-aoi-v2-2026-08-28
2003-12-10T04:30:54.354000Z,2003,ETM+,LANDSAT/LE07/C02/T1_L2/LE07_140041_20031210,,True,False,rejected,,0.013828478066986886,0.0,31,landsat_c2_l2_ndwi_connected_component,0.2.0-archive,LANDSAT_7_SLC_OFF;LOW_LAKE_ENVELOPE_OBSERVABILITY;NO_LAKE_COMPONENT_AT_SEED,LANDSAT_7_SLC_OFF;LOW_LAKE_ENVELOPE_OBSERVABILITY;NO_LAKE_COMPONENT_AT_SEED,imja-expanded-aoi-v2-2026-08-28
2004-10-01T04:26:21.198000Z,2004,TM,LANDSAT/LT05/C02/T1_L2/LT05_140041_20041001,,True,False,rejected,,0.19228473570213303,0.3417146871319236,72,landsat_c2_l2_ndwi_connected_component,0.2.0-archive,LOW_LAKE_ENVELOPE_OBSERVABILITY;NO_LAKE_COMPONENT_AT_SEED,LOW_LAKE_ENVELOPE_OBSERVABILITY;NO_LAKE_COMPONENT_AT_SEED,imja-expanded-aoi-v2-2026-08-28
2004-10-09T04:30:39.290000Z,2004,ETM+,LANDSAT/LE07/C02/T1_L2/LE07_140041_20041009,,True,False,rejected,,0.522191127865754,0.22796032303556232,23,landsat_c2_l2_ndwi_connected_component,0.2.0-archive,LANDSAT_7_SLC_OFF;LOW_LAKE_ENVELOPE_OBSERVABILITY;NO_LAKE_COMPONENT_AT_SEED,LANDSAT_7_SLC_OFF;LOW_LAKE_ENVELOPE_OBSERVABILITY;NO_LAKE_COMPONENT_AT_SEED,imja-expanded-aoi-v2-2026-08-28
2004-10-17T04:26:42.010000Z,2004,TM,LANDSAT/LT05/C02/T1_L2/LT05_140041_20041017,,True,False,rejected,,0.13241709073739524,0.14602094766253443,11,landsat_c2_l2_ndwi_connected_component,0.2.0-archive,LOW_LAKE_ENVELOPE_OBSERVABILITY;NO_LAKE_COMPONENT_AT_SEED,LOW_LAKE_ENVELOPE_OBSERVABILITY;NO_LAKE_COMPONENT_AT_SEED,imja-expanded-aoi-v2-2026-08-28
2004-10-25T04:30:56.415000Z,2004,ETM+,LANDSAT/LE07/C02/T1_L2/LE07_140041_20041025,,True,False,rejected,,0.05388633655352262,0.0004621584648944427,26,landsat_c2_l2_ndwi_connected_component,0.2.0-archive,LANDSAT_7_SLC_OFF;LOW_LAKE_ENVELOPE_OBSERVABILITY;NO_LAKE_COMPONENT_AT_SEED,LANDSAT_7_SLC_OFF;LOW_LAKE_ENVELOPE_OBSERVABILITY;NO_LAKE_COMPONENT_AT_SEED,imja-expanded-aoi-v2-2026-08-28
2004-11-02T04:27:01.798000Z,2004,TM,LANDSAT/LT05/C02/T1_L2/LT05_140041_20041102,,True,False,rejected,,0.07823696497762828,0.0,17,landsat_c2_l2_ndwi_connected_component,0.2.0-archive,LOW_LAKE_ENVELOPE_OBSERVABILITY;NO_LAKE_COMPONENT_AT_SEED,LOW_LAKE_ENVELOPE_OBSERVABILITY;NO_LAKE_COMPONENT_AT_SEED,imja-expanded-aoi-v2-2026-08-28
2004-11-10T04:31:06.023000Z,2004,ETM+,LANDSAT/LE07/C02/T1_L2/LE07_140041_20041110,data/archive/scenes/landsat/LANDSAT_LE07_C02_T1_L2_LE07_140041_20041110.geojson,True,False,rejected,0.396028,0.266511178229619,0.2839290335870362,10,landsat_c2_l2_ndwi_connected_component,0.2.0-archive,LANDSAT_7_SLC_OFF;LOW_LAKE_ENVELOPE_OBSERVABILITY,LANDSAT_7_SLC_OFF;LOW_LAKE_ENVELOPE_OBSERVABILITY,imja-expanded-aoi-v2-2026-08-28
2004-11-18T04:27:15.269000Z,2004,TM,LANDSAT/LT05/C02/T1_L2/LT05_140041_20041118,,True,False,rejected,,0.0,0.0,72,landsat_c2_l2_ndwi_connected_component,0.2.0-archive,LOW_LAKE_ENVELOPE_OBSERVABILITY;NO_LAKE_COMPONENT_AT_SEED,LOW_LAKE_ENVELOPE_OBSERVABILITY;NO_LAKE_COMPONENT_AT_SEED,imja-expanded-aoi-v2-2026-08-28
2004-12-04T04:27:39.020000Z,2004,TM,LANDSAT/LT05/C02/T1_L2/LT05_140041_20041204,,True,False,rejected,,0.13676487120491004,0.0,6,landsat_c2_l2_ndwi_connected_component,0.2.0-archive,LOW_LAKE_ENVELOPE_OBSERVABILITY;NO_LAKE_COMPONENT_AT_SEED,LOW_LAKE_ENVELOPE_OBSERVABILITY;NO_LAKE_COMPONENT_AT_SEED,imja-expanded-aoi-v2-2026-08-28
2004-12-12T04:31:20.850000Z,2004,ETM+,LANDSAT/LE07/C02/T1_L2/LE07_140041_20041212,,True,False,rejected,,0.08128547766977154,0.0006734309059890451,18,landsat_c2_l2_ndwi_connected_component,0.2.0-archive,LANDSAT_7_SLC_OFF;LOW_LAKE_ENVELOPE_OBSERVABILITY;NO_LAKE_COMPONENT_AT_SEED,LANDSAT_7_SLC_OFF;LOW_LAKE_ENVELOPE_OBSERVABILITY;NO_LAKE_COMPONENT_AT_SEED,imja-expanded-aoi-v2-2026-08-28
2005-10-04T04:30:14.209000Z,2005,TM,LANDSAT/LT05/C02/T1_L2/LT05_140041_20051004,data/archive/scenes/landsat/LANDSAT_LT05_C02_T1_L2_LT05_140041_20051004.geojson,True,False,rejected,0.59359,0.3018759040388509,0.520868435369119,64,landsat_c2_l2_ndwi_connected_component,0.2.0-archive,LOW_LAKE_ENVELOPE_OBSERVABILITY,LOW_LAKE_ENVELOPE_OBSERVABILITY,imja-expanded-aoi-v2-2026-08-28
2005-10-12T04:31:14.415000Z,2005,ETM+,LANDSAT/LE07/C02/T1_L2/LE07_140041_20051012,data/archive/scenes/landsat/LANDSAT_LE07_C02_T1_L2_LE07_140041_20051012.geojson,True,False,rejected,0.193954,0.10668685218355774,0.1447876447876447,10,landsat_c2_l2_ndwi_connected_component,0.2.0-archive,LANDSAT_7_SLC_OFF;LOW_LAKE_ENVELOPE_OBSERVABILITY,LANDSAT_7_SLC_OFF;LOW_LAKE_ENVELOPE_OBSERVABILITY,imja-expanded-aoi-v2-2026-08-28
2005-10-20T04:30:12.637000Z,2005,TM,LANDSAT/LT05/C02/T1_L2/LT05_140041_20051020,,True,False,rejected,,0.14654595327852224,0.0,61,landsat_c2_l2_ndwi_connected_component,0.2.0-archive,LOW_LAKE_ENVELOPE_OBSERVABILITY;NO_LAKE_COMPONENT_AT_SEED,LOW_LAKE_ENVELOPE_OBSERVABILITY;NO_LAKE_COMPONENT_AT_SEED,imja-expanded-aoi-v2-2026-08-28
2005-10-28T04:31:28.032000Z,2005,ETM+,LANDSAT/LE07/C02/T1_L2/LE07_140041_20051028,,True,False,rejected,,0.24856125729788753,0.15469104046395415,22,landsat_c2_l2_ndwi_connected_component,0.2.0-archive,LANDSAT_7_SLC_OFF;LOW_LAKE_ENVELOPE_OBSERVABILITY;NO_LAKE_COMPONENT_AT_SEED,LANDSAT_7_SLC_OFF;LOW_LAKE_ENVELOPE_OBSERVABILITY;NO_LAKE_COMPONENT_AT_SEED,imja-expanded-aoi-v2-2026-08-28
2005-11-05T04:30:18.555000Z,2005,TM,LANDSAT/LT05/C02/T1_L2/LT05_140041_20051105,,True,False,rejected,,0.13744148573398543,0.045679742670166716,8,landsat_c2_l2_ndwi_connected_component,0.2.0-archive,LOW_LAKE_ENVELOPE_OBSERVABILITY;NO_LAKE_COMPONENT_AT_SEED,LOW_LAKE_ENVELOPE_OBSERVABILITY;NO_LAKE_COMPONENT_AT_SEED,imja-expanded-aoi-v2-2026-08-28
2005-11-13T04:31:38.269000Z,2005,ETM+,LANDSAT/LE07/C02/T1_L2/LE07_140041_20051113,data/archive/scenes/landsat/LANDSAT_LE07_C02_T1_L2_LE07_140041_20051113.geojson,True,False,rejected,0.275144,0.22952431630305156,0.20923102113252579,19,landsat_c2_l2_ndwi_connected_component,0.2.0-archive,LANDSAT_7_SLC_OFF;LOW_LAKE_ENVELOPE_OBSERVABILITY,LANDSAT_7_SLC_OFF;LOW_LAKE_ENVELOPE_OBSERVABILITY,imja-expanded-aoi-v2-2026-08-28
2005-11-21T04:30:43.085000Z,2005,TM,LANDSAT/LT05/C02/T1_L2/LT05_140041_20051121,data/archive/scenes/landsat/LANDSAT_LT05_C02_T1_L2_LT05_140041_20051121.geojson,True,False,rejected,0.516009,0.4391300242076288,0.35175276898943064,27,landsat_c2_l2_ndwi_connected_component,0.2.0-archive,LOW_LAKE_ENVELOPE_OBSERVABILITY,LOW_LAKE_ENVELOPE_OBSERVABILITY,imja-expanded-aoi-v2-2026-08-28
2006-10-07T04:36:13.457000Z,2006,TM,LANDSAT/LT05/C02/T1_L2/LT05_140041_20061007,,True,False,rejected,,0.22088361600551484,0.051178107949653745,29,landsat_c2_l2_ndwi_connected_component,0.2.0-archive,LOW_LAKE_ENVELOPE_OBSERVABILITY;NO_LAKE_COMPONENT_AT_SEED,LOW_LAKE_ENVELOPE_OBSERVABILITY;NO_LAKE_COMPONENT_AT_SEED,imja-expanded-aoi-v2-2026-08-28
2006-10-23T04:36:23.834000Z,2006,TM,LANDSAT/LT05/C02/T1_L2/LT05_140041_20061023,,True,False,rejected,,0.0,0.0,58,landsat_c2_l2_ndwi_connected_component,0.2.0-archive,LOW_LAKE_ENVELOPE_OBSERVABILITY;NO_LAKE_COMPONENT_AT_SEED,LOW_LAKE_ENVELOPE_OBSERVABILITY;NO_LAKE_COMPONENT_AT_SEED,imja-expanded-aoi-v2-2026-08-28
2006-11-08T04:36:33.070000Z,2006,TM,LANDSAT/LT05/C02/T1_L2/LT05_140041_20061108,,True,False,rejected,,0.08168119374348873,0.0,9,landsat_c2_l2_ndwi_connected_component,0.2.0-archive,LOW_LAKE_ENVELOPE_OBSERVABILITY;NO_LAKE_COMPONENT_AT_SEED,LOW_LAKE_ENVELOPE_OBSERVABILITY;NO_LAKE_COMPONENT_AT_SEED,imja-expanded-aoi-v2-2026-08-28
2006-11-16T04:32:06.608000Z,2006,ETM+,LANDSAT/LE07/C02/T1_L2/LE07_140041_20061116,,True,False,rejected,,0.11657076047935565,0.0,12,landsat_c2_l2_ndwi_connected_component,0.2.0-archive,LANDSAT_7_SLC_OFF;LOW_LAKE_ENVELOPE_OBSERVABILITY;NO_LAKE_COMPONENT_AT_SEED,LANDSAT_7_SLC_OFF;LOW_LAKE_ENVELOPE_OBSERVABILITY;NO_LAKE_COMPONENT_AT_SEED,imja-expanded-aoi-v2-2026-08-28
2006-11-24T04:36:40.927000Z,2006,TM,LANDSAT/LT05/C02/T1_L2/LT05_140041_20061124,,True,False,rejected,,0.1262580098779122,0.004312598703843571,15,landsat_c2_l2_ndwi_connected_component,0.2.0-archive,LOW_LAKE_ENVELOPE_OBSERVABILITY;NO_LAKE_COMPONENT_AT_SEED,LOW_LAKE_ENVELOPE_OBSERVABILITY;NO_LAKE_COMPONENT_AT_SEED,imja-expanded-aoi-v2-2026-08-28
2006-12-02T04:32:15.633000Z,2006,ETM+,LANDSAT/LE07/C02/T1_L2/LE07_140041_20061202,,True,False,rejected,,0.2155090722406664,0.015676415129219495,10,landsat_c2_l2_ndwi_connected_component,0.2.0-archive,LANDSAT_7_SLC_OFF;LOW_LAKE_ENVELOPE_OBSERVABILITY;NO_LAKE_COMPONENT_AT_SEED,LANDSAT_7_SLC_OFF;LOW_LAKE_ENVELOPE_OBSERVABILITY;NO_LAKE_COMPONENT_AT_SEED,imja-expanded-aoi-v2-2026-08-28
2006-12-10T04:36:48.033000Z,2006,TM,LANDSAT/LT05/C02/T1_L2/LT05_140041_20061210,,True,False,rejected,,0.036477227589204596,0.0013468618119780902,13,landsat_c2_l2_ndwi_connected_component,0.2.0-archive,LOW_LAKE_ENVELOPE_OBSERVABILITY;NO_LAKE_COMPONENT_AT_SEED,LOW_LAKE_ENVELOPE_OBSERVABILITY;NO_LAKE_COMPONENT_AT_SEED,imja-expanded-aoi-v2-2026-08-28
2007-10-02T04:31:54.285000Z,2007,ETM+,LANDSAT/LE07/C02/T1_L2/LE07_140041_20071002,data/archive/scenes/landsat/LANDSAT_LE07_C02_T1_L2_LE07_140041_20071002.geojson,True,False,rejected,0.434819,0.2099843362387478,0.31026414336947833,20,landsat_c2_l2_ndwi_connected_component,0.2.0-archive,LANDSAT_7_SLC_OFF;LOW_LAKE_ENVELOPE_OBSERVABILITY,LANDSAT_7_SLC_OFF;LOW_LAKE_ENVELOPE_OBSERVABILITY,imja-expanded-aoi-v2-2026-08-28
2007-10-18T04:31:59.272000Z,2007,ETM+,LANDSAT/LE07/C02/T1_L2/LE07_140041_20071018,,True,False,rejected,,0.0,0.0,18,landsat_c2_l2_ndwi_connected_component,0.2.0-archive,LANDSAT_7_SLC_OFF;LOW_LAKE_ENVELOPE_OBSERVABILITY;NO_LAKE_COMPONENT_AT_SEED,LANDSAT_7_SLC_OFF;LOW_LAKE_ENVELOPE_OBSERVABILITY;NO_LAKE_COMPONENT_AT_SEED,imja-expanded-aoi-v2-2026-08-28
2007-11-03T04:32:10.353000Z,2007,ETM+,LANDSAT/LE07/C02/T1_L2/LE07_140041_20071103,data/archive/scenes/landsat/LANDSAT_LE07_C02_T1_L2_LE07_140041_20071103.geojson,True,False,rejected,0.393321,0.2539780707342471,0.2814333778766062,27,landsat_c2_l2_ndwi_connected_component,0.2.0-archive,LANDSAT_7_SLC_OFF;LOW_LAKE_ENVELOPE_OBSERVABILITY,LANDSAT_7_SLC_OFF;LOW_LAKE_ENVELOPE_OBSERVABILITY,imja-expanded-aoi-v2-2026-08-28
2007-11-19T04:32:19.169000Z,2007,ETM+,LANDSAT/LE07/C02/T1_L2/LE07_140041_20071119,,True,False,rejected,,0.11347188392328472,0.0,7,landsat_c2_l2_ndwi_connected_component,0.2.0-archive,LANDSAT_7_SLC_OFF;LOW_LAKE_ENVELOPE_OBSERVABILITY;NO_LAKE_COMPONENT_AT_SEED,LANDSAT_7_SLC_OFF;LOW_LAKE_ENVELOPE_OBSERVABILITY;NO_LAKE_COMPONENT_AT_SEED,imja-expanded-aoi-v2-2026-08-28
2007-12-05T04:32:25.554000Z,2007,ETM+,LANDSAT/LE07/C02/T1_L2/LE07_140041_20071205,,True,False,rejected,,0.010472685847904088,0.0,10,landsat_c2_l2_ndwi_connected_component,0.2.0-archive,LANDSAT_7_SLC_OFF;LOW_LAKE_ENVELOPE_OBSERVABILITY;NO_LAKE_COMPONENT_AT_SEED,LANDSAT_7_SLC_OFF;LOW_LAKE_ENVELOPE_OBSERVABILITY;NO_LAKE_COMPONENT_AT_SEED,imja-expanded-aoi-v2-2026-08-28
2008-10-12T04:26:22.488000Z,2008,TM,LANDSAT/LT05/C02/T1_L2/LT05_140041_20081012,,True,False,rejected,,0.08253048437745877,0.004040585435934271,9,landsat_c2_l2_ndwi_connected_component,0.2.0-archive,LOW_LAKE_ENVELOPE_OBSERVABILITY;NO_LAKE_COMPONENT_AT_SEED,LOW_LAKE_ENVELOPE_OBSERVABILITY;NO_LAKE_COMPONENT_AT_SEED,imja-expanded-aoi-v2-2026-08-28
2008-10-20T04:30:55.579000Z,2008,ETM+,LANDSAT/LE07/C02/T1_L2/LE07_140041_20081020,,True,False,rejected,,0.12801594855691,0.07536352064395833,9,landsat_c2_l2_ndwi_connected_component,0.2.0-archive,LANDSAT_7_SLC_OFF;LOW_LAKE_ENVELOPE_OBSERVABILITY;NO_LAKE_COMPONENT_AT_SEED,LANDSAT_7_SLC_OFF;LOW_LAKE_ENVELOPE_OBSERVABILITY;NO_LAKE_COMPONENT_AT_SEED,imja-expanded-aoi-v2-2026-08-28
2008-10-28T04:25:49.111000Z,2008,TM,LANDSAT/LT05/C02/T1_L2/LT05_140041_20081028,data/archive/scenes/landsat/LANDSAT_LT05_C02_T1_L2_LT05_140041_20081028.geojson,True,False,rejected,0.254396,0.14866753104647368,0.18664335627399906,15,landsat_c2_l2_ndwi_connected_component,0.2.0-archive,LOW_LAKE_ENVELOPE_OBSERVABILITY,LOW_LAKE_ENVELOPE_OBSERVABILITY,imja-expanded-aoi-v2-2026-08-28
2008-11-05T04:31:10.895000Z,2008,ETM+,LANDSAT/LE07/C02/T1_L2/LE07_140041_20081105,,True,False,rejected,,0.28474619460536965,0.07989795541095125,27,landsat_c2_l2_ndwi_connected_component,0.2.0-archive,LANDSAT_7_SLC_OFF;LOW_LAKE_ENVELOPE_OBSERVABILITY;NO_LAKE_COMPONENT_AT_SEED,LANDSAT_7_SLC_OFF;LOW_LAKE_ENVELOPE_OBSERVABILITY;NO_LAKE_COMPONENT_AT_SEED,imja-expanded-aoi-v2-2026-08-28
2008-11-13T04:25:22.909000Z,2008,TM,LANDSAT/LT05/C02/T1_L2/LT05_140041_20081113,data/archive/scenes/landsat/LANDSAT_LT05_C02_T1_L2_LT05_140041_20081113.geojson,True,False,rejected,0.647717,0.3786094477212582,0.44503747444923863,18,landsat_c2_l2_ndwi_connected_component,0.2.0-archive,LOW_LAKE_ENVELOPE_OBSERVABILITY,LOW_LAKE_ENVELOPE_OBSERVABILITY,imja-expanded-aoi-v2-2026-08-28
2008-11-29T04:25:53.885000Z,2008,TM,LANDSAT/LT05/C02/T1_L2/LT05_140041_20081129,data/archive/scenes/landsat/LANDSAT_LT05_C02_T1_L2_LT05_140041_20081129.geojson,True,False,rejected,0.479022,0.3901871407265275,0.32585076771123267,5,landsat_c2_l2_ndwi_connected_component,0.2.0-archive,LOW_LAKE_ENVELOPE_OBSERVABILITY,LOW_LAKE_ENVELOPE_OBSERVABILITY,imja-expanded-aoi-v2-2026-08-28
2008-12-07T04:31:34.848000Z,2008,ETM+,LANDSAT/LE07/C02/T1_L2/LE07_140041_20081207,data/archive/scenes/landsat/LANDSAT_LE07_C02_T1_L2_LE07_140041_20081207.geojson,True,False,rejected,0.421287,0.43500648284855464,0.28831557764526283,24,landsat_c2_l2_ndwi_connected_component,0.2.0-archive,LANDSAT_7_SLC_OFF;LOW_LAKE_ENVELOPE_OBSERVABILITY,LANDSAT_7_SLC_OFF;LOW_LAKE_ENVELOPE_OBSERVABILITY,imja-expanded-aoi-v2-2026-08-28
2009-10-15T04:32:16.131000Z,2009,TM,LANDSAT/LT05/C02/T1_L2/LT05_140041_20091015,data/archive/scenes/landsat/LANDSAT_LT05_C02_T1_L2_LT05_140041_20091015.geojson,True,False,rejected,0.330174,0.17130578809703972,0.23183453142413452,7,landsat_c2_l2_ndwi_connected_component,0.2.0-archive,LOW_LAKE_ENVELOPE_OBSERVABILITY,LOW_LAKE_ENVELOPE_OBSERVABILITY,imja-expanded-aoi-v2-2026-08-28
2009-10-23T04:32:26.451000Z,2009,ETM+,LANDSAT/LE07/C02/T1_L2/LE07_140041_20091023,,True,False,rejected,,0.16580263660823286,0.024534012222110695,12,landsat_c2_l2_ndwi_connected_component,0.2.0-archive,LANDSAT_7_SLC_OFF;LOW_LAKE_ENVELOPE_OBSERVABILITY;NO_LAKE_COMPONENT_AT_SEED,LANDSAT_7_SLC_OFF;LOW_LAKE_ENVELOPE_OBSERVABILITY;NO_LAKE_COMPONENT_AT_SEED,imja-expanded-aoi-v2-2026-08-28
2009-10-31T04:32:24.729000Z,2009,TM,LANDSAT/LT05/C02/T1_L2/LT05_140041_20091031,data/archive/scenes/landsat/LANDSAT_LT05_C02_T1_L2_LT05_140041_20091031.geojson,True,False,rejected,0.467295,0.3171754266313907,0.3287953773589886,18,landsat_c2_l2_ndwi_connected_component,0.2.0-archive,LOW_LAKE_ENVELOPE_OBSERVABILITY,LOW_LAKE_ENVELOPE_OBSERVABILITY,imja-expanded-aoi-v2-2026-08-28
2009-11-08T04:32:41.136000Z,2009,ETM+,LANDSAT/LE07/C02/T1_L2/LE07_140041_20091108,data/archive/scenes/landsat/LANDSAT_LE07_C02_T1_L2_LE07_140041_20091108.geojson,True,False,rejected,0.252592,0.08645316985063184,0.23707672886879438,6,landsat_c2_l2_ndwi_connected_component,0.2.0-archive,LANDSAT_7_SLC_OFF;LOW_LAKE_ENVELOPE_OBSERVABILITY,LANDSAT_7_SLC_OFF;LOW_LAKE_ENVELOPE_OBSERVABILITY,imja-expanded-aoi-v2-2026-08-28
2009-11-16T04:32:31.569000Z,2009,TM,LANDSAT/LT05/C02/T1_L2/LT05_140041_20091116,,True,False,rejected,,0.0,0.0,67,landsat_c2_l2_ndwi_connected_component,0.2.0-archive,LOW_LAKE_ENVELOPE_OBSERVABILITY;NO_LAKE_COMPONENT_AT_SEED,LOW_LAKE_ENVELOPE_OBSERVABILITY;NO_LAKE_COMPONENT_AT_SEED,imja-expanded-aoi-v2-2026-08-28
2009-11-24T04:32:53.420000Z,2009,ETM+,LANDSAT/LE07/C02/T1_L2/LE07_140041_20091124,,True,False,rejected,,0.05634007599547303,0.0013468618119780902,18,landsat_c2_l2_ndwi_connected_component,0.2.0-archive,LANDSAT_7_SLC_OFF;LOW_LAKE_ENVELOPE_OBSERVABILITY;NO_LAKE_COMPONENT_AT_SEED,LANDSAT_7_SLC_OFF;LOW_LAKE_ENVELOPE_OBSERVABILITY;NO_LAKE_COMPONENT_AT_SEED,imja-expanded-aoi-v2-2026-08-28
2009-12-02T04:32:39.752000Z,2009,TM,LANDSAT/LT05/C02/T1_L2/LT05_140041_20091202,,True,False,rejected,,0.09784289772088497,0.012087424536124939,13,landsat_c2_l2_ndwi_connected_component,0.2.0-archive,LOW_LAKE_ENVELOPE_OBSERVABILITY;NO_LAKE_COMPONENT_AT_SEED,LOW_LAKE_ENVELOPE_OBSERVABILITY;NO_LAKE_COMPONENT_AT_SEED,imja-expanded-aoi-v2-2026-08-28
2010-10-02T04:32:14.695000Z,2010,TM,LANDSAT/LT05/C02/T1_L2/LT05_140041_20101002,data/archive/scenes/landsat/LANDSAT_LT05_C02_T1_L2_LT05_140041_20101002.geojson,True,False,rejected,0.63599,0.33799129124852834,0.4607059668619172,29,landsat_c2_l2_ndwi_connected_component,0.2.0-archive,LOW_LAKE_ENVELOPE_OBSERVABILITY,LOW_LAKE_ENVELOPE_OBSERVABILITY,imja-expanded-aoi-v2-2026-08-28
2010-10-10T04:34:29.465000Z,2010,ETM+,LANDSAT/LE07/C02/T1_L2/LE07_140041_20101010,data/archive/scenes/landsat/LANDSAT_LE07_C02_T1_L2_LE07_140041_20101010.geojson,True,False,rejected,0.761383,0.6318659361907806,0.5716319211531246,29,landsat_c2_l2_ndwi_connected_component,0.2.0-archive,LANDSAT_7_SLC_OFF;LOW_LAKE_ENVELOPE_OBSERVABILITY,LANDSAT_7_SLC_OFF;LOW_LAKE_ENVELOPE_OBSERVABILITY,imja-expanded-aoi-v2-2026-08-28
2010-10-26T04:34:39.126000Z,2010,ETM+,LANDSAT/LE07/C02/T1_L2/LE07_140041_20101026,,True,False,rejected,,0.10264755038260018,0.06913362453718126,8,landsat_c2_l2_ndwi_connected_component,0.2.0-archive,LANDSAT_7_SLC_OFF;LOW_LAKE_ENVELOPE_OBSERVABILITY;NO_LAKE_COMPONENT_AT_SEED,LANDSAT_7_SLC_OFF;LOW_LAKE_ENVELOPE_OBSERVABILITY;NO_LAKE_COMPONENT_AT_SEED,imja-expanded-aoi-v2-2026-08-28
2010-11-03T04:31:59.404000Z,2010,TM,LANDSAT/LT05/C02/T1_L2/LT05_140041_20101103,data/archive/scenes/landsat/LANDSAT_LT05_C02_T1_L2_LT05_140041_20101103.geojson,True,False,rejected,0.607122,0.1297265212210234,0.4379756931056517,17,landsat_c2_l2_ndwi_connected_component,0.2.0-archive,LOW_LAKE_ENVELOPE_OBSERVABILITY,LOW_LAKE_ENVELOPE_OBSERVABILITY,imja-expanded-aoi-v2-2026-08-28
2010-11-11T04:34:50.271000Z,2010,ETM+,LANDSAT/LE07/C02/T1_L2/LE07_140041_20101111,data/archive/scenes/landsat/LANDSAT_LE07_C02_T1_L2_LE07_140041_20101111.geojson,True,False,rejected,0.479924,0.1714263016285809,0.3432411305188321,11,landsat_c2_l2_ndwi_connected_component,0.2.0-archive,LANDSAT_7_SLC_OFF;LOW_LAKE_ENVELOPE_OBSERVABILITY,LANDSAT_7_SLC_OFF;LOW_LAKE_ENVELOPE_OBSERVABILITY,imja-expanded-aoi-v2-2026-08-28
2010-11-19T04:31:58.124000Z,2010,TM,LANDSAT/LT05/C02/T1_L2/LT05_140041_20101119,,True,False,rejected,,0.09374184022963496,0.00763221693454251,21,landsat_c2_l2_ndwi_connected_component,0.2.0-archive,LOW_LAKE_ENVELOPE_OBSERVABILITY;NO_LAKE_COMPONENT_AT_SEED,LOW_LAKE_ENVELOPE_OBSERVABILITY;NO_LAKE_COMPONENT_AT_SEED,imja-expanded-aoi-v2-2026-08-28
2010-12-05T04:31:58.400000Z,2010,TM,LANDSAT/LT05/C02/T1_L2/LT05_140041_20101205,data/archive/scenes/landsat/LANDSAT_LT05_C02_T1_L2_LT05_140041_20101205.geojson,True,False,rejected,0.200269,0.21827159013407782,0.16140158137422153,5,landsat_c2_l2_ndwi_connected_component,0.2.0-archive,LOW_LAKE_ENVELOPE_OBSERVABILITY,LOW_LAKE_ENVELOPE_OBSERVABILITY,imja-expanded-aoi-v2-2026-08-28
2010-12-13T04:35:10.459000Z,2010,ETM+,LANDSAT/LE07/C02/T1_L2/LE07_140041_20101213,data/archive/scenes/landsat/LANDSAT_LE07_C02_T1_L2_LE07_140041_20101213.geojson,True,False,rejected,0.387909,0.28349639133921284,0.2598386934912242,6,landsat_c2_l2_ndwi_connected_component,0.2.0-archive,LANDSAT_7_SLC_OFF;LOW_LAKE_ENVELOPE_OBSERVABILITY,LANDSAT_7_SLC_OFF;LOW_LAKE_ENVELOPE_OBSERVABILITY,imja-expanded-aoi-v2-2026-08-28
2011-10-13T04:35:24.460000Z,2011,ETM+,LANDSAT/LE07/C02/T1_L2/LE07_140041_20111013,,True,False,rejected,,0.23766317667073772,0.163934209761843,16,landsat_c2_l2_ndwi_connected_component,0.2.0-archive,LANDSAT_7_SLC_OFF;LOW_LAKE_ENVELOPE_OBSERVABILITY;NO_LAKE_COMPONENT_AT_SEED,LANDSAT_7_SLC_OFF;LOW_LAKE_ENVELOPE_OBSERVABILITY;NO_LAKE_COMPONENT_AT_SEED,imja-expanded-aoi-v2-2026-08-28
2011-10-29T04:35:31.814000Z,2011,ETM+,LANDSAT/LE07/C02/T1_L2/LE07_140041_20111029,,True,False,rejected,,0.014448133464239352,0.0626290742569812,21,landsat_c2_l2_ndwi_connected_component,0.2.0-archive,LANDSAT_7_SLC_OFF;LOW_LAKE_ENVELOPE_OBSERVABILITY;NO_LAKE_COMPONENT_AT_SEED,LANDSAT_7_SLC_OFF;LOW_LAKE_ENVELOPE_OBSERVABILITY;NO_LAKE_COMPONENT_AT_SEED,imja-expanded-aoi-v2-2026-08-28
2011-11-06T04:29:52.941000Z,2011,TM,LANDSAT/LT05/C02/T1_L2/LT05_140041_20111106,,True,False,rejected,,0.03168426653875832,0.0,56,landsat_c2_l2_ndwi_connected_component,0.2.0-archive,LOW_LAKE_ENVELOPE_OBSERVABILITY;NO_LAKE_COMPONENT_AT_SEED,LOW_LAKE_ENVELOPE_OBSERVABILITY;NO_LAKE_COMPONENT_AT_SEED,imja-expanded-aoi-v2-2026-08-28
2011-11-14T04:35:43.383000Z,2011,ETM+,LANDSAT/LE07/C02/T1_L2/LE07_140041_20111114,data/archive/scenes/landsat/LANDSAT_LE07_C02_T1_L2_LE07_140041_20111114.geojson,True,False,rejected,0.641402,0.49838520861281876,0.44475489755927455,23,landsat_c2_l2_ndwi_connected_component,0.2.0-archive,LANDSAT_7_SLC_OFF;LOW_LAKE_ENVELOPE_OBSERVABILITY,LANDSAT_7_SLC_OFF;LOW_LAKE_ENVELOPE_OBSERVABILITY,imja-expanded-aoi-v2-2026-08-28
2011-11-30T04:35:52.870000Z,2011,ETM+,LANDSAT/LE07/C02/T1_L2/LE07_140041_20111130,data/archive/scenes/landsat/LANDSAT_LE07_C02_T1_L2_LE07_140041_20111130.geojson,True,False,rejected,0.296795,0.22320185267070786,0.2254514627975639,22,landsat_c2_l2_ndwi_connected_component,0.2.0-archive,LANDSAT_7_SLC_OFF;LOW_LAKE_ENVELOPE_OBSERVABILITY,LANDSAT_7_SLC_OFF;LOW_LAKE_ENVELOPE_OBSERVABILITY,imja-expanded-aoi-v2-2026-08-28
2012-10-15T04:37:53.798000Z,2012,ETM+,LANDSAT/LE07/C02/T1_L2/LE07_140041_20121015,,True,False,rejected,,0.14907014217299036,0.0,15,landsat_c2_l2_ndwi_connected_component,0.2.0-archive,LANDSAT_7_SLC_OFF;LOW_LAKE_ENVELOPE_OBSERVABILITY;NO_LAKE_COMPONENT_AT_SEED,LANDSAT_7_SLC_OFF;LOW_LAKE_ENVELOPE_OBSERVABILITY;NO_LAKE_COMPONENT_AT_SEED,imja-expanded-aoi-v2-2026-08-28
2012-10-31T04:38:00.511000Z,2012,ETM+,LANDSAT/LE07/C02/T1_L2/LE07_140041_20121031,data/archive/scenes/landsat/LANDSAT_LE07_C02_T1_L2_LE07_140041_20121031.geojson,True,False,rejected,0.030672,0.14058592959551472,0.022896650803627534,6,landsat_c2_l2_ndwi_connected_component,0.2.0-archive,LANDSAT_7_SLC_OFF;LOW_LAKE_ENVELOPE_OBSERVABILITY,LANDSAT_7_SLC_OFF;LOW_LAKE_ENVELOPE_OBSERVABILITY,imja-expanded-aoi-v2-2026-08-28
2012-11-16T04:38:07.298000Z,2012,ETM+,LANDSAT/LE07/C02/T1_L2/LE07_140041_20121116,,True,False,rejected,,0.17158278934864166,0.0,4,landsat_c2_l2_ndwi_connected_component,0.2.0-archive,LANDSAT_7_SLC_OFF;LOW_LAKE_ENVELOPE_OBSERVABILITY;NO_LAKE_COMPONENT_AT_SEED,LANDSAT_7_SLC_OFF;LOW_LAKE_ENVELOPE_OBSERVABILITY;NO_LAKE_COMPONENT_AT_SEED,imja-expanded-aoi-v2-2026-08-28
2012-12-02T04:38:08.489000Z,2012,ETM+,LANDSAT/LE07/C02/T1_L2/LE07_140041_20121202,,True,False,rejected,,0.2463539410472975,0.005736046775718455,4,landsat_c2_l2_ndwi_connected_component,0.2.0-archive,LANDSAT_7_SLC_OFF;LOW_LAKE_ENVELOPE_OBSERVABILITY;NO_LAKE_COMPONENT_AT_SEED,LANDSAT_7_SLC_OFF;LOW_LAKE_ENVELOPE_OBSERVABILITY;NO_LAKE_COMPONENT_AT_SEED,imja-expanded-aoi-v2-2026-08-28
2013-10-10T04:44:03.172000Z,2013,OLI,LANDSAT/LC08/C02/T1_L2/LC08_140041_20131010,,True,False,rejected,,0.03605543022881071,0.0,33.24,landsat_c2_l2_ndwi_connected_component,0.2.0-archive,LOW_LAKE_ENVELOPE_OBSERVABILITY;NO_LAKE_COMPONENT_AT_SEED,LOW_LAKE_ENVELOPE_OBSERVABILITY;NO_LAKE_COMPONENT_AT_SEED,imja-expanded-aoi-v2-2026-08-28
2013-10-18T04:38:11.957000Z,2013,ETM+,LANDSAT/LE07/C02/T1_L2/LE07_140041_20131018,,True,False,rejected,,0.0008408966566488512,0.0,45,landsat_c2_l2_ndwi_connected_component,0.2.0-archive,LANDSAT_7_SLC_OFF;LOW_LAKE_ENVELOPE_OBSERVABILITY;NO_LAKE_COMPONENT_AT_SEED,LANDSAT_7_SLC_OFF;LOW_LAKE_ENVELOPE_OBSERVABILITY;NO_LAKE_COMPONENT_AT_SEED,imja-expanded-aoi-v2-2026-08-28
2013-10-26T04:43:54.785000Z,2013,OLI,LANDSAT/LC08/C02/T1_L2/LC08_140041_20131026,,True,False,rejected,,0.05682422861596782,0.001864479292659866,17.07,landsat_c2_l2_ndwi_connected_component,0.2.0-archive,LOW_LAKE_ENVELOPE_OBSERVABILITY;NO_LAKE_COMPONENT_AT_SEED,LOW_LAKE_ENVELOPE_OBSERVABILITY;NO_LAKE_COMPONENT_AT_SEED,imja-expanded-aoi-v2-2026-08-28
2013-11-03T04:38:15.921000Z,2013,ETM+,LANDSAT/LE07/C02/T1_L2/LE07_140041_20131103,,True,False,rejected,,0.0843723628296692,0.0,15,landsat_c2_l2_ndwi_connected_component,0.2.0-archive,LANDSAT_7_SLC_OFF;LOW_LAKE_ENVELOPE_OBSERVABILITY;NO_LAKE_COMPONENT_AT_SEED,LANDSAT_7_SLC_OFF;LOW_LAKE_ENVELOPE_OBSERVABILITY;NO_LAKE_COMPONENT_AT_SEED,imja-expanded-aoi-v2-2026-08-28
2013-11-11T04:43:54.099000Z,2013,OLI,LANDSAT/LC08/C02/T1_L2/LC08_140041_20131111,,True,False,rejected,,0.01566855780977143,0.0,6.24,landsat_c2_l2_ndwi_connected_component,0.2.0-archive,LOW_LAKE_ENVELOPE_OBSERVABILITY;NO_LAKE_COMPONENT_AT_SEED,LOW_LAKE_ENVELOPE_OBSERVABILITY;NO_LAKE_COMPONENT_AT_SEED,imja-expanded-aoi-v2-2026-08-28
2013-11-19T04:38:20.205000Z,2013,ETM+,LANDSAT/LE07/C02/T1_L2/LE07_140041_20131119,,True,False,rejected,,0.03187732801714757,0.0,6,landsat_c2_l2_ndwi_connected_component,0.2.0-archive,LANDSAT_7_SLC_OFF;LOW_LAKE_ENVELOPE_OBSERVABILITY;NO_LAKE_COMPONENT_AT_SEED,LANDSAT_7_SLC_OFF;LOW_LAKE_ENVELOPE_OBSERVABILITY;NO_LAKE_COMPONENT_AT_SEED,imja-expanded-aoi-v2-2026-08-28
2013-11-27T04:43:46.657000Z,2013,OLI,LANDSAT/LC08/C02/T1_L2/LC08_140041_20131127,,True,False,rejected,,0.08310457246925299,0.0007394535438311083,7.18,landsat_c2_l2_ndwi_connected_component,0.2.0-archive,LOW_LAKE_ENVELOPE_OBSERVABILITY;NO_LAKE_COMPONENT_AT_SEED,LOW_LAKE_ENVELOPE_OBSERVABILITY;NO_LAKE_COMPONENT_AT_SEED,imja-expanded-aoi-v2-2026-08-28
2013-12-05T04:38:30.392000Z,2013,ETM+,LANDSAT/LE07/C02/T1_L2/LE07_140041_20131205,,True,False,rejected,,0.08698468848601093,0.00011091803157466625,8,landsat_c2_l2_ndwi_connected_component,0.2.0-archive,LANDSAT_7_SLC_OFF;LOW_LAKE_ENVELOPE_OBSERVABILITY;NO_LAKE_COMPONENT_AT_SEED,LANDSAT_7_SLC_OFF;LOW_LAKE_ENVELOPE_OBSERVABILITY;NO_LAKE_COMPONENT_AT_SEED,imja-expanded-aoi-v2-2026-08-28
2013-12-13T04:43:43.992000Z,2013,OLI,LANDSAT/LC08/C02/T1_L2/LC08_140041_20131213,,True,False,rejected,,0.3025330325491445,0.004140939845454207,22.95,landsat_c2_l2_ndwi_connected_component,0.2.0-archive,LOW_LAKE_ENVELOPE_OBSERVABILITY;NO_LAKE_COMPONENT_AT_SEED,LOW_LAKE_ENVELOPE_OBSERVABILITY;NO_LAKE_COMPONENT_AT_SEED,imja-expanded-aoi-v2-2026-08-28
2014-10-05T04:40:04.820000Z,2014,ETM+,LANDSAT/LE07/C02/T1_L2/LE07_140041_20141005,,True,False,rejected,,0.0703529217786236,0.023570081709616577,9,landsat_c2_l2_ndwi_connected_component,0.2.0-archive,LANDSAT_7_SLC_OFF;LOW_LAKE_ENVELOPE_OBSERVABILITY;NO_LAKE_COMPONENT_AT_SEED,LANDSAT_7_SLC_OFF;LOW_LAKE_ENVELOPE_OBSERVABILITY;NO_LAKE_COMPONENT_AT_SEED,imja-expanded-aoi-v2-2026-08-28
2014-10-21T04:40:13.752000Z,2014,ETM+,LANDSAT/LE07/C02/T1_L2/LE07_140041_20141021,,True,False,rejected,,0.020793380749312286,0.1483053309318698,19,landsat_c2_l2_ndwi_connected_component,0.2.0-archive,LANDSAT_7_SLC_OFF;LOW_LAKE_ENVELOPE_OBSERVABILITY;NO_LAKE_COMPONENT_AT_SEED,LANDSAT_7_SLC_OFF;LOW_LAKE_ENVELOPE_OBSERVABILITY;NO_LAKE_COMPONENT_AT_SEED,imja-expanded-aoi-v2-2026-08-28
2014-10-29T04:42:19.913000Z,2014,OLI,LANDSAT/LC08/C02/T1_L2/LC08_140041_20141029,,True,False,rejected,,0.07725696812536975,0.24705142899397325,30.58,landsat_c2_l2_ndwi_connected_component,0.2.0-archive,LOW_LAKE_ENVELOPE_OBSERVABILITY;NO_LAKE_COMPONENT_AT_SEED,LOW_LAKE_ENVELOPE_OBSERVABILITY;NO_LAKE_COMPONENT_AT_SEED,imja-expanded-aoi-v2-2026-08-28
2014-11-06T04:40:23.574000Z,2014,ETM+,LANDSAT/LE07/C02/T1_L2/LE07_140041_20141106,,True,False,rejected,,0.062283011938933576,0.07635121930607562,18,landsat_c2_l2_ndwi_connected_component,0.2.0-archive,LANDSAT_7_SLC_OFF;LOW_LAKE_ENVELOPE_OBSERVABILITY;NO_LAKE_COMPONENT_AT_SEED,LANDSAT_7_SLC_OFF;LOW_LAKE_ENVELOPE_OBSERVABILITY;NO_LAKE_COMPONENT_AT_SEED,imja-expanded-aoi-v2-2026-08-28
2014-11-14T04:42:23.444000Z,2014,OLI,LANDSAT/LC08/C02/T1_L2/LC08_140041_20141114,,True,False,rejected,,0.17149944914523765,0.0860274971082084,12.04,landsat_c2_l2_ndwi_connected_component,0.2.0-archive,LOW_LAKE_ENVELOPE_OBSERVABILITY;NO_LAKE_COMPONENT_AT_SEED,LOW_LAKE_ENVELOPE_OBSERVABILITY;NO_LAKE_COMPONENT_AT_SEED,imja-expanded-aoi-v2-2026-08-28
2014-11-22T04:40:26.401000Z,2014,ETM+,LANDSAT/LE07/C02/T1_L2/LE07_140041_20141122,,True,False,rejected,,0.14476882836564717,0.17038594193176945,17,landsat_c2_l2_ndwi_connected_component,0.2.0-archive,LANDSAT_7_SLC_OFF;LOW_LAKE_ENVELOPE_OBSERVABILITY;NO_LAKE_COMPONENT_AT_SEED,LANDSAT_7_SLC_OFF;LOW_LAKE_ENVELOPE_OBSERVABILITY;NO_LAKE_COMPONENT_AT_SEED,imja-expanded-aoi-v2-2026-08-28
2014-11-30T04:42:21.794000Z,2014,OLI,LANDSAT/LC08/C02/T1_L2/LC08_140041_20141130,,True,False,rejected,,0.18977283798874237,0.18510106745400848,10.08,landsat_c2_l2_ndwi_connected_component,0.2.0-archive,LOW_LAKE_ENVELOPE_OBSERVABILITY;NO_LAKE_COMPONENT_AT_SEED,LOW_LAKE_ENVELOPE_OBSERVABILITY;NO_LAKE_COMPONENT_AT_SEED,imja-expanded-aoi-v2-2026-08-28
2014-12-08T04:40:33.517000Z,2014,ETM+,LANDSAT/LE07/C02/T1_L2/LE07_140041_20141208,,True,False,rejected,,0.0,0.0,33,landsat_c2_l2_ndwi_connected_component,0.2.0-archive,LANDSAT_7_SLC_OFF;LOW_LAKE_ENVELOPE_OBSERVABILITY;NO_LAKE_COMPONENT_AT_SEED,LANDSAT_7_SLC_OFF;LOW_LAKE_ENVELOPE_OBSERVABILITY;NO_LAKE_COMPONENT_AT_SEED,imja-expanded-aoi-v2-2026-08-28
2015-10-08T04:42:13.431000Z,2015,ETM+,LANDSAT/LE07/C02/T1_L2/LE07_140041_20151008,,True,False,rejected,,0.20303322366202162,0.0776690311574032,5,landsat_c2_l2_ndwi_connected_component,0.2.0-archive,LANDSAT_7_SLC_OFF;LOW_LAKE_ENVELOPE_OBSERVABILITY;NO_LAKE_COMPONENT_AT_SEED,LANDSAT_7_SLC_OFF;LOW_LAKE_ENVELOPE_OBSERVABILITY;NO_LAKE_COMPONENT_AT_SEED,imja-expanded-aoi-v2-2026-08-28
2015-10-16T04:42:10.399000Z,2015,OLI,LANDSAT/LC08/C02/T1_L2/LC08_140041_20151016,,True,False,rejected,,0.00011451783345449596,0.0006734309059890451,45.3,landsat_c2_l2_ndwi_connected_component,0.2.0-archive,LOW_LAKE_ENVELOPE_OBSERVABILITY;NO_LAKE_COMPONENT_AT_SEED,LOW_LAKE_ENVELOPE_OBSERVABILITY;NO_LAKE_COMPONENT_AT_SEED,imja-expanded-aoi-v2-2026-08-28
2015-10-24T04:42:31.312000Z,2015,ETM+,LANDSAT/LE07/C02/T1_L2/LE07_140041_20151024,,True,False,rejected,,0.2576825127970671,0.0287673837605438,12,landsat_c2_l2_ndwi_connected_component,0.2.0-archive,LANDSAT_7_SLC_OFF;LOW_LAKE_ENVELOPE_OBSERVABILITY;NO_LAKE_COMPONENT_AT_SEED,LANDSAT_7_SLC_OFF;LOW_LAKE_ENVELOPE_OBSERVABILITY;NO_LAKE_COMPONENT_AT_SEED,imja-expanded-aoi-v2-2026-08-28
2015-11-01T04:42:16.786000Z,2015,OLI,LANDSAT/LC08/C02/T1_L2/LC08_140041_20151101,data/archive/scenes/landsat/LANDSAT_LC08_C02_T1_L2_LC08_140041_20151101.geojson,True,False,rejected,0.267026,0.04329433631369476,0.20330482915982218,9.9,landsat_c2_l2_ndwi_connected_component,0.2.0-archive,LOW_LAKE_ENVELOPE_OBSERVABILITY,LOW_LAKE_ENVELOPE_OBSERVABILITY,imja-expanded-aoi-v2-2026-08-28
2015-11-09T04:42:45.956000Z,2015,ETM+,LANDSAT/LE07/C02/T1_L2/LE07_140041_20151109,,True,False,rejected,,0.07323445427905449,0.04815163023097356,12,landsat_c2_l2_ndwi_connected_component,0.2.0-archive,LANDSAT_7_SLC_OFF;LOW_LAKE_ENVELOPE_OBSERVABILITY;NO_LAKE_COMPONENT_AT_SEED,LANDSAT_7_SLC_OFF;LOW_LAKE_ENVELOPE_OBSERVABILITY;NO_LAKE_COMPONENT_AT_SEED,imja-expanded-aoi-v2-2026-08-28
2015-11-17T04:42:17.688000Z,2015,OLI,LANDSAT/LC08/C02/T1_L2/LC08_140041_20151117,,True,False,rejected,,0.2824486430985755,0.0928700832941598,6.41,landsat_c2_l2_ndwi_connected_component,0.2.0-archive,LOW_LAKE_ENVELOPE_OBSERVABILITY;NO_LAKE_COMPONENT_AT_SEED,LOW_LAKE_ENVELOPE_OBSERVABILITY;NO_LAKE_COMPONENT_AT_SEED,imja-expanded-aoi-v2-2026-08-28
2015-11-25T04:43:01.186000Z,2015,ETM+,LANDSAT/LE07/C02/T1_L2/LE07_140041_20151125,data/archive/scenes/landsat/LANDSAT_LE07_C02_T1_L2_LE07_140041_20151125.geojson,True,False,rejected,0.537659,0.34899999250537594,0.3822446640504092,17,landsat_c2_l2_ndwi_connected_component,0.2.0-archive,LANDSAT_7_SLC_OFF;LOW_LAKE_ENVELOPE_OBSERVABILITY,LANDSAT_7_SLC_OFF;LOW_LAKE_ENVELOPE_OBSERVABILITY,imja-expanded-aoi-v2-2026-08-28
2015-12-03T04:42:18.666000Z,2015,OLI,LANDSAT/LC08/C02/T1_L2/LC08_140041_20151203,,True,False,rejected,,0.1491265017350044,0.0011355893708834878,16.25,landsat_c2_l2_ndwi_connected_component,0.2.0-archive,LOW_LAKE_ENVELOPE_OBSERVABILITY;NO_LAKE_COMPONENT_AT_SEED,LOW_LAKE_ENVELOPE_OBSERVABILITY;NO_LAKE_COMPONENT_AT_SEED,imja-expanded-aoi-v2-2026-08-28
2015-12-11T04:43:16.565000Z,2015,ETM+,LANDSAT/LE07/C02/T1_L2/LE07_140041_20151211,,True,False,rejected,,0.39498339941092203,0.12633299705803122,9,landsat_c2_l2_ndwi_connected_component,0.2.0-archive,LANDSAT_7_SLC_OFF;LOW_LAKE_ENVELOPE_OBSERVABILITY;NO_LAKE_COMPONENT_AT_SEED,LANDSAT_7_SLC_OFF;LOW_LAKE_ENVELOPE_OBSERVABILITY;NO_LAKE_COMPONENT_AT_SEED,imja-expanded-aoi-v2-2026-08-28
2016-10-02T04:42:24.928000Z,2016,OLI,LANDSAT/LC08/C02/T1_L2/LC08_140041_20161002,,True,False,rejected,,0.008332521415884071,0.0,34.48,landsat_c2_l2_ndwi_connected_component,0.2.0-archive,LOW_LAKE_ENVELOPE_OBSERVABILITY;NO_LAKE_COMPONENT_AT_SEED,LOW_LAKE_ENVELOPE_OBSERVABILITY;NO_LAKE_COMPONENT_AT_SEED,imja-expanded-aoi-v2-2026-08-28
2016-10-10T04:44:55.362000Z,2016,ETM+,LANDSAT/LE07/C02/T1_L2/LE07_140041_20161010,,True,False,rejected,,0.021756589646928254,0.013745913198717569,48,landsat_c2_l2_ndwi_connected_component,0.2.0-archive,LANDSAT_7_SLC_OFF;LOW_LAKE_ENVELOPE_OBSERVABILITY;NO_LAKE_COMPONENT_AT_SEED,LANDSAT_7_SLC_OFF;LOW_LAKE_ENVELOPE_OBSERVABILITY;NO_LAKE_COMPONENT_AT_SEED,imja-expanded-aoi-v2-2026-08-28
2016-10-18T04:42:30.341000Z,2016,OLI,LANDSAT/LC08/C02/T1_L2/LC08_140041_20161018,,True,False,rejected,,0.042879733791004786,0.0,16.03,landsat_c2_l2_ndwi_connected_component,0.2.0-archive,LOW_LAKE_ENVELOPE_OBSERVABILITY;NO_LAKE_COMPONENT_AT_SEED,LOW_LAKE_ENVELOPE_OBSERVABILITY;NO_LAKE_COMPONENT_AT_SEED,imja-expanded-aoi-v2-2026-08-28
2016-10-26T04:44:51.999000Z,2016,ETM+,LANDSAT/LE07/C02/T1_L2/LE07_140041_20161026,data/archive/scenes/landsat/LANDSAT_LE07_C02_T1_L2_LE07_140041_20161026.geojson,True,False,rejected,0.233647,0.25418222425409653,0.20914387125057426,13,landsat_c2_l2_ndwi_connected_component,0.2.0-archive,LANDSAT_7_SLC_OFF;LOW_LAKE_ENVELOPE_OBSERVABILITY,LANDSAT_7_SLC_OFF;LOW_LAKE_ENVELOPE_OBSERVABILITY,imja-expanded-aoi-v2-2026-08-28
2016-11-03T04:42:30.786000Z,2016,OLI,LANDSAT/LC08/C02/T1_L2/LC08_140041_20161103,,True,False,rejected,,0.1328047126186956,0.020876358085660397,5.94,landsat_c2_l2_ndwi_connected_component,0.2.0-archive,LOW_LAKE_ENVELOPE_OBSERVABILITY;NO_LAKE_COMPONENT_AT_SEED,LOW_LAKE_ENVELOPE_OBSERVABILITY;NO_LAKE_COMPONENT_AT_SEED,imja-expanded-aoi-v2-2026-08-28
2016-11-11T04:44:44.703000Z,2016,ETM+,LANDSAT/LE07/C02/T1_L2/LE07_140041_20161111,data/archive/scenes/landsat/LANDSAT_LE07_C02_T1_L2_LE07_140041_20161111.geojson,True,False,rejected,0.393321,0.33588230444655803,0.3003792340317646,9,landsat_c2_l2_ndwi_connected_component,0.2.0-archive,LANDSAT_7_SLC_OFF;LOW_LAKE_ENVELOPE_OBSERVABILITY,LANDSAT_7_SLC_OFF;LOW_LAKE_ENVELOPE_OBSERVABILITY,imja-expanded-aoi-v2-2026-08-28
2016-11-19T04:42:30.496000Z,2016,OLI,LANDSAT/LC08/C02/T1_L2/LC08_140041_20161119,,True,False,rejected,,0.08027670146669733,0.013468618119780902,4.14,landsat_c2_l2_ndwi_connected_component,0.2.0-archive,LOW_LAKE_ENVELOPE_OBSERVABILITY;NO_LAKE_COMPONENT_AT_SEED,LOW_LAKE_ENVELOPE_OBSERVABILITY;NO_LAKE_COMPONENT_AT_SEED,imja-expanded-aoi-v2-2026-08-28
2016-11-27T04:44:41.231000Z,2016,ETM+,LANDSAT/LE07/C02/T1_L2/LE07_140041_20161127,,True,False,rejected,,0.2331436194530414,0.09721173195865393,12,landsat_c2_l2_ndwi_connected_component,0.2.0-archive,LANDSAT_7_SLC_OFF;LOW_LAKE_ENVELOPE_OBSERVABILITY;NO_LAKE_COMPONENT_AT_SEED,LANDSAT_7_SLC_OFF;LOW_LAKE_ENVELOPE_OBSERVABILITY;NO_LAKE_COMPONENT_AT_SEED,imja-expanded-aoi-v2-2026-08-28
2016-12-05T04:42:29.219000Z,2016,OLI,LANDSAT/LC08/C02/T1_L2/LC08_140041_20161205,,True,False,rejected,,0.08225498205037854,0.010344426897094468,3.34,landsat_c2_l2_ndwi_connected_component,0.2.0-archive,LOW_LAKE_ENVELOPE_OBSERVABILITY;NO_LAKE_COMPONENT_AT_SEED,LOW_LAKE_ENVELOPE_OBSERVABILITY;NO_LAKE_COMPONENT_AT_SEED,imja-expanded-aoi-v2-2026-08-28
2016-12-13T04:44:37.189000Z,2016,ETM+,LANDSAT/LE07/C02/T1_L2/LE07_140041_20161213,,True,False,rejected,,0.2580749312368365,0.08316739643689022,15,landsat_c2_l2_ndwi_connected_component,0.2.0-archive,LANDSAT_7_SLC_OFF;LOW_LAKE_ENVELOPE_OBSERVABILITY;NO_LAKE_COMPONENT_AT_SEED,LANDSAT_7_SLC_OFF;LOW_LAKE_ENVELOPE_OBSERVABILITY;NO_LAKE_COMPONENT_AT_SEED,imja-expanded-aoi-v2-2026-08-28
2017-10-05T04:42:25.427000Z,2017,OLI,LANDSAT/LC08/C02/T1_L2/LC08_140041_20171005,data/archive/scenes/landsat/LANDSAT_LC08_C02_T1_L2_LC08_140041_20171005.geojson,True,False,rejected,0.615241,0.2909577378231105,0.43703817164829445,38.64,landsat_c2_l2_ndwi_connected_component,0.2.0-archive,LOW_LAKE_ENVELOPE_OBSERVABILITY,LOW_LAKE_ENVELOPE_OBSERVABILITY,imja-expanded-aoi-v2-2026-08-28
2017-10-13T04:44:47.651000Z,2017,ETM+,LANDSAT/LE07/C02/T1_L2/LE07_140041_20171013,,True,False,rejected,,0.2568718944157555,0.43448441601656346,37,landsat_c2_l2_ndwi_connected_component,0.2.0-archive,LANDSAT_7_SLC_OFF;LOW_LAKE_ENVELOPE_OBSERVABILITY;NO_LAKE_COMPONENT_AT_SEED,LANDSAT_7_SLC_OFF;LOW_LAKE_ENVELOPE_OBSERVABILITY;NO_LAKE_COMPONENT_AT_SEED,imja-expanded-aoi-v2-2026-08-28
2017-10-21T04:42:28.195000Z,2017,OLI,LANDSAT/LC08/C02/T1_L2/LC08_140041_20171021,,True,False,rejected,,0.30695216182388996,0.21631921153124972,36.77,landsat_c2_l2_ndwi_connected_component,0.2.0-archive,LOW_LAKE_ENVELOPE_OBSERVABILITY;NO_LAKE_COMPONENT_AT_SEED,LOW_LAKE_ENVELOPE_OBSERVABILITY;NO_LAKE_COMPONENT_AT_SEED,imja-expanded-aoi-v2-2026-08-28
2017-10-29T04:44:48.343000Z,2017,ETM+,LANDSAT/LE07/C02/T1_L2/LE07_140041_20171029,,True,False,rejected,,0.0,0.0,33,landsat_c2_l2_ndwi_connected_component,0.2.0-archive,LANDSAT_7_SLC_OFF;LOW_LAKE_ENVELOPE_OBSERVABILITY;NO_LAKE_COMPONENT_AT_SEED,LANDSAT_7_SLC_OFF;LOW_LAKE_ENVELOPE_OBSERVABILITY;NO_LAKE_COMPONENT_AT_SEED,imja-expanded-aoi-v2-2026-08-28
2017-11-06T04:42:27.214000Z,2017,OLI,LANDSAT/LC08/C02/T1_L2/LC08_140041_20171106,,True,False,rejected,,0.06245568804382831,0.017952875682013838,7.84,landsat_c2_l2_ndwi_connected_component,0.2.0-archive,LOW_LAKE_ENVELOPE_OBSERVABILITY;NO_LAKE_COMPONENT_AT_SEED,LOW_LAKE_ENVELOPE_OBSERVABILITY;NO_LAKE_COMPONENT_AT_SEED,imja-expanded-aoi-v2-2026-08-28
2017-11-14T04:44:45.862000Z,2017,ETM+,LANDSAT/LE07/C02/T1_L2/LE07_140041_20171114,,True,False,rejected,,0.0,0.0,9,landsat_c2_l2_ndwi_connected_component,0.2.0-archive,LANDSAT_7_SLC_OFF;LOW_LAKE_ENVELOPE_OBSERVABILITY;NO_LAKE_COMPONENT_AT_SEED,LANDSAT_7_SLC_OFF;LOW_LAKE_ENVELOPE_OBSERVABILITY;NO_LAKE_COMPONENT_AT_SEED,imja-expanded-aoi-v2-2026-08-28
2017-11-22T04:42:22.323000Z,2017,OLI,LANDSAT/LC08/C02/T1_L2/LC08_140041_20171122,data/archive/scenes/landsat/LANDSAT_LC08_C02_T1_L2_LC08_140041_20171122.geojson,True,False,rejected,0.016238,0.15766797322920742,0.03367154529945225,8.53,landsat_c2_l2_ndwi_connected_component,0.2.0-archive,LOW_LAKE_ENVELOPE_OBSERVABILITY,LOW_LAKE_ENVELOPE_OBSERVABILITY,imja-expanded-aoi-v2-2026-08-28
2017-11-30T04:44:40.143000Z,2017,ETM+,LANDSAT/LE07/C02/T1_L2/LE07_140041_20171130,data/archive/scenes/landsat/LANDSAT_LE07_C02_T1_L2_LE07_140041_20171130.geojson,True,False,rejected,0.553898,0.5429650225962855,0.3974509979981931,13,landsat_c2_l2_ndwi_connected_component,0.2.0-archive,LANDSAT_7_SLC_OFF;LOW_LAKE_ENVELOPE_OBSERVABILITY,LANDSAT_7_SLC_OFF;LOW_LAKE_ENVELOPE_OBSERVABILITY,imja-expanded-aoi-v2-2026-08-28
2017-12-08T04:42:18.789000Z,2017,OLI,LANDSAT/LC08/C02/T1_L2/LC08_140041_20171208,,True,False,rejected,,0.0361585562359006,0.007407739965879496,4.45,landsat_c2_l2_ndwi_connected_component,0.2.0-archive,LOW_LAKE_ENVELOPE_OBSERVABILITY;NO_LAKE_COMPONENT_AT_SEED,LOW_LAKE_ENVELOPE_OBSERVABILITY;NO_LAKE_COMPONENT_AT_SEED,imja-expanded-aoi-v2-2026-08-28
2018-10-08T04:41:57.624000Z,2018,OLI,LANDSAT/LC08/C02/T1_L2/LC08_140041_20181008,,True,False,rejected,,0.1305188527231706,0.0,25.06,landsat_c2_l2_ndwi_connected_component,0.2.0-archive,LOW_LAKE_ENVELOPE_OBSERVABILITY;NO_LAKE_COMPONENT_AT_SEED,LOW_LAKE_ENVELOPE_OBSERVABILITY;NO_LAKE_COMPONENT_AT_SEED,imja-expanded-aoi-v2-2026-08-28
2018-10-16T04:39:20.039000Z,2018,ETM+,LANDSAT/LE07/C02/T1_L2/LE07_140041_20181016,,True,False,rejected,,0.29782221256248503,0.006660363705507338,17,landsat_c2_l2_ndwi_connected_component,0.2.0-archive,LANDSAT_7_SLC_OFF;LOW_LAKE_ENVELOPE_OBSERVABILITY;NO_LAKE_COMPONENT_AT_SEED,LANDSAT_7_SLC_OFF;LOW_LAKE_ENVELOPE_OBSERVABILITY;NO_LAKE_COMPONENT_AT_SEED,imja-expanded-aoi-v2-2026-08-28
2018-10-24T04:42:03.186000Z,2018,OLI,LANDSAT/LC08/C02/T1_L2/LC08_140041_20181024,,True,False,rejected,,0.0474301688538472,0.0006734309059890451,7.85,landsat_c2_l2_ndwi_connected_component,0.2.0-archive,LOW_LAKE_ENVELOPE_OBSERVABILITY;NO_LAKE_COMPONENT_AT_SEED,LOW_LAKE_ENVELOPE_OBSERVABILITY;NO_LAKE_COMPONENT_AT_SEED,imja-expanded-aoi-v2-2026-08-28
2018-10-30T05:01:00.932000Z,2018,Sentinel-2,COPERNICUS/S2_SR_HARMONIZED/20181030T044921_20181030T050041_T45RVL,,True,False,rejected,1.146686,0.8344753106280837,0.7917857561891349,2.445908,sentinel2_s2sr_qa60_scl_ndwi_connected_component,0.1.0,LOW_LAKE_ENVELOPE_OBSERVABILITY,LOW_LAKE_ENVELOPE_OBSERVABILITY,imja-expanded-aoi-v2-2026-08-28
2018-11-01T04:38:59.876000Z,2018,ETM+,LANDSAT/LE07/C02/T1_L2/LE07_140041_20181101,,True,False,rejected,,0.16009323310524642,0.06273471047752849,10,landsat_c2_l2_ndwi_connected_component,0.2.0-archive,LANDSAT_7_SLC_OFF;LOW_LAKE_ENVELOPE_OBSERVABILITY;NO_LAKE_COMPONENT_AT_SEED,LANDSAT_7_SLC_OFF;LOW_LAKE_ENVELOPE_OBSERVABILITY;NO_LAKE_COMPONENT_AT_SEED,imja-expanded-aoi-v2-2026-08-28
2018-11-09T04:42:06Z,2018,OLI,LANDSAT/LC08/C02/T1_L2/LC08_140041_20181109,data/archive/scenes/landsat/LANDSAT_LC08_C02_T1_L2_LC08_140041_20181109.geojson,True,False,rejected,0.168695,0.18485756469732897,0.12952849272958702,3.65,landsat_c2_l2_ndwi_connected_component,0.2.0-archive,LOW_LAKE_ENVELOPE_OBSERVABILITY,LOW_LAKE_ENVELOPE_OBSERVABILITY,imja-expanded-aoi-v2-2026-08-28
2018-11-09T05:00:59.875000Z,2018,Sentinel-2,COPERNICUS/S2_SR_HARMONIZED/20181109T045011_20181109T045010_T45RVL,data/processed/imja-tsho/scenes/20181109T045011_20181109T045010_T45RVL.geojson,True,True,published,1.174652,0.953558835045933,0.8087621729437987,1.740582,sentinel2_s2sr_qa60_scl_ndwi_connected_component,0.1.0,,HUMAN_REVIEWED;PUBLISHED_AFTER_REVIEW,imja-expanded-aoi-v2-2026-08-28
2018-11-17T04:38:37.723000Z,2018,ETM+,LANDSAT/LE07/C02/T1_L2/LE07_140041_20181117,data/archive/scenes/landsat/LANDSAT_LE07_C02_T1_L2_LE07_140041_20181117.geojson,True,False,rejected,0.02977,0.35895165218955283,0.09850313475484467,10,landsat_c2_l2_ndwi_connected_component,0.2.0-archive,LANDSAT_7_SLC_OFF;LOW_LAKE_ENVELOPE_OBSERVABILITY,LANDSAT_7_SLC_OFF;LOW_LAKE_ENVELOPE_OBSERVABILITY,imja-expanded-aoi-v2-2026-08-28
2018-11-25T04:42:05.844000Z,2018,OLI,LANDSAT/LC08/C02/T1_L2/LC08_140041_20181125,,True,False,rejected,,0.14687002076010403,0.05659196425270293,3.38,landsat_c2_l2_ndwi_connected_component,0.2.0-archive,LOW_LAKE_ENVELOPE_OBSERVABILITY;NO_LAKE_COMPONENT_AT_SEED,LOW_LAKE_ENVELOPE_OBSERVABILITY;NO_LAKE_COMPONENT_AT_SEED,imja-expanded-aoi-v2-2026-08-28
2018-12-03T04:38:13.314000Z,2018,ETM+,LANDSAT/LE07/C02/T1_L2/LE07_140041_20181203,,True,False,rejected,,0.5084268037682955,0.036251709986320095,14,landsat_c2_l2_ndwi_connected_component,0.2.0-archive,LANDSAT_7_SLC_OFF;LOW_LAKE_ENVELOPE_OBSERVABILITY;NO_LAKE_COMPONENT_AT_SEED,LANDSAT_7_SLC_OFF;LOW_LAKE_ENVELOPE_OBSERVABILITY;NO_LAKE_COMPONENT_AT_SEED,imja-expanded-aoi-v2-2026-08-28
2018-12-11T04:42:02.736000Z,2018,OLI,LANDSAT/LC08/C02/T1_L2/LC08_140041_20181211,,True,False,rejected,,0.1157379580151237,0.0,4.48,landsat_c2_l2_ndwi_connected_component,0.2.0-archive,LOW_LAKE_ENVELOPE_OBSERVABILITY;NO_LAKE_COMPONENT_AT_SEED,LOW_LAKE_ENVELOPE_OBSERVABILITY;NO_LAKE_COMPONENT_AT_SEED,imja-expanded-aoi-v2-2026-08-28
2018-12-14T05:00:58.263000Z,2018,Sentinel-2,COPERNICUS/S2_SR_HARMONIZED/20181214T045209_20181214T045509_T45RVL,,True,False,rejected,,0.09393564292129264,0.0020931596855567306,23.164576,sentinel2_s2sr_qa60_scl_ndwi_connected_component,0.1.0,LOW_AOI_OBSERVABILITY;LOW_LAKE_ENVELOPE_OBSERVABILITY;NO_LAKE_COMPONENT_AT_SEED,LOW_AOI_OBSERVABILITY;LOW_LAKE_ENVELOPE_OBSERVABILITY;NO_LAKE_COMPONENT_AT_SEED,imja-expanded-aoi-v2-2026-08-28
2019-10-03T04:27:16.406000Z,2019,ETM+,LANDSAT/LE07/C02/T1_L2/LE07_140041_20191003,,True,False,rejected,,0.21746307024709685,0.01947139635238129,61,landsat_c2_l2_ndwi_connected_component,0.2.0-archive,LANDSAT_7_SLC_OFF;LOW_LAKE_ENVELOPE_OBSERVABILITY;NO_LAKE_COMPONENT_AT_SEED,LANDSAT_7_SLC_OFF;LOW_LAKE_ENVELOPE_OBSERVABILITY;NO_LAKE_COMPONENT_AT_SEED,imja-expanded-aoi-v2-2026-08-28
2019-10-11T04:42:33.096000Z,2019,OLI,LANDSAT/LC08/C02/T1_L2/LC08_140041_20191011,,True,False,rejected,,0.11794557405061822,0.02979205509985262,16.14,landsat_c2_l2_ndwi_connected_component,0.2.0-archive,LOW_LAKE_ENVELOPE_OBSERVABILITY;NO_LAKE_COMPONENT_AT_SEED,LOW_LAKE_ENVELOPE_OBSERVABILITY;NO_LAKE_COMPONENT_AT_SEED,imja-expanded-aoi-v2-2026-08-28
2019-10-19T04:26:36.289000Z,2019,ETM+,LANDSAT/LE07/C02/T1_L2/LE07_140041_20191019,,True,False,rejected,,0.0,0.0,42,landsat_c2_l2_ndwi_connected_component,0.2.0-archive,LANDSAT_7_SLC_OFF;LOW_LAKE_ENVELOPE_OBSERVABILITY;NO_LAKE_COMPONENT_AT_SEED,LANDSAT_7_SLC_OFF;LOW_LAKE_ENVELOPE_OBSERVABILITY;NO_LAKE_COMPONENT_AT_SEED,imja-expanded-aoi-v2-2026-08-28
2019-10-27T04:42:33.837000Z,2019,OLI,LANDSAT/LC08/C02/T1_L2/LC08_140041_20191027,data/archive/scenes/landsat/LANDSAT_LC08_C02_T1_L2_LC08_140041_20191027.geojson,True,False,rejected,0.449252,0.08689595215432881,0.3303218207458971,19.03,landsat_c2_l2_ndwi_connected_component,0.2.0-archive,LOW_LAKE_ENVELOPE_OBSERVABILITY,LOW_LAKE_ENVELOPE_OBSERVABILITY,imja-expanded-aoi-v2-2026-08-28
2019-11-04T04:25:54.157000Z,2019,ETM+,LANDSAT/LE07/C02/T1_L2/LE07_140041_20191104,,True,False,rejected,,0.0011373839270323498,0.00527124740531033,38,landsat_c2_l2_ndwi_connected_component,0.2.0-archive,LANDSAT_7_SLC_OFF;LOW_LAKE_ENVELOPE_OBSERVABILITY;NO_LAKE_COMPONENT_AT_SEED,LANDSAT_7_SLC_OFF;LOW_LAKE_ENVELOPE_OBSERVABILITY;NO_LAKE_COMPONENT_AT_SEED,imja-expanded-aoi-v2-2026-08-28
2019-11-12T04:42:31.682000Z,2019,OLI,LANDSAT/LC08/C02/T1_L2/LC08_140041_20191112,,True,False,rejected,,0.056875192049704114,0.0006734309059890451,12.27,landsat_c2_l2_ndwi_connected_component,0.2.0-archive,LOW_LAKE_ENVELOPE_OBSERVABILITY;NO_LAKE_COMPONENT_AT_SEED,LOW_LAKE_ENVELOPE_OBSERVABILITY;NO_LAKE_COMPONENT_AT_SEED,imja-expanded-aoi-v2-2026-08-28
2019-11-20T04:25:09.821000Z,2019,ETM+,LANDSAT/LE07/C02/T1_L2/LE07_140041_20191120,,True,False,rejected,,0.36825847454451305,0.07791199446466197,5,landsat_c2_l2_ndwi_connected_component,0.2.0-archive,LANDSAT_7_SLC_OFF;LOW_LAKE_ENVELOPE_OBSERVABILITY;NO_LAKE_COMPONENT_AT_SEED,LANDSAT_7_SLC_OFF;LOW_LAKE_ENVELOPE_OBSERVABILITY;NO_LAKE_COMPONENT_AT_SEED,imja-expanded-aoi-v2-2026-08-28
2019-11-28T04:42:29.300000Z,2019,OLI,LANDSAT/LC08/C02/T1_L2/LC08_140041_20191128,,True,False,rejected,,0.0,0.0,14.75,landsat_c2_l2_ndwi_connected_component,0.2.0-archive,LOW_LAKE_ENVELOPE_OBSERVABILITY;NO_LAKE_COMPONENT_AT_SEED,LOW_LAKE_ENVELOPE_OBSERVABILITY;NO_LAKE_COMPONENT_AT_SEED,imja-expanded-aoi-v2-2026-08-28
2019-12-06T04:24:23.275000Z,2019,ETM+,LANDSAT/LE07/C02/T1_L2/LE07_140041_20191206,data/archive/scenes/landsat/LANDSAT_LE07_C02_T1_L2_LE07_140041_20191206.geojson,True,False,rejected,0.35002,0.35690082365902315,0.4697246591911429,6,landsat_c2_l2_ndwi_connected_component,0.2.0-archive,LANDSAT_7_SLC_OFF;LOW_LAKE_ENVELOPE_OBSERVABILITY,LANDSAT_7_SLC_OFF;LOW_LAKE_ENVELOPE_OBSERVABILITY,imja-expanded-aoi-v2-2026-08-28
2019-12-14T04:42:27.989000Z,2019,OLI,LANDSAT/LC08/C02/T1_L2/LC08_140041_20191214,,True,False,rejected,,0.0,0.0,66.15,landsat_c2_l2_ndwi_connected_component,0.2.0-archive,LOW_LAKE_ENVELOPE_OBSERVABILITY;NO_LAKE_COMPONENT_AT_SEED,LOW_LAKE_ENVELOPE_OBSERVABILITY;NO_LAKE_COMPONENT_AT_SEED,imja-expanded-aoi-v2-2026-08-28
2020-10-05T04:06:47.195000Z,2020,ETM+,LANDSAT/LE07/C02/T1_L2/LE07_140041_20201005,,True,False,rejected,,0.18714192566833213,0.015066365955558828,19,landsat_c2_l2_ndwi_connected_component,0.2.0-archive,LANDSAT_7_SLC_OFF;LOW_LAKE_ENVELOPE_OBSERVABILITY;NO_LAKE_COMPONENT_AT_SEED,LANDSAT_7_SLC_OFF;LOW_LAKE_ENVELOPE_OBSERVABILITY;NO_LAKE_COMPONENT_AT_SEED,imja-expanded-aoi-v2-2026-08-28
2020-10-13T04:42:30.156000Z,2020,OLI,LANDSAT/LC08/C02/T1_L2/LC08_140041_20201013,data/archive/scenes/landsat/LANDSAT_LC08_C02_T1_L2_LC08_140041_20201013.geojson,True,False,rejected,0.044204,0.11146902097744828,0.04879337027079842,28.69,landsat_c2_l2_ndwi_connected_component,0.2.0-archive,LOW_LAKE_ENVELOPE_OBSERVABILITY,LOW_LAKE_ENVELOPE_OBSERVABILITY,imja-expanded-aoi-v2-2026-08-28
2020-10-21T04:05:45.132000Z,2020,ETM+,LANDSAT/LE07/C02/T1_L2/LE07_140041_20201021,,True,False,rejected,,0.44638901588110474,0.06797954882770198,8,landsat_c2_l2_ndwi_connected_component,0.2.0-archive,LANDSAT_7_SLC_OFF;LOW_LAKE_ENVELOPE_OBSERVABILITY;NO_LAKE_COMPONENT_AT_SEED,LANDSAT_7_SLC_OFF;LOW_LAKE_ENVELOPE_OBSERVABILITY;NO_LAKE_COMPONENT_AT_SEED,imja-expanded-aoi-v2-2026-08-28
2020-10-29T04:42:29.541000Z,2020,OLI,LANDSAT/LC08/C02/T1_L2/LC08_140041_20201029,,True,False,rejected,,0.10999467881794767,0.0731636463510608,3.65,landsat_c2_l2_ndwi_connected_component,0.2.0-archive,LOW_LAKE_ENVELOPE_OBSERVABILITY;NO_LAKE_COMPONENT_AT_SEED,LOW_LAKE_ENVELOPE_OBSERVABILITY;NO_LAKE_COMPONENT_AT_SEED,imja-expanded-aoi-v2-2026-08-28
2020-11-06T04:04:40.862000Z,2020,ETM+,LANDSAT/LE07/C02/T1_L2/LE07_140041_20201106,,True,False,rejected,,0.3121471344310443,0.026601841239324124,8,landsat_c2_l2_ndwi_connected_component,0.2.0-archive,LANDSAT_7_SLC_OFF;LOW_LAKE_ENVELOPE_OBSERVABILITY;NO_LAKE_COMPONENT_AT_SEED,LANDSAT_7_SLC_OFF;LOW_LAKE_ENVELOPE_OBSERVABILITY;NO_LAKE_COMPONENT_AT_SEED,imja-expanded-aoi-v2-2026-08-28
2020-11-14T04:42:26.752000Z,2020,OLI,LANDSAT/LC08/C02/T1_L2/LC08_140041_20201114,data/archive/scenes/landsat/LANDSAT_LC08_C02_T1_L2_LC08_140041_20201114.geojson,True,False,rejected,0.20478,0.14535101064985817,0.16269298417041225,5.26,landsat_c2_l2_ndwi_connected_component,0.2.0-archive,LOW_LAKE_ENVELOPE_OBSERVABILITY,LOW_LAKE_ENVELOPE_OBSERVABILITY,imja-expanded-aoi-v2-2026-08-28
2020-11-22T04:03:33.973000Z,2020,ETM+,LANDSAT/LE07/C02/T1_L2/LE07_140041_20201122,,True,False,rejected,,0.2952956253887822,0.10830617602163421,7,landsat_c2_l2_ndwi_connected_component,0.2.0-archive,LANDSAT_7_SLC_OFF;LOW_LAKE_ENVELOPE_OBSERVABILITY;NO_LAKE_COMPONENT_AT_SEED,LANDSAT_7_SLC_OFF;LOW_LAKE_ENVELOPE_OBSERVABILITY;NO_LAKE_COMPONENT_AT_SEED,imja-expanded-aoi-v2-2026-08-28
2020-11-30T04:42:30.907000Z,2020,OLI,LANDSAT/LC08/C02/T1_L2/LC08_140041_20201130,,True,False,rejected,,0.04816044488079784,0.0013468618119780902,5.47,landsat_c2_l2_ndwi_connected_component,0.2.0-archive,LOW_LAKE_ENVELOPE_OBSERVABILITY;NO_LAKE_COMPONENT_AT_SEED,LOW_LAKE_ENVELOPE_OBSERVABILITY;NO_LAKE_COMPONENT_AT_SEED,imja-expanded-aoi-v2-2026-08-28
2020-12-08T04:02:23.859000Z,2020,ETM+,LANDSAT/LE07/C02/T1_L2/LE07_140041_20201208,,True,False,rejected,,0.5534562951082589,0.3700859350654149,6,landsat_c2_l2_ndwi_connected_component,0.2.0-archive,LANDSAT_7_SLC_OFF;LOW_LAKE_ENVELOPE_OBSERVABILITY;NO_LAKE_COMPONENT_AT_SEED,LANDSAT_7_SLC_OFF;LOW_LAKE_ENVELOPE_OBSERVABILITY;NO_LAKE_COMPONENT_AT_SEED,imja-expanded-aoi-v2-2026-08-28
2021-10-04T05:01:09.365000Z,2021,Sentinel-2,COPERNICUS/S2_SR_HARMONIZED/20211004T044701_20211004T045543_T45RVL,,True,False,rejected,0.713672,0.34260970889204845,0.5328710547929137,58.285244,sentinel2_s2sr_qa60_scl_ndwi_connected_component,0.1.0,LOW_LAKE_ENVELOPE_OBSERVABILITY,LOW_LAKE_ENVELOPE_OBSERVABILITY,imja-expanded-aoi-v2-2026-08-28
2021-10-08T03:37:35.321000Z,2021,ETM+,LANDSAT/LE07/C02/T1_L2/LE07_140041_20211008,,True,False,rejected,,0.5282111085296283,0.017976643831636975,39,landsat_c2_l2_ndwi_connected_component,0.2.0-archive,LANDSAT_7_SLC_OFF;LOW_LAKE_ENVELOPE_OBSERVABILITY;NO_LAKE_COMPONENT_AT_SEED,LANDSAT_7_SLC_OFF;LOW_LAKE_ENVELOPE_OBSERVABILITY;NO_LAKE_COMPONENT_AT_SEED,imja-expanded-aoi-v2-2026-08-28
2021-10-09T05:01:05.346000Z,2021,Sentinel-2,COPERNICUS/S2_SR_HARMONIZED/20211009T044709_20211009T045934_T45RVL,data/processed/imja-tsho/scenes/20211009T044709_20211009T045934_T45RVL.geojson,True,True,published,1.582006,0.8210199230172872,0.9626094098322191,55.268382,sentinel2_s2sr_qa60_scl_ndwi_connected_component,0.1.0,,HUMAN_REVIEWED;PUBLISHED_AFTER_REVIEW,imja-expanded-aoi-v2-2026-08-28
2021-10-14T05:01:09.982000Z,2021,Sentinel-2,COPERNICUS/S2_SR_HARMONIZED/20211014T044751_20211014T045624_T45RVL,data/processed/imja-tsho/scenes/20211014T044751_20211014T045624_T45RVL.geojson,True,True,processed,1.580904,0.8722025952854588,0.9620673471782241,7.422318,sentinel2_s2sr_qa60_scl_ndwi_connected_component,0.1.0,,QA_PASSED_PENDING_REVIEW,imja-expanded-aoi-v2-2026-08-28
2021-10-16T04:42:35.561000Z,2021,OLI,LANDSAT/LC08/C02/T1_L2/LC08_140041_20211016,data/archive/scenes/landsat/LANDSAT_LC08_C02_T1_L2_LC08_140041_20211016.geojson,True,False,rejected,0.177716,0.056875192049704114,0.15938128865625434,14.35,landsat_c2_l2_ndwi_connected_component,0.2.0-archive,LOW_LAKE_ENVELOPE_OBSERVABILITY,LOW_LAKE_ENVELOPE_OBSERVABILITY,imja-expanded-aoi-v2-2026-08-28
2021-10-19T05:01:06.080000Z,2021,Sentinel-2,COPERNICUS/S2_SR_HARMONIZED/20211019T044819_20211019T045912_T45RVL,,True,False,rejected,,0.0,0.0,99.993968,sentinel2_s2sr_qa60_scl_ndwi_connected_component,0.1.0,LOW_AOI_OBSERVABILITY;LOW_LAKE_ENVELOPE_OBSERVABILITY;NO_LAKE_COMPONENT_AT_SEED,LOW_AOI_OBSERVABILITY;LOW_LAKE_ENVELOPE_OBSERVABILITY;NO_LAKE_COMPONENT_AT_SEED,imja-expanded-aoi-v2-2026-08-28
2021-10-24T03:36:09.135000Z,2021,ETM+,LANDSAT/LE07/C02/T1_L2/LE07_140041_20211024,,True,False,rejected,,0.07503316370504134,0.0029472505532697033,19,landsat_c2_l2_ndwi_connected_component,0.2.0-archive,LANDSAT_7_SLC_OFF;LOW_LAKE_ENVELOPE_OBSERVABILITY;NO_LAKE_COMPONENT_AT_SEED,LANDSAT_7_SLC_OFF;LOW_LAKE_ENVELOPE_OBSERVABILITY;NO_LAKE_COMPONENT_AT_SEED,imja-expanded-aoi-v2-2026-08-28
2021-10-24T05:01:09.776000Z,2021,Sentinel-2,COPERNICUS/S2_SR_HARMONIZED/20211024T044851_20211024T045820_T45RVL,data/processed/imja-tsho/scenes/20211024T044851_20211024T045820_T45RVL.geojson,True,True,processed,1.559453,0.23985626660623485,0.9537967851695417,38.03346,sentinel2_s2sr_qa60_scl_ndwi_connected_component,0.1.0,,QA_PASSED_PENDING_REVIEW,imja-expanded-aoi-v2-2026-08-28
2021-10-29T05:01:05.954000Z,2021,Sentinel-2,COPERNICUS/S2_SR_HARMONIZED/20211029T044919_20211029T045138_T45RVL,data/processed/imja-tsho/scenes/20211029T044919_20211029T045138_T45RVL.geojson,True,True,processed,1.55795,0.22803001022803537,0.9368649536548164,20.555324,sentinel2_s2sr_qa60_scl_ndwi_connected_component,0.1.0,,QA_PASSED_PENDING_REVIEW,imja-expanded-aoi-v2-2026-08-28
2021-11-01T04:42:35.613000Z,2021,OLI,LANDSAT/LC08/C02/T1_L2/LC08_140041_20211101,data/archive/scenes/landsat/LANDSAT_LC08_C02_T1_L2_LC08_140041_20211101.geojson,True,False,rejected,0.522324,0.16079712806061577,0.381581796766475,19.77,landsat_c2_l2_ndwi_connected_component,0.2.0-archive,LOW_LAKE_ENVELOPE_OBSERVABILITY,LOW_LAKE_ENVELOPE_OBSERVABILITY,imja-expanded-aoi-v2-2026-08-28
2021-11-03T05:01:08.633000Z,2021,Sentinel-2,COPERNICUS/S2_SR_HARMONIZED/20211103T044941_20211103T044941_T45RVL,data/processed/imja-tsho/scenes/20211103T044941_20211103T044941_T45RVL.geojson,True,True,processed,1.541712,0.524553211292379,0.9741687199342955,2.650608,sentinel2_s2sr_qa60_scl_ndwi_connected_component,0.1.0,,QA_PASSED_PENDING_REVIEW,imja-expanded-aoi-v2-2026-08-28
2021-11-08T05:01:04.763000Z,2021,Sentinel-2,COPERNICUS/S2_SR_HARMONIZED/20211108T045009_20211108T045413_T45RVL,data/processed/imja-tsho/scenes/20211108T045009_20211108T045413_T45RVL.geojson,True,True,processed,1.55384,0.6102629938470584,0.9853115100316793,3.370593,sentinel2_s2sr_qa60_scl_ndwi_connected_component,0.1.0,,QA_PASSED_PENDING_REVIEW,imja-expanded-aoi-v2-2026-08-28
2021-11-09T03:34:38.973000Z,2021,ETM+,LANDSAT/LE07/C02/T1_L2/LE07_140041_20211109,,True,False,rejected,,0.09211520733873423,0.03233788801504258,6,landsat_c2_l2_ndwi_connected_component,0.2.0-archive,LANDSAT_7_SLC_OFF;LOW_LAKE_ENVELOPE_OBSERVABILITY;NO_LAKE_COMPONENT_AT_SEED,LANDSAT_7_SLC_OFF;LOW_LAKE_ENVELOPE_OBSERVABILITY;NO_LAKE_COMPONENT_AT_SEED,imja-expanded-aoi-v2-2026-08-28
2021-11-13T05:01:06.281000Z,2021,Sentinel-2,COPERNICUS/S2_SR_HARMONIZED/20211113T045041_20211113T045038_T45RVL,data/processed/imja-tsho/scenes/20211113T045041_20211113T045038_T45RVL.geojson,True,True,processed,1.622701,0.7112009167260533,0.9926375689311276,3.862635,sentinel2_s2sr_qa60_scl_ndwi_connected_component,0.1.0,,QA_PASSED_PENDING_REVIEW,imja-expanded-aoi-v2-2026-08-28
2021-11-17T04:42:30.101000Z,2021,OLI,LANDSAT/LC08/C02/T1_L2/LC08_140041_20211117,,True,False,rejected,,0.05122004961440146,0.008081170871868541,6.86,landsat_c2_l2_ndwi_connected_component,0.2.0-archive,LOW_LAKE_ENVELOPE_OBSERVABILITY;NO_LAKE_COMPONENT_AT_SEED,LOW_LAKE_ENVELOPE_OBSERVABILITY;NO_LAKE_COMPONENT_AT_SEED,imja-expanded-aoi-v2-2026-08-28
2021-11-18T05:01:01.855000Z,2021,Sentinel-2,COPERNICUS/S2_SR_HARMONIZED/20211118T045059_20211118T045056_T45RVL,data/processed/imja-tsho/scenes/20211118T045059_20211118T045056_T45RVL.geojson,True,True,processed,1.604058,0.6923673176663349,0.9676006101138097,9.518412,sentinel2_s2sr_qa60_scl_ndwi_connected_component,0.1.0,,QA_PASSED_PENDING_REVIEW,imja-expanded-aoi-v2-2026-08-28
2021-11-23T05:01:04.668000Z,2021,Sentinel-2,COPERNICUS/S2_SR_HARMONIZED/20211123T045121_20211123T045119_T45RVL,data/processed/imja-tsho/scenes/20211123T045121_20211123T045119_T45RVL.geojson,True,True,processed,1.660791,0.3009108506295304,0.9745946263052915,19.61438,sentinel2_s2sr_qa60_scl_ndwi_connected_component,0.1.0,,QA_PASSED_PENDING_REVIEW,imja-expanded-aoi-v2-2026-08-28
2021-11-25T03:33:05.309000Z,2021,ETM+,LANDSAT/LE07/C02/T1_L2/LE07_140041_20211125,,True,False,rejected,,0.38306724924866303,0.10101727680387045,18,landsat_c2_l2_ndwi_connected_component,0.2.0-archive,LANDSAT_7_SLC_OFF;LOW_LAKE_ENVELOPE_OBSERVABILITY;NO_LAKE_COMPONENT_AT_SEED,LANDSAT_7_SLC_OFF;LOW_LAKE_ENVELOPE_OBSERVABILITY;NO_LAKE_COMPONENT_AT_SEED,imja-expanded-aoi-v2-2026-08-28
2021-11-28T05:01:00.153000Z,2021,Sentinel-2,COPERNICUS/S2_SR_HARMONIZED/20211128T045129_20211128T045610_T45RVL,data/processed/imja-tsho/scenes/20211128T045129_20211128T045610_T45RVL.geojson,True,True,processed,1.67312,0.7944442201746618,0.9851249560014078,4.250769,sentinel2_s2sr_qa60_scl_ndwi_connected_component,0.1.0,,QA_PASSED_PENDING_REVIEW,imja-expanded-aoi-v2-2026-08-28
2021-12-03T04:42:31.866000Z,2021,OLI,LANDSAT/LC08/C02/T1_L2/LC08_140041_20211203,,True,False,rejected,,0.004586709036266461,0.0,20.98,landsat_c2_l2_ndwi_connected_component,0.2.0-archive,LOW_LAKE_ENVELOPE_OBSERVABILITY;NO_LAKE_COMPONENT_AT_SEED,LOW_LAKE_ENVELOPE_OBSERVABILITY;NO_LAKE_COMPONENT_AT_SEED,imja-expanded-aoi-v2-2026-08-28
2021-12-03T05:01:04.064000Z,2021,Sentinel-2,COPERNICUS/S2_SR_HARMONIZED/20211203T045151_20211203T045152_T45RVL,,True,False,rejected,,0.40744334978585317,0.0020943329813445984,21.231614,sentinel2_s2sr_qa60_scl_ndwi_connected_component,0.1.0,LOW_LAKE_ENVELOPE_OBSERVABILITY;NO_LAKE_COMPONENT_AT_SEED,LOW_LAKE_ENVELOPE_OBSERVABILITY;NO_LAKE_COMPONENT_AT_SEED,imja-expanded-aoi-v2-2026-08-28
2021-12-08T05:00:59.461000Z,2021,Sentinel-2,COPERNICUS/S2_SR_HARMONIZED/20211208T045159_20211208T050030_T45RVL,data/processed/imja-tsho/scenes/20211208T045159_20211208T050030_T45RVL.geojson,True,True,processed,1.642047,0.30349350592425356,0.9465469904963043,23.126183,sentinel2_s2sr_qa60_scl_ndwi_connected_component,0.1.0,,QA_PASSED_PENDING_REVIEW,imja-expanded-aoi-v2-2026-08-28
2021-12-11T03:31:35.469000Z,2021,ETM+,LANDSAT/LE07/C02/T1_L2/LE07_140041_20211211,,True,False,rejected,,0.2960232033515938,0.346560748749531,7,landsat_c2_l2_ndwi_connected_component,0.2.0-archive,LANDSAT_7_SLC_OFF;LOW_LAKE_ENVELOPE_OBSERVABILITY;NO_LAKE_COMPONENT_AT_SEED,LANDSAT_7_SLC_OFF;LOW_LAKE_ENVELOPE_OBSERVABILITY;NO_LAKE_COMPONENT_AT_SEED,imja-expanded-aoi-v2-2026-08-28
2021-12-11T04:42:30.202000Z,2021,OLI-2,LANDSAT/LC09/C02/T1_L2/LC09_140041_20211211,,True,False,rejected,,0.10414737425896879,0.17642569284156145,8.25,landsat_c2_l2_ndwi_connected_component,0.2.0-archive,LOW_LAKE_ENVELOPE_OBSERVABILITY;NO_LAKE_COMPONENT_AT_SEED,LOW_LAKE_ENVELOPE_OBSERVABILITY;NO_LAKE_COMPONENT_AT_SEED,imja-expanded-aoi-v2-2026-08-28
2021-12-13T05:01:03.993000Z,2021,Sentinel-2,COPERNICUS/S2_SR_HARMONIZED/20211213T045211_20211213T045210_T45RVL,data/processed/imja-tsho/scenes/20211213T045211_20211213T045210_T45RVL.geojson,True,True,published,1.590626,0.9019301101635377,0.9988032382963745,2.236134,sentinel2_s2sr_qa60_scl_ndwi_connected_component,0.1.0,,HUMAN_REVIEWED;PUBLISHED_AFTER_REVIEW,imja-expanded-aoi-v2-2026-08-28
2022-10-03T04:42:47.434000Z,2022,OLI,LANDSAT/LC08/C02/T1_L2/LC08_140041_20221003,,True,False,rejected,,0.10288527981173468,0.4070770985955663,14.99,landsat_c2_l2_ndwi_connected_component,0.2.0-archive,LOW_LAKE_ENVELOPE_OBSERVABILITY;NO_LAKE_COMPONENT_AT_SEED,LOW_LAKE_ENVELOPE_OBSERVABILITY;NO_LAKE_COMPONENT_AT_SEED,imja-expanded-aoi-v2-2026-08-28
2022-10-11T04:42:34.220000Z,2022,OLI-2,LANDSAT/LC09/C02/T1_L2/LC09_140041_20221011,,True,False,rejected,,0.19166148288602852,0.10923577476245047,47.97,landsat_c2_l2_ndwi_connected_component,0.2.0-archive,LOW_LAKE_ENVELOPE_OBSERVABILITY;NO_LAKE_COMPONENT_AT_SEED,LOW_LAKE_ENVELOPE_OBSERVABILITY;NO_LAKE_COMPONENT_AT_SEED,imja-expanded-aoi-v2-2026-08-28
2022-10-17T03:00:32.052000Z,2022,ETM+,LANDSAT/LE07/C02/T1_L2/LE07_140041_20221017,,True,False,rejected,,0.019835268195069963,0.0,6,landsat_c2_l2_ndwi_connected_component,0.2.0-archive,LANDSAT_7_SLC_OFF;LOW_LAKE_ENVELOPE_OBSERVABILITY;NO_LAKE_COMPONENT_AT_SEED,LANDSAT_7_SLC_OFF;LOW_LAKE_ENVELOPE_OBSERVABILITY;NO_LAKE_COMPONENT_AT_SEED,imja-expanded-aoi-v2-2026-08-28
2022-10-19T04:42:43.720000Z,2022,OLI,LANDSAT/LC08/C02/T1_L2/LC08_140041_20221019,,True,False,rejected,,0.0,0.0,12.1,landsat_c2_l2_ndwi_connected_component,0.2.0-archive,LOW_LAKE_ENVELOPE_OBSERVABILITY;NO_LAKE_COMPONENT_AT_SEED,LOW_LAKE_ENVELOPE_OBSERVABILITY;NO_LAKE_COMPONENT_AT_SEED,imja-expanded-aoi-v2-2026-08-28
2022-10-27T04:42:37.085000Z,2022,OLI-2,LANDSAT/LC09/C02/T1_L2/LC09_140041_20221027,,True,False,rejected,,0.18116901123443852,0.026760295570145073,11.04,landsat_c2_l2_ndwi_connected_component,0.2.0-archive,LOW_LAKE_ENVELOPE_OBSERVABILITY;NO_LAKE_COMPONENT_AT_SEED,LOW_LAKE_ENVELOPE_OBSERVABILITY;NO_LAKE_COMPONENT_AT_SEED,imja-expanded-aoi-v2-2026-08-28
2022-11-03T02:58:21.342000Z,2022,ETM+,LANDSAT/LE07/C02/T1_L2/LE07_140041_20221103,,True,False,rejected,,0.3530395940912387,0.47467899793481133,4,landsat_c2_l2_ndwi_connected_component,0.2.0-archive,LANDSAT_7_SLC_OFF;LOW_LAKE_ENVELOPE_OBSERVABILITY;NO_LAKE_COMPONENT_AT_SEED,LANDSAT_7_SLC_OFF;LOW_LAKE_ENVELOPE_OBSERVABILITY;NO_LAKE_COMPONENT_AT_SEED,imja-expanded-aoi-v2-2026-08-28
2022-11-04T04:42:48.674000Z,2022,OLI,LANDSAT/LC08/C02/T1_L2/LC08_140041_20221104,,True,False,rejected,,0.17350171252126537,0.30426136513687807,5.54,landsat_c2_l2_ndwi_connected_component,0.2.0-archive,LOW_LAKE_ENVELOPE_OBSERVABILITY;NO_LAKE_COMPONENT_AT_SEED,LOW_LAKE_ENVELOPE_OBSERVABILITY;NO_LAKE_COMPONENT_AT_SEED,imja-expanded-aoi-v2-2026-08-28
2022-11-12T04:42:38.086000Z,2022,OLI-2,LANDSAT/LC09/C02/T1_L2/LC09_140041_20221112,,True,False,rejected,,0.23934976654250484,0.2563130846304579,9.93,landsat_c2_l2_ndwi_connected_component,0.2.0-archive,LOW_LAKE_ENVELOPE_OBSERVABILITY;NO_LAKE_COMPONENT_AT_SEED,LOW_LAKE_ENVELOPE_OBSERVABILITY;NO_LAKE_COMPONENT_AT_SEED,imja-expanded-aoi-v2-2026-08-28
2022-11-20T02:55:54.323000Z,2022,ETM+,LANDSAT/LE07/C02/T1_L2/LE07_140041_20221120,data/archive/scenes/landsat/LANDSAT_LE07_C02_T1_L2_LE07_140041_20221120.geojson,True,False,rejected,1.772654,0.5586959356661585,0.5834869460040449,3,landsat_c2_l2_ndwi_connected_component,0.2.0-archive,LANDSAT_7_SLC_OFF;LOW_LAKE_ENVELOPE_OBSERVABILITY,LANDSAT_7_SLC_OFF;LOW_LAKE_ENVELOPE_OBSERVABILITY,imja-expanded-aoi-v2-2026-08-28
2022-11-20T04:42:41.690000Z,2022,OLI,LANDSAT/LC08/C02/T1_L2/LC08_140041_20221120,,True,False,rejected,,0.14520441583164023,0.06776299457558002,4.84,landsat_c2_l2_ndwi_connected_component,0.2.0-archive,LOW_LAKE_ENVELOPE_OBSERVABILITY;NO_LAKE_COMPONENT_AT_SEED,LOW_LAKE_ENVELOPE_OBSERVABILITY;NO_LAKE_COMPONENT_AT_SEED,imja-expanded-aoi-v2-2026-08-28
2022-11-25T03:00:59.733000Z,2022,ETM+,LANDSAT/LE07/C02/T1_L2/LE07_141041_20221125,,True,False,rejected,,0.1486561392201089,0.013468618119780902,4,landsat_c2_l2_ndwi_connected_component,0.2.0-archive,LANDSAT_7_SLC_OFF;LOW_LAKE_ENVELOPE_OBSERVABILITY;NO_LAKE_COMPONENT_AT_SEED,LANDSAT_7_SLC_OFF;LOW_LAKE_ENVELOPE_OBSERVABILITY;NO_LAKE_COMPONENT_AT_SEED,imja-expanded-aoi-v2-2026-08-28
2022-11-28T04:42:35.985000Z,2022,OLI-2,LANDSAT/LC09/C02/T1_L2/LC09_140041_20221128,,True,False,rejected,,0.10969879111737287,0.03954491916188221,11.06,landsat_c2_l2_ndwi_connected_component,0.2.0-archive,LOW_LAKE_ENVELOPE_OBSERVABILITY;NO_LAKE_COMPONENT_AT_SEED,LOW_LAKE_ENVELOPE_OBSERVABILITY;NO_LAKE_COMPONENT_AT_SEED,imja-expanded-aoi-v2-2026-08-28
2022-12-06T04:42:43.389000Z,2022,OLI,LANDSAT/LC08/C02/T1_L2/LC08_140041_20221206,,True,False,rejected,,0.12824618336343624,0.10892942972286328,4.99,landsat_c2_l2_ndwi_connected_component,0.2.0-archive,LOW_LAKE_ENVELOPE_OBSERVABILITY;NO_LAKE_COMPONENT_AT_SEED,LOW_LAKE_ENVELOPE_OBSERVABILITY;NO_LAKE_COMPONENT_AT_SEED,imja-expanded-aoi-v2-2026-08-28
2022-12-07T02:53:24.530000Z,2022,ETM+,LANDSAT/LE07/C02/T1_L2/LE07_140041_20221207,data/archive/scenes/landsat/LANDSAT_LE07_C02_T1_L2_LE07_140041_20221207.geojson,True,False,rejected,1.186279,0.46610496968424986,0.3826804134601667,2,landsat_c2_l2_ndwi_connected_component,0.2.0-archive,LANDSAT_7_SLC_OFF;LOW_LAKE_ENVELOPE_OBSERVABILITY,LANDSAT_7_SLC_OFF;LOW_LAKE_ENVELOPE_OBSERVABILITY,imja-expanded-aoi-v2-2026-08-28
2022-12-12T02:58:26.399000Z,2022,ETM+,LANDSAT/LE07/C02/T1_L2/LE07_140041_20221212,data/archive/scenes/landsat/LANDSAT_LE07_C02_T1_L2_LE07_140041_20221212.geojson,True,False,rejected,1.644554,0.3345890323692741,0.5949035805396944,4,landsat_c2_l2_ndwi_connected_component,0.2.0-archive,LANDSAT_7_SLC_OFF;LOW_LAKE_ENVELOPE_OBSERVABILITY,LANDSAT_7_SLC_OFF;LOW_LAKE_ENVELOPE_OBSERVABILITY,imja-expanded-aoi-v2-2026-08-28
2022-12-14T04:42:37.082000Z,2022,OLI-2,LANDSAT/LC09/C02/T1_L2/LC09_140041_20221214,,True,False,rejected,,0.13228518537948972,0.016019732845998225,5.8,landsat_c2_l2_ndwi_connected_component,0.2.0-archive,LOW_LAKE_ENVELOPE_OBSERVABILITY;NO_LAKE_COMPONENT_AT_SEED,LOW_LAKE_ENVELOPE_OBSERVABILITY;NO_LAKE_COMPONENT_AT_SEED,imja-expanded-aoi-v2-2026-08-28
2023-10-06T02:21:28.961000Z,2023,ETM+,LANDSAT/LE07/C02/T1_L2/LE07_140041_20231006,,True,False,rejected,,0.3901041003080282,0.005408574492021821,1,landsat_c2_l2_ndwi_connected_component,0.2.0-archive,LANDSAT_7_SLC_OFF;LOW_LAKE_ENVELOPE_OBSERVABILITY;NO_LAKE_COMPONENT_AT_SEED,LANDSAT_7_SLC_OFF;LOW_LAKE_ENVELOPE_OBSERVABILITY;NO_LAKE_COMPONENT_AT_SEED,imja-expanded-aoi-v2-2026-08-28
2023-10-06T04:42:16.868000Z,2023,OLI,LANDSAT/LC08/C02/T1_L2/LC08_140041_20231006,data/archive/scenes/landsat/LANDSAT_LC08_C02_T1_L2_LC08_140041_20231006.geojson,True,False,rejected,0.306718,0.49214608518387865,0.26830015475706304,28.74,landsat_c2_l2_ndwi_connected_component,0.2.0-archive,LOW_LAKE_ENVELOPE_OBSERVABILITY,LOW_LAKE_ENVELOPE_OBSERVABILITY,imja-expanded-aoi-v2-2026-08-28
2023-10-11T02:24:29.302000Z,2023,ETM+,LANDSAT/LE07/C02/T1_L2/LE07_140041_20231011,,True,False,rejected,,0.26549310869451015,0.0051867384288724885,6,landsat_c2_l2_ndwi_connected_component,0.2.0-archive,LANDSAT_7_SLC_OFF;LOW_LAKE_ENVELOPE_OBSERVABILITY;NO_LAKE_COMPONENT_AT_SEED,LANDSAT_7_SLC_OFF;LOW_LAKE_ENVELOPE_OBSERVABILITY;NO_LAKE_COMPONENT_AT_SEED,imja-expanded-aoi-v2-2026-08-28
2023-10-14T04:42:23.288000Z,2023,OLI-2,LANDSAT/LC09/C02/T1_L2/LC09_140041_20231014,,True,False,rejected,,0.0378403495491983,0.009428032683846631,25.4,landsat_c2_l2_ndwi_connected_component,0.2.0-archive,LOW_LAKE_ENVELOPE_OBSERVABILITY;NO_LAKE_COMPONENT_AT_SEED,LOW_LAKE_ENVELOPE_OBSERVABILITY;NO_LAKE_COMPONENT_AT_SEED,imja-expanded-aoi-v2-2026-08-28
2023-10-22T04:42:19.931000Z,2023,OLI,LANDSAT/LC08/C02/T1_L2/LC08_140041_20231022,,True,False,rejected,,0.04740948369544834,0.018721379186495447,6.67,landsat_c2_l2_ndwi_connected_component,0.2.0-archive,LOW_LAKE_ENVELOPE_OBSERVABILITY;NO_LAKE_COMPONENT_AT_SEED,LOW_LAKE_ENVELOPE_OBSERVABILITY;NO_LAKE_COMPONENT_AT_SEED,imja-expanded-aoi-v2-2026-08-28
2023-10-30T04:42:20.675000Z,2023,OLI-2,LANDSAT/LC09/C02/T1_L2/LC09_140041_20231030,,True,False,rejected,,0.07537491849597884,0.016017091940484545,10.26,landsat_c2_l2_ndwi_connected_component,0.2.0-archive,LOW_LAKE_ENVELOPE_OBSERVABILITY;NO_LAKE_COMPONENT_AT_SEED,LOW_LAKE_ENVELOPE_OBSERVABILITY;NO_LAKE_COMPONENT_AT_SEED,imja-expanded-aoi-v2-2026-08-28
2023-11-02T02:17:27.897000Z,2023,ETM+,LANDSAT/LE07/C02/T1_L2/LE07_140041_20231102,,True,False,rejected,,0.30992632785975904,0.2041816097903648,4,landsat_c2_l2_ndwi_connected_component,0.2.0-archive,LANDSAT_7_SLC_OFF;LOW_LAKE_ENVELOPE_OBSERVABILITY;NO_LAKE_COMPONENT_AT_SEED,LANDSAT_7_SLC_OFF;LOW_LAKE_ENVELOPE_OBSERVABILITY;NO_LAKE_COMPONENT_AT_SEED,imja-expanded-aoi-v2-2026-08-28
2023-11-07T02:20:14.810000Z,2023,ETM+,LANDSAT/LE07/C02/T1_L2/LE07_140041_20231107,,True,False,rejected,,0.44812417090737294,0.2609690010510804,3,landsat_c2_l2_ndwi_connected_component,0.2.0-archive,LANDSAT_7_SLC_OFF;LOW_LAKE_ENVELOPE_OBSERVABILITY;NO_LAKE_COMPONENT_AT_SEED,LANDSAT_7_SLC_OFF;LOW_LAKE_ENVELOPE_OBSERVABILITY;NO_LAKE_COMPONENT_AT_SEED,imja-expanded-aoi-v2-2026-08-28
2023-11-07T04:42:20.030000Z,2023,OLI,LANDSAT/LC08/C02/T1_L2/LC08_140041_20231107,,True,False,rejected,,0.29791184824888034,0.2908165151667202,9.88,landsat_c2_l2_ndwi_connected_component,0.2.0-archive,LOW_LAKE_ENVELOPE_OBSERVABILITY;NO_LAKE_COMPONENT_AT_SEED,LOW_LAKE_ENVELOPE_OBSERVABILITY;NO_LAKE_COMPONENT_AT_SEED,imja-expanded-aoi-v2-2026-08-28
2023-11-15T04:42:20.118000Z,2023,OLI-2,LANDSAT/LC09/C02/T1_L2/LC09_140041_20231115,data/archive/scenes/landsat/LANDSAT_LC09_C02_T1_L2_LC09_140041_20231115.geojson,True,False,rejected,0.33739,0.2413328436846553,0.24455049147251595,5.52,landsat_c2_l2_ndwi_connected_component,0.2.0-archive,LOW_LAKE_ENVELOPE_OBSERVABILITY,LOW_LAKE_ENVELOPE_OBSERVABILITY,imja-expanded-aoi-v2-2026-08-28
2023-11-23T04:42:25.085000Z,2023,OLI,LANDSAT/LC08/C02/T1_L2/LC08_140041_20231123,data/archive/scenes/landsat/LANDSAT_LC08_C02_T1_L2_LC08_140041_20231123.geojson,True,False,rejected,0.046008,0.07335856522944759,0.08882949785822557,4.02,landsat_c2_l2_ndwi_connected_component,0.2.0-archive,LOW_LAKE_ENVELOPE_OBSERVABILITY,LOW_LAKE_ENVELOPE_OBSERVABILITY,imja-expanded-aoi-v2-2026-08-28
2023-11-29T02:12:15.449000Z,2023,ETM+,LANDSAT/LE07/C02/T1_L2/LE07_139041_20231129,,True,False,rejected,,0.10739494412758802,0.3214827099916017,29,landsat_c2_l2_ndwi_connected_component,0.2.0-archive,LANDSAT_7_SLC_OFF;LOW_LAKE_ENVELOPE_OBSERVABILITY;NO_LAKE_COMPONENT_AT_SEED,LANDSAT_7_SLC_OFF;LOW_LAKE_ENVELOPE_OBSERVABILITY;NO_LAKE_COMPONENT_AT_SEED,imja-expanded-aoi-v2-2026-08-28
2023-12-01T04:42:28.208000Z,2023,OLI-2,LANDSAT/LC09/C02/T1_L2/LC09_140041_20231201,,True,False,rejected,,0.0,0.0,55.35,landsat_c2_l2_ndwi_connected_component,0.2.0-archive,LOW_LAKE_ENVELOPE_OBSERVABILITY;NO_LAKE_COMPONENT_AT_SEED,LOW_LAKE_ENVELOPE_OBSERVABILITY;NO_LAKE_COMPONENT_AT_SEED,imja-expanded-aoi-v2-2026-08-28
2023-12-04T02:14:48.565000Z,2023,ETM+,LANDSAT/LE07/C02/T1_L2/LE07_140041_20231204,,True,False,rejected,,0.0,0.0,23,landsat_c2_l2_ndwi_connected_component,0.2.0-archive,LANDSAT_7_SLC_OFF;LOW_LAKE_ENVELOPE_OBSERVABILITY;NO_LAKE_COMPONENT_AT_SEED,LANDSAT_7_SLC_OFF;LOW_LAKE_ENVELOPE_OBSERVABILITY;NO_LAKE_COMPONENT_AT_SEED,imja-expanded-aoi-v2-2026-08-28
2023-12-09T02:17:19.365000Z,2023,ETM+,LANDSAT/LE07/C02/T1_L2/LE07_140041_20231209,data/archive/scenes/landsat/LANDSAT_LE07_C02_T1_L2_LE07_140041_20231209.geojson,True,False,rejected,1.835801,0.4380951667178796,0.552358592714269,19,landsat_c2_l2_ndwi_connected_component,0.2.0-archive,LANDSAT_7_SLC_OFF;LOW_LAKE_ENVELOPE_OBSERVABILITY,LANDSAT_7_SLC_OFF;LOW_LAKE_ENVELOPE_OBSERVABILITY,imja-expanded-aoi-v2-2026-08-28
2023-12-09T04:42:17.067000Z,2023,OLI,LANDSAT/LC08/C02/T1_L2/LC08_140041_20231209,,True,False,rejected,,0.08295288130766146,0.0,16.86,landsat_c2_l2_ndwi_connected_component,0.2.0-archive,LOW_LAKE_ENVELOPE_OBSERVABILITY;NO_LAKE_COMPONENT_AT_SEED,LOW_LAKE_ENVELOPE_OBSERVABILITY;NO_LAKE_COMPONENT_AT_SEED,imja-expanded-aoi-v2-2026-08-28
2024-10-03T05:01:05.716000Z,2024,Sentinel-2,COPERNICUS/S2_SR_HARMONIZED/20241003T044659_20241003T045455_T45RVL,,True,False,rejected,,0.0028537774781000544,0.023336853220696955,94.981146,sentinel2_s2sr_qa60_scl_ndwi_connected_component,0.1.0,LOW_AOI_OBSERVABILITY;LOW_LAKE_ENVELOPE_OBSERVABILITY;NO_LAKE_COMPONENT_AT_SEED,LOW_AOI_OBSERVABILITY;LOW_LAKE_ENVELOPE_OBSERVABILITY;NO_LAKE_COMPONENT_AT_SEED,imja-expanded-aoi-v2-2026-08-28
2024-10-08T04:42:03.009000Z,2024,OLI,LANDSAT/LC08/C02/T1_L2/LC08_140041_20241008,,True,False,rejected,,0.15058495529457547,0.3313253648410966,17.87,landsat_c2_l2_ndwi_connected_component,0.2.0-archive,LOW_LAKE_ENVELOPE_OBSERVABILITY;NO_LAKE_COMPONENT_AT_SEED,LOW_LAKE_ENVELOPE_OBSERVABILITY;NO_LAKE_COMPONENT_AT_SEED,imja-expanded-aoi-v2-2026-08-28
2024-10-08T05:01:02.832000Z,2024,Sentinel-2,COPERNICUS/S2_SR_HARMONIZED/20241008T044701_20241008T045601_T45RVL,data/processed/imja-tsho/scenes/20241008T044701_20241008T045601_T45RVL.geojson,True,True,processed,1.725943,0.46718855355449207,0.9591786929484929,40.667665,sentinel2_s2sr_qa60_scl_ndwi_connected_component,0.1.0,,QA_PASSED_PENDING_REVIEW,imja-expanded-aoi-v2-2026-08-28
2024-10-13T05:01:00.143000Z,2024,Sentinel-2,COPERNICUS/S2_SR_HARMONIZED/20241013T044659_20241013T045225_T45RVL,data/processed/imja-tsho/scenes/20241013T044659_20241013T045225_T45RVL.geojson,True,True,processed,1.752907,0.611350546860771,0.9588806758183747,22.518584,sentinel2_s2sr_qa60_scl_ndwi_connected_component,0.1.0,,QA_PASSED_PENDING_REVIEW,imja-expanded-aoi-v2-2026-08-28
2024-10-16T04:42:12.956000Z,2024,OLI-2,LANDSAT/LC09/C02/T1_L2/LC09_140041_20241016,data/archive/scenes/landsat/LANDSAT_LC09_C02_T1_L2_LC09_140041_20241016.geojson,True,False,rejected,0.299501,0.27589564487480117,0.22797880937415804,17.78,landsat_c2_l2_ndwi_connected_component,0.2.0-archive,LOW_LAKE_ENVELOPE_OBSERVABILITY,LOW_LAKE_ENVELOPE_OBSERVABILITY,imja-expanded-aoi-v2-2026-08-28
2024-10-18T05:01:04.448000Z,2024,Sentinel-2,COPERNICUS/S2_SR_HARMONIZED/20241018T044811_20241018T045820_T45RVL,data/processed/imja-tsho/scenes/20241018T044811_20241018T045820_T45RVL.geojson,True,True,processed,1.636133,0.4654373840319823,0.8928182564824597,66.048604,sentinel2_s2sr_qa60_scl_ndwi_connected_component,0.1.0,,QA_PASSED_PENDING_REVIEW,imja-expanded-aoi-v2-2026-08-28
2024-10-23T05:01:05.452000Z,2024,Sentinel-2,COPERNICUS/S2_SR_HARMONIZED/20241023T044749_20241023T045343_T45RVL,data/processed/imja-tsho/scenes/20241023T044749_20241023T045343_T45RVL.geojson,True,True,processed,1.801921,0.7090052933442097,0.9522609409832224,29.129705,sentinel2_s2sr_qa60_scl_ndwi_connected_component,0.1.0,,QA_PASSED_PENDING_REVIEW,imja-expanded-aoi-v2-2026-08-28
2024-10-24T04:42:13.932000Z,2024,OLI,LANDSAT/LC08/C02/T1_L2/LC08_140041_20241024,,True,False,rejected,,0.030348724789963085,0.034923334512937776,11.27,landsat_c2_l2_ndwi_connected_component,0.2.0-archive,LOW_LAKE_ENVELOPE_OBSERVABILITY;NO_LAKE_COMPONENT_AT_SEED,LOW_LAKE_ENVELOPE_OBSERVABILITY;NO_LAKE_COMPONENT_AT_SEED,imja-expanded-aoi-v2-2026-08-28
2024-10-28T05:01:05.277000Z,2024,Sentinel-2,COPERNICUS/S2_SR_HARMONIZED/20241028T044911_20241028T045458_T45RVL,data/processed/imja-tsho/scenes/20241028T044911_20241028T045458_T45RVL.geojson,True,True,processed,1.807635,0.7793906105924701,0.9837369470843604,19.24632,sentinel2_s2sr_qa60_scl_ndwi_connected_component,0.1.0,,QA_PASSED_PENDING_REVIEW,imja-expanded-aoi-v2-2026-08-28
2024-11-01T04:42:14.785000Z,2024,OLI-2,LANDSAT/LC09/C02/T1_L2/LC09_140041_20241101,data/archive/scenes/landsat/LANDSAT_LC09_C02_T1_L2_LC09_140041_20241101.geojson,True,False,rejected,0.683802,0.4141885197370874,0.5112000802835271,25.53,landsat_c2_l2_ndwi_connected_component,0.2.0-archive,LOW_LAKE_ENVELOPE_OBSERVABILITY,LOW_LAKE_ENVELOPE_OBSERVABILITY,imja-expanded-aoi-v2-2026-08-28
2024-11-02T05:01:03.152000Z,2024,Sentinel-2,COPERNICUS/S2_SR_HARMONIZED/20241102T044849_20241102T045605_T45RVL,data/processed/imja-tsho/scenes/20241102T044849_20241102T045605_T45RVL.geojson,True,True,processed,1.766438,0.8017763765579365,0.9539563533966913,58.809859,sentinel2_s2sr_qa60_scl_ndwi_connected_component,0.1.0,,QA_PASSED_PENDING_REVIEW,imja-expanded-aoi-v2-2026-08-28
2024-11-07T05:01:00.558000Z,2024,Sentinel-2,COPERNICUS/S2_SR_HARMONIZED/20241107T045011_20241107T045627_T45RVL,data/processed/imja-tsho/scenes/20241107T045011_20241107T045627_T45RVL.geojson,True,True,processed,1.732358,0.6722934845009375,0.9384547694473779,3.532971,sentinel2_s2sr_qa60_scl_ndwi_connected_component,0.1.0,,QA_PASSED_PENDING_REVIEW,imja-expanded-aoi-v2-2026-08-28
2024-11-09T04:42:11.411000Z,2024,OLI,LANDSAT/LC08/C02/T1_L2/LC08_140041_20241109,,True,False,rejected,,0.24192821650465687,0.15188639880842333,29.79,landsat_c2_l2_ndwi_connected_component,0.2.0-archive,LOW_LAKE_ENVELOPE_OBSERVABILITY;NO_LAKE_COMPONENT_AT_SEED,LOW_LAKE_ENVELOPE_OBSERVABILITY;NO_LAKE_COMPONENT_AT_SEED,imja-expanded-aoi-v2-2026-08-28
2024-11-12T05:00:59.783000Z,2024,Sentinel-2,COPERNICUS/S2_SR_HARMONIZED/20241112T044929_20241112T045529_T45RVL,data/processed/imja-tsho/scenes/20241112T044929_20241112T045529_T45RVL.geojson,True,True,processed,1.689859,0.7947537124753906,0.948799718409011,38.204306,sentinel2_s2sr_qa60_scl_ndwi_connected_component,0.1.0,,QA_PASSED_PENDING_REVIEW,imja-expanded-aoi-v2-2026-08-28
2024-11-17T04:42:17.644000Z,2024,OLI-2,LANDSAT/LC09/C02/T1_L2/LC09_140041_20241117,,True,False,rejected,,0.06248476717954844,0.04105023530468124,7.05,landsat_c2_l2_ndwi_connected_component,0.2.0-archive,LOW_LAKE_ENVELOPE_OBSERVABILITY;NO_LAKE_COMPONENT_AT_SEED,LOW_LAKE_ENVELOPE_OBSERVABILITY;NO_LAKE_COMPONENT_AT_SEED,imja-expanded-aoi-v2-2026-08-28
2024-11-17T05:01:04.210000Z,2024,Sentinel-2,COPERNICUS/S2_SR_HARMONIZED/20241117T045101_20241117T045056_T45RVL,data/processed/imja-tsho/scenes/20241117T045101_20241117T045056_T45RVL.geojson,True,True,processed,1.806833,0.8463669827271854,0.9755508623724041,6.291436,sentinel2_s2sr_qa60_scl_ndwi_connected_component,0.1.0,,QA_PASSED_PENDING_REVIEW,imja-expanded-aoi-v2-2026-08-28
2024-11-22T05:01:04.916000Z,2024,Sentinel-2,COPERNICUS/S2_SR_HARMONIZED/20241122T045029_20241122T045607_T45RVL,data/processed/imja-tsho/scenes/20241122T045029_20241122T045607_T45RVL.geojson,True,True,processed,1.854444,0.8615475600935325,0.9985803120966795,41.443482,sentinel2_s2sr_qa60_scl_ndwi_connected_component,0.1.0,,QA_PASSED_PENDING_REVIEW,imja-expanded-aoi-v2-2026-08-28
2024-11-25T04:42:21.010000Z,2024,OLI,LANDSAT/LC08/C02/T1_L2/LC08_140041_20241125,,True,False,rejected,,0.1290735896993902,0.13320199229911947,10.06,landsat_c2_l2_ndwi_connected_component,0.2.0-archive,LOW_LAKE_ENVELOPE_OBSERVABILITY;NO_LAKE_COMPONENT_AT_SEED,LOW_LAKE_ENVELOPE_OBSERVABILITY;NO_LAKE_COMPONENT_AT_SEED,imja-expanded-aoi-v2-2026-08-28
2024-11-27T05:01:02.466000Z,2024,Sentinel-2,COPERNICUS/S2_SR_HARMONIZED/20241127T045131_20241127T045131_T45RVL,data/processed/imja-tsho/scenes/20241127T045131_20241127T045131_T45RVL.geojson,True,True,processed,1.831391,0.7706640734862362,0.9766748797371816,15.925185,sentinel2_s2sr_qa60_scl_ndwi_connected_component,0.1.0,,QA_PASSED_PENDING_REVIEW,imja-expanded-aoi-v2-2026-08-28
2024-12-02T05:01:05.724000Z,2024,Sentinel-2,COPERNICUS/S2_SR_HARMONIZED/20241202T045139_20241202T045922_T45RVL,data/processed/imja-tsho/scenes/20241202T045139_20241202T045922_T45RVL.geojson,True,True,processed,1.882911,0.8913434217431465,1.0,21.235417,sentinel2_s2sr_qa60_scl_ndwi_connected_component,0.1.0,,QA_PASSED_PENDING_REVIEW,imja-expanded-aoi-v2-2026-08-28
2024-12-03T04:42:23.528000Z,2024,OLI-2,LANDSAT/LC09/C02/T1_L2/LC09_140041_20241203,data/archive/scenes/landsat/LANDSAT_LC09_C02_T1_L2_LC09_140041_20241203.geojson,True,False,rejected,0.180423,0.10506981240959573,0.12516835772649718,6.73,landsat_c2_l2_ndwi_connected_component,0.2.0-archive,LOW_LAKE_ENVELOPE_OBSERVABILITY,LOW_LAKE_ENVELOPE_OBSERVABILITY,imja-expanded-aoi-v2-2026-08-28
2024-12-07T05:01:05.721000Z,2024,Sentinel-2,COPERNICUS/S2_SR_HARMONIZED/20241207T045201_20241207T045203_T45RVL,data/processed/imja-tsho/scenes/20241207T045201_20241207T045203_T45RVL.geojson,True,True,published,1.789492,0.9117876331246562,0.9985040478704681,6.915309,sentinel2_s2sr_qa60_scl_ndwi_connected_component,0.1.0,,HUMAN_REVIEWED;PUBLISHED_AFTER_REVIEW,imja-expanded-aoi-v2-2026-08-28
2024-12-11T04:42:08.976000Z,2024,OLI,LANDSAT/LC08/C02/T1_L2/LC08_140041_20241211,data/archive/scenes/landsat/LANDSAT_LC08_C02_T1_L2_LC08_140041_20241211.geojson,True,False,rejected,0.130806,0.10625875934017301,0.10543815263377504,5.51,landsat_c2_l2_ndwi_connected_component,0.2.0-archive,LOW_LAKE_ENVELOPE_OBSERVABILITY,LOW_LAKE_ENVELOPE_OBSERVABILITY,imja-expanded-aoi-v2-2026-08-28
2024-12-12T05:01:05.807000Z,2024,Sentinel-2,COPERNICUS/S2_SR_HARMONIZED/20241212T045119_20241212T045116_T45RVL,data/processed/imja-tsho/scenes/20241212T045119_20241212T045116_T45RVL.geojson,True,True,processed,1.812446,0.9226105375799999,1.0,1.170202,sentinel2_s2sr_qa60_scl_ndwi_connected_component,0.1.0,,QA_PASSED_PENDING_REVIEW,imja-expanded-aoi-v2-2026-08-28
2025-10-11T04:42:26.464000Z,2025,OLI,LANDSAT/LC08/C02/T1_L2/LC08_140041_20251011,,True,False,rejected,,0.030711464524203765,0.16946954771852163,6.05,landsat_c2_l2_ndwi_connected_component,0.2.0-archive,LOW_LAKE_ENVELOPE_OBSERVABILITY;NO_LAKE_COMPONENT_AT_SEED,LOW_LAKE_ENVELOPE_OBSERVABILITY;NO_LAKE_COMPONENT_AT_SEED,imja-expanded-aoi-v2-2026-08-28
2025-10-27T04:42:25.793000Z,2025,OLI,LANDSAT/LC08/C02/T1_L2/LC08_140041_20251027,,True,False,rejected,,0.0,0.0,45.65,landsat_c2_l2_ndwi_connected_component,0.2.0-archive,LOW_LAKE_ENVELOPE_OBSERVABILITY;NO_LAKE_COMPONENT_AT_SEED,LOW_LAKE_ENVELOPE_OBSERVABILITY;NO_LAKE_COMPONENT_AT_SEED,imja-expanded-aoi-v2-2026-08-28
2025-11-04T04:42:30.272000Z,2025,OLI-2,LANDSAT/LC09/C02/T1_L2/LC09_140041_20251104,,True,False,rejected,,0.06346746209594592,0.07548764320310143,3.08,landsat_c2_l2_ndwi_connected_component,0.2.0-archive,LOW_LAKE_ENVELOPE_OBSERVABILITY;NO_LAKE_COMPONENT_AT_SEED,LOW_LAKE_ENVELOPE_OBSERVABILITY;NO_LAKE_COMPONENT_AT_SEED,imja-expanded-aoi-v2-2026-08-28
2025-11-12T04:42:25.245000Z,2025,OLI,LANDSAT/LC08/C02/T1_L2/LC08_140041_20251112,data/archive/scenes/landsat/LANDSAT_LC08_C02_T1_L2_LC08_140041_20251112.geojson,True,False,rejected,0.022553,0.08717894910401743,0.25337375679372925,4.84,landsat_c2_l2_ndwi_connected_component,0.2.0-archive,LOW_LAKE_ENVELOPE_OBSERVABILITY,LOW_LAKE_ENVELOPE_OBSERVABILITY,imja-expanded-aoi-v2-2026-08-28
2025-11-17T05:01:00.426000Z,2025,Sentinel-2,COPERNICUS/S2_SR_HARMONIZED/20251117T044959_20251117T045240_T45RVL,data/processed/imja-tsho/scenes/20251117T044959_20251117T045240_T45RVL.geojson,True,True,published,1.34024,0.36351276292689977,1.0,0.376329,sentinel2_s2sr_qa60_scl_ndwi_connected_component,0.1.0,,HUMAN_REVIEWED;PUBLISHED_AFTER_REVIEW,imja-expanded-aoi-v2-2026-08-28
2025-11-20T04:42:28.315000Z,2025,OLI-2,LANDSAT/LC09/C02/T1_L2/LC09_140041_20251120,data/archive/scenes/landsat/LANDSAT_LC09_C02_T1_L2_LC09_140041_20251120.geojson,True,False,rejected,0.424895,0.08550854761708437,0.3453670594573465,13.5,landsat_c2_l2_ndwi_connected_component,0.2.0-archive,LOW_LAKE_ENVELOPE_OBSERVABILITY,LOW_LAKE_ENVELOPE_OBSERVABILITY,imja-expanded-aoi-v2-2026-08-28
2025-11-28T04:42:27.454000Z,2025,OLI,LANDSAT/LC08/C02/T1_L2/LC08_140041_20251128,data/archive/scenes/landsat/LANDSAT_LC08_C02_T1_L2_LC08_140041_20251128.geojson,True,False,rejected,0.577353,0.10400347750488984,0.47328195891807334,6.24,landsat_c2_l2_ndwi_connected_component,0.2.0-archive,LOW_LAKE_ENVELOPE_OBSERVABILITY,LOW_LAKE_ENVELOPE_OBSERVABILITY,imja-expanded-aoi-v2-2026-08-28
2025-12-06T04:42:31.191000Z,2025,OLI-2,LANDSAT/LC09/C02/T1_L2/LC09_140041_20251206,,True,False,rejected,,0.07646973296659618,0.19630642954856345,6.4,landsat_c2_l2_ndwi_connected_component,0.2.0-archive,LOW_LAKE_ENVELOPE_OBSERVABILITY;NO_LAKE_COMPONENT_AT_SEED,LOW_LAKE_ENVELOPE_OBSERVABILITY;NO_LAKE_COMPONENT_AT_SEED,imja-expanded-aoi-v2-2026-08-28
2025-12-14T04:42:26.235000Z,2025,OLI,LANDSAT/LC08/C02/T1_L2/LC08_140041_20251214,,True,False,rejected,,0.07913721904533462,0.07818136682705759,8.71,landsat_c2_l2_ndwi_connected_component,0.2.0-archive,LOW_LAKE_ENVELOPE_OBSERVABILITY;NO_LAKE_COMPONENT_AT_SEED,LOW_LAKE_ENVELOPE_OBSERVABILITY;NO_LAKE_COMPONENT_AT_SEED,imja-expanded-aoi-v2-2026-08-28
2026-10-01T00:00:00Z,2026,,,,False,False,future_window,,,,,,,FUTURE_SEASONAL_WINDOW,,imja-expanded-aoi-v2-2026-08-28
